/*
 * TensorFlow Lite Micro Model for SafeBand Motion Observer v2
 * Automatically generated by Antigravity Model v2 calibration pipeline.
 * Configuration: Config C (Tiny) (Fully Converged 20-Epoch Model)
 *
 * Configured Hyperparameters:
 *   - Gaussian Noise: 0.04
 *   - Scale Range:    0.05
 *   - Bias Shift:     0.02
 *   - Loss Weight:    0.25
 *
 * Output Quantization Parameters:
 *   - motion_embedding: Scale = 0.01699736, Zero Point = -93
 *   - reconstruction_error: Scale = 0.00441764, Zero Point = -128
 *
 * Output Tensor 0: 'motion_embedding' (16 dimensions, int8 quantized)
 * Output Tensor 1: 'reconstruction_error' (1 dimension scalar, int8 quantized MAE error)
 *
 * How to query outputs in C++ firmware robustly:
 * -------------------------------------------------------------
 * TfLiteTensor* seq_emb_tensor = nullptr;
 * TfLiteTensor* recon_error_tensor = nullptr;
 * 
 * for (int i = 0; i < interpreter->outputs_size(); ++i) {
 *     TfLiteTensor* out = interpreter->output(i);
 *     if (out->dims->size == 2) {
 *         if (out->dims->data[1] == 16) {
 *             seq_emb_tensor = out;
 *         } else if (out->dims->data[1] == 1) {
 *             recon_error_tensor = out;
 *         }
 *     }
 * }
 * 
 * // Dequantize the reconstruction error to float:
 * float scale = recon_error_tensor->params.scale;
 * int32_t zero_point = recon_error_tensor->params.zero_point;
 * float error_val = (recon_error_tensor->data.int8[0] - zero_point) * scale;
 * -------------------------------------------------------------
 */

#ifndef SAFEBAND_MODEL_DATA_H_
#define SAFEBAND_MODEL_DATA_H_

alignas(8) const unsigned char g_model_data[] = {
  0x20, 0x00, 0x00, 0x00, 0x54, 0x46, 0x4c, 0x33, 0x00, 0x00, 0x00, 0x00, 
  0x14, 0x00, 0x20, 0x00, 0x1c, 0x00, 0x18, 0x00, 0x14, 0x00, 0x10, 0x00, 
  0x0c, 0x00, 0x00, 0x00, 0x08, 0x00, 0x04, 0x00, 0x14, 0x00, 0x00, 0x00, 
  0x1c, 0x00, 0x00, 0x00, 0xe0, 0x00, 0x00, 0x00, 0x38, 0x01, 0x00, 0x00, 
  0xb4, 0x27, 0x00, 0x00, 0xc4, 0x27, 0x00, 0x00, 0x38, 0x46, 0x02, 0x00, 
  0x03, 0x00, 0x00, 0x00, 0x01, 0x00, 0x00, 0x00, 0x04, 0x00, 0x00, 0x00, 
  0x02, 0x91, 0xff, 0xff, 0x0c, 0x00, 0x00, 0x00, 0x1c, 0x00, 0x00, 0x00, 
  0x6c, 0x00, 0x00, 0x00, 0x0f, 0x00, 0x00, 0x00, 0x73, 0x65, 0x72, 0x76, 
  0x69, 0x6e, 0x67, 0x5f, 0x64, 0x65, 0x66, 0x61, 0x75, 0x6c, 0x74, 0x00, 
  0x02, 0x00, 0x00, 0x00, 0x30, 0x00, 0x00, 0x00, 0x04, 0x00, 0x00, 0x00, 
  0x40, 0xff, 0xff, 0xff, 0x25, 0x02, 0x00, 0x00, 0x04, 0x00, 0x00, 0x00, 
  0x14, 0x00, 0x00, 0x00, 0x72, 0x65, 0x63, 0x6f, 0x6e, 0x73, 0x74, 0x72, 
  0x75, 0x63, 0x74, 0x69, 0x6f, 0x6e, 0x5f, 0x65, 0x72, 0x72, 0x6f, 0x72, 
  0x00, 0x00, 0x00, 0x00, 0x68, 0xff, 0xff, 0xff, 0x43, 0x01, 0x00, 0x00, 
  0x04, 0x00, 0x00, 0x00, 0x0e, 0x00, 0x00, 0x00, 0x6d, 0x6f, 0x74, 0x69, 
  0x6f, 0x6e, 0x5f, 0x65, 0x6e, 0x63, 0x6f, 0x64, 0x65, 0x72, 0x00, 0x00, 
  0x02, 0x00, 0x00, 0x00, 0x24, 0x00, 0x00, 0x00, 0x04, 0x00, 0x00, 0x00, 
  0xa2, 0x94, 0xff, 0xff, 0x04, 0x00, 0x00, 0x00, 0x0e, 0x00, 0x00, 0x00, 
  0x73, 0x65, 0x71, 0x75, 0x65, 0x6e, 0x63, 0x65, 0x5f, 0x69, 0x6e, 0x70, 
  0x75, 0x74, 0x00, 0x00, 0xb0, 0xff, 0xff, 0xff, 0x01, 0x00, 0x00, 0x00, 
  0x04, 0x00, 0x00, 0x00, 0x0c, 0x00, 0x00, 0x00, 0x67, 0x6c, 0x6f, 0x62, 
  0x61, 0x6c, 0x5f, 0x69, 0x6e, 0x70, 0x75, 0x74, 0x00, 0x00, 0x00, 0x00, 
  0x02, 0x00, 0x00, 0x00, 0x34, 0x00, 0x00, 0x00, 0x04, 0x00, 0x00, 0x00, 
  0xdc, 0xff, 0xff, 0xff, 0x28, 0x02, 0x00, 0x00, 0x04, 0x00, 0x00, 0x00, 
  0x13, 0x00, 0x00, 0x00, 0x43, 0x4f, 0x4e, 0x56, 0x45, 0x52, 0x53, 0x49, 
  0x4f, 0x4e, 0x5f, 0x4d, 0x45, 0x54, 0x41, 0x44, 0x41, 0x54, 0x41, 0x00, 
  0x08, 0x00, 0x0c, 0x00, 0x08, 0x00, 0x04, 0x00, 0x08, 0x00, 0x00, 0x00, 
  0x27, 0x02, 0x00, 0x00, 0x04, 0x00, 0x00, 0x00, 0x13, 0x00, 0x00, 0x00, 
  0x6d, 0x69, 0x6e, 0x5f, 0x72, 0x75, 0x6e, 0x74, 0x69, 0x6d, 0x65, 0x5f, 
  0x76, 0x65, 0x72, 0x73, 0x69, 0x6f, 0x6e, 0x00, 0x29, 0x02, 0x00, 0x00, 
  0x78, 0x26, 0x00, 0x00, 0x70, 0x26, 0x00, 0x00, 0x68, 0x26, 0x00, 0x00, 
  0x54, 0x26, 0x00, 0x00, 0x38, 0x26, 0x00, 0x00, 0x24, 0x26, 0x00, 0x00, 
  0x08, 0x26, 0x00, 0x00, 0xf4, 0x25, 0x00, 0x00, 0xd8, 0x25, 0x00, 0x00, 
  0xbc, 0x25, 0x00, 0x00, 0xa8, 0x25, 0x00, 0x00, 0xa0, 0x25, 0x00, 0x00, 
  0x8c, 0x25, 0x00, 0x00, 0x70, 0x25, 0x00, 0x00, 0x5c, 0x25, 0x00, 0x00, 
  0x40, 0x25, 0x00, 0x00, 0x2c, 0x25, 0x00, 0x00, 0x10, 0x25, 0x00, 0x00, 
  0xf4, 0x24, 0x00, 0x00, 0xdc, 0x24, 0x00, 0x00, 0xc8, 0x24, 0x00, 0x00, 
  0xc0, 0x24, 0x00, 0x00, 0xa8, 0x24, 0x00, 0x00, 0x14, 0x24, 0x00, 0x00, 
  0xf4, 0x21, 0x00, 0x00, 0xb4, 0x21, 0x00, 0x00, 0xac, 0x21, 0x00, 0x00, 
  0xa4, 0x21, 0x00, 0x00, 0x9c, 0x21, 0x00, 0x00, 0x94, 0x21, 0x00, 0x00, 
  0x8c, 0x21, 0x00, 0x00, 0x84, 0x21, 0x00, 0x00, 0x7c, 0x21, 0x00, 0x00, 
  0x74, 0x21, 0x00, 0x00, 0x6c, 0x21, 0x00, 0x00, 0x9c, 0x20, 0x00, 0x00, 
  0x5c, 0x20, 0x00, 0x00, 0x1c, 0x20, 0x00, 0x00, 0x14, 0x20, 0x00, 0x00, 
  0x0c, 0x20, 0x00, 0x00, 0x04, 0x20, 0x00, 0x00, 0xfc, 0x1f, 0x00, 0x00, 
  0xf4, 0x1f, 0x00, 0x00, 0xec, 0x1f, 0x00, 0x00, 0xe4, 0x1f, 0x00, 0x00, 
  0xdc, 0x1f, 0x00, 0x00, 0x9c, 0x1f, 0x00, 0x00, 0x5c, 0x1f, 0x00, 0x00, 
  0x0c, 0x1f, 0x00, 0x00, 0xbc, 0x1d, 0x00, 0x00, 0x6c, 0x1d, 0x00, 0x00, 
  0x1c, 0x1d, 0x00, 0x00, 0xdc, 0x1c, 0x00, 0x00, 0xd4, 0x1c, 0x00, 0x00, 
  0xcc, 0x1c, 0x00, 0x00, 0xc4, 0x1c, 0x00, 0x00, 0xbc, 0x1c, 0x00, 0x00, 
  0x4c, 0x1c, 0x00, 0x00, 0x0c, 0x1c, 0x00, 0x00, 0xcc, 0x1b, 0x00, 0x00, 
  0x8c, 0x1b, 0x00, 0x00, 0x4c, 0x1b, 0x00, 0x00, 0x0c, 0x1b, 0x00, 0x00, 
  0xcc, 0x1a, 0x00, 0x00, 0x8c, 0x1a, 0x00, 0x00, 0x78, 0x1a, 0x00, 0x00, 
  0x08, 0x1a, 0x00, 0x00, 0x00, 0x1a, 0x00, 0x00, 0xf8, 0x19, 0x00, 0x00, 
  0xf0, 0x19, 0x00, 0x00, 0xe8, 0x19, 0x00, 0x00, 0x18, 0x19, 0x00, 0x00, 
  0xa8, 0x18, 0x00, 0x00, 0x38, 0x18, 0x00, 0x00, 0x30, 0x18, 0x00, 0x00, 
  0x28, 0x18, 0x00, 0x00, 0x20, 0x18, 0x00, 0x00, 0x50, 0x17, 0x00, 0x00, 
  0x80, 0x16, 0x00, 0x00, 0x6c, 0x16, 0x00, 0x00, 0x64, 0x16, 0x00, 0x00, 
  0x5c, 0x16, 0x00, 0x00, 0x2c, 0x16, 0x00, 0x00, 0xfc, 0x15, 0x00, 0x00, 
  0xdc, 0x15, 0x00, 0x00, 0xc0, 0x15, 0x00, 0x00, 0xa0, 0x15, 0x00, 0x00, 
  0x80, 0x13, 0x00, 0x00, 0x60, 0x11, 0x00, 0x00, 0xc4, 0x0f, 0x00, 0x00, 
  0xa4, 0x0f, 0x00, 0x00, 0x74, 0x0f, 0x00, 0x00, 0x44, 0x0f, 0x00, 0x00, 
  0xd4, 0x0e, 0x00, 0x00, 0xcc, 0x0e, 0x00, 0x00, 0xc4, 0x0e, 0x00, 0x00, 
  0xbc, 0x0e, 0x00, 0x00, 0xb4, 0x0e, 0x00, 0x00, 0xac, 0x0e, 0x00, 0x00, 
  0xa4, 0x0e, 0x00, 0x00, 0x9c, 0x0e, 0x00, 0x00, 0x94, 0x0e, 0x00, 0x00, 
  0x8c, 0x0e, 0x00, 0x00, 0x84, 0x0e, 0x00, 0x00, 0x7c, 0x0e, 0x00, 0x00, 
  0x74, 0x0e, 0x00, 0x00, 0x6c, 0x0e, 0x00, 0x00, 0x64, 0x0e, 0x00, 0x00, 
  0x5c, 0x0e, 0x00, 0x00, 0x54, 0x0e, 0x00, 0x00, 0x4c, 0x0e, 0x00, 0x00, 
  0x44, 0x0e, 0x00, 0x00, 0x3c, 0x0e, 0x00, 0x00, 0x34, 0x0e, 0x00, 0x00, 
  0x2c, 0x0e, 0x00, 0x00, 0x24, 0x0e, 0x00, 0x00, 0x1c, 0x0e, 0x00, 0x00, 
  0x14, 0x0e, 0x00, 0x00, 0x0c, 0x0e, 0x00, 0x00, 0x04, 0x0e, 0x00, 0x00, 
  0xfc, 0x0d, 0x00, 0x00, 0xf4, 0x0d, 0x00, 0x00, 0xec, 0x0d, 0x00, 0x00, 
  0xe4, 0x0d, 0x00, 0x00, 0xdc, 0x0d, 0x00, 0x00, 0xd4, 0x0d, 0x00, 0x00, 
  0xcc, 0x0d, 0x00, 0x00, 0xc4, 0x0d, 0x00, 0x00, 0xbc, 0x0d, 0x00, 0x00, 
  0xb4, 0x0d, 0x00, 0x00, 0xac, 0x0d, 0x00, 0x00, 0xa4, 0x0d, 0x00, 0x00, 
  0x9c, 0x0d, 0x00, 0x00, 0x94, 0x0d, 0x00, 0x00, 0x8c, 0x0d, 0x00, 0x00, 
  0x84, 0x0d, 0x00, 0x00, 0x7c, 0x0d, 0x00, 0x00, 0x74, 0x0d, 0x00, 0x00, 
  0x6c, 0x0d, 0x00, 0x00, 0x64, 0x0d, 0x00, 0x00, 0x5c, 0x0d, 0x00, 0x00, 
  0x54, 0x0d, 0x00, 0x00, 0x4c, 0x0d, 0x00, 0x00, 0x44, 0x0d, 0x00, 0x00, 
  0x3c, 0x0d, 0x00, 0x00, 0x34, 0x0d, 0x00, 0x00, 0x2c, 0x0d, 0x00, 0x00, 
  0x24, 0x0d, 0x00, 0x00, 0x1c, 0x0d, 0x00, 0x00, 0x14, 0x0d, 0x00, 0x00, 
  0x0c, 0x0d, 0x00, 0x00, 0x04, 0x0d, 0x00, 0x00, 0xfc, 0x0c, 0x00, 0x00, 
  0xf4, 0x0c, 0x00, 0x00, 0xec, 0x0c, 0x00, 0x00, 0xe4, 0x0c, 0x00, 0x00, 
  0xdc, 0x0c, 0x00, 0x00, 0xd4, 0x0c, 0x00, 0x00, 0xcc, 0x0c, 0x00, 0x00, 
  0xc4, 0x0c, 0x00, 0x00, 0xbc, 0x0c, 0x00, 0x00, 0xb4, 0x0c, 0x00, 0x00, 
  0xac, 0x0c, 0x00, 0x00, 0xa4, 0x0c, 0x00, 0x00, 0x9c, 0x0c, 0x00, 0x00, 
  0x94, 0x0c, 0x00, 0x00, 0x8c, 0x0c, 0x00, 0x00, 0x84, 0x0c, 0x00, 0x00, 
  0x7c, 0x0c, 0x00, 0x00, 0x74, 0x0c, 0x00, 0x00, 0x6c, 0x0c, 0x00, 0x00, 
  0x64, 0x0c, 0x00, 0x00, 0x5c, 0x0c, 0x00, 0x00, 0x54, 0x0c, 0x00, 0x00, 
  0x4c, 0x0c, 0x00, 0x00, 0x44, 0x0c, 0x00, 0x00, 0x3c, 0x0c, 0x00, 0x00, 
  0x34, 0x0c, 0x00, 0x00, 0x2c, 0x0c, 0x00, 0x00, 0x24, 0x0c, 0x00, 0x00, 
  0x1c, 0x0c, 0x00, 0x00, 0x14, 0x0c, 0x00, 0x00, 0x0c, 0x0c, 0x00, 0x00, 
  0x04, 0x0c, 0x00, 0x00, 0xfc, 0x0b, 0x00, 0x00, 0xf4, 0x0b, 0x00, 0x00, 
  0xec, 0x0b, 0x00, 0x00, 0xe4, 0x0b, 0x00, 0x00, 0xdc, 0x0b, 0x00, 0x00, 
  0xd4, 0x0b, 0x00, 0x00, 0xcc, 0x0b, 0x00, 0x00, 0xc4, 0x0b, 0x00, 0x00, 
  0xbc, 0x0b, 0x00, 0x00, 0xb4, 0x0b, 0x00, 0x00, 0xac, 0x0b, 0x00, 0x00, 
  0xa4, 0x0b, 0x00, 0x00, 0x9c, 0x0b, 0x00, 0x00, 0x94, 0x0b, 0x00, 0x00, 
  0x8c, 0x0b, 0x00, 0x00, 0x84, 0x0b, 0x00, 0x00, 0x7c, 0x0b, 0x00, 0x00, 
  0x74, 0x0b, 0x00, 0x00, 0x6c, 0x0b, 0x00, 0x00, 0x64, 0x0b, 0x00, 0x00, 
  0x5c, 0x0b, 0x00, 0x00, 0x54, 0x0b, 0x00, 0x00, 0x4c, 0x0b, 0x00, 0x00, 
  0x44, 0x0b, 0x00, 0x00, 0x3c, 0x0b, 0x00, 0x00, 0x34, 0x0b, 0x00, 0x00, 
  0x2c, 0x0b, 0x00, 0x00, 0x24, 0x0b, 0x00, 0x00, 0x1c, 0x0b, 0x00, 0x00, 
  0x14, 0x0b, 0x00, 0x00, 0x0c, 0x0b, 0x00, 0x00, 0x04, 0x0b, 0x00, 0x00, 
  0xfc, 0x0a, 0x00, 0x00, 0xf4, 0x0a, 0x00, 0x00, 0xec, 0x0a, 0x00, 0x00, 
  0xe4, 0x0a, 0x00, 0x00, 0xdc, 0x0a, 0x00, 0x00, 0xd4, 0x0a, 0x00, 0x00, 
  0xcc, 0x0a, 0x00, 0x00, 0xc4, 0x0a, 0x00, 0x00, 0xbc, 0x0a, 0x00, 0x00, 
  0xb4, 0x0a, 0x00, 0x00, 0xac, 0x0a, 0x00, 0x00, 0xa4, 0x0a, 0x00, 0x00, 
  0x9c, 0x0a, 0x00, 0x00, 0x94, 0x0a, 0x00, 0x00, 0x8c, 0x0a, 0x00, 0x00, 
  0x84, 0x0a, 0x00, 0x00, 0x7c, 0x0a, 0x00, 0x00, 0x74, 0x0a, 0x00, 0x00, 
  0x6c, 0x0a, 0x00, 0x00, 0x64, 0x0a, 0x00, 0x00, 0x5c, 0x0a, 0x00, 0x00, 
  0x54, 0x0a, 0x00, 0x00, 0x4c, 0x0a, 0x00, 0x00, 0x44, 0x0a, 0x00, 0x00, 
  0x3c, 0x0a, 0x00, 0x00, 0x34, 0x0a, 0x00, 0x00, 0x2c, 0x0a, 0x00, 0x00, 
  0x24, 0x0a, 0x00, 0x00, 0x1c, 0x0a, 0x00, 0x00, 0x14, 0x0a, 0x00, 0x00, 
  0x0c, 0x0a, 0x00, 0x00, 0x04, 0x0a, 0x00, 0x00, 0xfc, 0x09, 0x00, 0x00, 
  0xf4, 0x09, 0x00, 0x00, 0xec, 0x09, 0x00, 0x00, 0xe4, 0x09, 0x00, 0x00, 
  0xdc, 0x09, 0x00, 0x00, 0xd4, 0x09, 0x00, 0x00, 0xcc, 0x09, 0x00, 0x00, 
  0xc4, 0x09, 0x00, 0x00, 0xbc, 0x09, 0x00, 0x00, 0xb4, 0x09, 0x00, 0x00, 
  0xac, 0x09, 0x00, 0x00, 0xa4, 0x09, 0x00, 0x00, 0x9c, 0x09, 0x00, 0x00, 
  0x94, 0x09, 0x00, 0x00, 0x8c, 0x09, 0x00, 0x00, 0x84, 0x09, 0x00, 0x00, 
  0x7c, 0x09, 0x00, 0x00, 0x74, 0x09, 0x00, 0x00, 0x6c, 0x09, 0x00, 0x00, 
  0x64, 0x09, 0x00, 0x00, 0x5c, 0x09, 0x00, 0x00, 0x54, 0x09, 0x00, 0x00, 
  0x4c, 0x09, 0x00, 0x00, 0x44, 0x09, 0x00, 0x00, 0x3c, 0x09, 0x00, 0x00, 
  0x34, 0x09, 0x00, 0x00, 0x2c, 0x09, 0x00, 0x00, 0x24, 0x09, 0x00, 0x00, 
  0x1c, 0x09, 0x00, 0x00, 0x14, 0x09, 0x00, 0x00, 0x0c, 0x09, 0x00, 0x00, 
  0x04, 0x09, 0x00, 0x00, 0xfc, 0x08, 0x00, 0x00, 0xf4, 0x08, 0x00, 0x00, 
  0xec, 0x08, 0x00, 0x00, 0xe4, 0x08, 0x00, 0x00, 0xdc, 0x08, 0x00, 0x00, 
  0xd4, 0x08, 0x00, 0x00, 0xcc, 0x08, 0x00, 0x00, 0xc4, 0x08, 0x00, 0x00, 
  0xbc, 0x08, 0x00, 0x00, 0xb4, 0x08, 0x00, 0x00, 0xac, 0x08, 0x00, 0x00, 
  0xa4, 0x08, 0x00, 0x00, 0x9c, 0x08, 0x00, 0x00, 0x94, 0x08, 0x00, 0x00, 
  0x8c, 0x08, 0x00, 0x00, 0x84, 0x08, 0x00, 0x00, 0x7c, 0x08, 0x00, 0x00, 
  0x74, 0x08, 0x00, 0x00, 0x6c, 0x08, 0x00, 0x00, 0x64, 0x08, 0x00, 0x00, 
  0x5c, 0x08, 0x00, 0x00, 0x54, 0x08, 0x00, 0x00, 0x4c, 0x08, 0x00, 0x00, 
  0x44, 0x08, 0x00, 0x00, 0x3c, 0x08, 0x00, 0x00, 0x34, 0x08, 0x00, 0x00, 
  0x2c, 0x08, 0x00, 0x00, 0x24, 0x08, 0x00, 0x00, 0x1c, 0x08, 0x00, 0x00, 
  0x14, 0x08, 0x00, 0x00, 0x0c, 0x08, 0x00, 0x00, 0x04, 0x08, 0x00, 0x00, 
  0xfc, 0x07, 0x00, 0x00, 0xf4, 0x07, 0x00, 0x00, 0xec, 0x07, 0x00, 0x00, 
  0xe4, 0x07, 0x00, 0x00, 0xdc, 0x07, 0x00, 0x00, 0xd4, 0x07, 0x00, 0x00, 
  0xcc, 0x07, 0x00, 0x00, 0xc4, 0x07, 0x00, 0x00, 0xbc, 0x07, 0x00, 0x00, 
  0xb4, 0x07, 0x00, 0x00, 0xac, 0x07, 0x00, 0x00, 0xa4, 0x07, 0x00, 0x00, 
  0x9c, 0x07, 0x00, 0x00, 0x94, 0x07, 0x00, 0x00, 0x8c, 0x07, 0x00, 0x00, 
  0x84, 0x07, 0x00, 0x00, 0x7c, 0x07, 0x00, 0x00, 0x74, 0x07, 0x00, 0x00, 
  0x6c, 0x07, 0x00, 0x00, 0x64, 0x07, 0x00, 0x00, 0x5c, 0x07, 0x00, 0x00, 
  0x54, 0x07, 0x00, 0x00, 0x4c, 0x07, 0x00, 0x00, 0x44, 0x07, 0x00, 0x00, 
  0x3c, 0x07, 0x00, 0x00, 0x34, 0x07, 0x00, 0x00, 0x2c, 0x07, 0x00, 0x00, 
  0x24, 0x07, 0x00, 0x00, 0x1c, 0x07, 0x00, 0x00, 0x14, 0x07, 0x00, 0x00, 
  0x0c, 0x07, 0x00, 0x00, 0x04, 0x07, 0x00, 0x00, 0xfc, 0x06, 0x00, 0x00, 
  0xf4, 0x06, 0x00, 0x00, 0xec, 0x06, 0x00, 0x00, 0xe4, 0x06, 0x00, 0x00, 
  0xdc, 0x06, 0x00, 0x00, 0xd4, 0x06, 0x00, 0x00, 0xcc, 0x06, 0x00, 0x00, 
  0xc4, 0x06, 0x00, 0x00, 0xbc, 0x06, 0x00, 0x00, 0xb4, 0x06, 0x00, 0x00, 
  0xac, 0x06, 0x00, 0x00, 0xa4, 0x06, 0x00, 0x00, 0x9c, 0x06, 0x00, 0x00, 
  0x94, 0x06, 0x00, 0x00, 0x8c, 0x06, 0x00, 0x00, 0x84, 0x06, 0x00, 0x00, 
  0x7c, 0x06, 0x00, 0x00, 0x74, 0x06, 0x00, 0x00, 0x6c, 0x06, 0x00, 0x00, 
  0x64, 0x06, 0x00, 0x00, 0x5c, 0x06, 0x00, 0x00, 0x54, 0x06, 0x00, 0x00, 
  0x4c, 0x06, 0x00, 0x00, 0x44, 0x06, 0x00, 0x00, 0x3c, 0x06, 0x00, 0x00, 
  0x34, 0x06, 0x00, 0x00, 0x2c, 0x06, 0x00, 0x00, 0x24, 0x06, 0x00, 0x00, 
  0x1c, 0x06, 0x00, 0x00, 0x14, 0x06, 0x00, 0x00, 0x0c, 0x06, 0x00, 0x00, 
  0x04, 0x06, 0x00, 0x00, 0xfc, 0x05, 0x00, 0x00, 0xf4, 0x05, 0x00, 0x00, 
  0xec, 0x05, 0x00, 0x00, 0xe4, 0x05, 0x00, 0x00, 0xdc, 0x05, 0x00, 0x00, 
  0xd4, 0x05, 0x00, 0x00, 0xcc, 0x05, 0x00, 0x00, 0xc4, 0x05, 0x00, 0x00, 
  0xbc, 0x05, 0x00, 0x00, 0xb4, 0x05, 0x00, 0x00, 0xac, 0x05, 0x00, 0x00, 
  0xa4, 0x05, 0x00, 0x00, 0x9c, 0x05, 0x00, 0x00, 0x94, 0x05, 0x00, 0x00, 
  0x8c, 0x05, 0x00, 0x00, 0x84, 0x05, 0x00, 0x00, 0x7c, 0x05, 0x00, 0x00, 
  0x74, 0x05, 0x00, 0x00, 0x6c, 0x05, 0x00, 0x00, 0x64, 0x05, 0x00, 0x00, 
  0x5c, 0x05, 0x00, 0x00, 0x54, 0x05, 0x00, 0x00, 0x4c, 0x05, 0x00, 0x00, 
  0x44, 0x05, 0x00, 0x00, 0x3c, 0x05, 0x00, 0x00, 0x34, 0x05, 0x00, 0x00, 
  0x2c, 0x05, 0x00, 0x00, 0x24, 0x05, 0x00, 0x00, 0x1c, 0x05, 0x00, 0x00, 
  0x14, 0x05, 0x00, 0x00, 0x0c, 0x05, 0x00, 0x00, 0x04, 0x05, 0x00, 0x00, 
  0xfc, 0x04, 0x00, 0x00, 0xf4, 0x04, 0x00, 0x00, 0xec, 0x04, 0x00, 0x00, 
  0xe4, 0x04, 0x00, 0x00, 0xdc, 0x04, 0x00, 0x00, 0xd4, 0x04, 0x00, 0x00, 
  0xcc, 0x04, 0x00, 0x00, 0xc4, 0x04, 0x00, 0x00, 0xbc, 0x04, 0x00, 0x00, 
  0xb4, 0x04, 0x00, 0x00, 0xac, 0x04, 0x00, 0x00, 0xa4, 0x04, 0x00, 0x00, 
  0x9c, 0x04, 0x00, 0x00, 0x94, 0x04, 0x00, 0x00, 0x8c, 0x04, 0x00, 0x00, 
  0x84, 0x04, 0x00, 0x00, 0x7c, 0x04, 0x00, 0x00, 0x74, 0x04, 0x00, 0x00, 
  0x6c, 0x04, 0x00, 0x00, 0x64, 0x04, 0x00, 0x00, 0x5c, 0x04, 0x00, 0x00, 
  0x54, 0x04, 0x00, 0x00, 0x4c, 0x04, 0x00, 0x00, 0x44, 0x04, 0x00, 0x00, 
  0x3c, 0x04, 0x00, 0x00, 0x34, 0x04, 0x00, 0x00, 0x2c, 0x04, 0x00, 0x00, 
  0x24, 0x04, 0x00, 0x00, 0x1c, 0x04, 0x00, 0x00, 0x14, 0x04, 0x00, 0x00, 
  0x0c, 0x04, 0x00, 0x00, 0x04, 0x04, 0x00, 0x00, 0xfc, 0x03, 0x00, 0x00, 
  0xf4, 0x03, 0x00, 0x00, 0xec, 0x03, 0x00, 0x00, 0xe4, 0x03, 0x00, 0x00, 
  0xdc, 0x03, 0x00, 0x00, 0xd4, 0x03, 0x00, 0x00, 0xcc, 0x03, 0x00, 0x00, 
  0xc4, 0x03, 0x00, 0x00, 0xbc, 0x03, 0x00, 0x00, 0xb4, 0x03, 0x00, 0x00, 
  0xac, 0x03, 0x00, 0x00, 0xa4, 0x03, 0x00, 0x00, 0x9c, 0x03, 0x00, 0x00, 
  0x94, 0x03, 0x00, 0x00, 0x8c, 0x03, 0x00, 0x00, 0x84, 0x03, 0x00, 0x00, 
  0x7c, 0x03, 0x00, 0x00, 0x74, 0x03, 0x00, 0x00, 0x6c, 0x03, 0x00, 0x00, 
  0x64, 0x03, 0x00, 0x00, 0x5c, 0x03, 0x00, 0x00, 0x54, 0x03, 0x00, 0x00, 
  0x4c, 0x03, 0x00, 0x00, 0x44, 0x03, 0x00, 0x00, 0x3c, 0x03, 0x00, 0x00, 
  0x34, 0x03, 0x00, 0x00, 0x2c, 0x03, 0x00, 0x00, 0x24, 0x03, 0x00, 0x00, 
  0x1c, 0x03, 0x00, 0x00, 0x14, 0x03, 0x00, 0x00, 0x0c, 0x03, 0x00, 0x00, 
  0x04, 0x03, 0x00, 0x00, 0xfc, 0x02, 0x00, 0x00, 0xf4, 0x02, 0x00, 0x00, 
  0xec, 0x02, 0x00, 0x00, 0xe4, 0x02, 0x00, 0x00, 0xdc, 0x02, 0x00, 0x00, 
  0xd4, 0x02, 0x00, 0x00, 0xcc, 0x02, 0x00, 0x00, 0xc4, 0x02, 0x00, 0x00, 
  0xbc, 0x02, 0x00, 0x00, 0xb4, 0x02, 0x00, 0x00, 0xac, 0x02, 0x00, 0x00, 
  0xa4, 0x02, 0x00, 0x00, 0x9c, 0x02, 0x00, 0x00, 0x94, 0x02, 0x00, 0x00, 
  0x8c, 0x02, 0x00, 0x00, 0x84, 0x02, 0x00, 0x00, 0x7c, 0x02, 0x00, 0x00, 
  0x74, 0x02, 0x00, 0x00, 0x6c, 0x02, 0x00, 0x00, 0x64, 0x02, 0x00, 0x00, 
  0x5c, 0x02, 0x00, 0x00, 0x54, 0x02, 0x00, 0x00, 0x4c, 0x02, 0x00, 0x00, 
  0x44, 0x02, 0x00, 0x00, 0x3c, 0x02, 0x00, 0x00, 0x34, 0x02, 0x00, 0x00, 
  0x2c, 0x02, 0x00, 0x00, 0x24, 0x02, 0x00, 0x00, 0x1c, 0x02, 0x00, 0x00, 
  0x14, 0x02, 0x00, 0x00, 0x0c, 0x02, 0x00, 0x00, 0x04, 0x02, 0x00, 0x00, 
  0xfc, 0x01, 0x00, 0x00, 0xf4, 0x01, 0x00, 0x00, 0xec, 0x01, 0x00, 0x00, 
  0xe4, 0x01, 0x00, 0x00, 0xdc, 0x01, 0x00, 0x00, 0xd4, 0x01, 0x00, 0x00, 
  0xcc, 0x01, 0x00, 0x00, 0xc4, 0x01, 0x00, 0x00, 0xbc, 0x01, 0x00, 0x00, 
  0xb4, 0x01, 0x00, 0x00, 0xac, 0x01, 0x00, 0x00, 0xa4, 0x01, 0x00, 0x00, 
  0x9c, 0x01, 0x00, 0x00, 0x94, 0x01, 0x00, 0x00, 0x8c, 0x01, 0x00, 0x00, 
  0x84, 0x01, 0x00, 0x00, 0x7c, 0x01, 0x00, 0x00, 0x74, 0x01, 0x00, 0x00, 
  0x6c, 0x01, 0x00, 0x00, 0x64, 0x01, 0x00, 0x00, 0x5c, 0x01, 0x00, 0x00, 
  0x54, 0x01, 0x00, 0x00, 0x4c, 0x01, 0x00, 0x00, 0x44, 0x01, 0x00, 0x00, 
  0x3c, 0x01, 0x00, 0x00, 0x34, 0x01, 0x00, 0x00, 0x2c, 0x01, 0x00, 0x00, 
  0x24, 0x01, 0x00, 0x00, 0x1c, 0x01, 0x00, 0x00, 0x14, 0x01, 0x00, 0x00, 
  0x0c, 0x01, 0x00, 0x00, 0x04, 0x01, 0x00, 0x00, 0xfc, 0x00, 0x00, 0x00, 
  0xf4, 0x00, 0x00, 0x00, 0xec, 0x00, 0x00, 0x00, 0xe4, 0x00, 0x00, 0x00, 
  0xdc, 0x00, 0x00, 0x00, 0xd4, 0x00, 0x00, 0x00, 0xcc, 0x00, 0x00, 0x00, 
  0xc4, 0x00, 0x00, 0x00, 0xbc, 0x00, 0x00, 0x00, 0xb4, 0x00, 0x00, 0x00, 
  0xac, 0x00, 0x00, 0x00, 0xa4, 0x00, 0x00, 0x00, 0x9c, 0x00, 0x00, 0x00, 
  0x94, 0x00, 0x00, 0x00, 0x8c, 0x00, 0x00, 0x00, 0x6c, 0x00, 0x00, 0x00, 
  0x04, 0x00, 0x00, 0x00, 0xe2, 0x9d, 0xff, 0xff, 0x04, 0x00, 0x00, 0x00, 
  0x58, 0x00, 0x00, 0x00, 0x0c, 0x00, 0x00, 0x00, 0x08, 0x00, 0x0e, 0x00, 
  0x08, 0x00, 0x04, 0x00, 0x08, 0x00, 0x00, 0x00, 0x10, 0x00, 0x00, 0x00, 
  0x28, 0x00, 0x00, 0x00, 0x00, 0x00, 0x06, 0x00, 0x08, 0x00, 0x04, 0x00, 
  0x06, 0x00, 0x00, 0x00, 0x04, 0x00, 0x00, 0x00, 0x01, 0x00, 0x00, 0x00, 
  0xeb, 0x03, 0x00, 0x00, 0x00, 0x00, 0x0a, 0x00, 0x10, 0x00, 0x0c, 0x00, 
  0x08, 0x00, 0x04, 0x00, 0x0a, 0x00, 0x00, 0x00, 0x02, 0x00, 0x00, 0x00, 
  0x02, 0x00, 0x00, 0x00, 0x04, 0x00, 0x00, 0x00, 0x06, 0x00, 0x00, 0x00, 
  0x32, 0x2e, 0x31, 0x31, 0x2e, 0x30, 0x00, 0x00, 0x46, 0x9e, 0xff, 0xff, 
  0x04, 0x00, 0x00, 0x00, 0x10, 0x00, 0x00, 0x00, 0x32, 0x2e, 0x38, 0x2e, 
  0x30, 0x00, 0x00, 0x00, 0x00, 0x00, 0x00, 0x00, 0x00, 0x00, 0x00, 0x00, 
  0x88, 0xc5, 0xfd, 0xff, 0x8c, 0xc5, 0xfd, 0xff, 0x90, 0xc5, 0xfd, 0xff, 
  0x94, 0xc5, 0xfd, 0xff, 0x98, 0xc5, 0xfd, 0xff, 0x9c, 0xc5, 0xfd, 0xff, 
  0xa0, 0xc5, 0xfd, 0xff, 0xa4, 0xc5, 0xfd, 0xff, 0xa8, 0xc5, 0xfd, 0xff, 
  0xac, 0xc5, 0xfd, 0xff, 0xb0, 0xc5, 0xfd, 0xff, 0xb4, 0xc5, 0xfd, 0xff, 
  0xb8, 0xc5, 0xfd, 0xff, 0xbc, 0xc5, 0xfd, 0xff, 0xc0, 0xc5, 0xfd, 0xff, 
  0xc4, 0xc5, 0xfd, 0xff, 0xc8, 0xc5, 0xfd, 0xff, 0xcc, 0xc5, 0xfd, 0xff, 
  0xd0, 0xc5, 0xfd, 0xff, 0xd4, 0xc5, 0xfd, 0xff, 0xd8, 0xc5, 0xfd, 0xff, 
  0xdc, 0xc5, 0xfd, 0xff, 0xe0, 0xc5, 0xfd, 0xff, 0xe4, 0xc5, 0xfd, 0xff, 
  0xe8, 0xc5, 0xfd, 0xff, 0xec, 0xc5, 0xfd, 0xff, 0xf0, 0xc5, 0xfd, 0xff, 
  0xf4, 0xc5, 0xfd, 0xff, 0xf8, 0xc5, 0xfd, 0xff, 0xfc, 0xc5, 0xfd, 0xff, 
  0x00, 0xc6, 0xfd, 0xff, 0x04, 0xc6, 0xfd, 0xff, 0x08, 0xc6, 0xfd, 0xff, 
  0x0c, 0xc6, 0xfd, 0xff, 0x10, 0xc6, 0xfd, 0xff, 0x14, 0xc6, 0xfd, 0xff, 
  0x18, 0xc6, 0xfd, 0xff, 0x1c, 0xc6, 0xfd, 0xff, 0x20, 0xc6, 0xfd, 0xff, 
  0x24, 0xc6, 0xfd, 0xff, 0x28, 0xc6, 0xfd, 0xff, 0x2c, 0xc6, 0xfd, 0xff, 
  0x30, 0xc6, 0xfd, 0xff, 0x34, 0xc6, 0xfd, 0xff, 0x38, 0xc6, 0xfd, 0xff, 
  0x3c, 0xc6, 0xfd, 0xff, 0x40, 0xc6, 0xfd, 0xff, 0x44, 0xc6, 0xfd, 0xff, 
  0x48, 0xc6, 0xfd, 0xff, 0x4c, 0xc6, 0xfd, 0xff, 0x50, 0xc6, 0xfd, 0xff, 
  0x54, 0xc6, 0xfd, 0xff, 0x58, 0xc6, 0xfd, 0xff, 0x5c, 0xc6, 0xfd, 0xff, 
  0x60, 0xc6, 0xfd, 0xff, 0x64, 0xc6, 0xfd, 0xff, 0x68, 0xc6, 0xfd, 0xff, 
  0x6c, 0xc6, 0xfd, 0xff, 0x70, 0xc6, 0xfd, 0xff, 0x74, 0xc6, 0xfd, 0xff, 
  0x78, 0xc6, 0xfd, 0xff, 0x7c, 0xc6, 0xfd, 0xff, 0x80, 0xc6, 0xfd, 0xff, 
  0x84, 0xc6, 0xfd, 0xff, 0x88, 0xc6, 0xfd, 0xff, 0x8c, 0xc6, 0xfd, 0xff, 
  0x90, 0xc6, 0xfd, 0xff, 0x94, 0xc6, 0xfd, 0xff, 0x98, 0xc6, 0xfd, 0xff, 
  0x9c, 0xc6, 0xfd, 0xff, 0xa0, 0xc6, 0xfd, 0xff, 0xa4, 0xc6, 0xfd, 0xff, 
  0xa8, 0xc6, 0xfd, 0xff, 0xac, 0xc6, 0xfd, 0xff, 0xb0, 0xc6, 0xfd, 0xff, 
  0xb4, 0xc6, 0xfd, 0xff, 0xb8, 0xc6, 0xfd, 0xff, 0xbc, 0xc6, 0xfd, 0xff, 
  0xc0, 0xc6, 0xfd, 0xff, 0xc4, 0xc6, 0xfd, 0xff, 0xc8, 0xc6, 0xfd, 0xff, 
  0xcc, 0xc6, 0xfd, 0xff, 0xd0, 0xc6, 0xfd, 0xff, 0xd4, 0xc6, 0xfd, 0xff, 
  0xd8, 0xc6, 0xfd, 0xff, 0xdc, 0xc6, 0xfd, 0xff, 0xe0, 0xc6, 0xfd, 0xff, 
  0xe4, 0xc6, 0xfd, 0xff, 0xe8, 0xc6, 0xfd, 0xff, 0xec, 0xc6, 0xfd, 0xff, 
  0xf0, 0xc6, 0xfd, 0xff, 0xf4, 0xc6, 0xfd, 0xff, 0xf8, 0xc6, 0xfd, 0xff, 
  0xfc, 0xc6, 0xfd, 0xff, 0x00, 0xc7, 0xfd, 0xff, 0x04, 0xc7, 0xfd, 0xff, 
  0x08, 0xc7, 0xfd, 0xff, 0x0c, 0xc7, 0xfd, 0xff, 0x10, 0xc7, 0xfd, 0xff, 
  0x14, 0xc7, 0xfd, 0xff, 0x18, 0xc7, 0xfd, 0xff, 0x1c, 0xc7, 0xfd, 0xff, 
  0x20, 0xc7, 0xfd, 0xff, 0x24, 0xc7, 0xfd, 0xff, 0x28, 0xc7, 0xfd, 0xff, 
  0x2c, 0xc7, 0xfd, 0xff, 0x30, 0xc7, 0xfd, 0xff, 0x34, 0xc7, 0xfd, 0xff, 
  0x38, 0xc7, 0xfd, 0xff, 0x3c, 0xc7, 0xfd, 0xff, 0x40, 0xc7, 0xfd, 0xff, 
  0x44, 0xc7, 0xfd, 0xff, 0x48, 0xc7, 0xfd, 0xff, 0x4c, 0xc7, 0xfd, 0xff, 
  0x50, 0xc7, 0xfd, 0xff, 0x54, 0xc7, 0xfd, 0xff, 0x58, 0xc7, 0xfd, 0xff, 
  0x5c, 0xc7, 0xfd, 0xff, 0x60, 0xc7, 0xfd, 0xff, 0x64, 0xc7, 0xfd, 0xff, 
  0x68, 0xc7, 0xfd, 0xff, 0x6c, 0xc7, 0xfd, 0xff, 0x70, 0xc7, 0xfd, 0xff, 
  0x74, 0xc7, 0xfd, 0xff, 0x78, 0xc7, 0xfd, 0xff, 0x7c, 0xc7, 0xfd, 0xff, 
  0x80, 0xc7, 0xfd, 0xff, 0x84, 0xc7, 0xfd, 0xff, 0x88, 0xc7, 0xfd, 0xff, 
  0x8c, 0xc7, 0xfd, 0xff, 0x90, 0xc7, 0xfd, 0xff, 0x94, 0xc7, 0xfd, 0xff, 
  0x98, 0xc7, 0xfd, 0xff, 0x9c, 0xc7, 0xfd, 0xff, 0xa0, 0xc7, 0xfd, 0xff, 
  0xa4, 0xc7, 0xfd, 0xff, 0xa8, 0xc7, 0xfd, 0xff, 0xac, 0xc7, 0xfd, 0xff, 
  0xb0, 0xc7, 0xfd, 0xff, 0xb4, 0xc7, 0xfd, 0xff, 0xb8, 0xc7, 0xfd, 0xff, 
  0xbc, 0xc7, 0xfd, 0xff, 0xc0, 0xc7, 0xfd, 0xff, 0xc4, 0xc7, 0xfd, 0xff, 
  0xc8, 0xc7, 0xfd, 0xff, 0xcc, 0xc7, 0xfd, 0xff, 0xd0, 0xc7, 0xfd, 0xff, 
  0xd4, 0xc7, 0xfd, 0xff, 0xd8, 0xc7, 0xfd, 0xff, 0xdc, 0xc7, 0xfd, 0xff, 
  0xe0, 0xc7, 0xfd, 0xff, 0xe4, 0xc7, 0xfd, 0xff, 0xe8, 0xc7, 0xfd, 0xff, 
  0xec, 0xc7, 0xfd, 0xff, 0xf0, 0xc7, 0xfd, 0xff, 0xf4, 0xc7, 0xfd, 0xff, 
  0xf8, 0xc7, 0xfd, 0xff, 0xfc, 0xc7, 0xfd, 0xff, 0x00, 0xc8, 0xfd, 0xff, 
  0x04, 0xc8, 0xfd, 0xff, 0x08, 0xc8, 0xfd, 0xff, 0x0c, 0xc8, 0xfd, 0xff, 
  0x10, 0xc8, 0xfd, 0xff, 0x14, 0xc8, 0xfd, 0xff, 0x18, 0xc8, 0xfd, 0xff, 
  0x1c, 0xc8, 0xfd, 0xff, 0x20, 0xc8, 0xfd, 0xff, 0x24, 0xc8, 0xfd, 0xff, 
  0x28, 0xc8, 0xfd, 0xff, 0x2c, 0xc8, 0xfd, 0xff, 0x30, 0xc8, 0xfd, 0xff, 
  0x34, 0xc8, 0xfd, 0xff, 0x38, 0xc8, 0xfd, 0xff, 0x3c, 0xc8, 0xfd, 0xff, 
  0x40, 0xc8, 0xfd, 0xff, 0x44, 0xc8, 0xfd, 0xff, 0x48, 0xc8, 0xfd, 0xff, 
  0x4c, 0xc8, 0xfd, 0xff, 0x50, 0xc8, 0xfd, 0xff, 0x54, 0xc8, 0xfd, 0xff, 
  0x58, 0xc8, 0xfd, 0xff, 0x5c, 0xc8, 0xfd, 0xff, 0x60, 0xc8, 0xfd, 0xff, 
  0x64, 0xc8, 0xfd, 0xff, 0x68, 0xc8, 0xfd, 0xff, 0x6c, 0xc8, 0xfd, 0xff, 
  0x70, 0xc8, 0xfd, 0xff, 0x74, 0xc8, 0xfd, 0xff, 0x78, 0xc8, 0xfd, 0xff, 
  0x7c, 0xc8, 0xfd, 0xff, 0x80, 0xc8, 0xfd, 0xff, 0x84, 0xc8, 0xfd, 0xff, 
  0x88, 0xc8, 0xfd, 0xff, 0x8c, 0xc8, 0xfd, 0xff, 0x90, 0xc8, 0xfd, 0xff, 
  0x94, 0xc8, 0xfd, 0xff, 0x98, 0xc8, 0xfd, 0xff, 0x9c, 0xc8, 0xfd, 0xff, 
  0xa0, 0xc8, 0xfd, 0xff, 0xa4, 0xc8, 0xfd, 0xff, 0xa8, 0xc8, 0xfd, 0xff, 
  0xac, 0xc8, 0xfd, 0xff, 0xb0, 0xc8, 0xfd, 0xff, 0xb4, 0xc8, 0xfd, 0xff, 
  0xb8, 0xc8, 0xfd, 0xff, 0xbc, 0xc8, 0xfd, 0xff, 0xc0, 0xc8, 0xfd, 0xff, 
  0xc4, 0xc8, 0xfd, 0xff, 0xc8, 0xc8, 0xfd, 0xff, 0xcc, 0xc8, 0xfd, 0xff, 
  0xd0, 0xc8, 0xfd, 0xff, 0xd4, 0xc8, 0xfd, 0xff, 0xd8, 0xc8, 0xfd, 0xff, 
  0xdc, 0xc8, 0xfd, 0xff, 0xe0, 0xc8, 0xfd, 0xff, 0xe4, 0xc8, 0xfd, 0xff, 
  0xe8, 0xc8, 0xfd, 0xff, 0xec, 0xc8, 0xfd, 0xff, 0xf0, 0xc8, 0xfd, 0xff, 
  0xf4, 0xc8, 0xfd, 0xff, 0xf8, 0xc8, 0xfd, 0xff, 0xfc, 0xc8, 0xfd, 0xff, 
  0x00, 0xc9, 0xfd, 0xff, 0x04, 0xc9, 0xfd, 0xff, 0x08, 0xc9, 0xfd, 0xff, 
  0x0c, 0xc9, 0xfd, 0xff, 0x10, 0xc9, 0xfd, 0xff, 0x14, 0xc9, 0xfd, 0xff, 
  0x18, 0xc9, 0xfd, 0xff, 0x1c, 0xc9, 0xfd, 0xff, 0x20, 0xc9, 0xfd, 0xff, 
  0x24, 0xc9, 0xfd, 0xff, 0x28, 0xc9, 0xfd, 0xff, 0x2c, 0xc9, 0xfd, 0xff, 
  0x30, 0xc9, 0xfd, 0xff, 0x34, 0xc9, 0xfd, 0xff, 0x38, 0xc9, 0xfd, 0xff, 
  0x3c, 0xc9, 0xfd, 0xff, 0x40, 0xc9, 0xfd, 0xff, 0x44, 0xc9, 0xfd, 0xff, 
  0x48, 0xc9, 0xfd, 0xff, 0x4c, 0xc9, 0xfd, 0xff, 0x50, 0xc9, 0xfd, 0xff, 
  0x54, 0xc9, 0xfd, 0xff, 0x58, 0xc9, 0xfd, 0xff, 0x5c, 0xc9, 0xfd, 0xff, 
  0x60, 0xc9, 0xfd, 0xff, 0x64, 0xc9, 0xfd, 0xff, 0x68, 0xc9, 0xfd, 0xff, 
  0x6c, 0xc9, 0xfd, 0xff, 0x70, 0xc9, 0xfd, 0xff, 0x74, 0xc9, 0xfd, 0xff, 
  0x78, 0xc9, 0xfd, 0xff, 0x7c, 0xc9, 0xfd, 0xff, 0x80, 0xc9, 0xfd, 0xff, 
  0x84, 0xc9, 0xfd, 0xff, 0x88, 0xc9, 0xfd, 0xff, 0x8c, 0xc9, 0xfd, 0xff, 
  0x90, 0xc9, 0xfd, 0xff, 0x94, 0xc9, 0xfd, 0xff, 0x98, 0xc9, 0xfd, 0xff, 
  0x9c, 0xc9, 0xfd, 0xff, 0xa0, 0xc9, 0xfd, 0xff, 0xa4, 0xc9, 0xfd, 0xff, 
  0xa8, 0xc9, 0xfd, 0xff, 0xac, 0xc9, 0xfd, 0xff, 0xb0, 0xc9, 0xfd, 0xff, 
  0xb4, 0xc9, 0xfd, 0xff, 0xb8, 0xc9, 0xfd, 0xff, 0xbc, 0xc9, 0xfd, 0xff, 
  0xc0, 0xc9, 0xfd, 0xff, 0xc4, 0xc9, 0xfd, 0xff, 0xc8, 0xc9, 0xfd, 0xff, 
  0xcc, 0xc9, 0xfd, 0xff, 0xd0, 0xc9, 0xfd, 0xff, 0xd4, 0xc9, 0xfd, 0xff, 
  0xd8, 0xc9, 0xfd, 0xff, 0xdc, 0xc9, 0xfd, 0xff, 0xe0, 0xc9, 0xfd, 0xff, 
  0xe4, 0xc9, 0xfd, 0xff, 0xe8, 0xc9, 0xfd, 0xff, 0xec, 0xc9, 0xfd, 0xff, 
  0xf0, 0xc9, 0xfd, 0xff, 0xf4, 0xc9, 0xfd, 0xff, 0xf8, 0xc9, 0xfd, 0xff, 
  0xfc, 0xc9, 0xfd, 0xff, 0x00, 0xca, 0xfd, 0xff, 0x04, 0xca, 0xfd, 0xff, 
  0x08, 0xca, 0xfd, 0xff, 0x0c, 0xca, 0xfd, 0xff, 0x10, 0xca, 0xfd, 0xff, 
  0x14, 0xca, 0xfd, 0xff, 0x18, 0xca, 0xfd, 0xff, 0x1c, 0xca, 0xfd, 0xff, 
  0x20, 0xca, 0xfd, 0xff, 0x24, 0xca, 0xfd, 0xff, 0x28, 0xca, 0xfd, 0xff, 
  0x2c, 0xca, 0xfd, 0xff, 0x30, 0xca, 0xfd, 0xff, 0x34, 0xca, 0xfd, 0xff, 
  0x38, 0xca, 0xfd, 0xff, 0x3c, 0xca, 0xfd, 0xff, 0x40, 0xca, 0xfd, 0xff, 
  0x44, 0xca, 0xfd, 0xff, 0x48, 0xca, 0xfd, 0xff, 0x4c, 0xca, 0xfd, 0xff, 
  0x50, 0xca, 0xfd, 0xff, 0x54, 0xca, 0xfd, 0xff, 0x58, 0xca, 0xfd, 0xff, 
  0x5c, 0xca, 0xfd, 0xff, 0x60, 0xca, 0xfd, 0xff, 0x64, 0xca, 0xfd, 0xff, 
  0x68, 0xca, 0xfd, 0xff, 0x6c, 0xca, 0xfd, 0xff, 0x70, 0xca, 0xfd, 0xff, 
  0x74, 0xca, 0xfd, 0xff, 0x78, 0xca, 0xfd, 0xff, 0x7c, 0xca, 0xfd, 0xff, 
  0x80, 0xca, 0xfd, 0xff, 0x84, 0xca, 0xfd, 0xff, 0x88, 0xca, 0xfd, 0xff, 
  0x8c, 0xca, 0xfd, 0xff, 0x90, 0xca, 0xfd, 0xff, 0x94, 0xca, 0xfd, 0xff, 
  0x98, 0xca, 0xfd, 0xff, 0x9c, 0xca, 0xfd, 0xff, 0xa0, 0xca, 0xfd, 0xff, 
  0xa4, 0xca, 0xfd, 0xff, 0xa8, 0xca, 0xfd, 0xff, 0xac, 0xca, 0xfd, 0xff, 
  0xb0, 0xca, 0xfd, 0xff, 0xb4, 0xca, 0xfd, 0xff, 0xb8, 0xca, 0xfd, 0xff, 
  0xbc, 0xca, 0xfd, 0xff, 0xc0, 0xca, 0xfd, 0xff, 0xc4, 0xca, 0xfd, 0xff, 
  0xc8, 0xca, 0xfd, 0xff, 0xcc, 0xca, 0xfd, 0xff, 0xd0, 0xca, 0xfd, 0xff, 
  0xd4, 0xca, 0xfd, 0xff, 0xd8, 0xca, 0xfd, 0xff, 0xdc, 0xca, 0xfd, 0xff, 
  0xe0, 0xca, 0xfd, 0xff, 0xe4, 0xca, 0xfd, 0xff, 0xe8, 0xca, 0xfd, 0xff, 
  0xec, 0xca, 0xfd, 0xff, 0xf0, 0xca, 0xfd, 0xff, 0xf4, 0xca, 0xfd, 0xff, 
  0xf8, 0xca, 0xfd, 0xff, 0xfc, 0xca, 0xfd, 0xff, 0x00, 0xcb, 0xfd, 0xff, 
  0x04, 0xcb, 0xfd, 0xff, 0x08, 0xcb, 0xfd, 0xff, 0x0c, 0xcb, 0xfd, 0xff, 
  0x10, 0xcb, 0xfd, 0xff, 0x14, 0xcb, 0xfd, 0xff, 0x18, 0xcb, 0xfd, 0xff, 
  0x1c, 0xcb, 0xfd, 0xff, 0x20, 0xcb, 0xfd, 0xff, 0x24, 0xcb, 0xfd, 0xff, 
  0x28, 0xcb, 0xfd, 0xff, 0x2c, 0xcb, 0xfd, 0xff, 0x30, 0xcb, 0xfd, 0xff, 
  0x34, 0xcb, 0xfd, 0xff, 0x38, 0xcb, 0xfd, 0xff, 0x3c, 0xcb, 0xfd, 0xff, 
  0x40, 0xcb, 0xfd, 0xff, 0x44, 0xcb, 0xfd, 0xff, 0x48, 0xcb, 0xfd, 0xff, 
  0x4c, 0xcb, 0xfd, 0xff, 0x50, 0xcb, 0xfd, 0xff, 0x54, 0xcb, 0xfd, 0xff, 
  0x58, 0xcb, 0xfd, 0xff, 0x5c, 0xcb, 0xfd, 0xff, 0x60, 0xcb, 0xfd, 0xff, 
  0x64, 0xcb, 0xfd, 0xff, 0x68, 0xcb, 0xfd, 0xff, 0x6c, 0xcb, 0xfd, 0xff, 
  0x70, 0xcb, 0xfd, 0xff, 0x74, 0xcb, 0xfd, 0xff, 0x78, 0xcb, 0xfd, 0xff, 
  0x7c, 0xcb, 0xfd, 0xff, 0x80, 0xcb, 0xfd, 0xff, 0x84, 0xcb, 0xfd, 0xff, 
  0x88, 0xcb, 0xfd, 0xff, 0x8c, 0xcb, 0xfd, 0xff, 0x90, 0xcb, 0xfd, 0xff, 
  0x94, 0xcb, 0xfd, 0xff, 0x98, 0xcb, 0xfd, 0xff, 0x9c, 0xcb, 0xfd, 0xff, 
  0xa0, 0xcb, 0xfd, 0xff, 0xa4, 0xcb, 0xfd, 0xff, 0xa8, 0xcb, 0xfd, 0xff, 
  0xac, 0xcb, 0xfd, 0xff, 0xb0, 0xcb, 0xfd, 0xff, 0xb4, 0xcb, 0xfd, 0xff, 
  0xb8, 0xcb, 0xfd, 0xff, 0xbc, 0xcb, 0xfd, 0xff, 0xc0, 0xcb, 0xfd, 0xff, 
  0xc4, 0xcb, 0xfd, 0xff, 0xc8, 0xcb, 0xfd, 0xff, 0xcc, 0xcb, 0xfd, 0xff, 
  0xd0, 0xcb, 0xfd, 0xff, 0xd4, 0xcb, 0xfd, 0xff, 0xd8, 0xcb, 0xfd, 0xff, 
  0xdc, 0xcb, 0xfd, 0xff, 0xe0, 0xcb, 0xfd, 0xff, 0xe4, 0xcb, 0xfd, 0xff, 
  0xe8, 0xcb, 0xfd, 0xff, 0xec, 0xcb, 0xfd, 0xff, 0xf0, 0xcb, 0xfd, 0xff, 
  0xf4, 0xcb, 0xfd, 0xff, 0xf8, 0xcb, 0xfd, 0xff, 0xfc, 0xcb, 0xfd, 0xff, 
  0x00, 0xcc, 0xfd, 0xff, 0x04, 0xcc, 0xfd, 0xff, 0x08, 0xcc, 0xfd, 0xff, 
  0x0c, 0xcc, 0xfd, 0xff, 0x10, 0xcc, 0xfd, 0xff, 0x14, 0xcc, 0xfd, 0xff, 
  0x18, 0xcc, 0xfd, 0xff, 0x1c, 0xcc, 0xfd, 0xff, 0x20, 0xcc, 0xfd, 0xff, 
  0x24, 0xcc, 0xfd, 0xff, 0x28, 0xcc, 0xfd, 0xff, 0x2c, 0xcc, 0xfd, 0xff, 
  0x30, 0xcc, 0xfd, 0xff, 0x34, 0xcc, 0xfd, 0xff, 0x38, 0xcc, 0xfd, 0xff, 
  0x3c, 0xcc, 0xfd, 0xff, 0x40, 0xcc, 0xfd, 0xff, 0x44, 0xcc, 0xfd, 0xff, 
  0x48, 0xcc, 0xfd, 0xff, 0x4c, 0xcc, 0xfd, 0xff, 0x50, 0xcc, 0xfd, 0xff, 
  0x54, 0xcc, 0xfd, 0xff, 0x58, 0xcc, 0xfd, 0xff, 0x5c, 0xcc, 0xfd, 0xff, 
  0x60, 0xcc, 0xfd, 0xff, 0x64, 0xcc, 0xfd, 0xff, 0x68, 0xcc, 0xfd, 0xff, 
  0x6c, 0xcc, 0xfd, 0xff, 0x70, 0xcc, 0xfd, 0xff, 0x74, 0xcc, 0xfd, 0xff, 
  0x78, 0xcc, 0xfd, 0xff, 0x7c, 0xcc, 0xfd, 0xff, 0x80, 0xcc, 0xfd, 0xff, 
  0x84, 0xcc, 0xfd, 0xff, 0x88, 0xcc, 0xfd, 0xff, 0x8c, 0xcc, 0xfd, 0xff, 
  0x90, 0xcc, 0xfd, 0xff, 0x94, 0xcc, 0xfd, 0xff, 0x98, 0xcc, 0xfd, 0xff, 
  0x9c, 0xcc, 0xfd, 0xff, 0xa0, 0xcc, 0xfd, 0xff, 0xa4, 0xcc, 0xfd, 0xff, 
  0xa8, 0xcc, 0xfd, 0xff, 0x86, 0xa5, 0xff, 0xff, 0x04, 0x00, 0x00, 0x00, 
  0x60, 0x00, 0x00, 0x00, 0x22, 0x3e, 0x13, 0xed, 0x04, 0x26, 0xe7, 0x2d, 
  0xdf, 0xfe, 0x20, 0xd8, 0x2b, 0x2b, 0x21, 0xf9, 0xf4, 0x23, 0xea, 0xf1, 
  0x17, 0x01, 0xf4, 0xd9, 0x9e, 0x9f, 0xd0, 0xf4, 0x04, 0xbe, 0xf5, 0x0d, 
  0xf5, 0x00, 0xff, 0x03, 0xac, 0xd3, 0xd6, 0xf8, 0x0c, 0xdf, 0x1b, 0x08, 
  0x05, 0x06, 0x1c, 0x21, 0xf3, 0xf8, 0x00, 0x09, 0xf9, 0x0b, 0x7f, 0x0f, 
  0xf5, 0x14, 0x10, 0x1a, 0x9b, 0xda, 0xe4, 0x0e, 0xfb, 0xa1, 0xca, 0x04, 
  0xf6, 0xe9, 0x0c, 0xff, 0x5f, 0x4b, 0x2f, 0x0c, 0x16, 0x50, 0x2a, 0xe7, 
  0xec, 0x1d, 0xf9, 0xdb, 0x1a, 0x0d, 0x15, 0x17, 0x10, 0x1a, 0x09, 0xdf, 
  0x15, 0x13, 0xde, 0x13, 0xf2, 0xa5, 0xff, 0xff, 0x04, 0x00, 0x00, 0x00, 
  0x20, 0x00, 0x00, 0x00, 0x6b, 0x03, 0x00, 0x00, 0xbf, 0x02, 0x00, 0x00, 
  0xc4, 0x01, 0x00, 0x00, 0x02, 0x08, 0x00, 0x00, 0xcb, 0x11, 0x00, 0x00, 
  0x87, 0x02, 0x00, 0x00, 0x8d, 0x03, 0x00, 0x00, 0x10, 0xfa, 0xff, 0xff, 
  0x1e, 0xa6, 0xff, 0xff, 0x04, 0x00, 0x00, 0x00, 0x20, 0x00, 0x00, 0x00, 
  0xea, 0xff, 0x68, 0x2f, 0x06, 0x76, 0x0b, 0xf3, 0x45, 0x3e, 0xfe, 0x1e, 
  0xf5, 0x09, 0x7f, 0x1a, 0xec, 0xee, 0x2d, 0x40, 0x79, 0xf9, 0x25, 0xd3, 
  0x00, 0x00, 0x00, 0x00, 0x00, 0x00, 0x00, 0x00, 0x4a, 0xa6, 0xff, 0xff, 
  0x04, 0x00, 0x00, 0x00, 0x10, 0x00, 0x00, 0x00, 0xf1, 0x04, 0x00, 0x00, 
  0x78, 0x0d, 0x00, 0x00, 0xb0, 0x18, 0x00, 0x00, 0x6d, 0xfe, 0xff, 0xff, 
  0x66, 0xa6, 0xff, 0xff, 0x04, 0x00, 0x00, 0x00, 0x8c, 0x01, 0x00, 0x00, 
  0x81, 0xcb, 0x7f, 0xf1, 0x7f, 0x6d, 0xa9, 0x7f, 0x3c, 0x2f, 0x7f, 0x1d, 
  0x7f, 0x66, 0xc1, 0x81, 0x81, 0x81, 0xdc, 0x56, 0x8c, 0xe7, 0xa5, 0x7f, 
  0xc2, 0x7f, 0x7f, 0xeb, 0x7f, 0x1b, 0x2e, 0x32, 0x81, 0xf8, 0x81, 0xe2, 
  0x97, 0x01, 0x2b, 0x7f, 0x81, 0x81, 0x3f, 0x81, 0x6f, 0xee, 0x9e, 0x55, 
  0x7f, 0x7f, 0x6a, 0x81, 0xd5, 0xd3, 0x7f, 0xc6, 0x7b, 0x35, 0x81, 0x3e, 
  0xa7, 0xb0, 0xa8, 0x81, 0x81, 0x2e, 0x81, 0x4f, 0x3b, 0x7f, 0x04, 0xed, 
  0x7f, 0x7f, 0x79, 0x7f, 0xc2, 0x81, 0x62, 0x7f, 0x81, 0x7f, 0x7f, 0x39, 
  0x7f, 0xf0, 0xdd, 0x7f, 0x7f, 0xd3, 0x7f, 0x7f, 0x81, 0x39, 0x9f, 0xec, 
  0xc5, 0xef, 0x8b, 0x8a, 0x7f, 0xa4, 0x43, 0x0f, 0x59, 0x81, 0x81, 0xe5, 
  0xa9, 0x4a, 0x10, 0x24, 0xb2, 0x7f, 0x44, 0x83, 0xb5, 0x4d, 0x45, 0x2f, 
  0xcb, 0x7f, 0xe3, 0x46, 0x7f, 0x7f, 0xa0, 0x30, 0x81, 0xff, 0x18, 0xfc, 
  0xba, 0x81, 0x13, 0x81, 0xcd, 0x35, 0x81, 0x0e, 0x7f, 0x7f, 0x2b, 0x81, 
  0x6d, 0x65, 0x7f, 0x3c, 0xe8, 0x0c, 0x81, 0x7f, 0x99, 0x7f, 0x81, 0x52, 
  0x1f, 0x62, 0x74, 0xd7, 0x1b, 0xed, 0x81, 0x4c, 0x32, 0x69, 0xe1, 0x19, 
  0xb8, 0x7f, 0x81, 0x78, 0xa1, 0x84, 0x81, 0xe6, 0x81, 0x7f, 0xa3, 0x7f, 
  0x3f, 0x69, 0x65, 0x24, 0x81, 0x81, 0x07, 0x81, 0x61, 0x7f, 0x97, 0x7f, 
  0xb6, 0xed, 0x81, 0xd3, 0x93, 0x7f, 0x04, 0x7f, 0xfb, 0x71, 0x7f, 0x81, 
  0x5b, 0x0f, 0x7f, 0x4f, 0x85, 0x0a, 0x1f, 0x0c, 0x87, 0xac, 0x83, 0x5f, 
  0x20, 0x2f, 0x81, 0xf6, 0xf6, 0x81, 0xe7, 0x57, 0xd4, 0xc8, 0x81, 0x7f, 
  0x81, 0x7f, 0xa6, 0x81, 0x56, 0x8c, 0x81, 0xc4, 0x7f, 0x8e, 0xa7, 0xa0, 
  0x81, 0x7f, 0xf7, 0x5b, 0x7f, 0x27, 0x81, 0x81, 0x81, 0x42, 0x3f, 0x7f, 
  0x81, 0x59, 0x81, 0x7f, 0x26, 0x4c, 0x81, 0x47, 0x1b, 0x7f, 0x1a, 0x81, 
  0xfa, 0x88, 0x46, 0x1d, 0xed, 0x7f, 0xef, 0xf0, 0x0e, 0x60, 0x53, 0x04, 
  0x9a, 0x7f, 0x14, 0x0b, 0xd3, 0x34, 0xb2, 0x08, 0x81, 0xf9, 0xc8, 0x2e, 
  0x7f, 0x5b, 0xbc, 0x81, 0x0b, 0x81, 0x44, 0x81, 0x38, 0x7f, 0x41, 0x81, 
  0x81, 0x02, 0x99, 0x39, 0xd4, 0x0d, 0x7c, 0xdb, 0x78, 0x0f, 0x81, 0x4c, 
  0x38, 0x4f, 0x7f, 0x5d, 0xa1, 0xde, 0x77, 0xdd, 0x7f, 0x6d, 0xe4, 0x75, 
  0x81, 0x81, 0x85, 0x1c, 0x8d, 0x3e, 0x2a, 0x1c, 0x7f, 0x14, 0x7e, 0xf6, 
  0xf9, 0xe6, 0x64, 0x58, 0x7f, 0xf7, 0x81, 0x47, 0x15, 0xef, 0xa2, 0x7f, 
  0xda, 0x81, 0xe3, 0xfe, 0x20, 0xd2, 0x6c, 0xfc, 0x14, 0x81, 0x1c, 0x0a, 
  0xc0, 0x39, 0x81, 0xa0, 0x46, 0x81, 0x22, 0x81, 0x08, 0x8c, 0x1f, 0x81, 
  0xac, 0x3c, 0x7f, 0x7f, 0x3c, 0x2b, 0x90, 0x8d, 0xf9, 0x7f, 0x7f, 0x66, 
  0xe2, 0x3e, 0x8a, 0x68, 0x4c, 0x27, 0x52, 0x7f, 0x70, 0x6b, 0x7f, 0x41, 
  0xfe, 0xa7, 0xff, 0xff, 0x04, 0x00, 0x00, 0x00, 0x10, 0x02, 0x00, 0x00, 
  0x2e, 0xfd, 0xff, 0xff, 0xbf, 0x00, 0x00, 0x00, 0x60, 0x00, 0x00, 0x00, 
  0x6a, 0xfe, 0xff, 0xff, 0xc2, 0x00, 0x00, 0x00, 0xbb, 0x01, 0x00, 0x00, 
  0xff, 0x00, 0x00, 0x00, 0xfd, 0xfe, 0xff, 0xff, 0x15, 0x03, 0x00, 0x00, 
  0x4d, 0x00, 0x00, 0x00, 0x67, 0xfc, 0xff, 0xff, 0xfa, 0x01, 0x00, 0x00, 
  0x36, 0xf6, 0xff, 0xff, 0xf9, 0xff, 0xff, 0xff, 0xac, 0xff, 0xff, 0xff, 
  0x71, 0x01, 0x00, 0x00, 0x9c, 0xff, 0xff, 0xff, 0x3e, 0xff, 0xff, 0xff, 
  0xf6, 0xfc, 0xff, 0xff, 0xf8, 0x00, 0x00, 0x00, 0xe9, 0xfc, 0xff, 0xff, 
  0x14, 0xff, 0xff, 0xff, 0xf3, 0x00, 0x00, 0x00, 0xe7, 0xfe, 0xff, 0xff, 
  0xcc, 0xfe, 0xff, 0xff, 0x04, 0xff, 0xff, 0xff, 0x56, 0x00, 0x00, 0x00, 
  0x5d, 0x01, 0x00, 0x00, 0xf3, 0xfd, 0xff, 0xff, 0x98, 0xff, 0xff, 0xff, 
  0xe0, 0xfa, 0xff, 0xff, 0x77, 0xfd, 0xff, 0xff, 0xef, 0xfb, 0xff, 0xff, 
  0x7f, 0x01, 0x00, 0x00, 0xc9, 0x01, 0x00, 0x00, 0xf4, 0xf6, 0xff, 0xff, 
  0x5f, 0xfd, 0xff, 0xff, 0x0b, 0x04, 0x00, 0x00, 0x03, 0xfe, 0xff, 0xff, 
  0x88, 0xfd, 0xff, 0xff, 0xab, 0x00, 0x00, 0x00, 0xec, 0xfc, 0xff, 0xff, 
  0xf6, 0xff, 0xff, 0xff, 0x4d, 0xff, 0xff, 0xff, 0xbb, 0x04, 0x00, 0x00, 
  0xea, 0x05, 0x00, 0x00, 0x61, 0xf9, 0xff, 0xff, 0x8d, 0x04, 0x00, 0x00, 
  0x68, 0x01, 0x00, 0x00, 0x86, 0x00, 0x00, 0x00, 0x1c, 0x04, 0x00, 0x00, 
  0x78, 0xa0, 0xff, 0xff, 0xe2, 0xff, 0xff, 0xff, 0x26, 0xff, 0xff, 0xff, 
  0x3e, 0x03, 0x00, 0x00, 0xf7, 0xfd, 0xff, 0xff, 0xfb, 0x02, 0x00, 0x00, 
  0x98, 0x01, 0x00, 0x00, 0x74, 0xfc, 0xff, 0xff, 0x9e, 0x00, 0x00, 0x00, 
  0x52, 0xfd, 0xff, 0xff, 0x43, 0xf6, 0xff, 0xff, 0xd8, 0x00, 0x00, 0x00, 
  0xa4, 0xff, 0xff, 0xff, 0x59, 0xff, 0xff, 0xff, 0x8a, 0x00, 0x00, 0x00, 
  0x53, 0xff, 0xff, 0xff, 0xe9, 0xff, 0xff, 0xff, 0xd3, 0xff, 0xff, 0xff, 
  0x58, 0xff, 0xff, 0xff, 0xad, 0x00, 0x00, 0x00, 0x84, 0x00, 0x00, 0x00, 
  0x5c, 0x00, 0x00, 0x00, 0xd4, 0xff, 0xff, 0xff, 0xbf, 0x00, 0x00, 0x00, 
  0x64, 0x00, 0x00, 0x00, 0x68, 0xff, 0xff, 0xff, 0x30, 0xff, 0xff, 0xff, 
  0x90, 0x04, 0x00, 0x00, 0xc0, 0xff, 0xff, 0xff, 0xd6, 0x03, 0x00, 0x00, 
  0x5b, 0x08, 0x00, 0x00, 0xcb, 0xff, 0xff, 0xff, 0xb8, 0xfe, 0xff, 0xff, 
  0x27, 0xf3, 0xff, 0xff, 0x44, 0xfd, 0xff, 0xff, 0x5e, 0x01, 0x00, 0x00, 
  0x43, 0x00, 0x00, 0x00, 0x77, 0x02, 0x00, 0x00, 0x87, 0xff, 0xff, 0xff, 
  0x9f, 0xff, 0xff, 0xff, 0x4b, 0x04, 0x00, 0x00, 0x18, 0x02, 0x00, 0x00, 
  0xb8, 0x05, 0x00, 0x00, 0x8d, 0x14, 0x00, 0x00, 0x86, 0x00, 0x00, 0x00, 
  0xe9, 0xfe, 0xff, 0xff, 0x7e, 0x02, 0x00, 0x00, 0xd2, 0xfd, 0xff, 0xff, 
  0x59, 0xfe, 0xff, 0xff, 0x31, 0x03, 0x00, 0x00, 0x13, 0xfe, 0xff, 0xff, 
  0x69, 0x05, 0x00, 0x00, 0x29, 0xfc, 0xff, 0xff, 0x67, 0x02, 0x00, 0x00, 
  0x24, 0xff, 0xff, 0xff, 0x0b, 0xfe, 0xff, 0xff, 0xa8, 0x13, 0x00, 0x00, 
  0xd8, 0xfe, 0xff, 0xff, 0xf8, 0x04, 0x00, 0x00, 0x9a, 0xfd, 0xff, 0xff, 
  0x5e, 0xfc, 0xff, 0xff, 0xad, 0xf9, 0xff, 0xff, 0xe3, 0xfa, 0xff, 0xff, 
  0x82, 0x07, 0x00, 0x00, 0x91, 0x03, 0x00, 0x00, 0x81, 0x03, 0x00, 0x00, 
  0xde, 0xfe, 0xff, 0xff, 0xed, 0x00, 0x00, 0x00, 0xd8, 0xfd, 0xff, 0xff, 
  0xf9, 0xfe, 0xff, 0xff, 0x18, 0x01, 0x00, 0x00, 0x1f, 0xff, 0xff, 0xff, 
  0xfa, 0xfe, 0xff, 0xff, 0xc4, 0x09, 0x00, 0x00, 0xf1, 0xfe, 0xff, 0xff, 
  0xcf, 0x03, 0x00, 0x00, 0x3a, 0xfa, 0xff, 0xff, 0xf2, 0xfe, 0xff, 0xff, 
  0x14, 0x03, 0x00, 0x00, 0x4e, 0x02, 0x00, 0x00, 0x32, 0xff, 0xff, 0xff, 
  0x1a, 0xaa, 0xff, 0xff, 0x04, 0x00, 0x00, 0x00, 0x10, 0x02, 0x00, 0x00, 
  0xc7, 0x25, 0x25, 0xfc, 0xe4, 0x02, 0x09, 0xc7, 0xfe, 0x97, 0x81, 0x17, 
  0xc0, 0xb2, 0xdf, 0x2c, 0x69, 0x37, 0xf8, 0x2f, 0x29, 0xf2, 0x60, 0xb2, 
  0xf4, 0xbd, 0xc0, 0x11, 0xf1, 0xfc, 0xec, 0xfc, 0xf2, 0x0e, 0x04, 0xe3, 
  0xf4, 0x19, 0xf3, 0xf6, 0x1f, 0xf2, 0xf2, 0xf8, 0x0f, 0x2c, 0xd7, 0x28, 
  0x21, 0x05, 0x3a, 0xcc, 0xdd, 0xf9, 0xf9, 0xf6, 0xfe, 0x14, 0x08, 0x07, 
  0xf9, 0xbe, 0x12, 0x16, 0x62, 0xc4, 0x0d, 0xa2, 0xab, 0x8c, 0x93, 0x29, 
  0x94, 0xd1, 0xa7, 0x93, 0x0c, 0x2a, 0x21, 0xa8, 0x43, 0x17, 0xfd, 0xfc, 
  0xe1, 0xf8, 0x0d, 0xd8, 0x17, 0x20, 0xf5, 0x11, 0x25, 0x07, 0x30, 0x0d, 
  0x28, 0x09, 0x1f, 0xf1, 0xfd, 0xf6, 0x10, 0xdd, 0x13, 0xf2, 0xf1, 0x1d, 
  0xe3, 0x25, 0xed, 0xe5, 0xe2, 0xed, 0x1b, 0x22, 0xf9, 0xf5, 0x12, 0xe9, 
  0xfd, 0xeb, 0x06, 0x0a, 0x2f, 0xdd, 0xf6, 0xf7, 0xf9, 0x30, 0x08, 0xfe, 
  0xef, 0xc1, 0x34, 0xf3, 0xf5, 0x0e, 0x7f, 0xfd, 0x2e, 0xfd, 0xe3, 0x0e, 
  0xcc, 0x21, 0xcf, 0x09, 0xde, 0xf6, 0xbd, 0xec, 0x97, 0x13, 0xe1, 0x2c, 
  0xb8, 0xff, 0x2b, 0x11, 0x14, 0x00, 0xe4, 0xf1, 0xf5, 0xe9, 0xe9, 0xf4, 
  0xf2, 0x15, 0xef, 0x0d, 0xf0, 0xe7, 0x00, 0x06, 0x16, 0x10, 0x06, 0x17, 
  0xdf, 0x25, 0xd1, 0xd3, 0xd5, 0xfe, 0x3a, 0xd1, 0x4b, 0x17, 0xc6, 0x1a, 
  0xca, 0xc7, 0xd9, 0xed, 0x0d, 0xf3, 0xe8, 0xfd, 0xf9, 0xc6, 0x01, 0x27, 
  0xfe, 0x1f, 0xd3, 0x4e, 0x02, 0x0c, 0x19, 0x0a, 0x51, 0x16, 0xf0, 0xf8, 
  0xd9, 0xff, 0x07, 0xd6, 0x11, 0x48, 0x1c, 0x05, 0xf6, 0x21, 0x29, 0x0f, 
  0xf3, 0x0e, 0xdb, 0x07, 0x4f, 0x14, 0x13, 0xea, 0x01, 0x14, 0xe5, 0x2c, 
  0x18, 0xee, 0xee, 0xe2, 0xd1, 0xef, 0x2a, 0xfb, 0x18, 0xf1, 0xb4, 0xe4, 
  0xd3, 0x3b, 0xda, 0x0f, 0x1a, 0x15, 0x14, 0xcf, 0xea, 0xfb, 0x07, 0xe9, 
  0xa3, 0x22, 0x05, 0xf4, 0xf6, 0xf1, 0x24, 0xd6, 0x07, 0x1b, 0xd6, 0xfe, 
  0xd4, 0x02, 0x19, 0x09, 0x09, 0xed, 0xc9, 0xee, 0x05, 0xe2, 0x1b, 0x81, 
  0xed, 0xe9, 0xff, 0xf9, 0xe2, 0xe3, 0xe9, 0xec, 0xea, 0x1b, 0x0c, 0xe2, 
  0xff, 0x0c, 0xe9, 0xeb, 0x1c, 0x09, 0x05, 0xef, 0x0a, 0x28, 0xd8, 0xf2, 
  0x3d, 0x30, 0x4a, 0xd7, 0x1b, 0xff, 0x0b, 0xfd, 0x0a, 0x2a, 0xeb, 0x31, 
  0x01, 0xe4, 0x10, 0x02, 0xcb, 0x26, 0x28, 0xf6, 0x0e, 0x01, 0x21, 0xfd, 
  0x03, 0x11, 0x35, 0xf4, 0xff, 0xdd, 0x2b, 0xce, 0x08, 0x08, 0x03, 0xfc, 
  0xea, 0xfa, 0xff, 0x0e, 0x0c, 0xea, 0x0c, 0x10, 0x22, 0x23, 0x1e, 0xec, 
  0xee, 0x1b, 0xd7, 0xb5, 0x29, 0xc4, 0x09, 0xe2, 0x1e, 0xbd, 0xe2, 0x03, 
  0xd0, 0x3b, 0xe9, 0xed, 0xde, 0xe3, 0x20, 0x2d, 0x1e, 0xda, 0xfe, 0xd6, 
  0xe7, 0x10, 0x01, 0xee, 0x27, 0xf0, 0x1d, 0xfe, 0x02, 0x16, 0x1f, 0xdb, 
  0xfb, 0xd6, 0x0c, 0x53, 0xb9, 0xbc, 0x11, 0xff, 0xfb, 0x16, 0x11, 0xf5, 
  0xdc, 0x1b, 0x1c, 0x16, 0x5a, 0x2f, 0xf2, 0xbf, 0xd7, 0x43, 0x81, 0xff, 
  0x62, 0xec, 0xe2, 0xf0, 0xf9, 0x0a, 0x00, 0xf9, 0xe4, 0xf8, 0xe4, 0xf3, 
  0x05, 0xde, 0x16, 0xf2, 0xf6, 0x19, 0x1e, 0x2d, 0x13, 0xfa, 0x17, 0x14, 
  0x11, 0x1f, 0xeb, 0x06, 0xe9, 0x01, 0x12, 0xe6, 0x19, 0x16, 0xf6, 0x1e, 
  0xf2, 0xf9, 0xe4, 0x1c, 0xc7, 0x03, 0x49, 0x26, 0xf2, 0x11, 0x1f, 0xc9, 
  0xb1, 0xda, 0xeb, 0xe0, 0x07, 0x33, 0xe1, 0xc4, 0x27, 0xfc, 0xfe, 0x01, 
  0x04, 0xff, 0xf7, 0xf2, 0xfd, 0xe4, 0x09, 0x20, 0x16, 0x05, 0xf8, 0x01, 
  0x06, 0xd7, 0x05, 0x18, 0x0f, 0xee, 0x09, 0x0c, 0x17, 0xfa, 0xf7, 0x05, 
  0x13, 0xdd, 0xeb, 0x09, 0x0e, 0xef, 0x20, 0xff, 0xfe, 0xdf, 0xda, 0xec, 
  0xfd, 0x07, 0xe5, 0xee, 0x12, 0x0b, 0xfb, 0xe9, 0x00, 0xfd, 0x25, 0xff, 
  0x36, 0xac, 0xff, 0xff, 0x04, 0x00, 0x00, 0x00, 0x10, 0x00, 0x00, 0x00, 
  0x80, 0x02, 0x00, 0x00, 0x25, 0x12, 0x00, 0x00, 0x1f, 0x06, 0x00, 0x00, 
  0x98, 0xf7, 0xff, 0xff, 0x52, 0xac, 0xff, 0xff, 0x04, 0x00, 0x00, 0x00, 
  0x0c, 0x00, 0x00, 0x00, 0xf4, 0x33, 0x46, 0xd8, 0x81, 0x7f, 0x7f, 0xa9, 
  0x0f, 0xe6, 0x7a, 0x81, 0x6a, 0xac, 0xff, 0xff, 0x04, 0x00, 0x00, 0x00, 
  0x10, 0x00, 0x00, 0x00, 0x8d, 0x11, 0x00, 0x00, 0x75, 0xfe, 0xff, 0xff, 
  0x88, 0x0e, 0x00, 0x00, 0x7c, 0x0c, 0x00, 0x00, 0x86, 0xac, 0xff, 0xff, 
  0x04, 0x00, 0x00, 0x00, 0x20, 0x00, 0x00, 0x00, 0x00, 0x00, 0x00, 0x00, 
  0x3e, 0x00, 0x7f, 0x08, 0x7f, 0xb6, 0x04, 0xb2, 0x1c, 0x7f, 0x2e, 0xbb, 
  0x97, 0x43, 0x7f, 0xdc, 0x7f, 0x27, 0x2a, 0x49, 0x7f, 0xf3, 0x03, 0x5a, 
  0x2c, 0xc8, 0x7f, 0x0b, 0xb2, 0xac, 0xff, 0xff, 0x04, 0x00, 0x00, 0x00, 
  0x20, 0x00, 0x00, 0x00, 0x00, 0x2a, 0x3a, 0xdf, 0x78, 0x3e, 0x06, 0xfe, 
  0xf3, 0x0f, 0x00, 0x00, 0x80, 0x00, 0x00, 0x00, 0x5e, 0xf0, 0xff, 0xff, 
  0x4a, 0x0e, 0x00, 0x00, 0xb5, 0x28, 0x00, 0x00, 0x7d, 0x09, 0x00, 0x00, 
  0x04, 0xd4, 0xfd, 0xff, 0x08, 0xd4, 0xfd, 0xff, 0xe6, 0xac, 0xff, 0xff, 
  0x04, 0x00, 0x00, 0x00, 0x01, 0x00, 0x00, 0x00, 0x00, 0x00, 0x00, 0x00, 
  0xf6, 0xac, 0xff, 0xff, 0x04, 0x00, 0x00, 0x00, 0xc0, 0x00, 0x00, 0x00, 
  0xf8, 0x0f, 0xf9, 0x09, 0xf4, 0xf8, 0x0b, 0xf1, 0x05, 0xf6, 0x05, 0xfd, 
  0x09, 0x14, 0xf6, 0x05, 0x00, 0x0c, 0x03, 0x08, 0xfd, 0xf6, 0x11, 0x04, 
  0x06, 0x13, 0x04, 0x0e, 0xf4, 0xed, 0x08, 0xfe, 0xfd, 0x13, 0xfd, 0x0f, 
  0xfa, 0xee, 0x0f, 0x03, 0x06, 0x05, 0x12, 0xfe, 0x00, 0xea, 0xfb, 0x14, 
  0xfd, 0x0f, 0xf5, 0x0d, 0xfd, 0xf6, 0x03, 0xff, 0x05, 0xff, 0x05, 0x04, 
  0x0c, 0x00, 0x00, 0x05, 0xf9, 0xf3, 0xfe, 0xfa, 0x08, 0x03, 0xfb, 0xf7, 
  0xff, 0x03, 0xfe, 0xff, 0xf9, 0xfd, 0x07, 0x06, 0x02, 0xfe, 0xf0, 0x05, 
  0xfb, 0x02, 0x07, 0xf8, 0x00, 0x00, 0xfc, 0xfb, 0xff, 0xfb, 0xfe, 0x05, 
  0x04, 0xf8, 0xf9, 0xee, 0x12, 0x13, 0xef, 0x09, 0x05, 0x00, 0xf4, 0xf9, 
  0x01, 0x0c, 0xf8, 0xf7, 0x07, 0xf7, 0x03, 0xf1, 0x0a, 0x03, 0xf1, 0x06, 
  0x08, 0x02, 0xfc, 0xf8, 0x04, 0x08, 0x03, 0xf6, 0xfb, 0x03, 0xf6, 0x01, 
  0xff, 0x05, 0xfe, 0xff, 0x01, 0xfe, 0xf8, 0x0b, 0xfd, 0xf8, 0x02, 0xff, 
  0x01, 0xfb, 0x03, 0x03, 0xfc, 0xfb, 0xf6, 0xfc, 0x05, 0xfd, 0xff, 0xfd, 
  0xfe, 0xf8, 0x05, 0x06, 0x0c, 0x00, 0xfc, 0xfd, 0x0c, 0xff, 0x07, 0xfe, 
  0xfd, 0xf8, 0xfe, 0xfc, 0x06, 0x0b, 0x01, 0x01, 0xfb, 0x06, 0xfa, 0xfc, 
  0x06, 0xf3, 0xff, 0xff, 0xff, 0x07, 0x02, 0x04, 0x04, 0x02, 0xff, 0xff, 
  0xc2, 0xad, 0xff, 0xff, 0x04, 0x00, 0x00, 0x00, 0xc0, 0x00, 0x00, 0x00, 
  0xd4, 0x55, 0xd9, 0x33, 0xb9, 0xd3, 0x3e, 0xa9, 0x1d, 0xc5, 0x1a, 0xf1, 
  0x36, 0x73, 0xc7, 0x1d, 0x00, 0x43, 0x13, 0x2c, 0xf0, 0xc7, 0x62, 0x18, 
  0x23, 0x6d, 0x14, 0x52, 0xbd, 0x92, 0x2c, 0xf2, 0xed, 0x6d, 0xee, 0x58, 
  0xe0, 0x9c, 0x55, 0x11, 0x23, 0x1e, 0x67, 0xf7, 0xff, 0x81, 0xe3, 0x72, 
  0xec, 0x55, 0xc2, 0x47, 0xf1, 0xc9, 0x12, 0xf9, 0x1b, 0xfb, 0x1e, 0x17, 
  0x43, 0xfd, 0x02, 0x1d, 0xd8, 0xb6, 0xf4, 0xe1, 0x2e, 0x10, 0xe2, 0xd0, 
  0xfb, 0x10, 0xf6, 0xfc, 0xd8, 0xef, 0x25, 0x20, 0x09, 0xf6, 0xa4, 0x1b, 
  0xe2, 0x0d, 0x26, 0xd4, 0xfe, 0x01, 0xe7, 0xe2, 0xfc, 0xe3, 0xf7, 0x1d, 
  0x19, 0xd1, 0xdb, 0x9b, 0x66, 0x69, 0xa2, 0x34, 0x1d, 0xfe, 0xba, 0xd8, 
  0x04, 0x47, 0xd1, 0xce, 0x27, 0xcb, 0x0f, 0xaa, 0x39, 0x12, 0xac, 0x23, 
  0x2e, 0x0b, 0xea, 0xd2, 0x15, 0x2e, 0x12, 0xc7, 0xe5, 0x11, 0xc5, 0x03, 
  0xfd, 0x1e, 0xf5, 0xfb, 0x06, 0xf4, 0xd1, 0x3e, 0xed, 0xd5, 0x0b, 0xf8, 
  0x07, 0xe5, 0x11, 0x12, 0xea, 0xe5, 0xc7, 0xe6, 0x1d, 0xed, 0xfd, 0xed, 
  0xf3, 0xd4, 0x1d, 0x25, 0x47, 0xff, 0xe8, 0xee, 0x46, 0xfc, 0x26, 0xf5, 
  0xf1, 0xd2, 0xf2, 0xea, 0x23, 0x3e, 0x06, 0x07, 0xe3, 0x20, 0xdf, 0xe8, 
  0x21, 0xb7, 0xfb, 0xfc, 0xf8, 0x27, 0x0b, 0x15, 0x15, 0x0c, 0xf9, 0xfc, 
  0xb4, 0xd5, 0xfd, 0xff, 0xb8, 0xd5, 0xfd, 0xff, 0xbc, 0xd5, 0xfd, 0xff, 
  0x9a, 0xae, 0xff, 0xff, 0x04, 0x00, 0x00, 0x00, 0x60, 0x00, 0x00, 0x00, 
  0x30, 0x12, 0x00, 0x00, 0xea, 0x0a, 0x00, 0x00, 0x08, 0x15, 0x00, 0x00, 
  0x8a, 0xc2, 0xff, 0xff, 0xf7, 0xf3, 0xff, 0xff, 0xeb, 0x6d, 0x00, 0x00, 
  0x1f, 0x5b, 0xff, 0xff, 0xea, 0x5b, 0x00, 0x00, 0xa9, 0x09, 0x00, 0x00, 
  0xea, 0x2e, 0x00, 0x00, 0x1a, 0xe1, 0xff, 0xff, 0x2e, 0xd7, 0xff, 0xff, 
  0x07, 0x66, 0x00, 0x00, 0x40, 0x1e, 0x00, 0x00, 0xcc, 0x62, 0x00, 0x00, 
  0xc9, 0x06, 0x00, 0x00, 0xed, 0x06, 0x00, 0x00, 0x01, 0x03, 0x00, 0x00, 
  0xe5, 0xfd, 0xff, 0xff, 0x72, 0x06, 0x00, 0x00, 0xd2, 0xfd, 0xff, 0xff, 
  0x7d, 0x01, 0x00, 0x00, 0x59, 0x04, 0x00, 0x00, 0x01, 0xfe, 0xff, 0xff, 
  0x06, 0xaf, 0xff, 0xff, 0x04, 0x00, 0x00, 0x00, 0x60, 0x00, 0x00, 0x00, 
  0x68, 0x6c, 0x0f, 0x07, 0x88, 0x6b, 0x3c, 0x04, 0xa0, 0x0e, 0x2a, 0x08, 
  0x80, 0x89, 0x24, 0xe8, 0x30, 0x17, 0x54, 0xfb, 0x00, 0x5d, 0xaa, 0x2a, 
  0x00, 0x00, 0x00, 0xc0, 0x40, 0x60, 0xad, 0x23, 0x20, 0xca, 0xbf, 0x03, 
  0x20, 0xb0, 0x35, 0x12, 0x50, 0xb7, 0x01, 0xf4, 0x10, 0xa0, 0x27, 0xf0, 
  0xc0, 0x7a, 0x9a, 0x27, 0xa0, 0xfb, 0xbd, 0x0b, 0x80, 0x66, 0x59, 0x26, 
  0x14, 0x3a, 0xa2, 0x02, 0xb4, 0x39, 0xb0, 0x02, 0xa8, 0x9b, 0x2a, 0x01, 
  0x51, 0xa6, 0x2e, 0xff, 0x2c, 0x7d, 0x80, 0x02, 0xc9, 0x7e, 0x27, 0xff, 
  0x9b, 0x03, 0x94, 0x00, 0xe2, 0x0a, 0xb0, 0x01, 0x2e, 0xb0, 0x39, 0xff, 
  0x72, 0xaf, 0xff, 0xff, 0x04, 0x00, 0x00, 0x00, 0xc0, 0x00, 0x00, 0x00, 
  0x16, 0xf9, 0xe5, 0xf3, 0xfc, 0x10, 0x26, 0x22, 0xeb, 0x07, 0x27, 0x37, 
  0xfc, 0xfe, 0x15, 0x11, 0x05, 0x1c, 0xfa, 0xe4, 0x16, 0xdb, 0xeb, 0x12, 
  0xf4, 0x2c, 0xf7, 0xdd, 0x15, 0x32, 0x11, 0x26, 0xfb, 0x1f, 0x23, 0xcd, 
  0x0a, 0x07, 0xf6, 0xe6, 0xff, 0x14, 0xed, 0x0f, 0xec, 0x61, 0x7f, 0x52, 
  0x1c, 0xe9, 0x1e, 0x0d, 0xf0, 0xf4, 0xaa, 0x18, 0x01, 0x08, 0x3d, 0x14, 
  0x20, 0xf9, 0x0d, 0x00, 0x0d, 0xdf, 0xbd, 0xf5, 0x19, 0xe2, 0x06, 0xc9, 
  0xf1, 0x17, 0x07, 0x04, 0xed, 0xf6, 0x27, 0x2b, 0xe8, 0x2d, 0xf7, 0xf1, 
  0x16, 0x00, 0x0f, 0xd5, 0x1c, 0xfc, 0x03, 0xdf, 0xdf, 0x10, 0xe5, 0xe5, 
  0xe6, 0xf2, 0xeb, 0x27, 0x57, 0xf4, 0xa7, 0x38, 0xe1, 0x22, 0xfc, 0x01, 
  0x01, 0xf8, 0xeb, 0xcd, 0x0e, 0x03, 0xcc, 0x37, 0x1f, 0x1b, 0xf9, 0xf6, 
  0xe7, 0x26, 0xfa, 0xe4, 0xde, 0x1d, 0xd4, 0xf5, 0x13, 0xfd, 0x43, 0x01, 
  0xfc, 0x1b, 0xeb, 0x03, 0x1f, 0x21, 0x1e, 0xdf, 0xdf, 0x04, 0x0c, 0x10, 
  0x24, 0x0e, 0xd1, 0xf0, 0xd4, 0x28, 0x26, 0x20, 0xf2, 0xfa, 0x15, 0xd8, 
  0xf7, 0xf1, 0x1f, 0x00, 0x21, 0xdf, 0xeb, 0x16, 0x24, 0xe9, 0xfa, 0x2d, 
  0x09, 0x1c, 0x05, 0x13, 0xe5, 0x04, 0xe2, 0xfe, 0x15, 0x12, 0x33, 0xdc, 
  0xfc, 0xee, 0xfe, 0x0e, 0xe2, 0xd4, 0xe9, 0xfc, 0x02, 0x2b, 0x1a, 0x25, 
  0x64, 0xd7, 0xfd, 0xff, 0x68, 0xd7, 0xfd, 0xff, 0x6c, 0xd7, 0xfd, 0xff, 
  0x70, 0xd7, 0xfd, 0xff, 0x4e, 0xb0, 0xff, 0xff, 0x04, 0x00, 0x00, 0x00, 
  0x60, 0x00, 0x00, 0x00, 0xc3, 0x0d, 0x00, 0x00, 0x42, 0x08, 0x00, 0x00, 
  0xea, 0x0f, 0x00, 0x00, 0x7f, 0xd1, 0xff, 0xff, 0xe5, 0xf6, 0xff, 0xff, 
  0x2a, 0x53, 0x00, 0x00, 0x40, 0x83, 0xff, 0xff, 0x8b, 0x45, 0x00, 0x00, 
  0x4f, 0x07, 0x00, 0x00, 0x7f, 0x23, 0x00, 0x00, 0x9f, 0xe8, 0xff, 0xff, 
  0x1d, 0xe1, 0xff, 0xff, 0x32, 0x4d, 0x00, 0x00, 0xe3, 0x16, 0x00, 0x00, 
  0xc0, 0x4a, 0x00, 0x00, 0x22, 0x05, 0x00, 0x00, 0x06, 0x05, 0x00, 0x00, 
  0x5e, 0x02, 0x00, 0x00, 0xa0, 0xfe, 0xff, 0xff, 0xab, 0x04, 0x00, 0x00, 
  0xbd, 0xfc, 0xff, 0xff, 0x2d, 0x01, 0x00, 0x00, 0x4d, 0x04, 0x00, 0x00, 
  0x5e, 0xfe, 0xff, 0xff, 0xba, 0xb0, 0xff, 0xff, 0x04, 0x00, 0x00, 0x00, 
  0x01, 0x00, 0x00, 0x00, 0x7f, 0x00, 0x00, 0x00, 0xca, 0xb0, 0xff, 0xff, 
  0x04, 0x00, 0x00, 0x00, 0x30, 0x00, 0x00, 0x00, 0xfa, 0xec, 0xfe, 0x04, 
  0x0d, 0xec, 0xf8, 0xff, 0x01, 0xfe, 0xf4, 0xeb, 0x07, 0xff, 0xf6, 0x00, 
  0x12, 0x01, 0xf9, 0xee, 0xf9, 0x02, 0x0f, 0xf3, 0xf8, 0xfe, 0xed, 0x09, 
  0x02, 0xfd, 0xfd, 0x09, 0xff, 0xf6, 0xfd, 0xf5, 0xf3, 0x09, 0x0b, 0xf3, 
  0x08, 0xff, 0xf7, 0xff, 0x0f, 0x00, 0xfb, 0x06, 0x06, 0xb1, 0xff, 0xff, 
  0x04, 0x00, 0x00, 0x00, 0x30, 0x00, 0x00, 0x00, 0xdd, 0x84, 0xf2, 0x1b, 
  0x4e, 0x83, 0xcf, 0xfb, 0x07, 0xf4, 0xb6, 0x81, 0x2a, 0xfb, 0xc0, 0xfe, 
  0x6d, 0x06, 0xd2, 0x8f, 0xd6, 0x0b, 0x5f, 0xb0, 0xcc, 0xf1, 0x8e, 0x36, 
  0x0e, 0xef, 0xec, 0x37, 0xfb, 0xc2, 0xef, 0xbd, 0xb1, 0x37, 0x46, 0xad, 
  0x33, 0xfc, 0xcb, 0xfb, 0x5d, 0xfe, 0xdf, 0x26, 0x42, 0xb1, 0xff, 0xff, 
  0x04, 0x00, 0x00, 0x00, 0x30, 0x00, 0x00, 0x00, 0xc1, 0xaf, 0x00, 0x00, 
  0x14, 0xf2, 0xff, 0xff, 0xfe, 0x17, 0x00, 0x00, 0x06, 0x58, 0x00, 0x00, 
  0x55, 0xb8, 0xff, 0xff, 0x1e, 0x67, 0x00, 0x00, 0x5e, 0x81, 0xff, 0xff, 
  0xc0, 0x12, 0x00, 0x00, 0x66, 0x02, 0x00, 0x00, 0xfd, 0xff, 0xff, 0xff, 
  0x9e, 0xfe, 0xff, 0xff, 0x99, 0xff, 0xff, 0xff, 0x7e, 0xb1, 0xff, 0xff, 
  0x04, 0x00, 0x00, 0x00, 0x30, 0x00, 0x00, 0x00, 0x98, 0xe8, 0x00, 0x00, 
  0x93, 0xed, 0xff, 0xff, 0xc0, 0x1f, 0x00, 0x00, 0x7d, 0x74, 0x00, 0x00, 
  0x28, 0xa1, 0xff, 0xff, 0x77, 0x88, 0x00, 0x00, 0x69, 0x58, 0xff, 0xff, 
  0xd0, 0x18, 0x00, 0x00, 0x2c, 0x03, 0x00, 0x00, 0xfc, 0xff, 0xff, 0xff, 
  0x2b, 0xfe, 0xff, 0xff, 0x78, 0xff, 0xff, 0xff, 0xba, 0xb1, 0xff, 0xff, 
  0x04, 0x00, 0x00, 0x00, 0x30, 0x00, 0x00, 0x00, 0x04, 0x6f, 0x01, 0x00, 
  0xee, 0xe2, 0xff, 0xff, 0x19, 0x32, 0x00, 0x00, 0xd0, 0xb7, 0x00, 0x00, 
  0x58, 0x6a, 0xff, 0xff, 0x54, 0xd7, 0x00, 0x00, 0x8f, 0xf7, 0xfe, 0xff, 
  0x27, 0x27, 0x00, 0x00, 0x02, 0x05, 0x00, 0x00, 0xf9, 0xff, 0xff, 0xff, 
  0x1d, 0xfd, 0xff, 0xff, 0x29, 0xff, 0xff, 0xff, 0xf6, 0xb1, 0xff, 0xff, 
  0x04, 0x00, 0x00, 0x00, 0x30, 0x00, 0x00, 0x00, 0xb0, 0x54, 0x03, 0x00, 
  0x75, 0xbc, 0xff, 0xff, 0x64, 0x74, 0x00, 0x00, 0x0d, 0xab, 0x01, 0x00, 
  0x4c, 0xa4, 0xfe, 0xff, 0x46, 0xf4, 0x01, 0x00, 0x9f, 0x99, 0xfd, 0xff, 
  0xf8, 0x5a, 0x00, 0x00, 0xa2, 0x0b, 0x00, 0x00, 0xf0, 0xff, 0xff, 0xff, 
  0x4a, 0xf9, 0xff, 0xff, 0x0e, 0xfe, 0xff, 0xff, 0x32, 0xb2, 0xff, 0xff, 
  0x04, 0x00, 0x00, 0x00, 0x30, 0x00, 0x00, 0x00, 0x00, 0x00, 0x00, 0x40, 
  0x10, 0x31, 0xee, 0xfa, 0x40, 0x66, 0xbc, 0x08, 0x80, 0x8d, 0x0d, 0x20, 
  0x60, 0x10, 0xe7, 0xe5, 0x80, 0x8e, 0x8c, 0x25, 0x00, 0xff, 0xe2, 0xd1, 
  0x10, 0xe4, 0xd3, 0x06, 0x52, 0x80, 0xdf, 0x00, 0xbd, 0xd0, 0xfe, 0xff, 
  0x43, 0x13, 0x7f, 0xff, 0x19, 0x98, 0xda, 0xff, 0x6e, 0xb2, 0xff, 0xff, 
  0x04, 0x00, 0x00, 0x00, 0x60, 0x00, 0x00, 0x00, 0x30, 0xd1, 0x15, 0xf0, 
  0x2f, 0x0a, 0x01, 0xd9, 0x14, 0xd5, 0x1f, 0xc8, 0xe1, 0x32, 0xeb, 0xf8, 
  0x3a, 0x43, 0xfa, 0x7f, 0xa1, 0xb6, 0xf6, 0xf0, 0x4f, 0x0c, 0xde, 0x09, 
  0x31, 0x04, 0xfb, 0x46, 0x06, 0x13, 0x0d, 0xeb, 0xe6, 0xd3, 0x31, 0xd1, 
  0xe5, 0x45, 0x6a, 0x2f, 0xe8, 0xc7, 0xd4, 0x42, 0x1d, 0x18, 0xcc, 0xb5, 
  0x0a, 0xe1, 0x25, 0xa2, 0x34, 0xa5, 0xca, 0xac, 0xfd, 0x17, 0xe6, 0xd3, 
  0x32, 0x23, 0xd4, 0x11, 0xcd, 0xeb, 0xf0, 0xd3, 0x39, 0xdb, 0x4e, 0xea, 
  0x23, 0x35, 0x10, 0xf7, 0xd4, 0xd4, 0x11, 0xf7, 0xb6, 0xd5, 0xdf, 0x3e, 
  0xd1, 0xe2, 0xe1, 0xb9, 0xf3, 0x26, 0xcf, 0xcf, 0x00, 0xda, 0xfd, 0xff, 
  0x04, 0xda, 0xfd, 0xff, 0x08, 0xda, 0xfd, 0xff, 0x0c, 0xda, 0xfd, 0xff, 
  0xea, 0xb2, 0xff, 0xff, 0x04, 0x00, 0x00, 0x00, 0x30, 0x00, 0x00, 0x00, 
  0x9d, 0x79, 0x00, 0x00, 0x5e, 0xf6, 0xff, 0xff, 0x9a, 0x10, 0x00, 0x00, 
  0xe8, 0x3c, 0x00, 0x00, 0x69, 0xce, 0xff, 0xff, 0x5a, 0x47, 0x00, 0x00, 
  0x60, 0xa8, 0xff, 0xff, 0xf9, 0x0c, 0x00, 0x00, 0xd9, 0x01, 0x00, 0x00, 
  0x43, 0xff, 0xff, 0xff, 0xcc, 0xff, 0xff, 0xff, 0x38, 0xff, 0xff, 0xff, 
  0x26, 0xb3, 0xff, 0xff, 0x04, 0x00, 0x00, 0x00, 0x40, 0x00, 0x00, 0x00, 
  0x21, 0x34, 0x29, 0x47, 0x25, 0xea, 0x2d, 0xf6, 0x3f, 0x27, 0xfe, 0xdc, 
  0xe8, 0x10, 0x1e, 0x9b, 0x4c, 0xdb, 0x40, 0xe9, 0xce, 0xea, 0x99, 0xb1, 
  0x24, 0x42, 0x05, 0x8d, 0x41, 0xef, 0xdd, 0x1d, 0x49, 0x22, 0x7f, 0x32, 
  0x21, 0x1b, 0x2b, 0x57, 0xb1, 0x14, 0x29, 0x2a, 0xcf, 0x2d, 0x46, 0x2a, 
  0x1f, 0x00, 0x35, 0xfe, 0xe0, 0xdb, 0x10, 0xc6, 0xbd, 0x33, 0x0a, 0x24, 
  0x1a, 0x13, 0x23, 0x2c, 0x72, 0xb3, 0xff, 0xff, 0x04, 0x00, 0x00, 0x00, 
  0x40, 0x00, 0x00, 0x00, 0x2c, 0xf8, 0xff, 0xff, 0xfd, 0x11, 0x00, 0x00, 
  0x8f, 0xf8, 0xff, 0xff, 0x4d, 0xf5, 0xff, 0xff, 0x6f, 0x06, 0x00, 0x00, 
  0x1b, 0xfb, 0xff, 0xff, 0xaf, 0xe0, 0xff, 0xff, 0xcf, 0x1b, 0x00, 0x00, 
  0x31, 0x10, 0x00, 0x00, 0x70, 0xfb, 0xff, 0xff, 0x52, 0x05, 0x00, 0x00, 
  0x71, 0xfd, 0xff, 0xff, 0x60, 0x07, 0x00, 0x00, 0x77, 0x10, 0x00, 0x00, 
  0xec, 0xed, 0xff, 0xff, 0x88, 0x11, 0x00, 0x00, 0xbe, 0xb3, 0xff, 0xff, 
  0x04, 0x00, 0x00, 0x00, 0x40, 0x01, 0x00, 0x00, 0xee, 0xf0, 0xde, 0xf8, 
  0xe3, 0x43, 0xb9, 0x44, 0xad, 0xcf, 0x14, 0xf3, 0xdf, 0xf2, 0xf8, 0xfb, 
  0x26, 0x1d, 0x75, 0x00, 0xee, 0x11, 0x2b, 0x2c, 0x46, 0x04, 0x5b, 0xe0, 
  0x03, 0xe5, 0xc4, 0xd9, 0x12, 0xf4, 0xe0, 0xdb, 0xbc, 0x40, 0x00, 0x00, 
  0x1a, 0x13, 0xf6, 0xab, 0xf2, 0xdd, 0xcf, 0x49, 0x0f, 0x19, 0xfc, 0xe0, 
  0x00, 0xeb, 0xfa, 0x17, 0x74, 0x24, 0x03, 0x00, 0xfd, 0x02, 0x1b, 0x1b, 
  0x1d, 0x0a, 0x40, 0xe5, 0xf3, 0xf8, 0xdf, 0xe9, 0x05, 0xf1, 0xf3, 0xdf, 
  0x03, 0x4a, 0xf4, 0x00, 0x2c, 0xf9, 0xda, 0xb8, 0xd4, 0xe3, 0xb7, 0xf0, 
  0x36, 0x12, 0x42, 0x25, 0xf5, 0xeb, 0x23, 0x34, 0xdc, 0x2b, 0x5c, 0x00, 
  0xdc, 0x35, 0xf8, 0x10, 0x2e, 0xf4, 0x20, 0x43, 0x35, 0xe5, 0xf3, 0xe9, 
  0x1d, 0x2d, 0xbe, 0x21, 0x1b, 0xfd, 0x1e, 0x00, 0x07, 0x37, 0x11, 0x15, 
  0x44, 0xf4, 0x13, 0x3b, 0x3a, 0x0b, 0xc9, 0xf1, 0x22, 0x2a, 0xde, 0xe9, 
  0xd1, 0x09, 0x74, 0x00, 0xc5, 0x33, 0x01, 0x0e, 0x30, 0xfe, 0xe4, 0x3e, 
  0x35, 0xce, 0x04, 0xf1, 0x20, 0x4b, 0xc1, 0x29, 0xfe, 0x03, 0x11, 0x00, 
  0xfb, 0x16, 0x1f, 0x1d, 0x39, 0xef, 0x4f, 0xd9, 0xf6, 0xe4, 0xce, 0xde, 
  0x13, 0x01, 0xf0, 0xd7, 0xd2, 0x7f, 0x06, 0x00, 0xfe, 0x2a, 0xe8, 0xab, 
  0x18, 0xf1, 0x96, 0x5b, 0x03, 0x10, 0xee, 0xdf, 0x09, 0xf2, 0xcd, 0x1f, 
  0x06, 0xff, 0x59, 0x00, 0x00, 0x00, 0x00, 0x00, 0x00, 0x00, 0x00, 0x00, 
  0x00, 0x00, 0x00, 0x00, 0x00, 0x00, 0x00, 0x00, 0x00, 0x00, 0x00, 0x00, 
  0xa4, 0x17, 0x2c, 0x58, 0x09, 0x67, 0x4a, 0xfb, 0xee, 0x8e, 0xdc, 0xd0, 
  0xfa, 0x5c, 0xdc, 0xfe, 0x3c, 0x29, 0x16, 0x00, 0xec, 0xef, 0xff, 0x58, 
  0xb4, 0x2b, 0x4c, 0xd6, 0x09, 0xce, 0x33, 0x3b, 0xf5, 0x2c, 0x4b, 0xf5, 
  0x16, 0x24, 0x18, 0x00, 0x10, 0xe4, 0x0d, 0x12, 0xf3, 0x05, 0x38, 0xca, 
  0xe5, 0x0c, 0xf9, 0x05, 0xf4, 0xe8, 0x24, 0xde, 0x04, 0x35, 0xe7, 0x00, 
  0x0c, 0xd6, 0xe7, 0xc4, 0x11, 0xff, 0xec, 0x10, 0xed, 0x1c, 0xbc, 0xbf, 
  0xef, 0xc7, 0x10, 0xd8, 0x24, 0x02, 0x41, 0x00, 0xd4, 0x23, 0x01, 0xf3, 
  0x2e, 0x1c, 0xce, 0x31, 0x01, 0xe1, 0xc0, 0xbe, 0x05, 0x2a, 0xc0, 0x10, 
  0xfe, 0x0e, 0x79, 0x00, 0x0a, 0xb5, 0xff, 0xff, 0x04, 0x00, 0x00, 0x00, 
  0x40, 0x00, 0x00, 0x00, 0x1b, 0x0b, 0x00, 0x00, 0x9c, 0x01, 0x00, 0x00, 
  0xe6, 0x0e, 0x00, 0x00, 0xf6, 0xfa, 0xff, 0xff, 0xf9, 0xfe, 0xff, 0xff, 
  0xc0, 0x04, 0x00, 0x00, 0x9b, 0x05, 0x00, 0x00, 0x9a, 0x02, 0x00, 0x00, 
  0x0e, 0x06, 0x00, 0x00, 0x1e, 0x12, 0x00, 0x00, 0x3b, 0xfd, 0xff, 0xff, 
  0xad, 0x13, 0x00, 0x00, 0x94, 0x0a, 0x00, 0x00, 0xda, 0xfa, 0xff, 0xff, 
  0x44, 0x04, 0x00, 0x00, 0x4e, 0x0a, 0x00, 0x00, 0x56, 0xb5, 0xff, 0xff, 
  0x04, 0x00, 0x00, 0x00, 0x30, 0x00, 0x00, 0x00, 0xf6, 0x15, 0x18, 0x0b, 
  0x00, 0x02, 0xff, 0xfc, 0x00, 0x09, 0xfe, 0x01, 0x07, 0xfe, 0xfa, 0xfc, 
  0x03, 0x00, 0xf7, 0x05, 0xf3, 0x08, 0x00, 0x03, 0xfe, 0xff, 0x03, 0xfd, 
  0xf8, 0x03, 0xf7, 0x04, 0x02, 0x03, 0x03, 0x09, 0xfd, 0x0b, 0x01, 0x05, 
  0x03, 0x00, 0xff, 0xfd, 0x02, 0xfe, 0x04, 0x0f, 0x92, 0xb5, 0xff, 0xff, 
  0x04, 0x00, 0x00, 0x00, 0x30, 0x00, 0x00, 0x00, 0xce, 0x6c, 0x7f, 0x38, 
  0xfd, 0x0a, 0xfa, 0xeb, 0xff, 0x2f, 0xf7, 0x04, 0x22, 0xf3, 0xe1, 0xeb, 
  0x12, 0x00, 0xd4, 0x1a, 0xbd, 0x29, 0x00, 0x0d, 0xf8, 0xf9, 0x10, 0xf2, 
  0xd5, 0x10, 0xd3, 0x14, 0x0c, 0x10, 0x10, 0x2d, 0xef, 0x3b, 0x03, 0x19, 
  0x0e, 0xff, 0xfa, 0xf0, 0x0b, 0xf6, 0x15, 0x4e, 0xf4, 0xdc, 0xfd, 0xff, 
  0xf8, 0xdc, 0xfd, 0xff, 0xfc, 0xdc, 0xfd, 0xff, 0x00, 0xdd, 0xfd, 0xff, 
  0x04, 0xdd, 0xfd, 0xff, 0x08, 0xdd, 0xfd, 0xff, 0x0c, 0xdd, 0xfd, 0xff, 
  0x10, 0xdd, 0xfd, 0xff, 0xee, 0xb5, 0xff, 0xff, 0x04, 0x00, 0x00, 0x00, 
  0x30, 0x00, 0x00, 0x00, 0x77, 0x01, 0x00, 0x00, 0x35, 0xea, 0xff, 0xff, 
  0x0c, 0xed, 0xff, 0xff, 0xc1, 0xef, 0xff, 0xff, 0x9b, 0xfd, 0xff, 0xff, 
  0xc1, 0xfa, 0xff, 0xff, 0x58, 0xfb, 0xff, 0xff, 0xe3, 0x02, 0x00, 0x00, 
  0x2b, 0x02, 0x00, 0x00, 0x35, 0x04, 0x00, 0x00, 0x7a, 0xf9, 0xff, 0xff, 
  0xe0, 0x03, 0x00, 0x00, 0x2a, 0xb6, 0xff, 0xff, 0x04, 0x00, 0x00, 0x00, 
  0x30, 0x00, 0x00, 0x00, 0xa8, 0xbe, 0x4d, 0x04, 0x40, 0x00, 0x00, 0xc0, 
  0x40, 0xf0, 0x56, 0xc8, 0xc0, 0xa1, 0x4b, 0xd0, 0x58, 0x6f, 0xf6, 0xf8, 
  0x80, 0x0f, 0x97, 0xf0, 0xd0, 0xb7, 0x53, 0xf2, 0xb0, 0xc3, 0x79, 0x08, 
  0x98, 0x10, 0x5f, 0x06, 0xd0, 0x89, 0x5b, 0x0c, 0xe0, 0xc1, 0xd6, 0xec, 
  0xc0, 0xd3, 0x60, 0x0b, 0x66, 0xb6, 0xff, 0xff, 0x04, 0x00, 0x00, 0x00, 
  0xc0, 0x00, 0x00, 0x00, 0xee, 0xd2, 0x29, 0xc3, 0x4b, 0xdf, 0xda, 0xf5, 
  0xaa, 0x01, 0x23, 0x8a, 0x93, 0xaa, 0x21, 0xc5, 0xe5, 0xae, 0xc3, 0xeb, 
  0xc3, 0xbf, 0xa4, 0x96, 0xd8, 0x8e, 0xe7, 0xa4, 0x81, 0xe7, 0xdb, 0xe5, 
  0xdf, 0xc5, 0xee, 0xd8, 0x9a, 0xb9, 0xdf, 0x06, 0xc6, 0xbc, 0xe4, 0xda, 
  0xd2, 0xcb, 0xd4, 0xd9, 0xc6, 0xf5, 0xdf, 0xde, 0xec, 0xe2, 0xaf, 0x2a, 
  0xab, 0xd2, 0xe0, 0x9a, 0xc9, 0xe7, 0x03, 0xb2, 0xe0, 0xbb, 0xfe, 0xd9, 
  0xe3, 0xdd, 0x02, 0xf8, 0xfa, 0x01, 0xd5, 0xe8, 0xde, 0xb3, 0x25, 0x27, 
  0x1d, 0x4e, 0xf3, 0x05, 0xf5, 0xf0, 0xef, 0x10, 0xfc, 0xdc, 0xfa, 0x24, 
  0x10, 0x4b, 0x06, 0xd4, 0xd3, 0xe0, 0xeb, 0xcd, 0xdc, 0x0a, 0xd7, 0x24, 
  0xd1, 0x1a, 0x1e, 0x1f, 0x0e, 0xc0, 0xd8, 0xec, 0xf9, 0x31, 0xf7, 0x3d, 
  0x1c, 0xa1, 0xfc, 0xac, 0x4e, 0xe9, 0xe4, 0xb8, 0x13, 0x42, 0x21, 0xfb, 
  0x26, 0x84, 0xfe, 0xb2, 0xcb, 0xfb, 0xe9, 0x01, 0xc5, 0xf9, 0xe4, 0x44, 
  0xef, 0xb2, 0x23, 0x12, 0xd7, 0x32, 0xcf, 0x3d, 0xeb, 0xcc, 0x13, 0xa1, 
  0x53, 0x85, 0xf1, 0x07, 0x45, 0x3a, 0xdd, 0xae, 0xda, 0x56, 0xc8, 0x1a, 
  0xec, 0x42, 0x49, 0x61, 0x39, 0xe2, 0xdd, 0x42, 0xaa, 0x0c, 0xd9, 0x0f, 
  0x02, 0x26, 0xd3, 0x2f, 0x2b, 0x04, 0xf4, 0x07, 0x1d, 0xdf, 0x1b, 0x01, 
  0x57, 0x54, 0xcf, 0xef, 0x58, 0xde, 0xfd, 0xff, 0x5c, 0xde, 0xfd, 0xff, 
  0x60, 0xde, 0xfd, 0xff, 0x64, 0xde, 0xfd, 0xff, 0x68, 0xde, 0xfd, 0xff, 
  0x6c, 0xde, 0xfd, 0xff, 0x70, 0xde, 0xfd, 0xff, 0x74, 0xde, 0xfd, 0xff, 
  0x78, 0xde, 0xfd, 0xff, 0x56, 0xb7, 0xff, 0xff, 0x04, 0x00, 0x00, 0x00, 
  0x30, 0x00, 0x00, 0x00, 0xd9, 0x01, 0x00, 0x00, 0x7f, 0xe4, 0xff, 0xff, 
  0x14, 0xe8, 0xff, 0xff, 0x80, 0xeb, 0xff, 0xff, 0xfa, 0xfc, 0xff, 0xff, 
  0x61, 0xf9, 0xff, 0xff, 0x20, 0xfa, 0xff, 0xff, 0xa4, 0x03, 0x00, 0x00, 
  0x07, 0x05, 0x00, 0x00, 0x5a, 0x03, 0x00, 0x00, 0x10, 0xf6, 0xff, 0xff, 
  0x1a, 0xff, 0xff, 0xff, 0x92, 0xb7, 0xff, 0xff, 0x04, 0x00, 0x00, 0x00, 
  0x10, 0x02, 0x00, 0x00, 0xdd, 0x1f, 0xd6, 0x40, 0xd5, 0x18, 0x81, 0xee, 
  0xe7, 0x01, 0xa7, 0xa9, 0x05, 0x00, 0xfd, 0xfd, 0x06, 0xfb, 0xfd, 0xfc, 
  0xfc, 0x02, 0x03, 0x03, 0xcc, 0x2a, 0x23, 0x23, 0x00, 0xfc, 0x00, 0x00, 
  0xb2, 0x23, 0x1c, 0x27, 0xd7, 0x48, 0x17, 0x26, 0xce, 0x3f, 0x1e, 0x29, 
  0xda, 0x45, 0x16, 0x32, 0xcc, 0x44, 0x1f, 0x2e, 0xc0, 0x32, 0x27, 0x49, 
  0xa2, 0x1a, 0x39, 0x49, 0xd5, 0x44, 0x1a, 0x25, 0xe4, 0x41, 0x10, 0x1c, 
  0xd4, 0x43, 0x1a, 0x26, 0xca, 0x2f, 0xe7, 0x43, 0xdd, 0x18, 0x76, 0xe3, 
  0x90, 0x14, 0xc8, 0x07, 0xb5, 0x2f, 0x31, 0x39, 0xa5, 0x1b, 0x3c, 0x57, 
  0x88, 0xf0, 0x4b, 0x57, 0xcf, 0x32, 0x20, 0x1f, 0xe3, 0x40, 0x11, 0x1e, 
  0xb9, 0x2b, 0x1b, 0x23, 0xf3, 0x19, 0x09, 0x04, 0xf9, 0xe7, 0xed, 0xff, 
  0x0f, 0xf2, 0xee, 0xfe, 0xf9, 0xfb, 0xfe, 0xfd, 0x04, 0xf7, 0xfb, 0xfc, 
  0x06, 0xfc, 0x01, 0x00, 0xff, 0x24, 0x12, 0x11, 0xf8, 0x09, 0x03, 0x06, 
  0xfd, 0x23, 0x0e, 0x13, 0xf5, 0x04, 0xf6, 0x03, 0xf3, 0x13, 0xf9, 0xff, 
  0xed, 0x08, 0xee, 0x00, 0xfb, 0x03, 0xf7, 0xff, 0xef, 0x00, 0xf5, 0x04, 
  0xfc, 0x0f, 0xea, 0x06, 0xf9, 0x09, 0xf4, 0xfa, 0xf2, 0x1c, 0xfc, 0xf8, 
  0xf9, 0x08, 0xf3, 0x01, 0x00, 0x2e, 0x00, 0xff, 0x00, 0x4a, 0x00, 0xff, 
  0x00, 0x42, 0x00, 0xff, 0x36, 0x09, 0xd5, 0x70, 0xf4, 0x09, 0xab, 0x02, 
  0x39, 0x31, 0xd7, 0x43, 0x00, 0x00, 0x00, 0x00, 0xda, 0x10, 0xb0, 0xbb, 
  0x00, 0x00, 0x00, 0x00, 0xf6, 0xe2, 0xba, 0x03, 0xe5, 0xff, 0xb0, 0xe5, 
  0xd4, 0xf8, 0xb5, 0xf2, 0xf7, 0x07, 0xb5, 0x02, 0xf3, 0x11, 0xa8, 0xf7, 
  0xf8, 0x2a, 0x99, 0x05, 0xe0, 0xfb, 0xb0, 0xe2, 0xdc, 0x0c, 0xb4, 0xb9, 
  0xe3, 0xf7, 0xae, 0xef, 0xdb, 0x3e, 0x15, 0x24, 0xca, 0x3b, 0x21, 0x2e, 
  0xd9, 0x3c, 0x17, 0x32, 0xd0, 0x38, 0x1d, 0x2b, 0xc6, 0x29, 0x24, 0x41, 
  0xac, 0x0f, 0x34, 0x41, 0xd7, 0x38, 0x19, 0x24, 0xda, 0x45, 0x15, 0x2b, 
  0xd6, 0x3b, 0x19, 0x25, 0xd7, 0x4b, 0x16, 0x26, 0xd4, 0x3b, 0x1b, 0x24, 
  0xde, 0x45, 0x14, 0x2d, 0xcd, 0x44, 0x1e, 0x2d, 0xc0, 0x31, 0x27, 0x4a, 
  0xa0, 0x1a, 0x39, 0x4a, 0xd6, 0x45, 0x19, 0x25, 0xeb, 0x37, 0x0c, 0x16, 
  0xd5, 0x46, 0x19, 0x26, 0x00, 0x00, 0x00, 0x00, 0x00, 0x00, 0x00, 0x00, 
  0x00, 0x00, 0x00, 0x00, 0x00, 0x00, 0x00, 0x00, 0x00, 0x00, 0x00, 0x00, 
  0x00, 0x00, 0x00, 0x00, 0xf0, 0x2e, 0x0a, 0x0e, 0x00, 0x00, 0x00, 0x00, 
  0xef, 0x2d, 0x0b, 0x10, 0x00, 0x00, 0x00, 0x00, 0x00, 0x00, 0x00, 0x00, 
  0x00, 0x00, 0x00, 0x00, 0x00, 0x00, 0x00, 0x00, 0x00, 0x00, 0x00, 0x00, 
  0x00, 0x00, 0x00, 0x00, 0xe3, 0x1f, 0x17, 0x27, 0x00, 0x66, 0xf9, 0x1d, 
  0xf4, 0x45, 0x08, 0x1f, 0x29, 0x1e, 0xc5, 0x60, 0xea, 0x23, 0x91, 0x03, 
  0x40, 0x47, 0xc1, 0x41, 0xef, 0x19, 0x0e, 0x0f, 0x00, 0x44, 0xff, 0x08, 
  0xfb, 0x25, 0x06, 0x0b, 0x26, 0x19, 0xec, 0x3b, 0x06, 0x1a, 0xc9, 0x04, 
  0x24, 0x1e, 0xf6, 0x1c, 0x1c, 0x08, 0x2b, 0x11, 0x22, 0xf7, 0x34, 0x22, 
  0x35, 0xf7, 0x3c, 0x1b, 0x0d, 0xfb, 0x24, 0x0e, 0x1e, 0x01, 0x24, 0x04, 
  0x0a, 0xe9, 0x32, 0xfd, 0xf8, 0x1b, 0x50, 0x04, 0xec, 0xef, 0x56, 0x09, 
  0x1b, 0x19, 0x3c, 0xf0, 0xfd, 0xe8, 0x4f, 0xfe, 0x12, 0xef, 0x5f, 0x13, 
  0xee, 0xc9, 0x51, 0xfd, 0xec, 0xec, 0xc2, 0xfc, 0xf5, 0x06, 0xb6, 0xf3, 
  0xd5, 0xee, 0xbe, 0x05, 0xfa, 0x08, 0xd0, 0xf4, 0xda, 0x00, 0xc1, 0xf1, 
  0xee, 0x09, 0xdf, 0x0a, 0xf0, 0x16, 0x0d, 0x10, 0x00, 0x50, 0xff, 0x09, 
  0xfa, 0x30, 0x05, 0x0d, 0x34, 0x22, 0xd9, 0x49, 0xf8, 0x1e, 0xa1, 0x00, 
  0x31, 0x34, 0xe1, 0x2b, 0xae, 0xb9, 0xff, 0xff, 0x04, 0x00, 0x00, 0x00, 
  0x84, 0x00, 0x00, 0x00, 0x56, 0x5a, 0x59, 0x18, 0x00, 0x1c, 0x59, 0x04, 
  0x5a, 0x78, 0x6a, 0x69, 0x74, 0x57, 0x42, 0x6f, 0x62, 0x6f, 0x61, 0x37, 
  0x6a, 0x4d, 0x37, 0xf0, 0x61, 0x61, 0x62, 0x41, 0xec, 0xec, 0x0c, 0xfe, 
  0x03, 0x3e, 0x1c, 0x42, 0xc8, 0xe6, 0xd8, 0xc4, 0xc0, 0xd7, 0xce, 0xf3, 
  0xcf, 0xd4, 0x31, 0x13, 0xaa, 0x20, 0xdd, 0x0e, 0x2d, 0x0e, 0xc8, 0x19, 
  0xfe, 0x25, 0x40, 0x3d, 0x0a, 0x27, 0x02, 0x5e, 0x64, 0x53, 0x58, 0x3a, 
  0x1f, 0x55, 0x70, 0x5d, 0x7f, 0x5f, 0x6b, 0x74, 0x56, 0x46, 0x72, 0x4a, 
  0x76, 0x0d, 0x0d, 0x0d, 0x0d, 0x0f, 0x0d, 0x3b, 0x12, 0x3a, 0xc4, 0xc7, 
  0xc6, 0x9a, 0x80, 0xb3, 0xd0, 0x72, 0x27, 0xee, 0x57, 0x20, 0xe8, 0x4a, 
  0x0d, 0xd4, 0xfe, 0xca, 0x44, 0x22, 0x17, 0x3a, 0x38, 0x1f, 0x39, 0xf3, 
  0x34, 0xe8, 0xe1, 0xe4, 0xcf, 0x03, 0xe2, 0xeb, 0xf3, 0xef, 0xc1, 0x48, 
  0xfc, 0xc5, 0x12, 0xdc, 0x3e, 0xba, 0xff, 0xff, 0x04, 0x00, 0x00, 0x00, 
  0x08, 0x00, 0x00, 0x00, 0x01, 0x00, 0x00, 0x00, 0x02, 0x00, 0x00, 0x00, 
  0x78, 0xe1, 0xfd, 0xff, 0x56, 0xba, 0xff, 0xff, 0x04, 0x00, 0x00, 0x00, 
  0x04, 0x00, 0x00, 0x00, 0x84, 0x00, 0x00, 0x00, 0x66, 0xba, 0xff, 0xff, 
  0x04, 0x00, 0x00, 0x00, 0x08, 0x00, 0x00, 0x00, 0x00, 0x00, 0x00, 0x00, 
  0x01, 0x00, 0x00, 0x00, 0x7a, 0xba, 0xff, 0xff, 0x04, 0x00, 0x00, 0x00, 
  0x0c, 0x00, 0x00, 0x00, 0x01, 0x00, 0x00, 0x00, 0x0a, 0x00, 0x00, 0x00, 
  0x01, 0x00, 0x00, 0x00, 0x92, 0xba, 0xff, 0xff, 0x04, 0x00, 0x00, 0x00, 
  0x0c, 0x00, 0x00, 0x00, 0x04, 0x00, 0x00, 0x00, 0x04, 0x00, 0x00, 0x00, 
  0xff, 0xff, 0xff, 0xff, 0xaa, 0xba, 0xff, 0xff, 0x04, 0x00, 0x00, 0x00, 
  0x04, 0x00, 0x00, 0x00, 0x04, 0x00, 0x00, 0x00, 0xba, 0xba, 0xff, 0xff, 
  0x04, 0x00, 0x00, 0x00, 0x0c, 0x00, 0x00, 0x00, 0x01, 0x00, 0x00, 0x00, 
  0x00, 0x00, 0x00, 0x00, 0x02, 0x00, 0x00, 0x00, 0xd2, 0xba, 0xff, 0xff, 
  0x04, 0x00, 0x00, 0x00, 0x04, 0x00, 0x00, 0x00, 0xff, 0xff, 0xff, 0xff, 
  0xe2, 0xba, 0xff, 0xff, 0x04, 0x00, 0x00, 0x00, 0x0c, 0x00, 0x00, 0x00, 
  0x08, 0x00, 0x00, 0x00, 0x08, 0x00, 0x00, 0x00, 0xff, 0xff, 0xff, 0xff, 
  0xfa, 0xba, 0xff, 0xff, 0x04, 0x00, 0x00, 0x00, 0x04, 0x00, 0x00, 0x00, 
  0x08, 0x00, 0x00, 0x00, 0x30, 0xe2, 0xfd, 0xff, 0x0e, 0xbb, 0xff, 0xff, 
  0x04, 0x00, 0x00, 0x00, 0x04, 0x00, 0x00, 0x00, 0x00, 0x00, 0x00, 0x00, 
  0x1e, 0xbb, 0xff, 0xff, 0x04, 0x00, 0x00, 0x00, 0x0c, 0x00, 0x00, 0x00, 
  0xff, 0xff, 0xff, 0xff, 0x05, 0x00, 0x00, 0x00, 0x08, 0x00, 0x00, 0x00, 
  0x36, 0xbb, 0xff, 0xff, 0x04, 0x00, 0x00, 0x00, 0x0c, 0x00, 0x00, 0x00, 
  0xff, 0xff, 0xff, 0xff, 0x05, 0x00, 0x00, 0x00, 0x04, 0x00, 0x00, 0x00, 
  0x4e, 0xbb, 0xff, 0xff, 0x04, 0x00, 0x00, 0x00, 0x04, 0x00, 0x00, 0x00, 
  0x02, 0x00, 0x00, 0x00, 0x5e, 0xbb, 0xff, 0xff, 0x04, 0x00, 0x00, 0x00, 
  0x0c, 0x00, 0x00, 0x00, 0xff, 0xff, 0xff, 0xff, 0x0a, 0x00, 0x00, 0x00, 
  0x04, 0x00, 0x00, 0x00, 0x76, 0xbb, 0xff, 0xff, 0x04, 0x00, 0x00, 0x00, 
  0x04, 0x00, 0x00, 0x00, 0xfd, 0xff, 0xff, 0xff, 0x86, 0xbb, 0xff, 0xff, 
  0x04, 0x00, 0x00, 0x00, 0x0c, 0x00, 0x00, 0x00, 0xff, 0xff, 0xff, 0xff, 
  0x0a, 0x00, 0x00, 0x00, 0x84, 0x00, 0x00, 0x00, 0x9e, 0xbb, 0xff, 0xff, 
  0x04, 0x00, 0x00, 0x00, 0x04, 0x00, 0x00, 0x00, 0x01, 0x00, 0x00, 0x00, 
  0xd4, 0xe2, 0xfd, 0xff, 0xd8, 0xe2, 0xfd, 0xff, 0xdc, 0xe2, 0xfd, 0xff, 
  0x0f, 0x00, 0x00, 0x00, 0x4d, 0x4c, 0x49, 0x52, 0x20, 0x43, 0x6f, 0x6e, 
  0x76, 0x65, 0x72, 0x74, 0x65, 0x64, 0x2e, 0x00, 0x01, 0x00, 0x00, 0x00, 
  0x14, 0x00, 0x00, 0x00, 0x00, 0x00, 0x0e, 0x00, 0x18, 0x00, 0x14, 0x00, 
  0x10, 0x00, 0x0c, 0x00, 0x08, 0x00, 0x04, 0x00, 0x0e, 0x00, 0x00, 0x00, 
  0x14, 0x00, 0x00, 0x00, 0x1c, 0x00, 0x00, 0x00, 0x74, 0x48, 0x00, 0x00, 
  0x7c, 0x48, 0x00, 0x00, 0x84, 0x48, 0x00, 0x00, 0x04, 0x00, 0x00, 0x00, 
  0x6d, 0x61, 0x69, 0x6e, 0x00, 0x00, 0x00, 0x00, 0x68, 0x01, 0x00, 0x00, 
  0x1c, 0x48, 0x00, 0x00, 0xd4, 0x47, 0x00, 0x00, 0x90, 0x47, 0x00, 0x00, 
  0x30, 0x47, 0x00, 0x00, 0x08, 0x47, 0x00, 0x00, 0xc8, 0x46, 0x00, 0x00, 
  0x78, 0x46, 0x00, 0x00, 0x50, 0x46, 0x00, 0x00, 0x1c, 0x46, 0x00, 0x00, 
  0xc8, 0x45, 0x00, 0x00, 0x90, 0x45, 0x00, 0x00, 0x5c, 0x45, 0x00, 0x00, 
  0x18, 0x45, 0x00, 0x00, 0xf0, 0x44, 0x00, 0x00, 0xbc, 0x44, 0x00, 0x00, 
  0x78, 0x44, 0x00, 0x00, 0x50, 0x44, 0x00, 0x00, 0x1c, 0x44, 0x00, 0x00, 
  0xcc, 0x43, 0x00, 0x00, 0x8c, 0x43, 0x00, 0x00, 0x64, 0x43, 0x00, 0x00, 
  0x30, 0x43, 0x00, 0x00, 0xec, 0x42, 0x00, 0x00, 0xc4, 0x42, 0x00, 0x00, 
  0x80, 0x42, 0x00, 0x00, 0x4c, 0x42, 0x00, 0x00, 0x0c, 0x42, 0x00, 0x00, 
  0xd8, 0x41, 0x00, 0x00, 0xb4, 0x41, 0x00, 0x00, 0x80, 0x41, 0x00, 0x00, 
  0x4c, 0x41, 0x00, 0x00, 0x18, 0x41, 0x00, 0x00, 0xf4, 0x40, 0x00, 0x00, 
  0xc0, 0x40, 0x00, 0x00, 0x8c, 0x40, 0x00, 0x00, 0x68, 0x40, 0x00, 0x00, 
  0x34, 0x40, 0x00, 0x00, 0x00, 0x40, 0x00, 0x00, 0xcc, 0x3f, 0x00, 0x00, 
  0x88, 0x3f, 0x00, 0x00, 0x54, 0x3f, 0x00, 0x00, 0x14, 0x3f, 0x00, 0x00, 
  0xe0, 0x3e, 0x00, 0x00, 0xbc, 0x3e, 0x00, 0x00, 0x88, 0x3e, 0x00, 0x00, 
  0x54, 0x3e, 0x00, 0x00, 0x20, 0x3e, 0x00, 0x00, 0xfc, 0x3d, 0x00, 0x00, 
  0xc8, 0x3d, 0x00, 0x00, 0x94, 0x3d, 0x00, 0x00, 0x70, 0x3d, 0x00, 0x00, 
  0x3c, 0x3d, 0x00, 0x00, 0x08, 0x3d, 0x00, 0x00, 0xd4, 0x3c, 0x00, 0x00, 
  0x90, 0x3c, 0x00, 0x00, 0x5c, 0x3c, 0x00, 0x00, 0x1c, 0x3c, 0x00, 0x00, 
  0xe8, 0x3b, 0x00, 0x00, 0xc4, 0x3b, 0x00, 0x00, 0x90, 0x3b, 0x00, 0x00, 
  0x5c, 0x3b, 0x00, 0x00, 0x28, 0x3b, 0x00, 0x00, 0x04, 0x3b, 0x00, 0x00, 
  0xd0, 0x3a, 0x00, 0x00, 0x9c, 0x3a, 0x00, 0x00, 0x78, 0x3a, 0x00, 0x00, 
  0x44, 0x3a, 0x00, 0x00, 0x10, 0x3a, 0x00, 0x00, 0xdc, 0x39, 0x00, 0x00, 
  0x98, 0x39, 0x00, 0x00, 0x64, 0x39, 0x00, 0x00, 0x24, 0x39, 0x00, 0x00, 
  0xf0, 0x38, 0x00, 0x00, 0xcc, 0x38, 0x00, 0x00, 0x98, 0x38, 0x00, 0x00, 
  0x64, 0x38, 0x00, 0x00, 0x30, 0x38, 0x00, 0x00, 0x0c, 0x38, 0x00, 0x00, 
  0xd8, 0x37, 0x00, 0x00, 0xa4, 0x37, 0x00, 0x00, 0x80, 0x37, 0x00, 0x00, 
  0x4c, 0x37, 0x00, 0x00, 0x18, 0x37, 0x00, 0x00, 0xe4, 0x36, 0x00, 0x00, 
  0xa0, 0x36, 0x00, 0x00, 0x6c, 0x36, 0x00, 0x00, 0x2c, 0x36, 0x00, 0x00, 
  0xf8, 0x35, 0x00, 0x00, 0xd4, 0x35, 0x00, 0x00, 0xa0, 0x35, 0x00, 0x00, 
  0x6c, 0x35, 0x00, 0x00, 0x38, 0x35, 0x00, 0x00, 0x14, 0x35, 0x00, 0x00, 
  0xe0, 0x34, 0x00, 0x00, 0xac, 0x34, 0x00, 0x00, 0x88, 0x34, 0x00, 0x00, 
  0x54, 0x34, 0x00, 0x00, 0x20, 0x34, 0x00, 0x00, 0xdc, 0x33, 0x00, 0x00, 
  0xb4, 0x33, 0x00, 0x00, 0x80, 0x33, 0x00, 0x00, 0x40, 0x33, 0x00, 0x00, 
  0x08, 0x33, 0x00, 0x00, 0xe0, 0x32, 0x00, 0x00, 0xac, 0x32, 0x00, 0x00, 
  0x68, 0x32, 0x00, 0x00, 0x24, 0x32, 0x00, 0x00, 0xf0, 0x31, 0x00, 0x00, 
  0xb0, 0x31, 0x00, 0x00, 0x7c, 0x31, 0x00, 0x00, 0x58, 0x31, 0x00, 0x00, 
  0x24, 0x31, 0x00, 0x00, 0xf0, 0x30, 0x00, 0x00, 0xbc, 0x30, 0x00, 0x00, 
  0x98, 0x30, 0x00, 0x00, 0x64, 0x30, 0x00, 0x00, 0x30, 0x30, 0x00, 0x00, 
  0x0c, 0x30, 0x00, 0x00, 0xd8, 0x2f, 0x00, 0x00, 0xa4, 0x2f, 0x00, 0x00, 
  0x70, 0x2f, 0x00, 0x00, 0x2c, 0x2f, 0x00, 0x00, 0xf8, 0x2e, 0x00, 0x00, 
  0xb8, 0x2e, 0x00, 0x00, 0x84, 0x2e, 0x00, 0x00, 0x60, 0x2e, 0x00, 0x00, 
  0x2c, 0x2e, 0x00, 0x00, 0xf8, 0x2d, 0x00, 0x00, 0xc4, 0x2d, 0x00, 0x00, 
  0xa0, 0x2d, 0x00, 0x00, 0x6c, 0x2d, 0x00, 0x00, 0x38, 0x2d, 0x00, 0x00, 
  0x14, 0x2d, 0x00, 0x00, 0xe0, 0x2c, 0x00, 0x00, 0xac, 0x2c, 0x00, 0x00, 
  0x78, 0x2c, 0x00, 0x00, 0x34, 0x2c, 0x00, 0x00, 0x00, 0x2c, 0x00, 0x00, 
  0xc0, 0x2b, 0x00, 0x00, 0x8c, 0x2b, 0x00, 0x00, 0x68, 0x2b, 0x00, 0x00, 
  0x34, 0x2b, 0x00, 0x00, 0x00, 0x2b, 0x00, 0x00, 0xcc, 0x2a, 0x00, 0x00, 
  0xa8, 0x2a, 0x00, 0x00, 0x74, 0x2a, 0x00, 0x00, 0x40, 0x2a, 0x00, 0x00, 
  0x1c, 0x2a, 0x00, 0x00, 0xe8, 0x29, 0x00, 0x00, 0xb4, 0x29, 0x00, 0x00, 
  0x80, 0x29, 0x00, 0x00, 0x3c, 0x29, 0x00, 0x00, 0x08, 0x29, 0x00, 0x00, 
  0xc8, 0x28, 0x00, 0x00, 0x94, 0x28, 0x00, 0x00, 0x70, 0x28, 0x00, 0x00, 
  0x3c, 0x28, 0x00, 0x00, 0x08, 0x28, 0x00, 0x00, 0xd4, 0x27, 0x00, 0x00, 
  0xb0, 0x27, 0x00, 0x00, 0x7c, 0x27, 0x00, 0x00, 0x48, 0x27, 0x00, 0x00, 
  0x24, 0x27, 0x00, 0x00, 0xf0, 0x26, 0x00, 0x00, 0xbc, 0x26, 0x00, 0x00, 
  0x88, 0x26, 0x00, 0x00, 0x44, 0x26, 0x00, 0x00, 0x10, 0x26, 0x00, 0x00, 
  0xd0, 0x25, 0x00, 0x00, 0x9c, 0x25, 0x00, 0x00, 0x78, 0x25, 0x00, 0x00, 
  0x44, 0x25, 0x00, 0x00, 0x10, 0x25, 0x00, 0x00, 0xdc, 0x24, 0x00, 0x00, 
  0xb8, 0x24, 0x00, 0x00, 0x84, 0x24, 0x00, 0x00, 0x50, 0x24, 0x00, 0x00, 
  0x2c, 0x24, 0x00, 0x00, 0xf8, 0x23, 0x00, 0x00, 0xc4, 0x23, 0x00, 0x00, 
  0x90, 0x23, 0x00, 0x00, 0x60, 0x23, 0x00, 0x00, 0x3c, 0x23, 0x00, 0x00, 
  0x04, 0x23, 0x00, 0x00, 0xcc, 0x22, 0x00, 0x00, 0x98, 0x22, 0x00, 0x00, 
  0x70, 0x22, 0x00, 0x00, 0x3c, 0x22, 0x00, 0x00, 0xfc, 0x21, 0x00, 0x00, 
  0xc4, 0x21, 0x00, 0x00, 0x9c, 0x21, 0x00, 0x00, 0x68, 0x21, 0x00, 0x00, 
  0x24, 0x21, 0x00, 0x00, 0xfc, 0x20, 0x00, 0x00, 0xa4, 0x20, 0x00, 0x00, 
  0x70, 0x20, 0x00, 0x00, 0x30, 0x20, 0x00, 0x00, 0xfc, 0x1f, 0x00, 0x00, 
  0xd8, 0x1f, 0x00, 0x00, 0xa4, 0x1f, 0x00, 0x00, 0x70, 0x1f, 0x00, 0x00, 
  0x3c, 0x1f, 0x00, 0x00, 0x18, 0x1f, 0x00, 0x00, 0xe4, 0x1e, 0x00, 0x00, 
  0xb0, 0x1e, 0x00, 0x00, 0x8c, 0x1e, 0x00, 0x00, 0x58, 0x1e, 0x00, 0x00, 
  0x24, 0x1e, 0x00, 0x00, 0xf0, 0x1d, 0x00, 0x00, 0xac, 0x1d, 0x00, 0x00, 
  0x78, 0x1d, 0x00, 0x00, 0x38, 0x1d, 0x00, 0x00, 0x04, 0x1d, 0x00, 0x00, 
  0xc4, 0x1c, 0x00, 0x00, 0x90, 0x1c, 0x00, 0x00, 0x50, 0x1c, 0x00, 0x00, 
  0x1c, 0x1c, 0x00, 0x00, 0xdc, 0x1b, 0x00, 0x00, 0xa8, 0x1b, 0x00, 0x00, 
  0x68, 0x1b, 0x00, 0x00, 0x34, 0x1b, 0x00, 0x00, 0xf4, 0x1a, 0x00, 0x00, 
  0xc0, 0x1a, 0x00, 0x00, 0x9c, 0x1a, 0x00, 0x00, 0x68, 0x1a, 0x00, 0x00, 
  0x34, 0x1a, 0x00, 0x00, 0x00, 0x1a, 0x00, 0x00, 0xdc, 0x19, 0x00, 0x00, 
  0xa8, 0x19, 0x00, 0x00, 0x74, 0x19, 0x00, 0x00, 0x50, 0x19, 0x00, 0x00, 
  0x1c, 0x19, 0x00, 0x00, 0xe8, 0x18, 0x00, 0x00, 0xb4, 0x18, 0x00, 0x00, 
  0x70, 0x18, 0x00, 0x00, 0x3c, 0x18, 0x00, 0x00, 0xfc, 0x17, 0x00, 0x00, 
  0xc8, 0x17, 0x00, 0x00, 0xa4, 0x17, 0x00, 0x00, 0x70, 0x17, 0x00, 0x00, 
  0x3c, 0x17, 0x00, 0x00, 0x08, 0x17, 0x00, 0x00, 0xe4, 0x16, 0x00, 0x00, 
  0xb0, 0x16, 0x00, 0x00, 0x7c, 0x16, 0x00, 0x00, 0x58, 0x16, 0x00, 0x00, 
  0x24, 0x16, 0x00, 0x00, 0xf0, 0x15, 0x00, 0x00, 0xbc, 0x15, 0x00, 0x00, 
  0x78, 0x15, 0x00, 0x00, 0x44, 0x15, 0x00, 0x00, 0x04, 0x15, 0x00, 0x00, 
  0xd0, 0x14, 0x00, 0x00, 0xac, 0x14, 0x00, 0x00, 0x78, 0x14, 0x00, 0x00, 
  0x44, 0x14, 0x00, 0x00, 0x10, 0x14, 0x00, 0x00, 0xec, 0x13, 0x00, 0x00, 
  0xb8, 0x13, 0x00, 0x00, 0x84, 0x13, 0x00, 0x00, 0x60, 0x13, 0x00, 0x00, 
  0x2c, 0x13, 0x00, 0x00, 0xf8, 0x12, 0x00, 0x00, 0xc4, 0x12, 0x00, 0x00, 
  0x80, 0x12, 0x00, 0x00, 0x4c, 0x12, 0x00, 0x00, 0x0c, 0x12, 0x00, 0x00, 
  0xd8, 0x11, 0x00, 0x00, 0xb4, 0x11, 0x00, 0x00, 0x80, 0x11, 0x00, 0x00, 
  0x4c, 0x11, 0x00, 0x00, 0x18, 0x11, 0x00, 0x00, 0xf4, 0x10, 0x00, 0x00, 
  0xc0, 0x10, 0x00, 0x00, 0x8c, 0x10, 0x00, 0x00, 0x68, 0x10, 0x00, 0x00, 
  0x34, 0x10, 0x00, 0x00, 0x00, 0x10, 0x00, 0x00, 0xcc, 0x0f, 0x00, 0x00, 
  0x88, 0x0f, 0x00, 0x00, 0x54, 0x0f, 0x00, 0x00, 0x30, 0x0f, 0x00, 0x00, 
  0xfc, 0x0e, 0x00, 0x00, 0xc8, 0x0e, 0x00, 0x00, 0xa4, 0x0e, 0x00, 0x00, 
  0x70, 0x0e, 0x00, 0x00, 0x3c, 0x0e, 0x00, 0x00, 0x18, 0x0e, 0x00, 0x00, 
  0xe4, 0x0d, 0x00, 0x00, 0xb0, 0x0d, 0x00, 0x00, 0x7c, 0x0d, 0x00, 0x00, 
  0x48, 0x0d, 0x00, 0x00, 0x04, 0x0d, 0x00, 0x00, 0xd0, 0x0c, 0x00, 0x00, 
  0xac, 0x0c, 0x00, 0x00, 0x78, 0x0c, 0x00, 0x00, 0x44, 0x0c, 0x00, 0x00, 
  0x20, 0x0c, 0x00, 0x00, 0xec, 0x0b, 0x00, 0x00, 0xb8, 0x0b, 0x00, 0x00, 
  0x94, 0x0b, 0x00, 0x00, 0x60, 0x0b, 0x00, 0x00, 0x2c, 0x0b, 0x00, 0x00, 
  0xf8, 0x0a, 0x00, 0x00, 0xc4, 0x0a, 0x00, 0x00, 0x80, 0x0a, 0x00, 0x00, 
  0x4c, 0x0a, 0x00, 0x00, 0x28, 0x0a, 0x00, 0x00, 0xf4, 0x09, 0x00, 0x00, 
  0xc0, 0x09, 0x00, 0x00, 0x9c, 0x09, 0x00, 0x00, 0x68, 0x09, 0x00, 0x00, 
  0x34, 0x09, 0x00, 0x00, 0x10, 0x09, 0x00, 0x00, 0xdc, 0x08, 0x00, 0x00, 
  0xa8, 0x08, 0x00, 0x00, 0x74, 0x08, 0x00, 0x00, 0x40, 0x08, 0x00, 0x00, 
  0xfc, 0x07, 0x00, 0x00, 0xc8, 0x07, 0x00, 0x00, 0xa4, 0x07, 0x00, 0x00, 
  0x70, 0x07, 0x00, 0x00, 0x3c, 0x07, 0x00, 0x00, 0x18, 0x07, 0x00, 0x00, 
  0xe4, 0x06, 0x00, 0x00, 0xb0, 0x06, 0x00, 0x00, 0x8c, 0x06, 0x00, 0x00, 
  0x58, 0x06, 0x00, 0x00, 0x24, 0x06, 0x00, 0x00, 0xf0, 0x05, 0x00, 0x00, 
  0xbc, 0x05, 0x00, 0x00, 0x78, 0x05, 0x00, 0x00, 0x44, 0x05, 0x00, 0x00, 
  0x20, 0x05, 0x00, 0x00, 0xec, 0x04, 0x00, 0x00, 0xb8, 0x04, 0x00, 0x00, 
  0x94, 0x04, 0x00, 0x00, 0x60, 0x04, 0x00, 0x00, 0x2c, 0x04, 0x00, 0x00, 
  0x08, 0x04, 0x00, 0x00, 0xd4, 0x03, 0x00, 0x00, 0xa0, 0x03, 0x00, 0x00, 
  0x6c, 0x03, 0x00, 0x00, 0x14, 0x03, 0x00, 0x00, 0xec, 0x02, 0x00, 0x00, 
  0xb8, 0x02, 0x00, 0x00, 0x84, 0x02, 0x00, 0x00, 0x50, 0x02, 0x00, 0x00, 
  0x1c, 0x02, 0x00, 0x00, 0xe8, 0x01, 0x00, 0x00, 0xb4, 0x01, 0x00, 0x00, 
  0x7c, 0x01, 0x00, 0x00, 0x54, 0x01, 0x00, 0x00, 0x20, 0x01, 0x00, 0x00, 
  0xf8, 0x00, 0x00, 0x00, 0xc4, 0x00, 0x00, 0x00, 0x90, 0x00, 0x00, 0x00, 
  0x6c, 0x00, 0x00, 0x00, 0x38, 0x00, 0x00, 0x00, 0x04, 0x00, 0x00, 0x00, 
  0x16, 0xbe, 0xff, 0xff, 0x14, 0x00, 0x00, 0x00, 0x00, 0x00, 0x00, 0x34, 
  0x10, 0x00, 0x00, 0x00, 0x14, 0x00, 0x00, 0x00, 0x01, 0x00, 0x00, 0x00, 
  0xec, 0xe8, 0xfd, 0xff, 0x01, 0x00, 0x00, 0x00, 0x25, 0x02, 0x00, 0x00, 
  0x02, 0x00, 0x00, 0x00, 0x24, 0x02, 0x00, 0x00, 0x0d, 0x00, 0x00, 0x00, 
  0x46, 0xbe, 0xff, 0xff, 0x14, 0x00, 0x00, 0x00, 0x00, 0x00, 0x00, 0x1b, 
  0x10, 0x00, 0x00, 0x00, 0x14, 0x00, 0x00, 0x00, 0x1a, 0x00, 0x00, 0x00, 
  0x1c, 0xe9, 0xfd, 0xff, 0x01, 0x00, 0x00, 0x00, 0x24, 0x02, 0x00, 0x00, 
  0x02, 0x00, 0x00, 0x00, 0x23, 0x02, 0x00, 0x00, 0x15, 0x00, 0x00, 0x00, 
  0xf2, 0xbe, 0xff, 0xff, 0x0c, 0x00, 0x00, 0x00, 0x10, 0x00, 0x00, 0x00, 
  0x19, 0x00, 0x00, 0x00, 0x01, 0x00, 0x00, 0x00, 0x23, 0x02, 0x00, 0x00, 
  0x01, 0x00, 0x00, 0x00, 0x22, 0x02, 0x00, 0x00, 0x96, 0xbe, 0xff, 0xff, 
  0x14, 0x00, 0x00, 0x00, 0x00, 0x00, 0x00, 0x1c, 0x10, 0x00, 0x00, 0x00, 
  0x14, 0x00, 0x00, 0x00, 0x11, 0x00, 0x00, 0x00, 0x6c, 0xe9, 0xfd, 0xff, 
  0x01, 0x00, 0x00, 0x00, 0x22, 0x02, 0x00, 0x00, 0x02, 0x00, 0x00, 0x00, 
  0x00, 0x00, 0x00, 0x00, 0x21, 0x02, 0x00, 0x00, 0xc6, 0xbe, 0xff, 0xff, 
  0x14, 0x00, 0x00, 0x00, 0x00, 0x00, 0x00, 0x0b, 0x10, 0x00, 0x00, 0x00, 
  0x14, 0x00, 0x00, 0x00, 0x0e, 0x00, 0x00, 0x00, 0x9c, 0xe9, 0xfd, 0xff, 
  0x01, 0x00, 0x00, 0x00, 0x21, 0x02, 0x00, 0x00, 0x02, 0x00, 0x00, 0x00, 
  0x20, 0x02, 0x00, 0x00, 0x16, 0x00, 0x00, 0x00, 0x72, 0xbf, 0xff, 0xff, 
  0x0c, 0x00, 0x00, 0x00, 0x10, 0x00, 0x00, 0x00, 0x03, 0x00, 0x00, 0x00, 
  0x01, 0x00, 0x00, 0x00, 0x20, 0x02, 0x00, 0x00, 0x02, 0x00, 0x00, 0x00, 
  0x1f, 0x02, 0x00, 0x00, 0x1a, 0x02, 0x00, 0x00, 0xda, 0xbe, 0xff, 0xff, 
  0x10, 0x00, 0x00, 0x00, 0x00, 0x00, 0x00, 0x08, 0x0c, 0x00, 0x00, 0x00, 
  0x10, 0x00, 0x00, 0x00, 0xec, 0xe9, 0xfd, 0xff, 0x01, 0x00, 0x00, 0x00, 
  0x1f, 0x02, 0x00, 0x00, 0x03, 0x00, 0x00, 0x00, 0x1e, 0x02, 0x00, 0x00, 
  0x17, 0x00, 0x00, 0x00, 0xff, 0xff, 0xff, 0xff, 0xc6, 0xbf, 0xff, 0xff, 
  0x0c, 0x00, 0x00, 0x00, 0x10, 0x00, 0x00, 0x00, 0x03, 0x00, 0x00, 0x00, 
  0x01, 0x00, 0x00, 0x00, 0x1e, 0x02, 0x00, 0x00, 0x02, 0x00, 0x00, 0x00, 
  0x16, 0x02, 0x00, 0x00, 0x1d, 0x02, 0x00, 0x00, 0x6e, 0xbf, 0xff, 0xff, 
  0x14, 0x00, 0x00, 0x00, 0x00, 0x00, 0x00, 0x3b, 0x14, 0x00, 0x00, 0x00, 
  0x18, 0x00, 0x00, 0x00, 0x08, 0x00, 0x00, 0x00, 0x1e, 0xc3, 0xff, 0xff, 
  0x02, 0x00, 0x00, 0x00, 0x01, 0x00, 0x00, 0x00, 0x1d, 0x02, 0x00, 0x00, 
  0x02, 0x00, 0x00, 0x00, 0x19, 0x02, 0x00, 0x00, 0x1c, 0x02, 0x00, 0x00, 
  0xa2, 0xbf, 0xff, 0xff, 0x14, 0x00, 0x00, 0x00, 0x00, 0x00, 0x00, 0x1b, 
  0x10, 0x00, 0x00, 0x00, 0x14, 0x00, 0x00, 0x00, 0x18, 0x00, 0x00, 0x00, 
  0x78, 0xea, 0xfd, 0xff, 0x01, 0x00, 0x00, 0x00, 0x1c, 0x02, 0x00, 0x00, 
  0x02, 0x00, 0x00, 0x00, 0x1b, 0x02, 0x00, 0x00, 0x09, 0x00, 0x00, 0x00, 
  0xd2, 0xbf, 0xff, 0xff, 0x14, 0x00, 0x00, 0x00, 0x00, 0x00, 0x00, 0x17, 
  0x10, 0x00, 0x00, 0x00, 0x14, 0x00, 0x00, 0x00, 0x17, 0x00, 0x00, 0x00, 
  0xa8, 0xea, 0xfd, 0xff, 0x01, 0x00, 0x00, 0x00, 0x1b, 0x02, 0x00, 0x00, 
  0x02, 0x00, 0x00, 0x00, 0x17, 0x02, 0x00, 0x00, 0x14, 0x00, 0x00, 0x00, 
  0x02, 0xc0, 0xff, 0xff, 0x14, 0x00, 0x00, 0x00, 0x00, 0x00, 0x00, 0x0a, 
  0x10, 0x00, 0x00, 0x00, 0x14, 0x00, 0x00, 0x00, 0x15, 0x00, 0x00, 0x00, 
  0xd8, 0xea, 0xfd, 0xff, 0x01, 0x00, 0x00, 0x00, 0x1a, 0x02, 0x00, 0x00, 
  0x02, 0x00, 0x00, 0x00, 0x18, 0x02, 0x00, 0x00, 0x13, 0x00, 0x00, 0x00, 
  0x32, 0xc0, 0xff, 0xff, 0x14, 0x00, 0x00, 0x00, 0x00, 0x00, 0x00, 0x1b, 
  0x10, 0x00, 0x00, 0x00, 0x14, 0x00, 0x00, 0x00, 0x18, 0x00, 0x00, 0x00, 
  0x08, 0xeb, 0xfd, 0xff, 0x01, 0x00, 0x00, 0x00, 0x19, 0x02, 0x00, 0x00, 
  0x02, 0x00, 0x00, 0x00, 0x18, 0x02, 0x00, 0x00, 0x09, 0x00, 0x00, 0x00, 
  0x62, 0xc0, 0xff, 0xff, 0x14, 0x00, 0x00, 0x00, 0x00, 0x00, 0x00, 0x17, 
  0x10, 0x00, 0x00, 0x00, 0x14, 0x00, 0x00, 0x00, 0x17, 0x00, 0x00, 0x00, 
  0x38, 0xeb, 0xfd, 0xff, 0x01, 0x00, 0x00, 0x00, 0x18, 0x02, 0x00, 0x00, 
  0x02, 0x00, 0x00, 0x00, 0x17, 0x02, 0x00, 0x00, 0x12, 0x00, 0x00, 0x00, 
  0x92, 0xc0, 0xff, 0xff, 0x14, 0x00, 0x00, 0x00, 0x00, 0x00, 0x00, 0x37, 
  0x14, 0x00, 0x00, 0x00, 0x18, 0x00, 0x00, 0x00, 0x06, 0x00, 0x00, 0x00, 
  0x02, 0xc0, 0xff, 0xff, 0x00, 0x00, 0x00, 0x02, 0x01, 0x00, 0x00, 0x00, 
  0x17, 0x02, 0x00, 0x00, 0x01, 0x00, 0x00, 0x00, 0x16, 0x02, 0x00, 0x00, 
  0x3e, 0xc1, 0xff, 0xff, 0x0c, 0x00, 0x00, 0x00, 0x10, 0x00, 0x00, 0x00, 
  0x0b, 0x00, 0x00, 0x00, 0x01, 0x00, 0x00, 0x00, 0x16, 0x02, 0x00, 0x00, 
  0x02, 0x00, 0x00, 0x00, 0x15, 0x02, 0x00, 0x00, 0x0e, 0x00, 0x00, 0x00, 
  0xe6, 0xc0, 0xff, 0xff, 0x14, 0x00, 0x00, 0x00, 0x00, 0x00, 0x00, 0x3b, 
  0x14, 0x00, 0x00, 0x00, 0x18, 0x00, 0x00, 0x00, 0x08, 0x00, 0x00, 0x00, 
  0x96, 0xc4, 0xff, 0xff, 0x0a, 0x00, 0x00, 0x00, 0x01, 0x00, 0x00, 0x00, 
  0x15, 0x02, 0x00, 0x00, 0x0a, 0x00, 0x00, 0x00, 0x69, 0x01, 0x00, 0x00, 
  0x90, 0x01, 0x00, 0x00, 0xa3, 0x01, 0x00, 0x00, 0xb6, 0x01, 0x00, 0x00, 
  0xc9, 0x01, 0x00, 0x00, 0xd8, 0x01, 0x00, 0x00, 0xe7, 0x01, 0x00, 0x00, 
  0xf6, 0x01, 0x00, 0x00, 0x05, 0x02, 0x00, 0x00, 0x14, 0x02, 0x00, 0x00, 
  0x3a, 0xc1, 0xff, 0xff, 0x14, 0x00, 0x00, 0x00, 0x00, 0x00, 0x00, 0x0b, 
  0x10, 0x00, 0x00, 0x00, 0x14, 0x00, 0x00, 0x00, 0x0e, 0x00, 0x00, 0x00, 
  0x10, 0xec, 0xfd, 0xff, 0x01, 0x00, 0x00, 0x00, 0x14, 0x02, 0x00, 0x00, 
  0x02, 0x00, 0x00, 0x00, 0x13, 0x02, 0x00, 0x00, 0x12, 0x02, 0x00, 0x00, 
  0x6a, 0xc1, 0xff, 0xff, 0x14, 0x00, 0x00, 0x00, 0x00, 0x00, 0x00, 0x15, 
  0x10, 0x00, 0x00, 0x00, 0x14, 0x00, 0x00, 0x00, 0x10, 0x00, 0x00, 0x00, 
  0x40, 0xec, 0xfd, 0xff, 0x01, 0x00, 0x00, 0x00, 0x13, 0x02, 0x00, 0x00, 
  0x02, 0x00, 0x00, 0x00, 0x0b, 0x02, 0x00, 0x00, 0x05, 0x02, 0x00, 0x00, 
  0x9a, 0xc1, 0xff, 0xff, 0x14, 0x00, 0x00, 0x00, 0x00, 0x00, 0x00, 0x15, 
  0x10, 0x00, 0x00, 0x00, 0x14, 0x00, 0x00, 0x00, 0x10, 0x00, 0x00, 0x00, 
  0x70, 0xec, 0xfd, 0xff, 0x01, 0x00, 0x00, 0x00, 0x12, 0x02, 0x00, 0x00, 
  0x02, 0x00, 0x00, 0x00, 0x0c, 0x02, 0x00, 0x00, 0x11, 0x02, 0x00, 0x00, 
  0x46, 0xc2, 0xff, 0xff, 0x0c, 0x00, 0x00, 0x00, 0x10, 0x00, 0x00, 0x00, 
  0x12, 0x00, 0x00, 0x00, 0x01, 0x00, 0x00, 0x00, 0x11, 0x02, 0x00, 0x00, 
  0x01, 0x00, 0x00, 0x00, 0x10, 0x02, 0x00, 0x00, 0xea, 0xc1, 0xff, 0xff, 
  0x14, 0x00, 0x00, 0x00, 0x00, 0x00, 0x00, 0x0b, 0x10, 0x00, 0x00, 0x00, 
  0x14, 0x00, 0x00, 0x00, 0x0e, 0x00, 0x00, 0x00, 0xc0, 0xec, 0xfd, 0xff, 
  0x01, 0x00, 0x00, 0x00, 0x10, 0x02, 0x00, 0x00, 0x02, 0x00, 0x00, 0x00, 
  0x81, 0x01, 0x00, 0x00, 0x0f, 0x02, 0x00, 0x00, 0x1a, 0xc2, 0xff, 0xff, 
  0x14, 0x00, 0x00, 0x00, 0x00, 0x00, 0x00, 0x15, 0x10, 0x00, 0x00, 0x00, 
  0x14, 0x00, 0x00, 0x00, 0x10, 0x00, 0x00, 0x00, 0xf0, 0xec, 0xfd, 0xff, 
  0x01, 0x00, 0x00, 0x00, 0x0f, 0x02, 0x00, 0x00, 0x02, 0x00, 0x00, 0x00, 
  0x0e, 0x02, 0x00, 0x00, 0x09, 0x02, 0x00, 0x00, 0xc6, 0xc2, 0xff, 0xff, 
  0x0c, 0x00, 0x00, 0x00, 0x10, 0x00, 0x00, 0x00, 0x0f, 0x00, 0x00, 0x00, 
  0x01, 0x00, 0x00, 0x00, 0x0e, 0x02, 0x00, 0x00, 0x01, 0x00, 0x00, 0x00, 
  0x0d, 0x02, 0x00, 0x00, 0x6a, 0xc2, 0xff, 0xff, 0x14, 0x00, 0x00, 0x00, 
  0x00, 0x00, 0x00, 0x0b, 0x10, 0x00, 0x00, 0x00, 0x14, 0x00, 0x00, 0x00, 
  0x0e, 0x00, 0x00, 0x00, 0x40, 0xed, 0xfd, 0xff, 0x01, 0x00, 0x00, 0x00, 
  0x0d, 0x02, 0x00, 0x00, 0x02, 0x00, 0x00, 0x00, 0x80, 0x01, 0x00, 0x00, 
  0x08, 0x02, 0x00, 0x00, 0x9a, 0xc2, 0xff, 0xff, 0x14, 0x00, 0x00, 0x00, 
  0x00, 0x00, 0x00, 0x1c, 0x10, 0x00, 0x00, 0x00, 0x14, 0x00, 0x00, 0x00, 
  0x11, 0x00, 0x00, 0x00, 0x70, 0xed, 0xfd, 0xff, 0x01, 0x00, 0x00, 0x00, 
  0x0c, 0x02, 0x00, 0x00, 0x02, 0x00, 0x00, 0x00, 0x40, 0x00, 0x00, 0x00, 
  0x0b, 0x02, 0x00, 0x00, 0x46, 0xc3, 0xff, 0xff, 0x0c, 0x00, 0x00, 0x00, 
  0x10, 0x00, 0x00, 0x00, 0x0f, 0x00, 0x00, 0x00, 0x01, 0x00, 0x00, 0x00, 
  0x0b, 0x02, 0x00, 0x00, 0x01, 0x00, 0x00, 0x00, 0x0a, 0x02, 0x00, 0x00, 
  0xea, 0xc2, 0xff, 0xff, 0x14, 0x00, 0x00, 0x00, 0x00, 0x00, 0x00, 0x0b, 
  0x10, 0x00, 0x00, 0x00, 0x14, 0x00, 0x00, 0x00, 0x0e, 0x00, 0x00, 0x00, 
  0xc0, 0xed, 0xfd, 0xff, 0x01, 0x00, 0x00, 0x00, 0x0a, 0x02, 0x00, 0x00, 
  0x02, 0x00, 0x00, 0x00, 0x7f, 0x01, 0x00, 0x00, 0x07, 0x02, 0x00, 0x00, 
  0x1a, 0xc3, 0xff, 0xff, 0x14, 0x00, 0x00, 0x00, 0x00, 0x00, 0x00, 0x4f, 
  0x14, 0x00, 0x00, 0x00, 0x20, 0x00, 0x00, 0x00, 0x0a, 0x00, 0x00, 0x00, 
  0xca, 0xc6, 0xff, 0xff, 0x03, 0x00, 0x00, 0x00, 0x03, 0x00, 0x00, 0x00, 
  0x07, 0x02, 0x00, 0x00, 0x08, 0x02, 0x00, 0x00, 0x09, 0x02, 0x00, 0x00, 
  0x03, 0x00, 0x00, 0x00, 0x06, 0x02, 0x00, 0x00, 0x10, 0x00, 0x00, 0x00, 
  0x0d, 0x00, 0x00, 0x00, 0x1a, 0xc3, 0xff, 0xff, 0x10, 0x00, 0x00, 0x00, 
  0x00, 0x00, 0x00, 0x08, 0x0c, 0x00, 0x00, 0x00, 0x10, 0x00, 0x00, 0x00, 
  0x2c, 0xee, 0xfd, 0xff, 0x01, 0x00, 0x00, 0x00, 0x06, 0x02, 0x00, 0x00, 
  0x03, 0x00, 0x00, 0x00, 0x05, 0x02, 0x00, 0x00, 0x2d, 0x00, 0x00, 0x00, 
  0x2c, 0x00, 0x00, 0x00, 0x8a, 0xc3, 0xff, 0xff, 0x14, 0x00, 0x00, 0x00, 
  0x00, 0x00, 0x00, 0x0b, 0x10, 0x00, 0x00, 0x00, 0x14, 0x00, 0x00, 0x00, 
  0x0e, 0x00, 0x00, 0x00, 0x60, 0xee, 0xfd, 0xff, 0x01, 0x00, 0x00, 0x00, 
  0x05, 0x02, 0x00, 0x00, 0x02, 0x00, 0x00, 0x00, 0x04, 0x02, 0x00, 0x00, 
  0x03, 0x02, 0x00, 0x00, 0xba, 0xc3, 0xff, 0xff, 0x14, 0x00, 0x00, 0x00, 
  0x00, 0x00, 0x00, 0x15, 0x10, 0x00, 0x00, 0x00, 0x14, 0x00, 0x00, 0x00, 
  0x10, 0x00, 0x00, 0x00, 0x90, 0xee, 0xfd, 0xff, 0x01, 0x00, 0x00, 0x00, 
  0x04, 0x02, 0x00, 0x00, 0x02, 0x00, 0x00, 0x00, 0xfc, 0x01, 0x00, 0x00, 
  0xf6, 0x01, 0x00, 0x00, 0xea, 0xc3, 0xff, 0xff, 0x14, 0x00, 0x00, 0x00, 
  0x00, 0x00, 0x00, 0x15, 0x10, 0x00, 0x00, 0x00, 0x14, 0x00, 0x00, 0x00, 
  0x10, 0x00, 0x00, 0x00, 0xc0, 0xee, 0xfd, 0xff, 0x01, 0x00, 0x00, 0x00, 
  0x03, 0x02, 0x00, 0x00, 0x02, 0x00, 0x00, 0x00, 0xfd, 0x01, 0x00, 0x00, 
  0x02, 0x02, 0x00, 0x00, 0x96, 0xc4, 0xff, 0xff, 0x0c, 0x00, 0x00, 0x00, 
  0x10, 0x00, 0x00, 0x00, 0x12, 0x00, 0x00, 0x00, 0x01, 0x00, 0x00, 0x00, 
  0x02, 0x02, 0x00, 0x00, 0x01, 0x00, 0x00, 0x00, 0x01, 0x02, 0x00, 0x00, 
  0x3a, 0xc4, 0xff, 0xff, 0x14, 0x00, 0x00, 0x00, 0x00, 0x00, 0x00, 0x0b, 
  0x10, 0x00, 0x00, 0x00, 0x14, 0x00, 0x00, 0x00, 0x0e, 0x00, 0x00, 0x00, 
  0x10, 0xef, 0xfd, 0xff, 0x01, 0x00, 0x00, 0x00, 0x01, 0x02, 0x00, 0x00, 
  0x02, 0x00, 0x00, 0x00, 0x7d, 0x01, 0x00, 0x00, 0x00, 0x02, 0x00, 0x00, 
  0x6a, 0xc4, 0xff, 0xff, 0x14, 0x00, 0x00, 0x00, 0x00, 0x00, 0x00, 0x15, 
  0x10, 0x00, 0x00, 0x00, 0x14, 0x00, 0x00, 0x00, 0x10, 0x00, 0x00, 0x00, 
  0x40, 0xef, 0xfd, 0xff, 0x01, 0x00, 0x00, 0x00, 0x00, 0x02, 0x00, 0x00, 
  0x02, 0x00, 0x00, 0x00, 0xff, 0x01, 0x00, 0x00, 0xfa, 0x01, 0x00, 0x00, 
  0x16, 0xc5, 0xff, 0xff, 0x0c, 0x00, 0x00, 0x00, 0x10, 0x00, 0x00, 0x00, 
  0x0f, 0x00, 0x00, 0x00, 0x01, 0x00, 0x00, 0x00, 0xff, 0x01, 0x00, 0x00, 
  0x01, 0x00, 0x00, 0x00, 0xfe, 0x01, 0x00, 0x00, 0xba, 0xc4, 0xff, 0xff, 
  0x14, 0x00, 0x00, 0x00, 0x00, 0x00, 0x00, 0x0b, 0x10, 0x00, 0x00, 0x00, 
  0x14, 0x00, 0x00, 0x00, 0x0e, 0x00, 0x00, 0x00, 0x90, 0xef, 0xfd, 0xff, 
  0x01, 0x00, 0x00, 0x00, 0xfe, 0x01, 0x00, 0x00, 0x02, 0x00, 0x00, 0x00, 
  0x7c, 0x01, 0x00, 0x00, 0xf9, 0x01, 0x00, 0x00, 0xea, 0xc4, 0xff, 0xff, 
  0x14, 0x00, 0x00, 0x00, 0x00, 0x00, 0x00, 0x1c, 0x10, 0x00, 0x00, 0x00, 
  0x14, 0x00, 0x00, 0x00, 0x11, 0x00, 0x00, 0x00, 0xc0, 0xef, 0xfd, 0xff, 
  0x01, 0x00, 0x00, 0x00, 0xfd, 0x01, 0x00, 0x00, 0x02, 0x00, 0x00, 0x00, 
  0x40, 0x00, 0x00, 0x00, 0xfc, 0x01, 0x00, 0x00, 0x96, 0xc5, 0xff, 0xff, 
  0x0c, 0x00, 0x00, 0x00, 0x10, 0x00, 0x00, 0x00, 0x0f, 0x00, 0x00, 0x00, 
  0x01, 0x00, 0x00, 0x00, 0xfc, 0x01, 0x00, 0x00, 0x01, 0x00, 0x00, 0x00, 
  0xfb, 0x01, 0x00, 0x00, 0x3a, 0xc5, 0xff, 0xff, 0x14, 0x00, 0x00, 0x00, 
  0x00, 0x00, 0x00, 0x0b, 0x10, 0x00, 0x00, 0x00, 0x14, 0x00, 0x00, 0x00, 
  0x0e, 0x00, 0x00, 0x00, 0x10, 0xf0, 0xfd, 0xff, 0x01, 0x00, 0x00, 0x00, 
  0xfb, 0x01, 0x00, 0x00, 0x02, 0x00, 0x00, 0x00, 0x7b, 0x01, 0x00, 0x00, 
  0xf8, 0x01, 0x00, 0x00, 0x6a, 0xc5, 0xff, 0xff, 0x14, 0x00, 0x00, 0x00, 
  0x00, 0x00, 0x00, 0x4f, 0x14, 0x00, 0x00, 0x00, 0x20, 0x00, 0x00, 0x00, 
  0x0a, 0x00, 0x00, 0x00, 0x1a, 0xc9, 0xff, 0xff, 0x03, 0x00, 0x00, 0x00, 
  0x03, 0x00, 0x00, 0x00, 0xf8, 0x01, 0x00, 0x00, 0xf9, 0x01, 0x00, 0x00, 
  0xfa, 0x01, 0x00, 0x00, 0x03, 0x00, 0x00, 0x00, 0xf7, 0x01, 0x00, 0x00, 
  0x10, 0x00, 0x00, 0x00, 0x0d, 0x00, 0x00, 0x00, 0x6a, 0xc5, 0xff, 0xff, 
  0x10, 0x00, 0x00, 0x00, 0x00, 0x00, 0x00, 0x08, 0x0c, 0x00, 0x00, 0x00, 
  0x10, 0x00, 0x00, 0x00, 0x7c, 0xf0, 0xfd, 0xff, 0x01, 0x00, 0x00, 0x00, 
  0xf7, 0x01, 0x00, 0x00, 0x03, 0x00, 0x00, 0x00, 0xf6, 0x01, 0x00, 0x00, 
  0x2d, 0x00, 0x00, 0x00, 0x2b, 0x00, 0x00, 0x00, 0xda, 0xc5, 0xff, 0xff, 
  0x14, 0x00, 0x00, 0x00, 0x00, 0x00, 0x00, 0x0b, 0x10, 0x00, 0x00, 0x00, 
  0x14, 0x00, 0x00, 0x00, 0x0e, 0x00, 0x00, 0x00, 0xb0, 0xf0, 0xfd, 0xff, 
  0x01, 0x00, 0x00, 0x00, 0xf6, 0x01, 0x00, 0x00, 0x02, 0x00, 0x00, 0x00, 
  0xf5, 0x01, 0x00, 0x00, 0xf4, 0x01, 0x00, 0x00, 0x0a, 0xc6, 0xff, 0xff, 
  0x14, 0x00, 0x00, 0x00, 0x00, 0x00, 0x00, 0x15, 0x10, 0x00, 0x00, 0x00, 
  0x14, 0x00, 0x00, 0x00, 0x10, 0x00, 0x00, 0x00, 0xe0, 0xf0, 0xfd, 0xff, 
  0x01, 0x00, 0x00, 0x00, 0xf5, 0x01, 0x00, 0x00, 0x02, 0x00, 0x00, 0x00, 
  0xed, 0x01, 0x00, 0x00, 0xe7, 0x01, 0x00, 0x00, 0x3a, 0xc6, 0xff, 0xff, 
  0x14, 0x00, 0x00, 0x00, 0x00, 0x00, 0x00, 0x15, 0x10, 0x00, 0x00, 0x00, 
  0x14, 0x00, 0x00, 0x00, 0x10, 0x00, 0x00, 0x00, 0x10, 0xf1, 0xfd, 0xff, 
  0x01, 0x00, 0x00, 0x00, 0xf4, 0x01, 0x00, 0x00, 0x02, 0x00, 0x00, 0x00, 
  0xee, 0x01, 0x00, 0x00, 0xf3, 0x01, 0x00, 0x00, 0xe6, 0xc6, 0xff, 0xff, 
  0x0c, 0x00, 0x00, 0x00, 0x10, 0x00, 0x00, 0x00, 0x12, 0x00, 0x00, 0x00, 
  0x01, 0x00, 0x00, 0x00, 0xf3, 0x01, 0x00, 0x00, 0x01, 0x00, 0x00, 0x00, 
  0xf2, 0x01, 0x00, 0x00, 0x8a, 0xc6, 0xff, 0xff, 0x14, 0x00, 0x00, 0x00, 
  0x00, 0x00, 0x00, 0x0b, 0x10, 0x00, 0x00, 0x00, 0x14, 0x00, 0x00, 0x00, 
  0x0e, 0x00, 0x00, 0x00, 0x60, 0xf1, 0xfd, 0xff, 0x01, 0x00, 0x00, 0x00, 
  0xf2, 0x01, 0x00, 0x00, 0x02, 0x00, 0x00, 0x00, 0x79, 0x01, 0x00, 0x00, 
  0xf1, 0x01, 0x00, 0x00, 0xba, 0xc6, 0xff, 0xff, 0x14, 0x00, 0x00, 0x00, 
  0x00, 0x00, 0x00, 0x15, 0x10, 0x00, 0x00, 0x00, 0x14, 0x00, 0x00, 0x00, 
  0x10, 0x00, 0x00, 0x00, 0x90, 0xf1, 0xfd, 0xff, 0x01, 0x00, 0x00, 0x00, 
  0xf1, 0x01, 0x00, 0x00, 0x02, 0x00, 0x00, 0x00, 0xf0, 0x01, 0x00, 0x00, 
  0xeb, 0x01, 0x00, 0x00, 0x66, 0xc7, 0xff, 0xff, 0x0c, 0x00, 0x00, 0x00, 
  0x10, 0x00, 0x00, 0x00, 0x0f, 0x00, 0x00, 0x00, 0x01, 0x00, 0x00, 0x00, 
  0xf0, 0x01, 0x00, 0x00, 0x01, 0x00, 0x00, 0x00, 0xef, 0x01, 0x00, 0x00, 
  0x0a, 0xc7, 0xff, 0xff, 0x14, 0x00, 0x00, 0x00, 0x00, 0x00, 0x00, 0x0b, 
  0x10, 0x00, 0x00, 0x00, 0x14, 0x00, 0x00, 0x00, 0x0e, 0x00, 0x00, 0x00, 
  0xe0, 0xf1, 0xfd, 0xff, 0x01, 0x00, 0x00, 0x00, 0xef, 0x01, 0x00, 0x00, 
  0x02, 0x00, 0x00, 0x00, 0x78, 0x01, 0x00, 0x00, 0xea, 0x01, 0x00, 0x00, 
  0x3a, 0xc7, 0xff, 0xff, 0x14, 0x00, 0x00, 0x00, 0x00, 0x00, 0x00, 0x1c, 
  0x10, 0x00, 0x00, 0x00, 0x14, 0x00, 0x00, 0x00, 0x11, 0x00, 0x00, 0x00, 
  0x10, 0xf2, 0xfd, 0xff, 0x01, 0x00, 0x00, 0x00, 0xee, 0x01, 0x00, 0x00, 
  0x02, 0x00, 0x00, 0x00, 0x40, 0x00, 0x00, 0x00, 0xed, 0x01, 0x00, 0x00, 
  0xe6, 0xc7, 0xff, 0xff, 0x0c, 0x00, 0x00, 0x00, 0x10, 0x00, 0x00, 0x00, 
  0x0f, 0x00, 0x00, 0x00, 0x01, 0x00, 0x00, 0x00, 0xed, 0x01, 0x00, 0x00, 
  0x01, 0x00, 0x00, 0x00, 0xec, 0x01, 0x00, 0x00, 0x8a, 0xc7, 0xff, 0xff, 
  0x14, 0x00, 0x00, 0x00, 0x00, 0x00, 0x00, 0x0b, 0x10, 0x00, 0x00, 0x00, 
  0x14, 0x00, 0x00, 0x00, 0x0e, 0x00, 0x00, 0x00, 0x60, 0xf2, 0xfd, 0xff, 
  0x01, 0x00, 0x00, 0x00, 0xec, 0x01, 0x00, 0x00, 0x02, 0x00, 0x00, 0x00, 
  0x77, 0x01, 0x00, 0x00, 0xe9, 0x01, 0x00, 0x00, 0xba, 0xc7, 0xff, 0xff, 
  0x14, 0x00, 0x00, 0x00, 0x00, 0x00, 0x00, 0x4f, 0x14, 0x00, 0x00, 0x00, 
  0x20, 0x00, 0x00, 0x00, 0x0a, 0x00, 0x00, 0x00, 0x6a, 0xcb, 0xff, 0xff, 
  0x03, 0x00, 0x00, 0x00, 0x03, 0x00, 0x00, 0x00, 0xe9, 0x01, 0x00, 0x00, 
  0xea, 0x01, 0x00, 0x00, 0xeb, 0x01, 0x00, 0x00, 0x03, 0x00, 0x00, 0x00, 
  0xe8, 0x01, 0x00, 0x00, 0x10, 0x00, 0x00, 0x00, 0x0d, 0x00, 0x00, 0x00, 
  0xba, 0xc7, 0xff, 0xff, 0x10, 0x00, 0x00, 0x00, 0x00, 0x00, 0x00, 0x08, 
  0x0c, 0x00, 0x00, 0x00, 0x10, 0x00, 0x00, 0x00, 0xcc, 0xf2, 0xfd, 0xff, 
  0x01, 0x00, 0x00, 0x00, 0xe8, 0x01, 0x00, 0x00, 0x03, 0x00, 0x00, 0x00, 
  0xe7, 0x01, 0x00, 0x00, 0x2d, 0x00, 0x00, 0x00, 0x2a, 0x00, 0x00, 0x00, 
  0x2a, 0xc8, 0xff, 0xff, 0x14, 0x00, 0x00, 0x00, 0x00, 0x00, 0x00, 0x0b, 
  0x10, 0x00, 0x00, 0x00, 0x14, 0x00, 0x00, 0x00, 0x0e, 0x00, 0x00, 0x00, 
  0x00, 0xf3, 0xfd, 0xff, 0x01, 0x00, 0x00, 0x00, 0xe7, 0x01, 0x00, 0x00, 
  0x02, 0x00, 0x00, 0x00, 0xe6, 0x01, 0x00, 0x00, 0xe5, 0x01, 0x00, 0x00, 
  0x5a, 0xc8, 0xff, 0xff, 0x14, 0x00, 0x00, 0x00, 0x00, 0x00, 0x00, 0x15, 
  0x10, 0x00, 0x00, 0x00, 0x14, 0x00, 0x00, 0x00, 0x10, 0x00, 0x00, 0x00, 
  0x30, 0xf3, 0xfd, 0xff, 0x01, 0x00, 0x00, 0x00, 0xe6, 0x01, 0x00, 0x00, 
  0x02, 0x00, 0x00, 0x00, 0xde, 0x01, 0x00, 0x00, 0xd8, 0x01, 0x00, 0x00, 
  0x8a, 0xc8, 0xff, 0xff, 0x14, 0x00, 0x00, 0x00, 0x00, 0x00, 0x00, 0x15, 
  0x10, 0x00, 0x00, 0x00, 0x14, 0x00, 0x00, 0x00, 0x10, 0x00, 0x00, 0x00, 
  0x60, 0xf3, 0xfd, 0xff, 0x01, 0x00, 0x00, 0x00, 0xe5, 0x01, 0x00, 0x00, 
  0x02, 0x00, 0x00, 0x00, 0xdf, 0x01, 0x00, 0x00, 0xe4, 0x01, 0x00, 0x00, 
  0x36, 0xc9, 0xff, 0xff, 0x0c, 0x00, 0x00, 0x00, 0x10, 0x00, 0x00, 0x00, 
  0x12, 0x00, 0x00, 0x00, 0x01, 0x00, 0x00, 0x00, 0xe4, 0x01, 0x00, 0x00, 
  0x01, 0x00, 0x00, 0x00, 0xe3, 0x01, 0x00, 0x00, 0xda, 0xc8, 0xff, 0xff, 
  0x14, 0x00, 0x00, 0x00, 0x00, 0x00, 0x00, 0x0b, 0x10, 0x00, 0x00, 0x00, 
  0x14, 0x00, 0x00, 0x00, 0x0e, 0x00, 0x00, 0x00, 0xb0, 0xf3, 0xfd, 0xff, 
  0x01, 0x00, 0x00, 0x00, 0xe3, 0x01, 0x00, 0x00, 0x02, 0x00, 0x00, 0x00, 
  0x75, 0x01, 0x00, 0x00, 0xe2, 0x01, 0x00, 0x00, 0x0a, 0xc9, 0xff, 0xff, 
  0x14, 0x00, 0x00, 0x00, 0x00, 0x00, 0x00, 0x15, 0x10, 0x00, 0x00, 0x00, 
  0x14, 0x00, 0x00, 0x00, 0x10, 0x00, 0x00, 0x00, 0xe0, 0xf3, 0xfd, 0xff, 
  0x01, 0x00, 0x00, 0x00, 0xe2, 0x01, 0x00, 0x00, 0x02, 0x00, 0x00, 0x00, 
  0xe1, 0x01, 0x00, 0x00, 0xdc, 0x01, 0x00, 0x00, 0xb6, 0xc9, 0xff, 0xff, 
  0x0c, 0x00, 0x00, 0x00, 0x10, 0x00, 0x00, 0x00, 0x0f, 0x00, 0x00, 0x00, 
  0x01, 0x00, 0x00, 0x00, 0xe1, 0x01, 0x00, 0x00, 0x01, 0x00, 0x00, 0x00, 
  0xe0, 0x01, 0x00, 0x00, 0x5a, 0xc9, 0xff, 0xff, 0x14, 0x00, 0x00, 0x00, 
  0x00, 0x00, 0x00, 0x0b, 0x10, 0x00, 0x00, 0x00, 0x14, 0x00, 0x00, 0x00, 
  0x0e, 0x00, 0x00, 0x00, 0x30, 0xf4, 0xfd, 0xff, 0x01, 0x00, 0x00, 0x00, 
  0xe0, 0x01, 0x00, 0x00, 0x02, 0x00, 0x00, 0x00, 0x74, 0x01, 0x00, 0x00, 
  0xdb, 0x01, 0x00, 0x00, 0x8a, 0xc9, 0xff, 0xff, 0x14, 0x00, 0x00, 0x00, 
  0x00, 0x00, 0x00, 0x1c, 0x10, 0x00, 0x00, 0x00, 0x14, 0x00, 0x00, 0x00, 
  0x11, 0x00, 0x00, 0x00, 0x60, 0xf4, 0xfd, 0xff, 0x01, 0x00, 0x00, 0x00, 
  0xdf, 0x01, 0x00, 0x00, 0x02, 0x00, 0x00, 0x00, 0x40, 0x00, 0x00, 0x00, 
  0xde, 0x01, 0x00, 0x00, 0x36, 0xca, 0xff, 0xff, 0x0c, 0x00, 0x00, 0x00, 
  0x10, 0x00, 0x00, 0x00, 0x0f, 0x00, 0x00, 0x00, 0x01, 0x00, 0x00, 0x00, 
  0xde, 0x01, 0x00, 0x00, 0x01, 0x00, 0x00, 0x00, 0xdd, 0x01, 0x00, 0x00, 
  0xda, 0xc9, 0xff, 0xff, 0x14, 0x00, 0x00, 0x00, 0x00, 0x00, 0x00, 0x0b, 
  0x10, 0x00, 0x00, 0x00, 0x14, 0x00, 0x00, 0x00, 0x0e, 0x00, 0x00, 0x00, 
  0xb0, 0xf4, 0xfd, 0xff, 0x01, 0x00, 0x00, 0x00, 0xdd, 0x01, 0x00, 0x00, 
  0x02, 0x00, 0x00, 0x00, 0x73, 0x01, 0x00, 0x00, 0xda, 0x01, 0x00, 0x00, 
  0x0a, 0xca, 0xff, 0xff, 0x14, 0x00, 0x00, 0x00, 0x00, 0x00, 0x00, 0x4f, 
  0x14, 0x00, 0x00, 0x00, 0x20, 0x00, 0x00, 0x00, 0x0a, 0x00, 0x00, 0x00, 
  0xba, 0xcd, 0xff, 0xff, 0x03, 0x00, 0x00, 0x00, 0x03, 0x00, 0x00, 0x00, 
  0xda, 0x01, 0x00, 0x00, 0xdb, 0x01, 0x00, 0x00, 0xdc, 0x01, 0x00, 0x00, 
  0x03, 0x00, 0x00, 0x00, 0xd9, 0x01, 0x00, 0x00, 0x10, 0x00, 0x00, 0x00, 
  0x0d, 0x00, 0x00, 0x00, 0x0a, 0xca, 0xff, 0xff, 0x10, 0x00, 0x00, 0x00, 
  0x00, 0x00, 0x00, 0x08, 0x0c, 0x00, 0x00, 0x00, 0x10, 0x00, 0x00, 0x00, 
  0x1c, 0xf5, 0xfd, 0xff, 0x01, 0x00, 0x00, 0x00, 0xd9, 0x01, 0x00, 0x00, 
  0x03, 0x00, 0x00, 0x00, 0xd8, 0x01, 0x00, 0x00, 0x2d, 0x00, 0x00, 0x00, 
  0x29, 0x00, 0x00, 0x00, 0x7a, 0xca, 0xff, 0xff, 0x14, 0x00, 0x00, 0x00, 
  0x00, 0x00, 0x00, 0x0b, 0x10, 0x00, 0x00, 0x00, 0x14, 0x00, 0x00, 0x00, 
  0x0e, 0x00, 0x00, 0x00, 0x50, 0xf5, 0xfd, 0xff, 0x01, 0x00, 0x00, 0x00, 
  0xd8, 0x01, 0x00, 0x00, 0x02, 0x00, 0x00, 0x00, 0xd7, 0x01, 0x00, 0x00, 
  0xd6, 0x01, 0x00, 0x00, 0xaa, 0xca, 0xff, 0xff, 0x14, 0x00, 0x00, 0x00, 
  0x00, 0x00, 0x00, 0x15, 0x10, 0x00, 0x00, 0x00, 0x14, 0x00, 0x00, 0x00, 
  0x10, 0x00, 0x00, 0x00, 0x80, 0xf5, 0xfd, 0xff, 0x01, 0x00, 0x00, 0x00, 
  0xd7, 0x01, 0x00, 0x00, 0x02, 0x00, 0x00, 0x00, 0xcf, 0x01, 0x00, 0x00, 
  0xc9, 0x01, 0x00, 0x00, 0xda, 0xca, 0xff, 0xff, 0x14, 0x00, 0x00, 0x00, 
  0x00, 0x00, 0x00, 0x15, 0x10, 0x00, 0x00, 0x00, 0x14, 0x00, 0x00, 0x00, 
  0x10, 0x00, 0x00, 0x00, 0xb0, 0xf5, 0xfd, 0xff, 0x01, 0x00, 0x00, 0x00, 
  0xd6, 0x01, 0x00, 0x00, 0x02, 0x00, 0x00, 0x00, 0xd0, 0x01, 0x00, 0x00, 
  0xd5, 0x01, 0x00, 0x00, 0x86, 0xcb, 0xff, 0xff, 0x0c, 0x00, 0x00, 0x00, 
  0x10, 0x00, 0x00, 0x00, 0x12, 0x00, 0x00, 0x00, 0x01, 0x00, 0x00, 0x00, 
  0xd5, 0x01, 0x00, 0x00, 0x01, 0x00, 0x00, 0x00, 0xd4, 0x01, 0x00, 0x00, 
  0x2a, 0xcb, 0xff, 0xff, 0x14, 0x00, 0x00, 0x00, 0x00, 0x00, 0x00, 0x0b, 
  0x10, 0x00, 0x00, 0x00, 0x14, 0x00, 0x00, 0x00, 0x0e, 0x00, 0x00, 0x00, 
  0x00, 0xf6, 0xfd, 0xff, 0x01, 0x00, 0x00, 0x00, 0xd4, 0x01, 0x00, 0x00, 
  0x02, 0x00, 0x00, 0x00, 0x71, 0x01, 0x00, 0x00, 0xd3, 0x01, 0x00, 0x00, 
  0x5a, 0xcb, 0xff, 0xff, 0x14, 0x00, 0x00, 0x00, 0x00, 0x00, 0x00, 0x15, 
  0x10, 0x00, 0x00, 0x00, 0x14, 0x00, 0x00, 0x00, 0x10, 0x00, 0x00, 0x00, 
  0x30, 0xf6, 0xfd, 0xff, 0x01, 0x00, 0x00, 0x00, 0xd3, 0x01, 0x00, 0x00, 
  0x02, 0x00, 0x00, 0x00, 0xd2, 0x01, 0x00, 0x00, 0xcd, 0x01, 0x00, 0x00, 
  0x06, 0xcc, 0xff, 0xff, 0x0c, 0x00, 0x00, 0x00, 0x10, 0x00, 0x00, 0x00, 
  0x0f, 0x00, 0x00, 0x00, 0x01, 0x00, 0x00, 0x00, 0xd2, 0x01, 0x00, 0x00, 
  0x01, 0x00, 0x00, 0x00, 0xd1, 0x01, 0x00, 0x00, 0xaa, 0xcb, 0xff, 0xff, 
  0x14, 0x00, 0x00, 0x00, 0x00, 0x00, 0x00, 0x0b, 0x10, 0x00, 0x00, 0x00, 
  0x14, 0x00, 0x00, 0x00, 0x0e, 0x00, 0x00, 0x00, 0x80, 0xf6, 0xfd, 0xff, 
  0x01, 0x00, 0x00, 0x00, 0xd1, 0x01, 0x00, 0x00, 0x02, 0x00, 0x00, 0x00, 
  0x70, 0x01, 0x00, 0x00, 0xcc, 0x01, 0x00, 0x00, 0xda, 0xcb, 0xff, 0xff, 
  0x14, 0x00, 0x00, 0x00, 0x00, 0x00, 0x00, 0x1c, 0x10, 0x00, 0x00, 0x00, 
  0x14, 0x00, 0x00, 0x00, 0x11, 0x00, 0x00, 0x00, 0xb0, 0xf6, 0xfd, 0xff, 
  0x01, 0x00, 0x00, 0x00, 0xd0, 0x01, 0x00, 0x00, 0x02, 0x00, 0x00, 0x00, 
  0x40, 0x00, 0x00, 0x00, 0xcf, 0x01, 0x00, 0x00, 0x86, 0xcc, 0xff, 0xff, 
  0x0c, 0x00, 0x00, 0x00, 0x10, 0x00, 0x00, 0x00, 0x0f, 0x00, 0x00, 0x00, 
  0x01, 0x00, 0x00, 0x00, 0xcf, 0x01, 0x00, 0x00, 0x01, 0x00, 0x00, 0x00, 
  0xce, 0x01, 0x00, 0x00, 0x2a, 0xcc, 0xff, 0xff, 0x14, 0x00, 0x00, 0x00, 
  0x00, 0x00, 0x00, 0x0b, 0x10, 0x00, 0x00, 0x00, 0x14, 0x00, 0x00, 0x00, 
  0x0e, 0x00, 0x00, 0x00, 0x00, 0xf7, 0xfd, 0xff, 0x01, 0x00, 0x00, 0x00, 
  0xce, 0x01, 0x00, 0x00, 0x02, 0x00, 0x00, 0x00, 0x6f, 0x01, 0x00, 0x00, 
  0xcb, 0x01, 0x00, 0x00, 0x5a, 0xcc, 0xff, 0xff, 0x14, 0x00, 0x00, 0x00, 
  0x00, 0x00, 0x00, 0x4f, 0x14, 0x00, 0x00, 0x00, 0x20, 0x00, 0x00, 0x00, 
  0x0a, 0x00, 0x00, 0x00, 0x0a, 0xd0, 0xff, 0xff, 0x03, 0x00, 0x00, 0x00, 
  0x03, 0x00, 0x00, 0x00, 0xcb, 0x01, 0x00, 0x00, 0xcc, 0x01, 0x00, 0x00, 
  0xcd, 0x01, 0x00, 0x00, 0x03, 0x00, 0x00, 0x00, 0xca, 0x01, 0x00, 0x00, 
  0x10, 0x00, 0x00, 0x00, 0x0d, 0x00, 0x00, 0x00, 0x5a, 0xcc, 0xff, 0xff, 
  0x10, 0x00, 0x00, 0x00, 0x00, 0x00, 0x00, 0x08, 0x0c, 0x00, 0x00, 0x00, 
  0x10, 0x00, 0x00, 0x00, 0x6c, 0xf7, 0xfd, 0xff, 0x01, 0x00, 0x00, 0x00, 
  0xca, 0x01, 0x00, 0x00, 0x03, 0x00, 0x00, 0x00, 0xc9, 0x01, 0x00, 0x00, 
  0x2d, 0x00, 0x00, 0x00, 0x28, 0x00, 0x00, 0x00, 0xca, 0xcc, 0xff, 0xff, 
  0x14, 0x00, 0x00, 0x00, 0x00, 0x00, 0x00, 0x0b, 0x10, 0x00, 0x00, 0x00, 
  0x14, 0x00, 0x00, 0x00, 0x0e, 0x00, 0x00, 0x00, 0xa0, 0xf7, 0xfd, 0xff, 
  0x01, 0x00, 0x00, 0x00, 0xc9, 0x01, 0x00, 0x00, 0x02, 0x00, 0x00, 0x00, 
  0xc1, 0x01, 0x00, 0x00, 0xc8, 0x01, 0x00, 0x00, 0xfa, 0xcc, 0xff, 0xff, 
  0x14, 0x00, 0x00, 0x00, 0x00, 0x00, 0x00, 0x15, 0x10, 0x00, 0x00, 0x00, 
  0x14, 0x00, 0x00, 0x00, 0x10, 0x00, 0x00, 0x00, 0xd0, 0xf7, 0xfd, 0xff, 
  0x01, 0x00, 0x00, 0x00, 0xc8, 0x01, 0x00, 0x00, 0x02, 0x00, 0x00, 0x00, 
  0xc2, 0x01, 0x00, 0x00, 0xc7, 0x01, 0x00, 0x00, 0xa6, 0xcd, 0xff, 0xff, 
  0x0c, 0x00, 0x00, 0x00, 0x10, 0x00, 0x00, 0x00, 0x12, 0x00, 0x00, 0x00, 
  0x01, 0x00, 0x00, 0x00, 0xc7, 0x01, 0x00, 0x00, 0x01, 0x00, 0x00, 0x00, 
  0xc6, 0x01, 0x00, 0x00, 0x4a, 0xcd, 0xff, 0xff, 0x14, 0x00, 0x00, 0x00, 
  0x00, 0x00, 0x00, 0x0b, 0x10, 0x00, 0x00, 0x00, 0x14, 0x00, 0x00, 0x00, 
  0x0e, 0x00, 0x00, 0x00, 0x20, 0xf8, 0xfd, 0xff, 0x01, 0x00, 0x00, 0x00, 
  0xc6, 0x01, 0x00, 0x00, 0x02, 0x00, 0x00, 0x00, 0xbe, 0x01, 0x00, 0x00, 
  0xc5, 0x01, 0x00, 0x00, 0x7a, 0xcd, 0xff, 0xff, 0x14, 0x00, 0x00, 0x00, 
  0x00, 0x00, 0x00, 0x15, 0x10, 0x00, 0x00, 0x00, 0x14, 0x00, 0x00, 0x00, 
  0x10, 0x00, 0x00, 0x00, 0x50, 0xf8, 0xfd, 0xff, 0x01, 0x00, 0x00, 0x00, 
  0xc5, 0x01, 0x00, 0x00, 0x02, 0x00, 0x00, 0x00, 0xc4, 0x01, 0x00, 0x00, 
  0xba, 0x01, 0x00, 0x00, 0x26, 0xce, 0xff, 0xff, 0x0c, 0x00, 0x00, 0x00, 
  0x10, 0x00, 0x00, 0x00, 0x0f, 0x00, 0x00, 0x00, 0x01, 0x00, 0x00, 0x00, 
  0xc4, 0x01, 0x00, 0x00, 0x01, 0x00, 0x00, 0x00, 0xc3, 0x01, 0x00, 0x00, 
  0xca, 0xcd, 0xff, 0xff, 0x14, 0x00, 0x00, 0x00, 0x00, 0x00, 0x00, 0x0b, 
  0x10, 0x00, 0x00, 0x00, 0x14, 0x00, 0x00, 0x00, 0x0e, 0x00, 0x00, 0x00, 
  0xa0, 0xf8, 0xfd, 0xff, 0x01, 0x00, 0x00, 0x00, 0xc3, 0x01, 0x00, 0x00, 
  0x02, 0x00, 0x00, 0x00, 0xbd, 0x01, 0x00, 0x00, 0xb9, 0x01, 0x00, 0x00, 
  0xfa, 0xcd, 0xff, 0xff, 0x14, 0x00, 0x00, 0x00, 0x00, 0x00, 0x00, 0x1c, 
  0x10, 0x00, 0x00, 0x00, 0x14, 0x00, 0x00, 0x00, 0x11, 0x00, 0x00, 0x00, 
  0xd0, 0xf8, 0xfd, 0xff, 0x01, 0x00, 0x00, 0x00, 0xc2, 0x01, 0x00, 0x00, 
  0x02, 0x00, 0x00, 0x00, 0x40, 0x00, 0x00, 0x00, 0xc0, 0x01, 0x00, 0x00, 
  0x2a, 0xce, 0xff, 0xff, 0x14, 0x00, 0x00, 0x00, 0x00, 0x00, 0x00, 0x15, 
  0x10, 0x00, 0x00, 0x00, 0x14, 0x00, 0x00, 0x00, 0x10, 0x00, 0x00, 0x00, 
  0x00, 0xf9, 0xfd, 0xff, 0x01, 0x00, 0x00, 0x00, 0xc1, 0x01, 0x00, 0x00, 
  0x02, 0x00, 0x00, 0x00, 0xc0, 0x01, 0x00, 0x00, 0xb6, 0x01, 0x00, 0x00, 
  0xd6, 0xce, 0xff, 0xff, 0x0c, 0x00, 0x00, 0x00, 0x10, 0x00, 0x00, 0x00, 
  0x0f, 0x00, 0x00, 0x00, 0x01, 0x00, 0x00, 0x00, 0xc0, 0x01, 0x00, 0x00, 
  0x01, 0x00, 0x00, 0x00, 0xbf, 0x01, 0x00, 0x00, 0x7a, 0xce, 0xff, 0xff, 
  0x14, 0x00, 0x00, 0x00, 0x00, 0x00, 0x00, 0x0b, 0x10, 0x00, 0x00, 0x00, 
  0x14, 0x00, 0x00, 0x00, 0x0e, 0x00, 0x00, 0x00, 0x50, 0xf9, 0xfd, 0xff, 
  0x01, 0x00, 0x00, 0x00, 0xbf, 0x01, 0x00, 0x00, 0x02, 0x00, 0x00, 0x00, 
  0xbc, 0x01, 0x00, 0x00, 0xb8, 0x01, 0x00, 0x00, 0xaa, 0xce, 0xff, 0xff, 
  0x14, 0x00, 0x00, 0x00, 0x00, 0x00, 0x00, 0x23, 0x14, 0x00, 0x00, 0x00, 
  0x20, 0x00, 0x00, 0x00, 0x0d, 0x00, 0x00, 0x00, 0x5a, 0xd2, 0xff, 0xff, 
  0x03, 0x00, 0x00, 0x00, 0x03, 0x00, 0x00, 0x00, 0xbc, 0x01, 0x00, 0x00, 
  0xbd, 0x01, 0x00, 0x00, 0xbe, 0x01, 0x00, 0x00, 0x02, 0x00, 0x00, 0x00, 
  0x0d, 0x00, 0x00, 0x00, 0xbb, 0x01, 0x00, 0x00, 0xa6, 0xce, 0xff, 0xff, 
  0x10, 0x00, 0x00, 0x00, 0x00, 0x00, 0x00, 0x08, 0x0c, 0x00, 0x00, 0x00, 
  0x10, 0x00, 0x00, 0x00, 0xb8, 0xf9, 0xfd, 0xff, 0x01, 0x00, 0x00, 0x00, 
  0xbb, 0x01, 0x00, 0x00, 0x03, 0x00, 0x00, 0x00, 0x55, 0x01, 0x00, 0x00, 
  0x22, 0x00, 0x00, 0x00, 0x21, 0x00, 0x00, 0x00, 0x16, 0xcf, 0xff, 0xff, 
  0x14, 0x00, 0x00, 0x00, 0x00, 0x00, 0x00, 0x4f, 0x14, 0x00, 0x00, 0x00, 
  0x20, 0x00, 0x00, 0x00, 0x0a, 0x00, 0x00, 0x00, 0xc6, 0xd2, 0xff, 0xff, 
  0x03, 0x00, 0x00, 0x00, 0x03, 0x00, 0x00, 0x00, 0xb8, 0x01, 0x00, 0x00, 
  0xb9, 0x01, 0x00, 0x00, 0xba, 0x01, 0x00, 0x00, 0x03, 0x00, 0x00, 0x00, 
  0xb7, 0x01, 0x00, 0x00, 0x10, 0x00, 0x00, 0x00, 0x0d, 0x00, 0x00, 0x00, 
  0x16, 0xcf, 0xff, 0xff, 0x10, 0x00, 0x00, 0x00, 0x00, 0x00, 0x00, 0x08, 
  0x0c, 0x00, 0x00, 0x00, 0x10, 0x00, 0x00, 0x00, 0x28, 0xfa, 0xfd, 0xff, 
  0x01, 0x00, 0x00, 0x00, 0xb7, 0x01, 0x00, 0x00, 0x03, 0x00, 0x00, 0x00, 
  0xb6, 0x01, 0x00, 0x00, 0x2d, 0x00, 0x00, 0x00, 0x27, 0x00, 0x00, 0x00, 
  0x86, 0xcf, 0xff, 0xff, 0x14, 0x00, 0x00, 0x00, 0x00, 0x00, 0x00, 0x0b, 
  0x10, 0x00, 0x00, 0x00, 0x14, 0x00, 0x00, 0x00, 0x0e, 0x00, 0x00, 0x00, 
  0x5c, 0xfa, 0xfd, 0xff, 0x01, 0x00, 0x00, 0x00, 0xb6, 0x01, 0x00, 0x00, 
  0x02, 0x00, 0x00, 0x00, 0xae, 0x01, 0x00, 0x00, 0xb5, 0x01, 0x00, 0x00, 
  0xb6, 0xcf, 0xff, 0xff, 0x14, 0x00, 0x00, 0x00, 0x00, 0x00, 0x00, 0x15, 
  0x10, 0x00, 0x00, 0x00, 0x14, 0x00, 0x00, 0x00, 0x10, 0x00, 0x00, 0x00, 
  0x8c, 0xfa, 0xfd, 0xff, 0x01, 0x00, 0x00, 0x00, 0xb5, 0x01, 0x00, 0x00, 
  0x02, 0x00, 0x00, 0x00, 0xaf, 0x01, 0x00, 0x00, 0xb4, 0x01, 0x00, 0x00, 
  0x62, 0xd0, 0xff, 0xff, 0x0c, 0x00, 0x00, 0x00, 0x10, 0x00, 0x00, 0x00, 
  0x12, 0x00, 0x00, 0x00, 0x01, 0x00, 0x00, 0x00, 0xb4, 0x01, 0x00, 0x00, 
  0x01, 0x00, 0x00, 0x00, 0xb3, 0x01, 0x00, 0x00, 0x06, 0xd0, 0xff, 0xff, 
  0x14, 0x00, 0x00, 0x00, 0x00, 0x00, 0x00, 0x0b, 0x10, 0x00, 0x00, 0x00, 
  0x14, 0x00, 0x00, 0x00, 0x0e, 0x00, 0x00, 0x00, 0xdc, 0xfa, 0xfd, 0xff, 
  0x01, 0x00, 0x00, 0x00, 0xb3, 0x01, 0x00, 0x00, 0x02, 0x00, 0x00, 0x00, 
  0xab, 0x01, 0x00, 0x00, 0xb2, 0x01, 0x00, 0x00, 0x36, 0xd0, 0xff, 0xff, 
  0x14, 0x00, 0x00, 0x00, 0x00, 0x00, 0x00, 0x15, 0x10, 0x00, 0x00, 0x00, 
  0x14, 0x00, 0x00, 0x00, 0x10, 0x00, 0x00, 0x00, 0x0c, 0xfb, 0xfd, 0xff, 
  0x01, 0x00, 0x00, 0x00, 0xb2, 0x01, 0x00, 0x00, 0x02, 0x00, 0x00, 0x00, 
  0xb1, 0x01, 0x00, 0x00, 0xa7, 0x01, 0x00, 0x00, 0xe2, 0xd0, 0xff, 0xff, 
  0x0c, 0x00, 0x00, 0x00, 0x10, 0x00, 0x00, 0x00, 0x0f, 0x00, 0x00, 0x00, 
  0x01, 0x00, 0x00, 0x00, 0xb1, 0x01, 0x00, 0x00, 0x01, 0x00, 0x00, 0x00, 
  0xb0, 0x01, 0x00, 0x00, 0x86, 0xd0, 0xff, 0xff, 0x14, 0x00, 0x00, 0x00, 
  0x00, 0x00, 0x00, 0x0b, 0x10, 0x00, 0x00, 0x00, 0x14, 0x00, 0x00, 0x00, 
  0x0e, 0x00, 0x00, 0x00, 0x5c, 0xfb, 0xfd, 0xff, 0x01, 0x00, 0x00, 0x00, 
  0xb0, 0x01, 0x00, 0x00, 0x02, 0x00, 0x00, 0x00, 0xaa, 0x01, 0x00, 0x00, 
  0xa6, 0x01, 0x00, 0x00, 0xb6, 0xd0, 0xff, 0xff, 0x14, 0x00, 0x00, 0x00, 
  0x00, 0x00, 0x00, 0x1c, 0x10, 0x00, 0x00, 0x00, 0x14, 0x00, 0x00, 0x00, 
  0x11, 0x00, 0x00, 0x00, 0x8c, 0xfb, 0xfd, 0xff, 0x01, 0x00, 0x00, 0x00, 
  0xaf, 0x01, 0x00, 0x00, 0x02, 0x00, 0x00, 0x00, 0x40, 0x00, 0x00, 0x00, 
  0xad, 0x01, 0x00, 0x00, 0xe6, 0xd0, 0xff, 0xff, 0x14, 0x00, 0x00, 0x00, 
  0x00, 0x00, 0x00, 0x15, 0x10, 0x00, 0x00, 0x00, 0x14, 0x00, 0x00, 0x00, 
  0x10, 0x00, 0x00, 0x00, 0xbc, 0xfb, 0xfd, 0xff, 0x01, 0x00, 0x00, 0x00, 
  0xae, 0x01, 0x00, 0x00, 0x02, 0x00, 0x00, 0x00, 0xad, 0x01, 0x00, 0x00, 
  0xa3, 0x01, 0x00, 0x00, 0x92, 0xd1, 0xff, 0xff, 0x0c, 0x00, 0x00, 0x00, 
  0x10, 0x00, 0x00, 0x00, 0x0f, 0x00, 0x00, 0x00, 0x01, 0x00, 0x00, 0x00, 
  0xad, 0x01, 0x00, 0x00, 0x01, 0x00, 0x00, 0x00, 0xac, 0x01, 0x00, 0x00, 
  0x36, 0xd1, 0xff, 0xff, 0x14, 0x00, 0x00, 0x00, 0x00, 0x00, 0x00, 0x0b, 
  0x10, 0x00, 0x00, 0x00, 0x14, 0x00, 0x00, 0x00, 0x0e, 0x00, 0x00, 0x00, 
  0x0c, 0xfc, 0xfd, 0xff, 0x01, 0x00, 0x00, 0x00, 0xac, 0x01, 0x00, 0x00, 
  0x02, 0x00, 0x00, 0x00, 0xa9, 0x01, 0x00, 0x00, 0xa5, 0x01, 0x00, 0x00, 
  0x66, 0xd1, 0xff, 0xff, 0x14, 0x00, 0x00, 0x00, 0x00, 0x00, 0x00, 0x23, 
  0x14, 0x00, 0x00, 0x00, 0x20, 0x00, 0x00, 0x00, 0x0d, 0x00, 0x00, 0x00, 
  0x16, 0xd5, 0xff, 0xff, 0x03, 0x00, 0x00, 0x00, 0x03, 0x00, 0x00, 0x00, 
  0xa9, 0x01, 0x00, 0x00, 0xaa, 0x01, 0x00, 0x00, 0xab, 0x01, 0x00, 0x00, 
  0x02, 0x00, 0x00, 0x00, 0x0d, 0x00, 0x00, 0x00, 0xa8, 0x01, 0x00, 0x00, 
  0x62, 0xd1, 0xff, 0xff, 0x10, 0x00, 0x00, 0x00, 0x00, 0x00, 0x00, 0x08, 
  0x0c, 0x00, 0x00, 0x00, 0x10, 0x00, 0x00, 0x00, 0x74, 0xfc, 0xfd, 0xff, 
  0x01, 0x00, 0x00, 0x00, 0xa8, 0x01, 0x00, 0x00, 0x03, 0x00, 0x00, 0x00, 
  0x54, 0x01, 0x00, 0x00, 0x22, 0x00, 0x00, 0x00, 0x20, 0x00, 0x00, 0x00, 
  0xd2, 0xd1, 0xff, 0xff, 0x14, 0x00, 0x00, 0x00, 0x00, 0x00, 0x00, 0x4f, 
  0x14, 0x00, 0x00, 0x00, 0x20, 0x00, 0x00, 0x00, 0x0a, 0x00, 0x00, 0x00, 
  0x82, 0xd5, 0xff, 0xff, 0x03, 0x00, 0x00, 0x00, 0x03, 0x00, 0x00, 0x00, 
  0xa5, 0x01, 0x00, 0x00, 0xa6, 0x01, 0x00, 0x00, 0xa7, 0x01, 0x00, 0x00, 
  0x03, 0x00, 0x00, 0x00, 0xa4, 0x01, 0x00, 0x00, 0x10, 0x00, 0x00, 0x00, 
  0x0d, 0x00, 0x00, 0x00, 0xd2, 0xd1, 0xff, 0xff, 0x10, 0x00, 0x00, 0x00, 
  0x00, 0x00, 0x00, 0x08, 0x0c, 0x00, 0x00, 0x00, 0x10, 0x00, 0x00, 0x00, 
  0xe4, 0xfc, 0xfd, 0xff, 0x01, 0x00, 0x00, 0x00, 0xa4, 0x01, 0x00, 0x00, 
  0x03, 0x00, 0x00, 0x00, 0xa3, 0x01, 0x00, 0x00, 0x2d, 0x00, 0x00, 0x00, 
  0x26, 0x00, 0x00, 0x00, 0x42, 0xd2, 0xff, 0xff, 0x14, 0x00, 0x00, 0x00, 
  0x00, 0x00, 0x00, 0x0b, 0x10, 0x00, 0x00, 0x00, 0x14, 0x00, 0x00, 0x00, 
  0x0e, 0x00, 0x00, 0x00, 0x18, 0xfd, 0xfd, 0xff, 0x01, 0x00, 0x00, 0x00, 
  0xa3, 0x01, 0x00, 0x00, 0x02, 0x00, 0x00, 0x00, 0x9b, 0x01, 0x00, 0x00, 
  0xa2, 0x01, 0x00, 0x00, 0x72, 0xd2, 0xff, 0xff, 0x14, 0x00, 0x00, 0x00, 
  0x00, 0x00, 0x00, 0x15, 0x10, 0x00, 0x00, 0x00, 0x14, 0x00, 0x00, 0x00, 
  0x10, 0x00, 0x00, 0x00, 0x48, 0xfd, 0xfd, 0xff, 0x01, 0x00, 0x00, 0x00, 
  0xa2, 0x01, 0x00, 0x00, 0x02, 0x00, 0x00, 0x00, 0x9c, 0x01, 0x00, 0x00, 
  0xa1, 0x01, 0x00, 0x00, 0x1e, 0xd3, 0xff, 0xff, 0x0c, 0x00, 0x00, 0x00, 
  0x10, 0x00, 0x00, 0x00, 0x12, 0x00, 0x00, 0x00, 0x01, 0x00, 0x00, 0x00, 
  0xa1, 0x01, 0x00, 0x00, 0x01, 0x00, 0x00, 0x00, 0xa0, 0x01, 0x00, 0x00, 
  0xc2, 0xd2, 0xff, 0xff, 0x14, 0x00, 0x00, 0x00, 0x00, 0x00, 0x00, 0x0b, 
  0x10, 0x00, 0x00, 0x00, 0x14, 0x00, 0x00, 0x00, 0x0e, 0x00, 0x00, 0x00, 
  0x98, 0xfd, 0xfd, 0xff, 0x01, 0x00, 0x00, 0x00, 0xa0, 0x01, 0x00, 0x00, 
  0x02, 0x00, 0x00, 0x00, 0x98, 0x01, 0x00, 0x00, 0x9f, 0x01, 0x00, 0x00, 
  0xf2, 0xd2, 0xff, 0xff, 0x14, 0x00, 0x00, 0x00, 0x00, 0x00, 0x00, 0x15, 
  0x10, 0x00, 0x00, 0x00, 0x14, 0x00, 0x00, 0x00, 0x10, 0x00, 0x00, 0x00, 
  0xc8, 0xfd, 0xfd, 0xff, 0x01, 0x00, 0x00, 0x00, 0x9f, 0x01, 0x00, 0x00, 
  0x02, 0x00, 0x00, 0x00, 0x9e, 0x01, 0x00, 0x00, 0x94, 0x01, 0x00, 0x00, 
  0x9e, 0xd3, 0xff, 0xff, 0x0c, 0x00, 0x00, 0x00, 0x10, 0x00, 0x00, 0x00, 
  0x0f, 0x00, 0x00, 0x00, 0x01, 0x00, 0x00, 0x00, 0x9e, 0x01, 0x00, 0x00, 
  0x01, 0x00, 0x00, 0x00, 0x9d, 0x01, 0x00, 0x00, 0x42, 0xd3, 0xff, 0xff, 
  0x14, 0x00, 0x00, 0x00, 0x00, 0x00, 0x00, 0x0b, 0x10, 0x00, 0x00, 0x00, 
  0x14, 0x00, 0x00, 0x00, 0x0e, 0x00, 0x00, 0x00, 0x18, 0xfe, 0xfd, 0xff, 
  0x01, 0x00, 0x00, 0x00, 0x9d, 0x01, 0x00, 0x00, 0x02, 0x00, 0x00, 0x00, 
  0x97, 0x01, 0x00, 0x00, 0x93, 0x01, 0x00, 0x00, 0x72, 0xd3, 0xff, 0xff, 
  0x14, 0x00, 0x00, 0x00, 0x00, 0x00, 0x00, 0x1c, 0x10, 0x00, 0x00, 0x00, 
  0x14, 0x00, 0x00, 0x00, 0x11, 0x00, 0x00, 0x00, 0x48, 0xfe, 0xfd, 0xff, 
  0x01, 0x00, 0x00, 0x00, 0x9c, 0x01, 0x00, 0x00, 0x02, 0x00, 0x00, 0x00, 
  0x40, 0x00, 0x00, 0x00, 0x9a, 0x01, 0x00, 0x00, 0xa2, 0xd3, 0xff, 0xff, 
  0x14, 0x00, 0x00, 0x00, 0x00, 0x00, 0x00, 0x15, 0x10, 0x00, 0x00, 0x00, 
  0x14, 0x00, 0x00, 0x00, 0x10, 0x00, 0x00, 0x00, 0x78, 0xfe, 0xfd, 0xff, 
  0x01, 0x00, 0x00, 0x00, 0x9b, 0x01, 0x00, 0x00, 0x02, 0x00, 0x00, 0x00, 
  0x9a, 0x01, 0x00, 0x00, 0x90, 0x01, 0x00, 0x00, 0x4e, 0xd4, 0xff, 0xff, 
  0x0c, 0x00, 0x00, 0x00, 0x10, 0x00, 0x00, 0x00, 0x0f, 0x00, 0x00, 0x00, 
  0x01, 0x00, 0x00, 0x00, 0x9a, 0x01, 0x00, 0x00, 0x01, 0x00, 0x00, 0x00, 
  0x99, 0x01, 0x00, 0x00, 0xf2, 0xd3, 0xff, 0xff, 0x14, 0x00, 0x00, 0x00, 
  0x00, 0x00, 0x00, 0x0b, 0x10, 0x00, 0x00, 0x00, 0x14, 0x00, 0x00, 0x00, 
  0x0e, 0x00, 0x00, 0x00, 0xc8, 0xfe, 0xfd, 0xff, 0x01, 0x00, 0x00, 0x00, 
  0x99, 0x01, 0x00, 0x00, 0x02, 0x00, 0x00, 0x00, 0x96, 0x01, 0x00, 0x00, 
  0x92, 0x01, 0x00, 0x00, 0x22, 0xd4, 0xff, 0xff, 0x14, 0x00, 0x00, 0x00, 
  0x00, 0x00, 0x00, 0x23, 0x14, 0x00, 0x00, 0x00, 0x20, 0x00, 0x00, 0x00, 
  0x0d, 0x00, 0x00, 0x00, 0xd2, 0xd7, 0xff, 0xff, 0x03, 0x00, 0x00, 0x00, 
  0x03, 0x00, 0x00, 0x00, 0x96, 0x01, 0x00, 0x00, 0x97, 0x01, 0x00, 0x00, 
  0x98, 0x01, 0x00, 0x00, 0x02, 0x00, 0x00, 0x00, 0x0d, 0x00, 0x00, 0x00, 
  0x95, 0x01, 0x00, 0x00, 0x1e, 0xd4, 0xff, 0xff, 0x10, 0x00, 0x00, 0x00, 
  0x00, 0x00, 0x00, 0x08, 0x0c, 0x00, 0x00, 0x00, 0x10, 0x00, 0x00, 0x00, 
  0x30, 0xff, 0xfd, 0xff, 0x01, 0x00, 0x00, 0x00, 0x95, 0x01, 0x00, 0x00, 
  0x03, 0x00, 0x00, 0x00, 0x53, 0x01, 0x00, 0x00, 0x22, 0x00, 0x00, 0x00, 
  0x1f, 0x00, 0x00, 0x00, 0x8e, 0xd4, 0xff, 0xff, 0x14, 0x00, 0x00, 0x00, 
  0x00, 0x00, 0x00, 0x4f, 0x14, 0x00, 0x00, 0x00, 0x20, 0x00, 0x00, 0x00, 
  0x0a, 0x00, 0x00, 0x00, 0x3e, 0xd8, 0xff, 0xff, 0x03, 0x00, 0x00, 0x00, 
  0x03, 0x00, 0x00, 0x00, 0x92, 0x01, 0x00, 0x00, 0x93, 0x01, 0x00, 0x00, 
  0x94, 0x01, 0x00, 0x00, 0x03, 0x00, 0x00, 0x00, 0x91, 0x01, 0x00, 0x00, 
  0x10, 0x00, 0x00, 0x00, 0x0d, 0x00, 0x00, 0x00, 0x8e, 0xd4, 0xff, 0xff, 
  0x10, 0x00, 0x00, 0x00, 0x00, 0x00, 0x00, 0x08, 0x0c, 0x00, 0x00, 0x00, 
  0x10, 0x00, 0x00, 0x00, 0xa0, 0xff, 0xfd, 0xff, 0x01, 0x00, 0x00, 0x00, 
  0x91, 0x01, 0x00, 0x00, 0x03, 0x00, 0x00, 0x00, 0x90, 0x01, 0x00, 0x00, 
  0x2d, 0x00, 0x00, 0x00, 0x25, 0x00, 0x00, 0x00, 0xfe, 0xd4, 0xff, 0xff, 
  0x14, 0x00, 0x00, 0x00, 0x00, 0x00, 0x00, 0x0b, 0x10, 0x00, 0x00, 0x00, 
  0x14, 0x00, 0x00, 0x00, 0x0e, 0x00, 0x00, 0x00, 0xd4, 0xff, 0xfd, 0xff, 
  0x01, 0x00, 0x00, 0x00, 0x90, 0x01, 0x00, 0x00, 0x02, 0x00, 0x00, 0x00, 
  0x88, 0x01, 0x00, 0x00, 0x8f, 0x01, 0x00, 0x00, 0x2e, 0xd5, 0xff, 0xff, 
  0x14, 0x00, 0x00, 0x00, 0x00, 0x00, 0x00, 0x15, 0x10, 0x00, 0x00, 0x00, 
  0x14, 0x00, 0x00, 0x00, 0x10, 0x00, 0x00, 0x00, 0x04, 0x00, 0xfe, 0xff, 
  0x01, 0x00, 0x00, 0x00, 0x8f, 0x01, 0x00, 0x00, 0x02, 0x00, 0x00, 0x00, 
  0x89, 0x01, 0x00, 0x00, 0x8e, 0x01, 0x00, 0x00, 0xda, 0xd5, 0xff, 0xff, 
  0x0c, 0x00, 0x00, 0x00, 0x10, 0x00, 0x00, 0x00, 0x12, 0x00, 0x00, 0x00, 
  0x01, 0x00, 0x00, 0x00, 0x8e, 0x01, 0x00, 0x00, 0x01, 0x00, 0x00, 0x00, 
  0x8d, 0x01, 0x00, 0x00, 0x7e, 0xd5, 0xff, 0xff, 0x14, 0x00, 0x00, 0x00, 
  0x00, 0x00, 0x00, 0x0b, 0x10, 0x00, 0x00, 0x00, 0x14, 0x00, 0x00, 0x00, 
  0x0e, 0x00, 0x00, 0x00, 0x54, 0x00, 0xfe, 0xff, 0x01, 0x00, 0x00, 0x00, 
  0x8d, 0x01, 0x00, 0x00, 0x02, 0x00, 0x00, 0x00, 0x85, 0x01, 0x00, 0x00, 
  0x8c, 0x01, 0x00, 0x00, 0xae, 0xd5, 0xff, 0xff, 0x14, 0x00, 0x00, 0x00, 
  0x00, 0x00, 0x00, 0x15, 0x10, 0x00, 0x00, 0x00, 0x14, 0x00, 0x00, 0x00, 
  0x10, 0x00, 0x00, 0x00, 0x84, 0x00, 0xfe, 0xff, 0x01, 0x00, 0x00, 0x00, 
  0x8c, 0x01, 0x00, 0x00, 0x02, 0x00, 0x00, 0x00, 0x8b, 0x01, 0x00, 0x00, 
  0x6d, 0x01, 0x00, 0x00, 0x5a, 0xd6, 0xff, 0xff, 0x0c, 0x00, 0x00, 0x00, 
  0x10, 0x00, 0x00, 0x00, 0x0f, 0x00, 0x00, 0x00, 0x01, 0x00, 0x00, 0x00, 
  0x8b, 0x01, 0x00, 0x00, 0x01, 0x00, 0x00, 0x00, 0x8a, 0x01, 0x00, 0x00, 
  0xfe, 0xd5, 0xff, 0xff, 0x14, 0x00, 0x00, 0x00, 0x00, 0x00, 0x00, 0x0b, 
  0x10, 0x00, 0x00, 0x00, 0x14, 0x00, 0x00, 0x00, 0x0e, 0x00, 0x00, 0x00, 
  0xd4, 0x00, 0xfe, 0xff, 0x01, 0x00, 0x00, 0x00, 0x8a, 0x01, 0x00, 0x00, 
  0x02, 0x00, 0x00, 0x00, 0x84, 0x01, 0x00, 0x00, 0x6c, 0x01, 0x00, 0x00, 
  0x2e, 0xd6, 0xff, 0xff, 0x14, 0x00, 0x00, 0x00, 0x00, 0x00, 0x00, 0x1c, 
  0x10, 0x00, 0x00, 0x00, 0x14, 0x00, 0x00, 0x00, 0x11, 0x00, 0x00, 0x00, 
  0x04, 0x01, 0xfe, 0xff, 0x01, 0x00, 0x00, 0x00, 0x89, 0x01, 0x00, 0x00, 
  0x02, 0x00, 0x00, 0x00, 0x40, 0x00, 0x00, 0x00, 0x87, 0x01, 0x00, 0x00, 
  0x5e, 0xd6, 0xff, 0xff, 0x14, 0x00, 0x00, 0x00, 0x00, 0x00, 0x00, 0x15, 
  0x10, 0x00, 0x00, 0x00, 0x14, 0x00, 0x00, 0x00, 0x10, 0x00, 0x00, 0x00, 
  0x34, 0x01, 0xfe, 0xff, 0x01, 0x00, 0x00, 0x00, 0x88, 0x01, 0x00, 0x00, 
  0x02, 0x00, 0x00, 0x00, 0x87, 0x01, 0x00, 0x00, 0x69, 0x01, 0x00, 0x00, 
  0x0a, 0xd7, 0xff, 0xff, 0x0c, 0x00, 0x00, 0x00, 0x10, 0x00, 0x00, 0x00, 
  0x0f, 0x00, 0x00, 0x00, 0x01, 0x00, 0x00, 0x00, 0x87, 0x01, 0x00, 0x00, 
  0x01, 0x00, 0x00, 0x00, 0x86, 0x01, 0x00, 0x00, 0xae, 0xd6, 0xff, 0xff, 
  0x14, 0x00, 0x00, 0x00, 0x00, 0x00, 0x00, 0x0b, 0x10, 0x00, 0x00, 0x00, 
  0x14, 0x00, 0x00, 0x00, 0x0e, 0x00, 0x00, 0x00, 0x84, 0x01, 0xfe, 0xff, 
  0x01, 0x00, 0x00, 0x00, 0x86, 0x01, 0x00, 0x00, 0x02, 0x00, 0x00, 0x00, 
  0x83, 0x01, 0x00, 0x00, 0x6b, 0x01, 0x00, 0x00, 0xde, 0xd6, 0xff, 0xff, 
  0x14, 0x00, 0x00, 0x00, 0x00, 0x00, 0x00, 0x23, 0x14, 0x00, 0x00, 0x00, 
  0x20, 0x00, 0x00, 0x00, 0x0d, 0x00, 0x00, 0x00, 0x8e, 0xda, 0xff, 0xff, 
  0x03, 0x00, 0x00, 0x00, 0x03, 0x00, 0x00, 0x00, 0x83, 0x01, 0x00, 0x00, 
  0x84, 0x01, 0x00, 0x00, 0x85, 0x01, 0x00, 0x00, 0x02, 0x00, 0x00, 0x00, 
  0x0d, 0x00, 0x00, 0x00, 0x82, 0x01, 0x00, 0x00, 0xda, 0xd6, 0xff, 0xff, 
  0x10, 0x00, 0x00, 0x00, 0x00, 0x00, 0x00, 0x08, 0x0c, 0x00, 0x00, 0x00, 
  0x10, 0x00, 0x00, 0x00, 0xec, 0x01, 0xfe, 0xff, 0x01, 0x00, 0x00, 0x00, 
  0x82, 0x01, 0x00, 0x00, 0x03, 0x00, 0x00, 0x00, 0x52, 0x01, 0x00, 0x00, 
  0x22, 0x00, 0x00, 0x00, 0x1e, 0x00, 0x00, 0x00, 0x4a, 0xd7, 0xff, 0xff, 
  0x14, 0x00, 0x00, 0x00, 0x00, 0x00, 0x00, 0x23, 0x14, 0x00, 0x00, 0x00, 
  0x20, 0x00, 0x00, 0x00, 0x0d, 0x00, 0x00, 0x00, 0xfa, 0xda, 0xff, 0xff, 
  0x03, 0x00, 0x00, 0x00, 0x03, 0x00, 0x00, 0x00, 0x7f, 0x01, 0x00, 0x00, 
  0x80, 0x01, 0x00, 0x00, 0x81, 0x01, 0x00, 0x00, 0x02, 0x00, 0x00, 0x00, 
  0x0d, 0x00, 0x00, 0x00, 0x7e, 0x01, 0x00, 0x00, 0x46, 0xd7, 0xff, 0xff, 
  0x10, 0x00, 0x00, 0x00, 0x00, 0x00, 0x00, 0x08, 0x0c, 0x00, 0x00, 0x00, 
  0x10, 0x00, 0x00, 0x00, 0x58, 0x02, 0xfe, 0xff, 0x01, 0x00, 0x00, 0x00, 
  0x7e, 0x01, 0x00, 0x00, 0x03, 0x00, 0x00, 0x00, 0x5a, 0x01, 0x00, 0x00, 
  0x22, 0x00, 0x00, 0x00, 0x1d, 0x00, 0x00, 0x00, 0xb6, 0xd7, 0xff, 0xff, 
  0x14, 0x00, 0x00, 0x00, 0x00, 0x00, 0x00, 0x23, 0x14, 0x00, 0x00, 0x00, 
  0x20, 0x00, 0x00, 0x00, 0x0d, 0x00, 0x00, 0x00, 0x66, 0xdb, 0xff, 0xff, 
  0x03, 0x00, 0x00, 0x00, 0x03, 0x00, 0x00, 0x00, 0x7b, 0x01, 0x00, 0x00, 
  0x7c, 0x01, 0x00, 0x00, 0x7d, 0x01, 0x00, 0x00, 0x02, 0x00, 0x00, 0x00, 
  0x0d, 0x00, 0x00, 0x00, 0x7a, 0x01, 0x00, 0x00, 0xb2, 0xd7, 0xff, 0xff, 
  0x10, 0x00, 0x00, 0x00, 0x00, 0x00, 0x00, 0x08, 0x0c, 0x00, 0x00, 0x00, 
  0x10, 0x00, 0x00, 0x00, 0xc4, 0x02, 0xfe, 0xff, 0x01, 0x00, 0x00, 0x00, 
  0x7a, 0x01, 0x00, 0x00, 0x03, 0x00, 0x00, 0x00, 0x59, 0x01, 0x00, 0x00, 
  0x22, 0x00, 0x00, 0x00, 0x1c, 0x00, 0x00, 0x00, 0x22, 0xd8, 0xff, 0xff, 
  0x14, 0x00, 0x00, 0x00, 0x00, 0x00, 0x00, 0x23, 0x14, 0x00, 0x00, 0x00, 
  0x20, 0x00, 0x00, 0x00, 0x0d, 0x00, 0x00, 0x00, 0xd2, 0xdb, 0xff, 0xff, 
  0x03, 0x00, 0x00, 0x00, 0x03, 0x00, 0x00, 0x00, 0x77, 0x01, 0x00, 0x00, 
  0x78, 0x01, 0x00, 0x00, 0x79, 0x01, 0x00, 0x00, 0x02, 0x00, 0x00, 0x00, 
  0x0d, 0x00, 0x00, 0x00, 0x76, 0x01, 0x00, 0x00, 0x1e, 0xd8, 0xff, 0xff, 
  0x10, 0x00, 0x00, 0x00, 0x00, 0x00, 0x00, 0x08, 0x0c, 0x00, 0x00, 0x00, 
  0x10, 0x00, 0x00, 0x00, 0x30, 0x03, 0xfe, 0xff, 0x01, 0x00, 0x00, 0x00, 
  0x76, 0x01, 0x00, 0x00, 0x03, 0x00, 0x00, 0x00, 0x58, 0x01, 0x00, 0x00, 
  0x22, 0x00, 0x00, 0x00, 0x1b, 0x00, 0x00, 0x00, 0x8e, 0xd8, 0xff, 0xff, 
  0x14, 0x00, 0x00, 0x00, 0x00, 0x00, 0x00, 0x23, 0x14, 0x00, 0x00, 0x00, 
  0x20, 0x00, 0x00, 0x00, 0x0d, 0x00, 0x00, 0x00, 0x3e, 0xdc, 0xff, 0xff, 
  0x03, 0x00, 0x00, 0x00, 0x03, 0x00, 0x00, 0x00, 0x73, 0x01, 0x00, 0x00, 
  0x74, 0x01, 0x00, 0x00, 0x75, 0x01, 0x00, 0x00, 0x02, 0x00, 0x00, 0x00, 
  0x0d, 0x00, 0x00, 0x00, 0x72, 0x01, 0x00, 0x00, 0x8a, 0xd8, 0xff, 0xff, 
  0x10, 0x00, 0x00, 0x00, 0x00, 0x00, 0x00, 0x08, 0x0c, 0x00, 0x00, 0x00, 
  0x10, 0x00, 0x00, 0x00, 0x9c, 0x03, 0xfe, 0xff, 0x01, 0x00, 0x00, 0x00, 
  0x72, 0x01, 0x00, 0x00, 0x03, 0x00, 0x00, 0x00, 0x57, 0x01, 0x00, 0x00, 
  0x22, 0x00, 0x00, 0x00, 0x1a, 0x00, 0x00, 0x00, 0xfa, 0xd8, 0xff, 0xff, 
  0x14, 0x00, 0x00, 0x00, 0x00, 0x00, 0x00, 0x23, 0x14, 0x00, 0x00, 0x00, 
  0x20, 0x00, 0x00, 0x00, 0x0d, 0x00, 0x00, 0x00, 0xaa, 0xdc, 0xff, 0xff, 
  0x03, 0x00, 0x00, 0x00, 0x03, 0x00, 0x00, 0x00, 0x6f, 0x01, 0x00, 0x00, 
  0x70, 0x01, 0x00, 0x00, 0x71, 0x01, 0x00, 0x00, 0x02, 0x00, 0x00, 0x00, 
  0x0d, 0x00, 0x00, 0x00, 0x6e, 0x01, 0x00, 0x00, 0xf6, 0xd8, 0xff, 0xff, 
  0x10, 0x00, 0x00, 0x00, 0x00, 0x00, 0x00, 0x08, 0x0c, 0x00, 0x00, 0x00, 
  0x10, 0x00, 0x00, 0x00, 0x08, 0x04, 0xfe, 0xff, 0x01, 0x00, 0x00, 0x00, 
  0x6e, 0x01, 0x00, 0x00, 0x03, 0x00, 0x00, 0x00, 0x56, 0x01, 0x00, 0x00, 
  0x22, 0x00, 0x00, 0x00, 0x19, 0x00, 0x00, 0x00, 0x66, 0xd9, 0xff, 0xff, 
  0x14, 0x00, 0x00, 0x00, 0x00, 0x00, 0x00, 0x4f, 0x14, 0x00, 0x00, 0x00, 
  0x20, 0x00, 0x00, 0x00, 0x0a, 0x00, 0x00, 0x00, 0x16, 0xdd, 0xff, 0xff, 
  0x03, 0x00, 0x00, 0x00, 0x03, 0x00, 0x00, 0x00, 0x6b, 0x01, 0x00, 0x00, 
  0x6c, 0x01, 0x00, 0x00, 0x6d, 0x01, 0x00, 0x00, 0x03, 0x00, 0x00, 0x00, 
  0x6a, 0x01, 0x00, 0x00, 0x10, 0x00, 0x00, 0x00, 0x0d, 0x00, 0x00, 0x00, 
  0x66, 0xd9, 0xff, 0xff, 0x10, 0x00, 0x00, 0x00, 0x00, 0x00, 0x00, 0x08, 
  0x0c, 0x00, 0x00, 0x00, 0x10, 0x00, 0x00, 0x00, 0x78, 0x04, 0xfe, 0xff, 
  0x01, 0x00, 0x00, 0x00, 0x6a, 0x01, 0x00, 0x00, 0x03, 0x00, 0x00, 0x00, 
  0x69, 0x01, 0x00, 0x00, 0x2d, 0x00, 0x00, 0x00, 0x24, 0x00, 0x00, 0x00, 
  0xd6, 0xd9, 0xff, 0xff, 0x14, 0x00, 0x00, 0x00, 0x00, 0x00, 0x00, 0x0b, 
  0x10, 0x00, 0x00, 0x00, 0x14, 0x00, 0x00, 0x00, 0x0e, 0x00, 0x00, 0x00, 
  0xac, 0x04, 0xfe, 0xff, 0x01, 0x00, 0x00, 0x00, 0x69, 0x01, 0x00, 0x00, 
  0x02, 0x00, 0x00, 0x00, 0x61, 0x01, 0x00, 0x00, 0x68, 0x01, 0x00, 0x00, 
  0x06, 0xda, 0xff, 0xff, 0x14, 0x00, 0x00, 0x00, 0x00, 0x00, 0x00, 0x15, 
  0x10, 0x00, 0x00, 0x00, 0x14, 0x00, 0x00, 0x00, 0x10, 0x00, 0x00, 0x00, 
  0xdc, 0x04, 0xfe, 0xff, 0x01, 0x00, 0x00, 0x00, 0x68, 0x01, 0x00, 0x00, 
  0x02, 0x00, 0x00, 0x00, 0x62, 0x01, 0x00, 0x00, 0x67, 0x01, 0x00, 0x00, 
  0xb2, 0xda, 0xff, 0xff, 0x0c, 0x00, 0x00, 0x00, 0x10, 0x00, 0x00, 0x00, 
  0x12, 0x00, 0x00, 0x00, 0x01, 0x00, 0x00, 0x00, 0x67, 0x01, 0x00, 0x00, 
  0x01, 0x00, 0x00, 0x00, 0x66, 0x01, 0x00, 0x00, 0x56, 0xda, 0xff, 0xff, 
  0x14, 0x00, 0x00, 0x00, 0x00, 0x00, 0x00, 0x0b, 0x10, 0x00, 0x00, 0x00, 
  0x14, 0x00, 0x00, 0x00, 0x0e, 0x00, 0x00, 0x00, 0x2c, 0x05, 0xfe, 0xff, 
  0x01, 0x00, 0x00, 0x00, 0x66, 0x01, 0x00, 0x00, 0x02, 0x00, 0x00, 0x00, 
  0x5e, 0x01, 0x00, 0x00, 0x65, 0x01, 0x00, 0x00, 0x86, 0xda, 0xff, 0xff, 
  0x14, 0x00, 0x00, 0x00, 0x00, 0x00, 0x00, 0x15, 0x10, 0x00, 0x00, 0x00, 
  0x14, 0x00, 0x00, 0x00, 0x10, 0x00, 0x00, 0x00, 0x5c, 0x05, 0xfe, 0xff, 
  0x01, 0x00, 0x00, 0x00, 0x65, 0x01, 0x00, 0x00, 0x02, 0x00, 0x00, 0x00, 
  0x64, 0x01, 0x00, 0x00, 0x4f, 0x01, 0x00, 0x00, 0x32, 0xdb, 0xff, 0xff, 
  0x0c, 0x00, 0x00, 0x00, 0x10, 0x00, 0x00, 0x00, 0x0f, 0x00, 0x00, 0x00, 
  0x01, 0x00, 0x00, 0x00, 0x64, 0x01, 0x00, 0x00, 0x01, 0x00, 0x00, 0x00, 
  0x63, 0x01, 0x00, 0x00, 0xd6, 0xda, 0xff, 0xff, 0x14, 0x00, 0x00, 0x00, 
  0x00, 0x00, 0x00, 0x0b, 0x10, 0x00, 0x00, 0x00, 0x14, 0x00, 0x00, 0x00, 
  0x0e, 0x00, 0x00, 0x00, 0xac, 0x05, 0xfe, 0xff, 0x01, 0x00, 0x00, 0x00, 
  0x63, 0x01, 0x00, 0x00, 0x02, 0x00, 0x00, 0x00, 0x5d, 0x01, 0x00, 0x00, 
  0x4e, 0x01, 0x00, 0x00, 0x06, 0xdb, 0xff, 0xff, 0x14, 0x00, 0x00, 0x00, 
  0x00, 0x00, 0x00, 0x1c, 0x10, 0x00, 0x00, 0x00, 0x14, 0x00, 0x00, 0x00, 
  0x11, 0x00, 0x00, 0x00, 0xdc, 0x05, 0xfe, 0xff, 0x01, 0x00, 0x00, 0x00, 
  0x62, 0x01, 0x00, 0x00, 0x02, 0x00, 0x00, 0x00, 0x40, 0x00, 0x00, 0x00, 
  0x60, 0x01, 0x00, 0x00, 0x36, 0xdb, 0xff, 0xff, 0x14, 0x00, 0x00, 0x00, 
  0x00, 0x00, 0x00, 0x15, 0x10, 0x00, 0x00, 0x00, 0x14, 0x00, 0x00, 0x00, 
  0x10, 0x00, 0x00, 0x00, 0x0c, 0x06, 0xfe, 0xff, 0x01, 0x00, 0x00, 0x00, 
  0x61, 0x01, 0x00, 0x00, 0x02, 0x00, 0x00, 0x00, 0x60, 0x01, 0x00, 0x00, 
  0x4b, 0x01, 0x00, 0x00, 0xe2, 0xdb, 0xff, 0xff, 0x0c, 0x00, 0x00, 0x00, 
  0x10, 0x00, 0x00, 0x00, 0x0f, 0x00, 0x00, 0x00, 0x01, 0x00, 0x00, 0x00, 
  0x60, 0x01, 0x00, 0x00, 0x01, 0x00, 0x00, 0x00, 0x5f, 0x01, 0x00, 0x00, 
  0x86, 0xdb, 0xff, 0xff, 0x14, 0x00, 0x00, 0x00, 0x00, 0x00, 0x00, 0x0b, 
  0x10, 0x00, 0x00, 0x00, 0x14, 0x00, 0x00, 0x00, 0x0e, 0x00, 0x00, 0x00, 
  0x5c, 0x06, 0xfe, 0xff, 0x01, 0x00, 0x00, 0x00, 0x5f, 0x01, 0x00, 0x00, 
  0x02, 0x00, 0x00, 0x00, 0x5c, 0x01, 0x00, 0x00, 0x4d, 0x01, 0x00, 0x00, 
  0xb6, 0xdb, 0xff, 0xff, 0x14, 0x00, 0x00, 0x00, 0x00, 0x00, 0x00, 0x23, 
  0x14, 0x00, 0x00, 0x00, 0x20, 0x00, 0x00, 0x00, 0x0d, 0x00, 0x00, 0x00, 
  0x66, 0xdf, 0xff, 0xff, 0x03, 0x00, 0x00, 0x00, 0x03, 0x00, 0x00, 0x00, 
  0x5c, 0x01, 0x00, 0x00, 0x5d, 0x01, 0x00, 0x00, 0x5e, 0x01, 0x00, 0x00, 
  0x02, 0x00, 0x00, 0x00, 0x0d, 0x00, 0x00, 0x00, 0x5b, 0x01, 0x00, 0x00, 
  0xb2, 0xdb, 0xff, 0xff, 0x10, 0x00, 0x00, 0x00, 0x00, 0x00, 0x00, 0x08, 
  0x0c, 0x00, 0x00, 0x00, 0x10, 0x00, 0x00, 0x00, 0xc4, 0x06, 0xfe, 0xff, 
  0x01, 0x00, 0x00, 0x00, 0x5b, 0x01, 0x00, 0x00, 0x03, 0x00, 0x00, 0x00, 
  0x51, 0x01, 0x00, 0x00, 0x22, 0x00, 0x00, 0x00, 0x18, 0x00, 0x00, 0x00, 
  0x22, 0xdc, 0xff, 0xff, 0x14, 0x00, 0x00, 0x00, 0x00, 0x00, 0x00, 0x40, 
  0x14, 0x00, 0x00, 0x00, 0x3c, 0x00, 0x00, 0x00, 0x0c, 0x00, 0x00, 0x00, 
  0xd2, 0xdf, 0xff, 0xff, 0x0a, 0x00, 0x00, 0x00, 0x0a, 0x00, 0x00, 0x00, 
  0x51, 0x01, 0x00, 0x00, 0x52, 0x01, 0x00, 0x00, 0x53, 0x01, 0x00, 0x00, 
  0x54, 0x01, 0x00, 0x00, 0x55, 0x01, 0x00, 0x00, 0x56, 0x01, 0x00, 0x00, 
  0x57, 0x01, 0x00, 0x00, 0x58, 0x01, 0x00, 0x00, 0x59, 0x01, 0x00, 0x00, 
  0x5a, 0x01, 0x00, 0x00, 0x01, 0x00, 0x00, 0x00, 0x50, 0x01, 0x00, 0x00, 
  0xf2, 0xdc, 0xff, 0xff, 0x0c, 0x00, 0x00, 0x00, 0x10, 0x00, 0x00, 0x00, 
  0x0b, 0x00, 0x00, 0x00, 0x01, 0x00, 0x00, 0x00, 0x50, 0x01, 0x00, 0x00, 
  0x02, 0x00, 0x00, 0x00, 0x47, 0x01, 0x00, 0x00, 0x0e, 0x00, 0x00, 0x00, 
  0x9a, 0xdc, 0xff, 0xff, 0x14, 0x00, 0x00, 0x00, 0x00, 0x00, 0x00, 0x4f, 
  0x14, 0x00, 0x00, 0x00, 0x20, 0x00, 0x00, 0x00, 0x0a, 0x00, 0x00, 0x00, 
  0x4a, 0xe0, 0xff, 0xff, 0x03, 0x00, 0x00, 0x00, 0x03, 0x00, 0x00, 0x00, 
  0x4d, 0x01, 0x00, 0x00, 0x4e, 0x01, 0x00, 0x00, 0x4f, 0x01, 0x00, 0x00, 
  0x03, 0x00, 0x00, 0x00, 0x4c, 0x01, 0x00, 0x00, 0x10, 0x00, 0x00, 0x00, 
  0x0d, 0x00, 0x00, 0x00, 0x9a, 0xdc, 0xff, 0xff, 0x10, 0x00, 0x00, 0x00, 
  0x00, 0x00, 0x00, 0x08, 0x0c, 0x00, 0x00, 0x00, 0x10, 0x00, 0x00, 0x00, 
  0xac, 0x07, 0xfe, 0xff, 0x01, 0x00, 0x00, 0x00, 0x4c, 0x01, 0x00, 0x00, 
  0x03, 0x00, 0x00, 0x00, 0x4b, 0x01, 0x00, 0x00, 0x2e, 0x00, 0x00, 0x00, 
  0x23, 0x00, 0x00, 0x00, 0x86, 0xdd, 0xff, 0xff, 0x0c, 0x00, 0x00, 0x00, 
  0x10, 0x00, 0x00, 0x00, 0x09, 0x00, 0x00, 0x00, 0x01, 0x00, 0x00, 0x00, 
  0x4b, 0x01, 0x00, 0x00, 0x02, 0x00, 0x00, 0x00, 0x4a, 0x01, 0x00, 0x00, 
  0x50, 0x00, 0x00, 0x00, 0x2e, 0xdd, 0xff, 0xff, 0x14, 0x00, 0x00, 0x00, 
  0x00, 0x00, 0x00, 0x3b, 0x14, 0x00, 0x00, 0x00, 0x18, 0x00, 0x00, 0x00, 
  0x08, 0x00, 0x00, 0x00, 0xde, 0xe0, 0xff, 0xff, 0x02, 0x00, 0x00, 0x00, 
  0x01, 0x00, 0x00, 0x00, 0x4a, 0x01, 0x00, 0x00, 0x02, 0x00, 0x00, 0x00, 
  0x49, 0x01, 0x00, 0x00, 0x0f, 0x00, 0x00, 0x00, 0x62, 0xdd, 0xff, 0xff, 
  0x14, 0x00, 0x00, 0x00, 0x00, 0x00, 0x00, 0x20, 0x14, 0x00, 0x00, 0x00, 
  0x18, 0x00, 0x00, 0x00, 0x07, 0x00, 0x00, 0x00, 0xd6, 0xe0, 0xff, 0xff, 
  0x01, 0x00, 0x00, 0x00, 0x01, 0x00, 0x00, 0x00, 0x49, 0x01, 0x00, 0x00, 
  0x04, 0x00, 0x00, 0x00, 0x48, 0x01, 0x00, 0x00, 0x09, 0x00, 0x00, 0x00, 
  0x0a, 0x00, 0x00, 0x00, 0x0a, 0x00, 0x00, 0x00, 0x9e, 0xdd, 0xff, 0xff, 
  0x14, 0x00, 0x00, 0x00, 0x00, 0x00, 0x00, 0x37, 0x14, 0x00, 0x00, 0x00, 
  0x18, 0x00, 0x00, 0x00, 0x06, 0x00, 0x00, 0x00, 0x0e, 0xdd, 0xff, 0xff, 
  0x00, 0x00, 0x00, 0x02, 0x01, 0x00, 0x00, 0x00, 0x48, 0x01, 0x00, 0x00, 
  0x01, 0x00, 0x00, 0x00, 0x47, 0x01, 0x00, 0x00, 0x4a, 0xde, 0xff, 0xff, 
  0x0c, 0x00, 0x00, 0x00, 0x10, 0x00, 0x00, 0x00, 0x16, 0x00, 0x00, 0x00, 
  0x01, 0x00, 0x00, 0x00, 0x47, 0x01, 0x00, 0x00, 0x02, 0x00, 0x00, 0x00, 
  0x46, 0x01, 0x00, 0x00, 0x11, 0x00, 0x00, 0x00, 0xf2, 0xdd, 0xff, 0xff, 
  0x14, 0x00, 0x00, 0x00, 0x00, 0x00, 0x00, 0x34, 0x10, 0x00, 0x00, 0x00, 
  0x14, 0x00, 0x00, 0x00, 0x01, 0x00, 0x00, 0x00, 0xc8, 0x08, 0xfe, 0xff, 
  0x01, 0x00, 0x00, 0x00, 0x46, 0x01, 0x00, 0x00, 0x02, 0x00, 0x00, 0x00, 
  0x45, 0x01, 0x00, 0x00, 0x02, 0x00, 0x00, 0x00, 0xe2, 0xdd, 0xff, 0xff, 
  0x10, 0x00, 0x00, 0x00, 0x00, 0x00, 0x00, 0x08, 0x10, 0x00, 0x00, 0x00, 
  0x14, 0x00, 0x00, 0x00, 0x8e, 0xdd, 0xff, 0xff, 0x00, 0x00, 0x00, 0x01, 
  0x01, 0x00, 0x00, 0x00, 0x45, 0x01, 0x00, 0x00, 0x03, 0x00, 0x00, 0x00, 
  0x44, 0x01, 0x00, 0x00, 0x30, 0x00, 0x00, 0x00, 0x2f, 0x00, 0x00, 0x00, 
  0x56, 0xde, 0xff, 0xff, 0x14, 0x00, 0x00, 0x00, 0x00, 0x00, 0x00, 0x0a, 
  0x14, 0x00, 0x00, 0x00, 0x18, 0x00, 0x00, 0x00, 0x15, 0x00, 0x00, 0x00, 
  0x06, 0xe2, 0xff, 0xff, 0x01, 0x00, 0x00, 0x00, 0x01, 0x00, 0x00, 0x00, 
  0x44, 0x01, 0x00, 0x00, 0x02, 0x00, 0x00, 0x00, 0x43, 0x01, 0x00, 0x00, 
  0x5e, 0x00, 0x00, 0x00, 0x06, 0xdf, 0xff, 0xff, 0x0c, 0x00, 0x00, 0x00, 
  0x10, 0x00, 0x00, 0x00, 0x14, 0x00, 0x00, 0x00, 0x01, 0x00, 0x00, 0x00, 
  0x43, 0x01, 0x00, 0x00, 0x01, 0x00, 0x00, 0x00, 0x42, 0x01, 0x00, 0x00, 
  0xaa, 0xde, 0xff, 0xff, 0x14, 0x00, 0x00, 0x00, 0x00, 0x00, 0x00, 0x0c, 
  0x10, 0x00, 0x00, 0x00, 0x14, 0x00, 0x00, 0x00, 0x13, 0x00, 0x00, 0x00, 
  0x80, 0x09, 0xfe, 0xff, 0x01, 0x00, 0x00, 0x00, 0x42, 0x01, 0x00, 0x00, 
  0x01, 0x00, 0x00, 0x00, 0x41, 0x01, 0x00, 0x00, 0x96, 0xde, 0xff, 0xff, 
  0x10, 0x00, 0x00, 0x00, 0x00, 0x00, 0x00, 0x08, 0x0c, 0x00, 0x00, 0x00, 
  0x10, 0x00, 0x00, 0x00, 0xa8, 0x09, 0xfe, 0xff, 0x01, 0x00, 0x00, 0x00, 
  0x41, 0x01, 0x00, 0x00, 0x03, 0x00, 0x00, 0x00, 0x40, 0x01, 0x00, 0x00, 
  0x32, 0x00, 0x00, 0x00, 0x31, 0x00, 0x00, 0x00, 0x06, 0xdf, 0xff, 0xff, 
  0x14, 0x00, 0x00, 0x00, 0x00, 0x00, 0x00, 0x0b, 0x10, 0x00, 0x00, 0x00, 
  0x14, 0x00, 0x00, 0x00, 0x0e, 0x00, 0x00, 0x00, 0xdc, 0x09, 0xfe, 0xff, 
  0x01, 0x00, 0x00, 0x00, 0x40, 0x01, 0x00, 0x00, 0x02, 0x00, 0x00, 0x00, 
  0x38, 0x01, 0x00, 0x00, 0x3f, 0x01, 0x00, 0x00, 0x36, 0xdf, 0xff, 0xff, 
  0x14, 0x00, 0x00, 0x00, 0x00, 0x00, 0x00, 0x15, 0x10, 0x00, 0x00, 0x00, 
  0x14, 0x00, 0x00, 0x00, 0x10, 0x00, 0x00, 0x00, 0x0c, 0x0a, 0xfe, 0xff, 
  0x01, 0x00, 0x00, 0x00, 0x3f, 0x01, 0x00, 0x00, 0x02, 0x00, 0x00, 0x00, 
  0x39, 0x01, 0x00, 0x00, 0x3e, 0x01, 0x00, 0x00, 0xe2, 0xdf, 0xff, 0xff, 
  0x0c, 0x00, 0x00, 0x00, 0x10, 0x00, 0x00, 0x00, 0x12, 0x00, 0x00, 0x00, 
  0x01, 0x00, 0x00, 0x00, 0x3e, 0x01, 0x00, 0x00, 0x01, 0x00, 0x00, 0x00, 
  0x3d, 0x01, 0x00, 0x00, 0x86, 0xdf, 0xff, 0xff, 0x14, 0x00, 0x00, 0x00, 
  0x00, 0x00, 0x00, 0x0b, 0x10, 0x00, 0x00, 0x00, 0x14, 0x00, 0x00, 0x00, 
  0x0e, 0x00, 0x00, 0x00, 0x5c, 0x0a, 0xfe, 0xff, 0x01, 0x00, 0x00, 0x00, 
  0x3d, 0x01, 0x00, 0x00, 0x02, 0x00, 0x00, 0x00, 0x35, 0x01, 0x00, 0x00, 
  0x3c, 0x01, 0x00, 0x00, 0xb6, 0xdf, 0xff, 0xff, 0x14, 0x00, 0x00, 0x00, 
  0x00, 0x00, 0x00, 0x15, 0x10, 0x00, 0x00, 0x00, 0x14, 0x00, 0x00, 0x00, 
  0x10, 0x00, 0x00, 0x00, 0x8c, 0x0a, 0xfe, 0xff, 0x01, 0x00, 0x00, 0x00, 
  0x3c, 0x01, 0x00, 0x00, 0x02, 0x00, 0x00, 0x00, 0x3b, 0x01, 0x00, 0x00, 
  0x31, 0x01, 0x00, 0x00, 0x62, 0xe0, 0xff, 0xff, 0x0c, 0x00, 0x00, 0x00, 
  0x10, 0x00, 0x00, 0x00, 0x0f, 0x00, 0x00, 0x00, 0x01, 0x00, 0x00, 0x00, 
  0x3b, 0x01, 0x00, 0x00, 0x01, 0x00, 0x00, 0x00, 0x3a, 0x01, 0x00, 0x00, 
  0x06, 0xe0, 0xff, 0xff, 0x14, 0x00, 0x00, 0x00, 0x00, 0x00, 0x00, 0x0b, 
  0x10, 0x00, 0x00, 0x00, 0x14, 0x00, 0x00, 0x00, 0x0e, 0x00, 0x00, 0x00, 
  0xdc, 0x0a, 0xfe, 0xff, 0x01, 0x00, 0x00, 0x00, 0x3a, 0x01, 0x00, 0x00, 
  0x02, 0x00, 0x00, 0x00, 0x34, 0x01, 0x00, 0x00, 0x30, 0x01, 0x00, 0x00, 
  0x36, 0xe0, 0xff, 0xff, 0x14, 0x00, 0x00, 0x00, 0x00, 0x00, 0x00, 0x1c, 
  0x10, 0x00, 0x00, 0x00, 0x14, 0x00, 0x00, 0x00, 0x11, 0x00, 0x00, 0x00, 
  0x0c, 0x0b, 0xfe, 0xff, 0x01, 0x00, 0x00, 0x00, 0x39, 0x01, 0x00, 0x00, 
  0x02, 0x00, 0x00, 0x00, 0x40, 0x00, 0x00, 0x00, 0x37, 0x01, 0x00, 0x00, 
  0x66, 0xe0, 0xff, 0xff, 0x14, 0x00, 0x00, 0x00, 0x00, 0x00, 0x00, 0x15, 
  0x10, 0x00, 0x00, 0x00, 0x14, 0x00, 0x00, 0x00, 0x10, 0x00, 0x00, 0x00, 
  0x3c, 0x0b, 0xfe, 0xff, 0x01, 0x00, 0x00, 0x00, 0x38, 0x01, 0x00, 0x00, 
  0x02, 0x00, 0x00, 0x00, 0x37, 0x01, 0x00, 0x00, 0x2d, 0x01, 0x00, 0x00, 
  0x12, 0xe1, 0xff, 0xff, 0x0c, 0x00, 0x00, 0x00, 0x10, 0x00, 0x00, 0x00, 
  0x0f, 0x00, 0x00, 0x00, 0x01, 0x00, 0x00, 0x00, 0x37, 0x01, 0x00, 0x00, 
  0x01, 0x00, 0x00, 0x00, 0x36, 0x01, 0x00, 0x00, 0xb6, 0xe0, 0xff, 0xff, 
  0x14, 0x00, 0x00, 0x00, 0x00, 0x00, 0x00, 0x0b, 0x10, 0x00, 0x00, 0x00, 
  0x14, 0x00, 0x00, 0x00, 0x0e, 0x00, 0x00, 0x00, 0x8c, 0x0b, 0xfe, 0xff, 
  0x01, 0x00, 0x00, 0x00, 0x36, 0x01, 0x00, 0x00, 0x02, 0x00, 0x00, 0x00, 
  0x33, 0x01, 0x00, 0x00, 0x2f, 0x01, 0x00, 0x00, 0xe6, 0xe0, 0xff, 0xff, 
  0x14, 0x00, 0x00, 0x00, 0x00, 0x00, 0x00, 0x23, 0x14, 0x00, 0x00, 0x00, 
  0x20, 0x00, 0x00, 0x00, 0x0d, 0x00, 0x00, 0x00, 0x96, 0xe4, 0xff, 0xff, 
  0x03, 0x00, 0x00, 0x00, 0x03, 0x00, 0x00, 0x00, 0x33, 0x01, 0x00, 0x00, 
  0x34, 0x01, 0x00, 0x00, 0x35, 0x01, 0x00, 0x00, 0x02, 0x00, 0x00, 0x00, 
  0x0d, 0x00, 0x00, 0x00, 0x32, 0x01, 0x00, 0x00, 0xe2, 0xe0, 0xff, 0xff, 
  0x10, 0x00, 0x00, 0x00, 0x00, 0x00, 0x00, 0x08, 0x0c, 0x00, 0x00, 0x00, 
  0x10, 0x00, 0x00, 0x00, 0xf4, 0x0b, 0xfe, 0xff, 0x01, 0x00, 0x00, 0x00, 
  0x32, 0x01, 0x00, 0x00, 0x03, 0x00, 0x00, 0x00, 0xe5, 0x00, 0x00, 0x00, 
  0x38, 0x00, 0x00, 0x00, 0x37, 0x00, 0x00, 0x00, 0x52, 0xe1, 0xff, 0xff, 
  0x14, 0x00, 0x00, 0x00, 0x00, 0x00, 0x00, 0x4f, 0x14, 0x00, 0x00, 0x00, 
  0x20, 0x00, 0x00, 0x00, 0x0a, 0x00, 0x00, 0x00, 0x02, 0xe5, 0xff, 0xff, 
  0x03, 0x00, 0x00, 0x00, 0x03, 0x00, 0x00, 0x00, 0x2f, 0x01, 0x00, 0x00, 
  0x30, 0x01, 0x00, 0x00, 0x31, 0x01, 0x00, 0x00, 0x03, 0x00, 0x00, 0x00, 
  0x2e, 0x01, 0x00, 0x00, 0x10, 0x00, 0x00, 0x00, 0x0d, 0x00, 0x00, 0x00, 
  0x52, 0xe1, 0xff, 0xff, 0x10, 0x00, 0x00, 0x00, 0x00, 0x00, 0x00, 0x08, 
  0x0c, 0x00, 0x00, 0x00, 0x10, 0x00, 0x00, 0x00, 0x64, 0x0c, 0xfe, 0xff, 
  0x01, 0x00, 0x00, 0x00, 0x2e, 0x01, 0x00, 0x00, 0x03, 0x00, 0x00, 0x00, 
  0x2d, 0x01, 0x00, 0x00, 0x3e, 0x00, 0x00, 0x00, 0x3d, 0x00, 0x00, 0x00, 
  0xc2, 0xe1, 0xff, 0xff, 0x14, 0x00, 0x00, 0x00, 0x00, 0x00, 0x00, 0x0b, 
  0x10, 0x00, 0x00, 0x00, 0x14, 0x00, 0x00, 0x00, 0x0e, 0x00, 0x00, 0x00, 
  0x98, 0x0c, 0xfe, 0xff, 0x01, 0x00, 0x00, 0x00, 0x2d, 0x01, 0x00, 0x00, 
  0x02, 0x00, 0x00, 0x00, 0x25, 0x01, 0x00, 0x00, 0x2c, 0x01, 0x00, 0x00, 
  0xf2, 0xe1, 0xff, 0xff, 0x14, 0x00, 0x00, 0x00, 0x00, 0x00, 0x00, 0x15, 
  0x10, 0x00, 0x00, 0x00, 0x14, 0x00, 0x00, 0x00, 0x10, 0x00, 0x00, 0x00, 
  0xc8, 0x0c, 0xfe, 0xff, 0x01, 0x00, 0x00, 0x00, 0x2c, 0x01, 0x00, 0x00, 
  0x02, 0x00, 0x00, 0x00, 0x26, 0x01, 0x00, 0x00, 0x2b, 0x01, 0x00, 0x00, 
  0x9e, 0xe2, 0xff, 0xff, 0x0c, 0x00, 0x00, 0x00, 0x10, 0x00, 0x00, 0x00, 
  0x12, 0x00, 0x00, 0x00, 0x01, 0x00, 0x00, 0x00, 0x2b, 0x01, 0x00, 0x00, 
  0x01, 0x00, 0x00, 0x00, 0x2a, 0x01, 0x00, 0x00, 0x42, 0xe2, 0xff, 0xff, 
  0x14, 0x00, 0x00, 0x00, 0x00, 0x00, 0x00, 0x0b, 0x10, 0x00, 0x00, 0x00, 
  0x14, 0x00, 0x00, 0x00, 0x0e, 0x00, 0x00, 0x00, 0x18, 0x0d, 0xfe, 0xff, 
  0x01, 0x00, 0x00, 0x00, 0x2a, 0x01, 0x00, 0x00, 0x02, 0x00, 0x00, 0x00, 
  0x22, 0x01, 0x00, 0x00, 0x29, 0x01, 0x00, 0x00, 0x72, 0xe2, 0xff, 0xff, 
  0x14, 0x00, 0x00, 0x00, 0x00, 0x00, 0x00, 0x15, 0x10, 0x00, 0x00, 0x00, 
  0x14, 0x00, 0x00, 0x00, 0x10, 0x00, 0x00, 0x00, 0x48, 0x0d, 0xfe, 0xff, 
  0x01, 0x00, 0x00, 0x00, 0x29, 0x01, 0x00, 0x00, 0x02, 0x00, 0x00, 0x00, 
  0x28, 0x01, 0x00, 0x00, 0x1e, 0x01, 0x00, 0x00, 0x1e, 0xe3, 0xff, 0xff, 
  0x0c, 0x00, 0x00, 0x00, 0x10, 0x00, 0x00, 0x00, 0x0f, 0x00, 0x00, 0x00, 
  0x01, 0x00, 0x00, 0x00, 0x28, 0x01, 0x00, 0x00, 0x01, 0x00, 0x00, 0x00, 
  0x27, 0x01, 0x00, 0x00, 0xc2, 0xe2, 0xff, 0xff, 0x14, 0x00, 0x00, 0x00, 
  0x00, 0x00, 0x00, 0x0b, 0x10, 0x00, 0x00, 0x00, 0x14, 0x00, 0x00, 0x00, 
  0x0e, 0x00, 0x00, 0x00, 0x98, 0x0d, 0xfe, 0xff, 0x01, 0x00, 0x00, 0x00, 
  0x27, 0x01, 0x00, 0x00, 0x02, 0x00, 0x00, 0x00, 0x21, 0x01, 0x00, 0x00, 
  0x1d, 0x01, 0x00, 0x00, 0xf2, 0xe2, 0xff, 0xff, 0x14, 0x00, 0x00, 0x00, 
  0x00, 0x00, 0x00, 0x1c, 0x10, 0x00, 0x00, 0x00, 0x14, 0x00, 0x00, 0x00, 
  0x11, 0x00, 0x00, 0x00, 0xc8, 0x0d, 0xfe, 0xff, 0x01, 0x00, 0x00, 0x00, 
  0x26, 0x01, 0x00, 0x00, 0x02, 0x00, 0x00, 0x00, 0x40, 0x00, 0x00, 0x00, 
  0x24, 0x01, 0x00, 0x00, 0x22, 0xe3, 0xff, 0xff, 0x14, 0x00, 0x00, 0x00, 
  0x00, 0x00, 0x00, 0x15, 0x10, 0x00, 0x00, 0x00, 0x14, 0x00, 0x00, 0x00, 
  0x10, 0x00, 0x00, 0x00, 0xf8, 0x0d, 0xfe, 0xff, 0x01, 0x00, 0x00, 0x00, 
  0x25, 0x01, 0x00, 0x00, 0x02, 0x00, 0x00, 0x00, 0x24, 0x01, 0x00, 0x00, 
  0x1a, 0x01, 0x00, 0x00, 0xce, 0xe3, 0xff, 0xff, 0x0c, 0x00, 0x00, 0x00, 
  0x10, 0x00, 0x00, 0x00, 0x0f, 0x00, 0x00, 0x00, 0x01, 0x00, 0x00, 0x00, 
  0x24, 0x01, 0x00, 0x00, 0x01, 0x00, 0x00, 0x00, 0x23, 0x01, 0x00, 0x00, 
  0x72, 0xe3, 0xff, 0xff, 0x14, 0x00, 0x00, 0x00, 0x00, 0x00, 0x00, 0x0b, 
  0x10, 0x00, 0x00, 0x00, 0x14, 0x00, 0x00, 0x00, 0x0e, 0x00, 0x00, 0x00, 
  0x48, 0x0e, 0xfe, 0xff, 0x01, 0x00, 0x00, 0x00, 0x23, 0x01, 0x00, 0x00, 
  0x02, 0x00, 0x00, 0x00, 0x20, 0x01, 0x00, 0x00, 0x1c, 0x01, 0x00, 0x00, 
  0xa2, 0xe3, 0xff, 0xff, 0x14, 0x00, 0x00, 0x00, 0x00, 0x00, 0x00, 0x23, 
  0x14, 0x00, 0x00, 0x00, 0x20, 0x00, 0x00, 0x00, 0x0d, 0x00, 0x00, 0x00, 
  0x52, 0xe7, 0xff, 0xff, 0x03, 0x00, 0x00, 0x00, 0x03, 0x00, 0x00, 0x00, 
  0x20, 0x01, 0x00, 0x00, 0x21, 0x01, 0x00, 0x00, 0x22, 0x01, 0x00, 0x00, 
  0x02, 0x00, 0x00, 0x00, 0x0d, 0x00, 0x00, 0x00, 0x1f, 0x01, 0x00, 0x00, 
  0x9e, 0xe3, 0xff, 0xff, 0x10, 0x00, 0x00, 0x00, 0x00, 0x00, 0x00, 0x08, 
  0x0c, 0x00, 0x00, 0x00, 0x10, 0x00, 0x00, 0x00, 0xb0, 0x0e, 0xfe, 0xff, 
  0x01, 0x00, 0x00, 0x00, 0x1f, 0x01, 0x00, 0x00, 0x03, 0x00, 0x00, 0x00, 
  0xe4, 0x00, 0x00, 0x00, 0x38, 0x00, 0x00, 0x00, 0x36, 0x00, 0x00, 0x00, 
  0x0e, 0xe4, 0xff, 0xff, 0x14, 0x00, 0x00, 0x00, 0x00, 0x00, 0x00, 0x4f, 
  0x14, 0x00, 0x00, 0x00, 0x20, 0x00, 0x00, 0x00, 0x0a, 0x00, 0x00, 0x00, 
  0xbe, 0xe7, 0xff, 0xff, 0x03, 0x00, 0x00, 0x00, 0x03, 0x00, 0x00, 0x00, 
  0x1c, 0x01, 0x00, 0x00, 0x1d, 0x01, 0x00, 0x00, 0x1e, 0x01, 0x00, 0x00, 
  0x03, 0x00, 0x00, 0x00, 0x1b, 0x01, 0x00, 0x00, 0x10, 0x00, 0x00, 0x00, 
  0x0d, 0x00, 0x00, 0x00, 0x0e, 0xe4, 0xff, 0xff, 0x10, 0x00, 0x00, 0x00, 
  0x00, 0x00, 0x00, 0x08, 0x0c, 0x00, 0x00, 0x00, 0x10, 0x00, 0x00, 0x00, 
  0x20, 0x0f, 0xfe, 0xff, 0x01, 0x00, 0x00, 0x00, 0x1b, 0x01, 0x00, 0x00, 
  0x03, 0x00, 0x00, 0x00, 0x1a, 0x01, 0x00, 0x00, 0x3e, 0x00, 0x00, 0x00, 
  0x3c, 0x00, 0x00, 0x00, 0x7e, 0xe4, 0xff, 0xff, 0x14, 0x00, 0x00, 0x00, 
  0x00, 0x00, 0x00, 0x0b, 0x10, 0x00, 0x00, 0x00, 0x14, 0x00, 0x00, 0x00, 
  0x0e, 0x00, 0x00, 0x00, 0x54, 0x0f, 0xfe, 0xff, 0x01, 0x00, 0x00, 0x00, 
  0x1a, 0x01, 0x00, 0x00, 0x02, 0x00, 0x00, 0x00, 0x12, 0x01, 0x00, 0x00, 
  0x19, 0x01, 0x00, 0x00, 0xae, 0xe4, 0xff, 0xff, 0x14, 0x00, 0x00, 0x00, 
  0x00, 0x00, 0x00, 0x15, 0x10, 0x00, 0x00, 0x00, 0x14, 0x00, 0x00, 0x00, 
  0x10, 0x00, 0x00, 0x00, 0x84, 0x0f, 0xfe, 0xff, 0x01, 0x00, 0x00, 0x00, 
  0x19, 0x01, 0x00, 0x00, 0x02, 0x00, 0x00, 0x00, 0x13, 0x01, 0x00, 0x00, 
  0x18, 0x01, 0x00, 0x00, 0x5a, 0xe5, 0xff, 0xff, 0x0c, 0x00, 0x00, 0x00, 
  0x10, 0x00, 0x00, 0x00, 0x12, 0x00, 0x00, 0x00, 0x01, 0x00, 0x00, 0x00, 
  0x18, 0x01, 0x00, 0x00, 0x01, 0x00, 0x00, 0x00, 0x17, 0x01, 0x00, 0x00, 
  0xfe, 0xe4, 0xff, 0xff, 0x14, 0x00, 0x00, 0x00, 0x00, 0x00, 0x00, 0x0b, 
  0x10, 0x00, 0x00, 0x00, 0x14, 0x00, 0x00, 0x00, 0x0e, 0x00, 0x00, 0x00, 
  0xd4, 0x0f, 0xfe, 0xff, 0x01, 0x00, 0x00, 0x00, 0x17, 0x01, 0x00, 0x00, 
  0x02, 0x00, 0x00, 0x00, 0x0f, 0x01, 0x00, 0x00, 0x16, 0x01, 0x00, 0x00, 
  0x2e, 0xe5, 0xff, 0xff, 0x14, 0x00, 0x00, 0x00, 0x00, 0x00, 0x00, 0x15, 
  0x10, 0x00, 0x00, 0x00, 0x14, 0x00, 0x00, 0x00, 0x10, 0x00, 0x00, 0x00, 
  0x04, 0x10, 0xfe, 0xff, 0x01, 0x00, 0x00, 0x00, 0x16, 0x01, 0x00, 0x00, 
  0x02, 0x00, 0x00, 0x00, 0x15, 0x01, 0x00, 0x00, 0x0b, 0x01, 0x00, 0x00, 
  0xda, 0xe5, 0xff, 0xff, 0x0c, 0x00, 0x00, 0x00, 0x10, 0x00, 0x00, 0x00, 
  0x0f, 0x00, 0x00, 0x00, 0x01, 0x00, 0x00, 0x00, 0x15, 0x01, 0x00, 0x00, 
  0x01, 0x00, 0x00, 0x00, 0x14, 0x01, 0x00, 0x00, 0x7e, 0xe5, 0xff, 0xff, 
  0x14, 0x00, 0x00, 0x00, 0x00, 0x00, 0x00, 0x0b, 0x10, 0x00, 0x00, 0x00, 
  0x14, 0x00, 0x00, 0x00, 0x0e, 0x00, 0x00, 0x00, 0x54, 0x10, 0xfe, 0xff, 
  0x01, 0x00, 0x00, 0x00, 0x14, 0x01, 0x00, 0x00, 0x02, 0x00, 0x00, 0x00, 
  0x0e, 0x01, 0x00, 0x00, 0x0a, 0x01, 0x00, 0x00, 0xae, 0xe5, 0xff, 0xff, 
  0x14, 0x00, 0x00, 0x00, 0x00, 0x00, 0x00, 0x1c, 0x10, 0x00, 0x00, 0x00, 
  0x14, 0x00, 0x00, 0x00, 0x11, 0x00, 0x00, 0x00, 0x84, 0x10, 0xfe, 0xff, 
  0x01, 0x00, 0x00, 0x00, 0x13, 0x01, 0x00, 0x00, 0x02, 0x00, 0x00, 0x00, 
  0x40, 0x00, 0x00, 0x00, 0x11, 0x01, 0x00, 0x00, 0xde, 0xe5, 0xff, 0xff, 
  0x14, 0x00, 0x00, 0x00, 0x00, 0x00, 0x00, 0x15, 0x10, 0x00, 0x00, 0x00, 
  0x14, 0x00, 0x00, 0x00, 0x10, 0x00, 0x00, 0x00, 0xb4, 0x10, 0xfe, 0xff, 
  0x01, 0x00, 0x00, 0x00, 0x12, 0x01, 0x00, 0x00, 0x02, 0x00, 0x00, 0x00, 
  0x11, 0x01, 0x00, 0x00, 0x07, 0x01, 0x00, 0x00, 0x8a, 0xe6, 0xff, 0xff, 
  0x0c, 0x00, 0x00, 0x00, 0x10, 0x00, 0x00, 0x00, 0x0f, 0x00, 0x00, 0x00, 
  0x01, 0x00, 0x00, 0x00, 0x11, 0x01, 0x00, 0x00, 0x01, 0x00, 0x00, 0x00, 
  0x10, 0x01, 0x00, 0x00, 0x2e, 0xe6, 0xff, 0xff, 0x14, 0x00, 0x00, 0x00, 
  0x00, 0x00, 0x00, 0x0b, 0x10, 0x00, 0x00, 0x00, 0x14, 0x00, 0x00, 0x00, 
  0x0e, 0x00, 0x00, 0x00, 0x04, 0x11, 0xfe, 0xff, 0x01, 0x00, 0x00, 0x00, 
  0x10, 0x01, 0x00, 0x00, 0x02, 0x00, 0x00, 0x00, 0x0d, 0x01, 0x00, 0x00, 
  0x09, 0x01, 0x00, 0x00, 0x5e, 0xe6, 0xff, 0xff, 0x14, 0x00, 0x00, 0x00, 
  0x00, 0x00, 0x00, 0x23, 0x14, 0x00, 0x00, 0x00, 0x20, 0x00, 0x00, 0x00, 
  0x0d, 0x00, 0x00, 0x00, 0x0e, 0xea, 0xff, 0xff, 0x03, 0x00, 0x00, 0x00, 
  0x03, 0x00, 0x00, 0x00, 0x0d, 0x01, 0x00, 0x00, 0x0e, 0x01, 0x00, 0x00, 
  0x0f, 0x01, 0x00, 0x00, 0x02, 0x00, 0x00, 0x00, 0x0d, 0x00, 0x00, 0x00, 
  0x0c, 0x01, 0x00, 0x00, 0x5a, 0xe6, 0xff, 0xff, 0x10, 0x00, 0x00, 0x00, 
  0x00, 0x00, 0x00, 0x08, 0x0c, 0x00, 0x00, 0x00, 0x10, 0x00, 0x00, 0x00, 
  0x6c, 0x11, 0xfe, 0xff, 0x01, 0x00, 0x00, 0x00, 0x0c, 0x01, 0x00, 0x00, 
  0x03, 0x00, 0x00, 0x00, 0xe3, 0x00, 0x00, 0x00, 0x38, 0x00, 0x00, 0x00, 
  0x35, 0x00, 0x00, 0x00, 0xca, 0xe6, 0xff, 0xff, 0x14, 0x00, 0x00, 0x00, 
  0x00, 0x00, 0x00, 0x4f, 0x14, 0x00, 0x00, 0x00, 0x20, 0x00, 0x00, 0x00, 
  0x0a, 0x00, 0x00, 0x00, 0x7a, 0xea, 0xff, 0xff, 0x03, 0x00, 0x00, 0x00, 
  0x03, 0x00, 0x00, 0x00, 0x09, 0x01, 0x00, 0x00, 0x0a, 0x01, 0x00, 0x00, 
  0x0b, 0x01, 0x00, 0x00, 0x03, 0x00, 0x00, 0x00, 0x08, 0x01, 0x00, 0x00, 
  0x10, 0x00, 0x00, 0x00, 0x0d, 0x00, 0x00, 0x00, 0xca, 0xe6, 0xff, 0xff, 
  0x10, 0x00, 0x00, 0x00, 0x00, 0x00, 0x00, 0x08, 0x0c, 0x00, 0x00, 0x00, 
  0x10, 0x00, 0x00, 0x00, 0xdc, 0x11, 0xfe, 0xff, 0x01, 0x00, 0x00, 0x00, 
  0x08, 0x01, 0x00, 0x00, 0x03, 0x00, 0x00, 0x00, 0x07, 0x01, 0x00, 0x00, 
  0x3e, 0x00, 0x00, 0x00, 0x3b, 0x00, 0x00, 0x00, 0x3a, 0xe7, 0xff, 0xff, 
  0x14, 0x00, 0x00, 0x00, 0x00, 0x00, 0x00, 0x0b, 0x10, 0x00, 0x00, 0x00, 
  0x14, 0x00, 0x00, 0x00, 0x0e, 0x00, 0x00, 0x00, 0x10, 0x12, 0xfe, 0xff, 
  0x01, 0x00, 0x00, 0x00, 0x07, 0x01, 0x00, 0x00, 0x02, 0x00, 0x00, 0x00, 
  0xff, 0x00, 0x00, 0x00, 0x06, 0x01, 0x00, 0x00, 0x6a, 0xe7, 0xff, 0xff, 
  0x14, 0x00, 0x00, 0x00, 0x00, 0x00, 0x00, 0x15, 0x10, 0x00, 0x00, 0x00, 
  0x14, 0x00, 0x00, 0x00, 0x10, 0x00, 0x00, 0x00, 0x40, 0x12, 0xfe, 0xff, 
  0x01, 0x00, 0x00, 0x00, 0x06, 0x01, 0x00, 0x00, 0x02, 0x00, 0x00, 0x00, 
  0x00, 0x01, 0x00, 0x00, 0x05, 0x01, 0x00, 0x00, 0x16, 0xe8, 0xff, 0xff, 
  0x0c, 0x00, 0x00, 0x00, 0x10, 0x00, 0x00, 0x00, 0x12, 0x00, 0x00, 0x00, 
  0x01, 0x00, 0x00, 0x00, 0x05, 0x01, 0x00, 0x00, 0x01, 0x00, 0x00, 0x00, 
  0x04, 0x01, 0x00, 0x00, 0xba, 0xe7, 0xff, 0xff, 0x14, 0x00, 0x00, 0x00, 
  0x00, 0x00, 0x00, 0x0b, 0x10, 0x00, 0x00, 0x00, 0x14, 0x00, 0x00, 0x00, 
  0x0e, 0x00, 0x00, 0x00, 0x90, 0x12, 0xfe, 0xff, 0x01, 0x00, 0x00, 0x00, 
  0x04, 0x01, 0x00, 0x00, 0x02, 0x00, 0x00, 0x00, 0xfc, 0x00, 0x00, 0x00, 
  0x03, 0x01, 0x00, 0x00, 0xea, 0xe7, 0xff, 0xff, 0x14, 0x00, 0x00, 0x00, 
  0x00, 0x00, 0x00, 0x15, 0x10, 0x00, 0x00, 0x00, 0x14, 0x00, 0x00, 0x00, 
  0x10, 0x00, 0x00, 0x00, 0xc0, 0x12, 0xfe, 0xff, 0x01, 0x00, 0x00, 0x00, 
  0x03, 0x01, 0x00, 0x00, 0x02, 0x00, 0x00, 0x00, 0x02, 0x01, 0x00, 0x00, 
  0xf8, 0x00, 0x00, 0x00, 0x96, 0xe8, 0xff, 0xff, 0x0c, 0x00, 0x00, 0x00, 
  0x10, 0x00, 0x00, 0x00, 0x0f, 0x00, 0x00, 0x00, 0x01, 0x00, 0x00, 0x00, 
  0x02, 0x01, 0x00, 0x00, 0x01, 0x00, 0x00, 0x00, 0x01, 0x01, 0x00, 0x00, 
  0x3a, 0xe8, 0xff, 0xff, 0x14, 0x00, 0x00, 0x00, 0x00, 0x00, 0x00, 0x0b, 
  0x10, 0x00, 0x00, 0x00, 0x14, 0x00, 0x00, 0x00, 0x0e, 0x00, 0x00, 0x00, 
  0x10, 0x13, 0xfe, 0xff, 0x01, 0x00, 0x00, 0x00, 0x01, 0x01, 0x00, 0x00, 
  0x02, 0x00, 0x00, 0x00, 0xfb, 0x00, 0x00, 0x00, 0xf7, 0x00, 0x00, 0x00, 
  0x6a, 0xe8, 0xff, 0xff, 0x14, 0x00, 0x00, 0x00, 0x00, 0x00, 0x00, 0x1c, 
  0x10, 0x00, 0x00, 0x00, 0x14, 0x00, 0x00, 0x00, 0x11, 0x00, 0x00, 0x00, 
  0x40, 0x13, 0xfe, 0xff, 0x01, 0x00, 0x00, 0x00, 0x00, 0x01, 0x00, 0x00, 
  0x02, 0x00, 0x00, 0x00, 0x40, 0x00, 0x00, 0x00, 0xfe, 0x00, 0x00, 0x00, 
  0x9a, 0xe8, 0xff, 0xff, 0x14, 0x00, 0x00, 0x00, 0x00, 0x00, 0x00, 0x15, 
  0x10, 0x00, 0x00, 0x00, 0x14, 0x00, 0x00, 0x00, 0x10, 0x00, 0x00, 0x00, 
  0x70, 0x13, 0xfe, 0xff, 0x01, 0x00, 0x00, 0x00, 0xff, 0x00, 0x00, 0x00, 
  0x02, 0x00, 0x00, 0x00, 0xfe, 0x00, 0x00, 0x00, 0xf4, 0x00, 0x00, 0x00, 
  0x46, 0xe9, 0xff, 0xff, 0x0c, 0x00, 0x00, 0x00, 0x10, 0x00, 0x00, 0x00, 
  0x0f, 0x00, 0x00, 0x00, 0x01, 0x00, 0x00, 0x00, 0xfe, 0x00, 0x00, 0x00, 
  0x01, 0x00, 0x00, 0x00, 0xfd, 0x00, 0x00, 0x00, 0xea, 0xe8, 0xff, 0xff, 
  0x14, 0x00, 0x00, 0x00, 0x00, 0x00, 0x00, 0x0b, 0x10, 0x00, 0x00, 0x00, 
  0x14, 0x00, 0x00, 0x00, 0x0e, 0x00, 0x00, 0x00, 0xc0, 0x13, 0xfe, 0xff, 
  0x01, 0x00, 0x00, 0x00, 0xfd, 0x00, 0x00, 0x00, 0x02, 0x00, 0x00, 0x00, 
  0xfa, 0x00, 0x00, 0x00, 0xf6, 0x00, 0x00, 0x00, 0x1a, 0xe9, 0xff, 0xff, 
  0x14, 0x00, 0x00, 0x00, 0x00, 0x00, 0x00, 0x23, 0x14, 0x00, 0x00, 0x00, 
  0x20, 0x00, 0x00, 0x00, 0x0d, 0x00, 0x00, 0x00, 0xca, 0xec, 0xff, 0xff, 
  0x03, 0x00, 0x00, 0x00, 0x03, 0x00, 0x00, 0x00, 0xfa, 0x00, 0x00, 0x00, 
  0xfb, 0x00, 0x00, 0x00, 0xfc, 0x00, 0x00, 0x00, 0x02, 0x00, 0x00, 0x00, 
  0x0d, 0x00, 0x00, 0x00, 0xf9, 0x00, 0x00, 0x00, 0x16, 0xe9, 0xff, 0xff, 
  0x10, 0x00, 0x00, 0x00, 0x00, 0x00, 0x00, 0x08, 0x0c, 0x00, 0x00, 0x00, 
  0x10, 0x00, 0x00, 0x00, 0x28, 0x14, 0xfe, 0xff, 0x01, 0x00, 0x00, 0x00, 
  0xf9, 0x00, 0x00, 0x00, 0x03, 0x00, 0x00, 0x00, 0xe2, 0x00, 0x00, 0x00, 
  0x38, 0x00, 0x00, 0x00, 0x34, 0x00, 0x00, 0x00, 0x86, 0xe9, 0xff, 0xff, 
  0x14, 0x00, 0x00, 0x00, 0x00, 0x00, 0x00, 0x4f, 0x14, 0x00, 0x00, 0x00, 
  0x20, 0x00, 0x00, 0x00, 0x0a, 0x00, 0x00, 0x00, 0x36, 0xed, 0xff, 0xff, 
  0x03, 0x00, 0x00, 0x00, 0x03, 0x00, 0x00, 0x00, 0xf6, 0x00, 0x00, 0x00, 
  0xf7, 0x00, 0x00, 0x00, 0xf8, 0x00, 0x00, 0x00, 0x03, 0x00, 0x00, 0x00, 
  0xf5, 0x00, 0x00, 0x00, 0x10, 0x00, 0x00, 0x00, 0x0d, 0x00, 0x00, 0x00, 
  0x86, 0xe9, 0xff, 0xff, 0x10, 0x00, 0x00, 0x00, 0x00, 0x00, 0x00, 0x08, 
  0x0c, 0x00, 0x00, 0x00, 0x10, 0x00, 0x00, 0x00, 0x98, 0x14, 0xfe, 0xff, 
  0x01, 0x00, 0x00, 0x00, 0xf5, 0x00, 0x00, 0x00, 0x03, 0x00, 0x00, 0x00, 
  0xf4, 0x00, 0x00, 0x00, 0x3e, 0x00, 0x00, 0x00, 0x3a, 0x00, 0x00, 0x00, 
  0xf6, 0xe9, 0xff, 0xff, 0x14, 0x00, 0x00, 0x00, 0x00, 0x00, 0x00, 0x0b, 
  0x10, 0x00, 0x00, 0x00, 0x14, 0x00, 0x00, 0x00, 0x0e, 0x00, 0x00, 0x00, 
  0xcc, 0x14, 0xfe, 0xff, 0x01, 0x00, 0x00, 0x00, 0xf4, 0x00, 0x00, 0x00, 
  0x02, 0x00, 0x00, 0x00, 0xec, 0x00, 0x00, 0x00, 0xf3, 0x00, 0x00, 0x00, 
  0x26, 0xea, 0xff, 0xff, 0x14, 0x00, 0x00, 0x00, 0x00, 0x00, 0x00, 0x15, 
  0x10, 0x00, 0x00, 0x00, 0x14, 0x00, 0x00, 0x00, 0x10, 0x00, 0x00, 0x00, 
  0xfc, 0x14, 0xfe, 0xff, 0x01, 0x00, 0x00, 0x00, 0xf3, 0x00, 0x00, 0x00, 
  0x02, 0x00, 0x00, 0x00, 0xed, 0x00, 0x00, 0x00, 0xf2, 0x00, 0x00, 0x00, 
  0xd2, 0xea, 0xff, 0xff, 0x0c, 0x00, 0x00, 0x00, 0x10, 0x00, 0x00, 0x00, 
  0x12, 0x00, 0x00, 0x00, 0x01, 0x00, 0x00, 0x00, 0xf2, 0x00, 0x00, 0x00, 
  0x01, 0x00, 0x00, 0x00, 0xf1, 0x00, 0x00, 0x00, 0x76, 0xea, 0xff, 0xff, 
  0x14, 0x00, 0x00, 0x00, 0x00, 0x00, 0x00, 0x0b, 0x10, 0x00, 0x00, 0x00, 
  0x14, 0x00, 0x00, 0x00, 0x0e, 0x00, 0x00, 0x00, 0x4c, 0x15, 0xfe, 0xff, 
  0x01, 0x00, 0x00, 0x00, 0xf1, 0x00, 0x00, 0x00, 0x02, 0x00, 0x00, 0x00, 
  0xe9, 0x00, 0x00, 0x00, 0xf0, 0x00, 0x00, 0x00, 0xa6, 0xea, 0xff, 0xff, 
  0x14, 0x00, 0x00, 0x00, 0x00, 0x00, 0x00, 0x15, 0x10, 0x00, 0x00, 0x00, 
  0x14, 0x00, 0x00, 0x00, 0x10, 0x00, 0x00, 0x00, 0x7c, 0x15, 0xfe, 0xff, 
  0x01, 0x00, 0x00, 0x00, 0xf0, 0x00, 0x00, 0x00, 0x02, 0x00, 0x00, 0x00, 
  0xef, 0x00, 0x00, 0x00, 0xe0, 0x00, 0x00, 0x00, 0x52, 0xeb, 0xff, 0xff, 
  0x0c, 0x00, 0x00, 0x00, 0x10, 0x00, 0x00, 0x00, 0x0f, 0x00, 0x00, 0x00, 
  0x01, 0x00, 0x00, 0x00, 0xef, 0x00, 0x00, 0x00, 0x01, 0x00, 0x00, 0x00, 
  0xee, 0x00, 0x00, 0x00, 0xf6, 0xea, 0xff, 0xff, 0x14, 0x00, 0x00, 0x00, 
  0x00, 0x00, 0x00, 0x0b, 0x10, 0x00, 0x00, 0x00, 0x14, 0x00, 0x00, 0x00, 
  0x0e, 0x00, 0x00, 0x00, 0xcc, 0x15, 0xfe, 0xff, 0x01, 0x00, 0x00, 0x00, 
  0xee, 0x00, 0x00, 0x00, 0x02, 0x00, 0x00, 0x00, 0xe8, 0x00, 0x00, 0x00, 
  0xdf, 0x00, 0x00, 0x00, 0x26, 0xeb, 0xff, 0xff, 0x14, 0x00, 0x00, 0x00, 
  0x00, 0x00, 0x00, 0x1c, 0x10, 0x00, 0x00, 0x00, 0x14, 0x00, 0x00, 0x00, 
  0x11, 0x00, 0x00, 0x00, 0xfc, 0x15, 0xfe, 0xff, 0x01, 0x00, 0x00, 0x00, 
  0xed, 0x00, 0x00, 0x00, 0x02, 0x00, 0x00, 0x00, 0x40, 0x00, 0x00, 0x00, 
  0xeb, 0x00, 0x00, 0x00, 0x56, 0xeb, 0xff, 0xff, 0x14, 0x00, 0x00, 0x00, 
  0x00, 0x00, 0x00, 0x15, 0x10, 0x00, 0x00, 0x00, 0x14, 0x00, 0x00, 0x00, 
  0x10, 0x00, 0x00, 0x00, 0x2c, 0x16, 0xfe, 0xff, 0x01, 0x00, 0x00, 0x00, 
  0xec, 0x00, 0x00, 0x00, 0x02, 0x00, 0x00, 0x00, 0xeb, 0x00, 0x00, 0x00, 
  0xdc, 0x00, 0x00, 0x00, 0x02, 0xec, 0xff, 0xff, 0x0c, 0x00, 0x00, 0x00, 
  0x10, 0x00, 0x00, 0x00, 0x0f, 0x00, 0x00, 0x00, 0x01, 0x00, 0x00, 0x00, 
  0xeb, 0x00, 0x00, 0x00, 0x01, 0x00, 0x00, 0x00, 0xea, 0x00, 0x00, 0x00, 
  0xa6, 0xeb, 0xff, 0xff, 0x14, 0x00, 0x00, 0x00, 0x00, 0x00, 0x00, 0x0b, 
  0x10, 0x00, 0x00, 0x00, 0x14, 0x00, 0x00, 0x00, 0x0e, 0x00, 0x00, 0x00, 
  0x7c, 0x16, 0xfe, 0xff, 0x01, 0x00, 0x00, 0x00, 0xea, 0x00, 0x00, 0x00, 
  0x02, 0x00, 0x00, 0x00, 0xe7, 0x00, 0x00, 0x00, 0xde, 0x00, 0x00, 0x00, 
  0xd6, 0xeb, 0xff, 0xff, 0x14, 0x00, 0x00, 0x00, 0x00, 0x00, 0x00, 0x23, 
  0x14, 0x00, 0x00, 0x00, 0x20, 0x00, 0x00, 0x00, 0x0d, 0x00, 0x00, 0x00, 
  0x86, 0xef, 0xff, 0xff, 0x03, 0x00, 0x00, 0x00, 0x03, 0x00, 0x00, 0x00, 
  0xe7, 0x00, 0x00, 0x00, 0xe8, 0x00, 0x00, 0x00, 0xe9, 0x00, 0x00, 0x00, 
  0x02, 0x00, 0x00, 0x00, 0x0d, 0x00, 0x00, 0x00, 0xe6, 0x00, 0x00, 0x00, 
  0xd2, 0xeb, 0xff, 0xff, 0x10, 0x00, 0x00, 0x00, 0x00, 0x00, 0x00, 0x08, 
  0x0c, 0x00, 0x00, 0x00, 0x10, 0x00, 0x00, 0x00, 0xe4, 0x16, 0xfe, 0xff, 
  0x01, 0x00, 0x00, 0x00, 0xe6, 0x00, 0x00, 0x00, 0x03, 0x00, 0x00, 0x00, 
  0xe1, 0x00, 0x00, 0x00, 0x38, 0x00, 0x00, 0x00, 0x33, 0x00, 0x00, 0x00, 
  0x42, 0xec, 0xff, 0xff, 0x14, 0x00, 0x00, 0x00, 0x00, 0x00, 0x00, 0x40, 
  0x14, 0x00, 0x00, 0x00, 0x28, 0x00, 0x00, 0x00, 0x0c, 0x00, 0x00, 0x00, 
  0xf2, 0xef, 0xff, 0xff, 0x05, 0x00, 0x00, 0x00, 0x05, 0x00, 0x00, 0x00, 
  0xe1, 0x00, 0x00, 0x00, 0xe2, 0x00, 0x00, 0x00, 0xe3, 0x00, 0x00, 0x00, 
  0xe4, 0x00, 0x00, 0x00, 0xe5, 0x00, 0x00, 0x00, 0x01, 0x00, 0x00, 0x00, 
  0xd7, 0x00, 0x00, 0x00, 0x82, 0xec, 0xff, 0xff, 0x14, 0x00, 0x00, 0x00, 
  0x00, 0x00, 0x00, 0x4f, 0x14, 0x00, 0x00, 0x00, 0x20, 0x00, 0x00, 0x00, 
  0x0a, 0x00, 0x00, 0x00, 0x32, 0xf0, 0xff, 0xff, 0x03, 0x00, 0x00, 0x00, 
  0x03, 0x00, 0x00, 0x00, 0xde, 0x00, 0x00, 0x00, 0xdf, 0x00, 0x00, 0x00, 
  0xe0, 0x00, 0x00, 0x00, 0x03, 0x00, 0x00, 0x00, 0xdd, 0x00, 0x00, 0x00, 
  0x10, 0x00, 0x00, 0x00, 0x0d, 0x00, 0x00, 0x00, 0x82, 0xec, 0xff, 0xff, 
  0x10, 0x00, 0x00, 0x00, 0x00, 0x00, 0x00, 0x08, 0x0c, 0x00, 0x00, 0x00, 
  0x10, 0x00, 0x00, 0x00, 0x94, 0x17, 0xfe, 0xff, 0x01, 0x00, 0x00, 0x00, 
  0xdd, 0x00, 0x00, 0x00, 0x03, 0x00, 0x00, 0x00, 0xdc, 0x00, 0x00, 0x00, 
  0x3f, 0x00, 0x00, 0x00, 0x39, 0x00, 0x00, 0x00, 0x6e, 0xed, 0xff, 0xff, 
  0x0c, 0x00, 0x00, 0x00, 0x10, 0x00, 0x00, 0x00, 0x09, 0x00, 0x00, 0x00, 
  0x01, 0x00, 0x00, 0x00, 0xdc, 0x00, 0x00, 0x00, 0x02, 0x00, 0x00, 0x00, 
  0xdb, 0x00, 0x00, 0x00, 0x4f, 0x00, 0x00, 0x00, 0x16, 0xed, 0xff, 0xff, 
  0x14, 0x00, 0x00, 0x00, 0x00, 0x00, 0x00, 0x3b, 0x14, 0x00, 0x00, 0x00, 
  0x18, 0x00, 0x00, 0x00, 0x08, 0x00, 0x00, 0x00, 0xc6, 0xf0, 0xff, 0xff, 
  0x02, 0x00, 0x00, 0x00, 0x01, 0x00, 0x00, 0x00, 0xdb, 0x00, 0x00, 0x00, 
  0x02, 0x00, 0x00, 0x00, 0xda, 0x00, 0x00, 0x00, 0x0f, 0x00, 0x00, 0x00, 
  0x4a, 0xed, 0xff, 0xff, 0x14, 0x00, 0x00, 0x00, 0x00, 0x00, 0x00, 0x20, 
  0x14, 0x00, 0x00, 0x00, 0x18, 0x00, 0x00, 0x00, 0x07, 0x00, 0x00, 0x00, 
  0xbe, 0xf0, 0xff, 0xff, 0x01, 0x00, 0x00, 0x00, 0x01, 0x00, 0x00, 0x00, 
  0xda, 0x00, 0x00, 0x00, 0x04, 0x00, 0x00, 0x00, 0xd9, 0x00, 0x00, 0x00, 
  0x09, 0x00, 0x00, 0x00, 0x0a, 0x00, 0x00, 0x00, 0x0a, 0x00, 0x00, 0x00, 
  0x86, 0xed, 0xff, 0xff, 0x14, 0x00, 0x00, 0x00, 0x00, 0x00, 0x00, 0x37, 
  0x14, 0x00, 0x00, 0x00, 0x18, 0x00, 0x00, 0x00, 0x06, 0x00, 0x00, 0x00, 
  0xf6, 0xec, 0xff, 0xff, 0x00, 0x00, 0x00, 0x02, 0x01, 0x00, 0x00, 0x00, 
  0xd9, 0x00, 0x00, 0x00, 0x01, 0x00, 0x00, 0x00, 0xd8, 0x00, 0x00, 0x00, 
  0x32, 0xee, 0xff, 0xff, 0x0c, 0x00, 0x00, 0x00, 0x10, 0x00, 0x00, 0x00, 
  0x0b, 0x00, 0x00, 0x00, 0x01, 0x00, 0x00, 0x00, 0xd8, 0x00, 0x00, 0x00, 
  0x02, 0x00, 0x00, 0x00, 0xd7, 0x00, 0x00, 0x00, 0x0e, 0x00, 0x00, 0x00, 
  0xda, 0xed, 0xff, 0xff, 0x14, 0x00, 0x00, 0x00, 0x00, 0x00, 0x00, 0x3b, 
  0x14, 0x00, 0x00, 0x00, 0x18, 0x00, 0x00, 0x00, 0x08, 0x00, 0x00, 0x00, 
  0x8a, 0xf1, 0xff, 0xff, 0x05, 0x00, 0x00, 0x00, 0x01, 0x00, 0x00, 0x00, 
  0xd7, 0x00, 0x00, 0x00, 0x05, 0x00, 0x00, 0x00, 0x8a, 0x00, 0x00, 0x00, 
  0x9d, 0x00, 0x00, 0x00, 0xb0, 0x00, 0x00, 0x00, 0xc3, 0x00, 0x00, 0x00, 
  0xd6, 0x00, 0x00, 0x00, 0x1a, 0xee, 0xff, 0xff, 0x14, 0x00, 0x00, 0x00, 
  0x00, 0x00, 0x00, 0x0b, 0x10, 0x00, 0x00, 0x00, 0x14, 0x00, 0x00, 0x00, 
  0x0e, 0x00, 0x00, 0x00, 0xf0, 0x18, 0xfe, 0xff, 0x01, 0x00, 0x00, 0x00, 
  0xd6, 0x00, 0x00, 0x00, 0x02, 0x00, 0x00, 0x00, 0xce, 0x00, 0x00, 0x00, 
  0xd5, 0x00, 0x00, 0x00, 0x4a, 0xee, 0xff, 0xff, 0x14, 0x00, 0x00, 0x00, 
  0x00, 0x00, 0x00, 0x15, 0x10, 0x00, 0x00, 0x00, 0x14, 0x00, 0x00, 0x00, 
  0x10, 0x00, 0x00, 0x00, 0x20, 0x19, 0xfe, 0xff, 0x01, 0x00, 0x00, 0x00, 
  0xd5, 0x00, 0x00, 0x00, 0x02, 0x00, 0x00, 0x00, 0xcf, 0x00, 0x00, 0x00, 
  0xd4, 0x00, 0x00, 0x00, 0xf6, 0xee, 0xff, 0xff, 0x0c, 0x00, 0x00, 0x00, 
  0x10, 0x00, 0x00, 0x00, 0x12, 0x00, 0x00, 0x00, 0x01, 0x00, 0x00, 0x00, 
  0xd4, 0x00, 0x00, 0x00, 0x01, 0x00, 0x00, 0x00, 0xd3, 0x00, 0x00, 0x00, 
  0x9a, 0xee, 0xff, 0xff, 0x14, 0x00, 0x00, 0x00, 0x00, 0x00, 0x00, 0x0b, 
  0x10, 0x00, 0x00, 0x00, 0x14, 0x00, 0x00, 0x00, 0x0e, 0x00, 0x00, 0x00, 
  0x70, 0x19, 0xfe, 0xff, 0x01, 0x00, 0x00, 0x00, 0xd3, 0x00, 0x00, 0x00, 
  0x02, 0x00, 0x00, 0x00, 0xcb, 0x00, 0x00, 0x00, 0xd2, 0x00, 0x00, 0x00, 
  0xca, 0xee, 0xff, 0xff, 0x14, 0x00, 0x00, 0x00, 0x00, 0x00, 0x00, 0x15, 
  0x10, 0x00, 0x00, 0x00, 0x14, 0x00, 0x00, 0x00, 0x10, 0x00, 0x00, 0x00, 
  0xa0, 0x19, 0xfe, 0xff, 0x01, 0x00, 0x00, 0x00, 0xd2, 0x00, 0x00, 0x00, 
  0x02, 0x00, 0x00, 0x00, 0xd1, 0x00, 0x00, 0x00, 0xc7, 0x00, 0x00, 0x00, 
  0x76, 0xef, 0xff, 0xff, 0x0c, 0x00, 0x00, 0x00, 0x10, 0x00, 0x00, 0x00, 
  0x0f, 0x00, 0x00, 0x00, 0x01, 0x00, 0x00, 0x00, 0xd1, 0x00, 0x00, 0x00, 
  0x01, 0x00, 0x00, 0x00, 0xd0, 0x00, 0x00, 0x00, 0x1a, 0xef, 0xff, 0xff, 
  0x14, 0x00, 0x00, 0x00, 0x00, 0x00, 0x00, 0x0b, 0x10, 0x00, 0x00, 0x00, 
  0x14, 0x00, 0x00, 0x00, 0x0e, 0x00, 0x00, 0x00, 0xf0, 0x19, 0xfe, 0xff, 
  0x01, 0x00, 0x00, 0x00, 0xd0, 0x00, 0x00, 0x00, 0x02, 0x00, 0x00, 0x00, 
  0xca, 0x00, 0x00, 0x00, 0xc6, 0x00, 0x00, 0x00, 0x4a, 0xef, 0xff, 0xff, 
  0x14, 0x00, 0x00, 0x00, 0x00, 0x00, 0x00, 0x1c, 0x10, 0x00, 0x00, 0x00, 
  0x14, 0x00, 0x00, 0x00, 0x11, 0x00, 0x00, 0x00, 0x20, 0x1a, 0xfe, 0xff, 
  0x01, 0x00, 0x00, 0x00, 0xcf, 0x00, 0x00, 0x00, 0x02, 0x00, 0x00, 0x00, 
  0x40, 0x00, 0x00, 0x00, 0xcd, 0x00, 0x00, 0x00, 0x7a, 0xef, 0xff, 0xff, 
  0x14, 0x00, 0x00, 0x00, 0x00, 0x00, 0x00, 0x15, 0x10, 0x00, 0x00, 0x00, 
  0x14, 0x00, 0x00, 0x00, 0x10, 0x00, 0x00, 0x00, 0x50, 0x1a, 0xfe, 0xff, 
  0x01, 0x00, 0x00, 0x00, 0xce, 0x00, 0x00, 0x00, 0x02, 0x00, 0x00, 0x00, 
  0xcd, 0x00, 0x00, 0x00, 0xc3, 0x00, 0x00, 0x00, 0x26, 0xf0, 0xff, 0xff, 
  0x0c, 0x00, 0x00, 0x00, 0x10, 0x00, 0x00, 0x00, 0x0f, 0x00, 0x00, 0x00, 
  0x01, 0x00, 0x00, 0x00, 0xcd, 0x00, 0x00, 0x00, 0x01, 0x00, 0x00, 0x00, 
  0xcc, 0x00, 0x00, 0x00, 0xca, 0xef, 0xff, 0xff, 0x14, 0x00, 0x00, 0x00, 
  0x00, 0x00, 0x00, 0x0b, 0x10, 0x00, 0x00, 0x00, 0x14, 0x00, 0x00, 0x00, 
  0x0e, 0x00, 0x00, 0x00, 0xa0, 0x1a, 0xfe, 0xff, 0x01, 0x00, 0x00, 0x00, 
  0xcc, 0x00, 0x00, 0x00, 0x02, 0x00, 0x00, 0x00, 0xc9, 0x00, 0x00, 0x00, 
  0xc5, 0x00, 0x00, 0x00, 0xfa, 0xef, 0xff, 0xff, 0x14, 0x00, 0x00, 0x00, 
  0x00, 0x00, 0x00, 0x23, 0x14, 0x00, 0x00, 0x00, 0x20, 0x00, 0x00, 0x00, 
  0x0d, 0x00, 0x00, 0x00, 0xaa, 0xf3, 0xff, 0xff, 0x03, 0x00, 0x00, 0x00, 
  0x03, 0x00, 0x00, 0x00, 0xc9, 0x00, 0x00, 0x00, 0xca, 0x00, 0x00, 0x00, 
  0xcb, 0x00, 0x00, 0x00, 0x02, 0x00, 0x00, 0x00, 0x0d, 0x00, 0x00, 0x00, 
  0xc8, 0x00, 0x00, 0x00, 0xf6, 0xef, 0xff, 0xff, 0x10, 0x00, 0x00, 0x00, 
  0x00, 0x00, 0x00, 0x08, 0x0c, 0x00, 0x00, 0x00, 0x10, 0x00, 0x00, 0x00, 
  0x08, 0x1b, 0xfe, 0xff, 0x01, 0x00, 0x00, 0x00, 0xc8, 0x00, 0x00, 0x00, 
  0x03, 0x00, 0x00, 0x00, 0x7b, 0x00, 0x00, 0x00, 0x46, 0x00, 0x00, 0x00, 
  0x45, 0x00, 0x00, 0x00, 0x66, 0xf0, 0xff, 0xff, 0x14, 0x00, 0x00, 0x00, 
  0x00, 0x00, 0x00, 0x4f, 0x14, 0x00, 0x00, 0x00, 0x20, 0x00, 0x00, 0x00, 
  0x0a, 0x00, 0x00, 0x00, 0x16, 0xf4, 0xff, 0xff, 0x03, 0x00, 0x00, 0x00, 
  0x03, 0x00, 0x00, 0x00, 0xc5, 0x00, 0x00, 0x00, 0xc6, 0x00, 0x00, 0x00, 
  0xc7, 0x00, 0x00, 0x00, 0x03, 0x00, 0x00, 0x00, 0xc4, 0x00, 0x00, 0x00, 
  0x0c, 0x00, 0x00, 0x00, 0x0d, 0x00, 0x00, 0x00, 0x66, 0xf0, 0xff, 0xff, 
  0x10, 0x00, 0x00, 0x00, 0x00, 0x00, 0x00, 0x08, 0x0c, 0x00, 0x00, 0x00, 
  0x10, 0x00, 0x00, 0x00, 0x78, 0x1b, 0xfe, 0xff, 0x01, 0x00, 0x00, 0x00, 
  0xc4, 0x00, 0x00, 0x00, 0x03, 0x00, 0x00, 0x00, 0xc3, 0x00, 0x00, 0x00, 
  0x4c, 0x00, 0x00, 0x00, 0x4b, 0x00, 0x00, 0x00, 0xd6, 0xf0, 0xff, 0xff, 
  0x14, 0x00, 0x00, 0x00, 0x00, 0x00, 0x00, 0x0b, 0x10, 0x00, 0x00, 0x00, 
  0x14, 0x00, 0x00, 0x00, 0x0e, 0x00, 0x00, 0x00, 0xac, 0x1b, 0xfe, 0xff, 
  0x01, 0x00, 0x00, 0x00, 0xc3, 0x00, 0x00, 0x00, 0x02, 0x00, 0x00, 0x00, 
  0xbb, 0x00, 0x00, 0x00, 0xc2, 0x00, 0x00, 0x00, 0x06, 0xf1, 0xff, 0xff, 
  0x14, 0x00, 0x00, 0x00, 0x00, 0x00, 0x00, 0x15, 0x10, 0x00, 0x00, 0x00, 
  0x14, 0x00, 0x00, 0x00, 0x10, 0x00, 0x00, 0x00, 0xdc, 0x1b, 0xfe, 0xff, 
  0x01, 0x00, 0x00, 0x00, 0xc2, 0x00, 0x00, 0x00, 0x02, 0x00, 0x00, 0x00, 
  0xbc, 0x00, 0x00, 0x00, 0xc1, 0x00, 0x00, 0x00, 0xb2, 0xf1, 0xff, 0xff, 
  0x0c, 0x00, 0x00, 0x00, 0x10, 0x00, 0x00, 0x00, 0x12, 0x00, 0x00, 0x00, 
  0x01, 0x00, 0x00, 0x00, 0xc1, 0x00, 0x00, 0x00, 0x01, 0x00, 0x00, 0x00, 
  0xc0, 0x00, 0x00, 0x00, 0x56, 0xf1, 0xff, 0xff, 0x14, 0x00, 0x00, 0x00, 
  0x00, 0x00, 0x00, 0x0b, 0x10, 0x00, 0x00, 0x00, 0x14, 0x00, 0x00, 0x00, 
  0x0e, 0x00, 0x00, 0x00, 0x2c, 0x1c, 0xfe, 0xff, 0x01, 0x00, 0x00, 0x00, 
  0xc0, 0x00, 0x00, 0x00, 0x02, 0x00, 0x00, 0x00, 0xb8, 0x00, 0x00, 0x00, 
  0xbf, 0x00, 0x00, 0x00, 0x86, 0xf1, 0xff, 0xff, 0x14, 0x00, 0x00, 0x00, 
  0x00, 0x00, 0x00, 0x15, 0x10, 0x00, 0x00, 0x00, 0x14, 0x00, 0x00, 0x00, 
  0x10, 0x00, 0x00, 0x00, 0x5c, 0x1c, 0xfe, 0xff, 0x01, 0x00, 0x00, 0x00, 
  0xbf, 0x00, 0x00, 0x00, 0x02, 0x00, 0x00, 0x00, 0xbe, 0x00, 0x00, 0x00, 
  0xb4, 0x00, 0x00, 0x00, 0x32, 0xf2, 0xff, 0xff, 0x0c, 0x00, 0x00, 0x00, 
  0x10, 0x00, 0x00, 0x00, 0x0f, 0x00, 0x00, 0x00, 0x01, 0x00, 0x00, 0x00, 
  0xbe, 0x00, 0x00, 0x00, 0x01, 0x00, 0x00, 0x00, 0xbd, 0x00, 0x00, 0x00, 
  0xd6, 0xf1, 0xff, 0xff, 0x14, 0x00, 0x00, 0x00, 0x00, 0x00, 0x00, 0x0b, 
  0x10, 0x00, 0x00, 0x00, 0x14, 0x00, 0x00, 0x00, 0x0e, 0x00, 0x00, 0x00, 
  0xac, 0x1c, 0xfe, 0xff, 0x01, 0x00, 0x00, 0x00, 0xbd, 0x00, 0x00, 0x00, 
  0x02, 0x00, 0x00, 0x00, 0xb7, 0x00, 0x00, 0x00, 0xb3, 0x00, 0x00, 0x00, 
  0x06, 0xf2, 0xff, 0xff, 0x14, 0x00, 0x00, 0x00, 0x00, 0x00, 0x00, 0x1c, 
  0x10, 0x00, 0x00, 0x00, 0x14, 0x00, 0x00, 0x00, 0x11, 0x00, 0x00, 0x00, 
  0xdc, 0x1c, 0xfe, 0xff, 0x01, 0x00, 0x00, 0x00, 0xbc, 0x00, 0x00, 0x00, 
  0x02, 0x00, 0x00, 0x00, 0x40, 0x00, 0x00, 0x00, 0xba, 0x00, 0x00, 0x00, 
  0x36, 0xf2, 0xff, 0xff, 0x14, 0x00, 0x00, 0x00, 0x00, 0x00, 0x00, 0x15, 
  0x10, 0x00, 0x00, 0x00, 0x14, 0x00, 0x00, 0x00, 0x10, 0x00, 0x00, 0x00, 
  0x0c, 0x1d, 0xfe, 0xff, 0x01, 0x00, 0x00, 0x00, 0xbb, 0x00, 0x00, 0x00, 
  0x02, 0x00, 0x00, 0x00, 0xba, 0x00, 0x00, 0x00, 0xb0, 0x00, 0x00, 0x00, 
  0xe2, 0xf2, 0xff, 0xff, 0x0c, 0x00, 0x00, 0x00, 0x10, 0x00, 0x00, 0x00, 
  0x0f, 0x00, 0x00, 0x00, 0x01, 0x00, 0x00, 0x00, 0xba, 0x00, 0x00, 0x00, 
  0x01, 0x00, 0x00, 0x00, 0xb9, 0x00, 0x00, 0x00, 0x86, 0xf2, 0xff, 0xff, 
  0x14, 0x00, 0x00, 0x00, 0x00, 0x00, 0x00, 0x0b, 0x10, 0x00, 0x00, 0x00, 
  0x14, 0x00, 0x00, 0x00, 0x0e, 0x00, 0x00, 0x00, 0x5c, 0x1d, 0xfe, 0xff, 
  0x01, 0x00, 0x00, 0x00, 0xb9, 0x00, 0x00, 0x00, 0x02, 0x00, 0x00, 0x00, 
  0xb6, 0x00, 0x00, 0x00, 0xb2, 0x00, 0x00, 0x00, 0xb6, 0xf2, 0xff, 0xff, 
  0x14, 0x00, 0x00, 0x00, 0x00, 0x00, 0x00, 0x23, 0x14, 0x00, 0x00, 0x00, 
  0x20, 0x00, 0x00, 0x00, 0x0d, 0x00, 0x00, 0x00, 0x66, 0xf6, 0xff, 0xff, 
  0x03, 0x00, 0x00, 0x00, 0x03, 0x00, 0x00, 0x00, 0xb6, 0x00, 0x00, 0x00, 
  0xb7, 0x00, 0x00, 0x00, 0xb8, 0x00, 0x00, 0x00, 0x02, 0x00, 0x00, 0x00, 
  0x0d, 0x00, 0x00, 0x00, 0xb5, 0x00, 0x00, 0x00, 0xb2, 0xf2, 0xff, 0xff, 
  0x10, 0x00, 0x00, 0x00, 0x00, 0x00, 0x00, 0x08, 0x0c, 0x00, 0x00, 0x00, 
  0x10, 0x00, 0x00, 0x00, 0xc4, 0x1d, 0xfe, 0xff, 0x01, 0x00, 0x00, 0x00, 
  0xb5, 0x00, 0x00, 0x00, 0x03, 0x00, 0x00, 0x00, 0x7a, 0x00, 0x00, 0x00, 
  0x46, 0x00, 0x00, 0x00, 0x44, 0x00, 0x00, 0x00, 0x22, 0xf3, 0xff, 0xff, 
  0x14, 0x00, 0x00, 0x00, 0x00, 0x00, 0x00, 0x4f, 0x14, 0x00, 0x00, 0x00, 
  0x20, 0x00, 0x00, 0x00, 0x0a, 0x00, 0x00, 0x00, 0xd2, 0xf6, 0xff, 0xff, 
  0x03, 0x00, 0x00, 0x00, 0x03, 0x00, 0x00, 0x00, 0xb2, 0x00, 0x00, 0x00, 
  0xb3, 0x00, 0x00, 0x00, 0xb4, 0x00, 0x00, 0x00, 0x03, 0x00, 0x00, 0x00, 
  0xb1, 0x00, 0x00, 0x00, 0x0c, 0x00, 0x00, 0x00, 0x0d, 0x00, 0x00, 0x00, 
  0x22, 0xf3, 0xff, 0xff, 0x10, 0x00, 0x00, 0x00, 0x00, 0x00, 0x00, 0x08, 
  0x0c, 0x00, 0x00, 0x00, 0x10, 0x00, 0x00, 0x00, 0x34, 0x1e, 0xfe, 0xff, 
  0x01, 0x00, 0x00, 0x00, 0xb1, 0x00, 0x00, 0x00, 0x03, 0x00, 0x00, 0x00, 
  0xb0, 0x00, 0x00, 0x00, 0x4c, 0x00, 0x00, 0x00, 0x4a, 0x00, 0x00, 0x00, 
  0x92, 0xf3, 0xff, 0xff, 0x14, 0x00, 0x00, 0x00, 0x00, 0x00, 0x00, 0x0b, 
  0x10, 0x00, 0x00, 0x00, 0x14, 0x00, 0x00, 0x00, 0x0e, 0x00, 0x00, 0x00, 
  0x68, 0x1e, 0xfe, 0xff, 0x01, 0x00, 0x00, 0x00, 0xb0, 0x00, 0x00, 0x00, 
  0x02, 0x00, 0x00, 0x00, 0xa8, 0x00, 0x00, 0x00, 0xaf, 0x00, 0x00, 0x00, 
  0xc2, 0xf3, 0xff, 0xff, 0x14, 0x00, 0x00, 0x00, 0x00, 0x00, 0x00, 0x15, 
  0x10, 0x00, 0x00, 0x00, 0x14, 0x00, 0x00, 0x00, 0x10, 0x00, 0x00, 0x00, 
  0x98, 0x1e, 0xfe, 0xff, 0x01, 0x00, 0x00, 0x00, 0xaf, 0x00, 0x00, 0x00, 
  0x02, 0x00, 0x00, 0x00, 0xa9, 0x00, 0x00, 0x00, 0xae, 0x00, 0x00, 0x00, 
  0x6e, 0xf4, 0xff, 0xff, 0x0c, 0x00, 0x00, 0x00, 0x10, 0x00, 0x00, 0x00, 
  0x12, 0x00, 0x00, 0x00, 0x01, 0x00, 0x00, 0x00, 0xae, 0x00, 0x00, 0x00, 
  0x01, 0x00, 0x00, 0x00, 0xad, 0x00, 0x00, 0x00, 0x12, 0xf4, 0xff, 0xff, 
  0x14, 0x00, 0x00, 0x00, 0x00, 0x00, 0x00, 0x0b, 0x10, 0x00, 0x00, 0x00, 
  0x14, 0x00, 0x00, 0x00, 0x0e, 0x00, 0x00, 0x00, 0xe8, 0x1e, 0xfe, 0xff, 
  0x01, 0x00, 0x00, 0x00, 0xad, 0x00, 0x00, 0x00, 0x02, 0x00, 0x00, 0x00, 
  0xa5, 0x00, 0x00, 0x00, 0xac, 0x00, 0x00, 0x00, 0x42, 0xf4, 0xff, 0xff, 
  0x14, 0x00, 0x00, 0x00, 0x00, 0x00, 0x00, 0x15, 0x10, 0x00, 0x00, 0x00, 
  0x14, 0x00, 0x00, 0x00, 0x10, 0x00, 0x00, 0x00, 0x18, 0x1f, 0xfe, 0xff, 
  0x01, 0x00, 0x00, 0x00, 0xac, 0x00, 0x00, 0x00, 0x02, 0x00, 0x00, 0x00, 
  0xab, 0x00, 0x00, 0x00, 0xa1, 0x00, 0x00, 0x00, 0xee, 0xf4, 0xff, 0xff, 
  0x0c, 0x00, 0x00, 0x00, 0x10, 0x00, 0x00, 0x00, 0x0f, 0x00, 0x00, 0x00, 
  0x01, 0x00, 0x00, 0x00, 0xab, 0x00, 0x00, 0x00, 0x01, 0x00, 0x00, 0x00, 
  0xaa, 0x00, 0x00, 0x00, 0x92, 0xf4, 0xff, 0xff, 0x14, 0x00, 0x00, 0x00, 
  0x00, 0x00, 0x00, 0x0b, 0x10, 0x00, 0x00, 0x00, 0x14, 0x00, 0x00, 0x00, 
  0x0e, 0x00, 0x00, 0x00, 0x68, 0x1f, 0xfe, 0xff, 0x01, 0x00, 0x00, 0x00, 
  0xaa, 0x00, 0x00, 0x00, 0x02, 0x00, 0x00, 0x00, 0xa4, 0x00, 0x00, 0x00, 
  0xa0, 0x00, 0x00, 0x00, 0xc2, 0xf4, 0xff, 0xff, 0x14, 0x00, 0x00, 0x00, 
  0x00, 0x00, 0x00, 0x1c, 0x10, 0x00, 0x00, 0x00, 0x14, 0x00, 0x00, 0x00, 
  0x11, 0x00, 0x00, 0x00, 0x98, 0x1f, 0xfe, 0xff, 0x01, 0x00, 0x00, 0x00, 
  0xa9, 0x00, 0x00, 0x00, 0x02, 0x00, 0x00, 0x00, 0x40, 0x00, 0x00, 0x00, 
  0xa7, 0x00, 0x00, 0x00, 0xf2, 0xf4, 0xff, 0xff, 0x14, 0x00, 0x00, 0x00, 
  0x00, 0x00, 0x00, 0x15, 0x10, 0x00, 0x00, 0x00, 0x14, 0x00, 0x00, 0x00, 
  0x10, 0x00, 0x00, 0x00, 0xc8, 0x1f, 0xfe, 0xff, 0x01, 0x00, 0x00, 0x00, 
  0xa8, 0x00, 0x00, 0x00, 0x02, 0x00, 0x00, 0x00, 0xa7, 0x00, 0x00, 0x00, 
  0x9d, 0x00, 0x00, 0x00, 0x9e, 0xf5, 0xff, 0xff, 0x0c, 0x00, 0x00, 0x00, 
  0x10, 0x00, 0x00, 0x00, 0x0f, 0x00, 0x00, 0x00, 0x01, 0x00, 0x00, 0x00, 
  0xa7, 0x00, 0x00, 0x00, 0x01, 0x00, 0x00, 0x00, 0xa6, 0x00, 0x00, 0x00, 
  0x42, 0xf5, 0xff, 0xff, 0x14, 0x00, 0x00, 0x00, 0x00, 0x00, 0x00, 0x0b, 
  0x10, 0x00, 0x00, 0x00, 0x14, 0x00, 0x00, 0x00, 0x0e, 0x00, 0x00, 0x00, 
  0x18, 0x20, 0xfe, 0xff, 0x01, 0x00, 0x00, 0x00, 0xa6, 0x00, 0x00, 0x00, 
  0x02, 0x00, 0x00, 0x00, 0xa3, 0x00, 0x00, 0x00, 0x9f, 0x00, 0x00, 0x00, 
  0x72, 0xf5, 0xff, 0xff, 0x14, 0x00, 0x00, 0x00, 0x00, 0x00, 0x00, 0x23, 
  0x14, 0x00, 0x00, 0x00, 0x20, 0x00, 0x00, 0x00, 0x0d, 0x00, 0x00, 0x00, 
  0x22, 0xf9, 0xff, 0xff, 0x03, 0x00, 0x00, 0x00, 0x03, 0x00, 0x00, 0x00, 
  0xa3, 0x00, 0x00, 0x00, 0xa4, 0x00, 0x00, 0x00, 0xa5, 0x00, 0x00, 0x00, 
  0x02, 0x00, 0x00, 0x00, 0x0d, 0x00, 0x00, 0x00, 0xa2, 0x00, 0x00, 0x00, 
  0x6e, 0xf5, 0xff, 0xff, 0x10, 0x00, 0x00, 0x00, 0x00, 0x00, 0x00, 0x08, 
  0x0c, 0x00, 0x00, 0x00, 0x10, 0x00, 0x00, 0x00, 0x80, 0x20, 0xfe, 0xff, 
  0x01, 0x00, 0x00, 0x00, 0xa2, 0x00, 0x00, 0x00, 0x03, 0x00, 0x00, 0x00, 
  0x79, 0x00, 0x00, 0x00, 0x46, 0x00, 0x00, 0x00, 0x43, 0x00, 0x00, 0x00, 
  0xde, 0xf5, 0xff, 0xff, 0x14, 0x00, 0x00, 0x00, 0x00, 0x00, 0x00, 0x4f, 
  0x14, 0x00, 0x00, 0x00, 0x20, 0x00, 0x00, 0x00, 0x0a, 0x00, 0x00, 0x00, 
  0x8e, 0xf9, 0xff, 0xff, 0x03, 0x00, 0x00, 0x00, 0x03, 0x00, 0x00, 0x00, 
  0x9f, 0x00, 0x00, 0x00, 0xa0, 0x00, 0x00, 0x00, 0xa1, 0x00, 0x00, 0x00, 
  0x03, 0x00, 0x00, 0x00, 0x9e, 0x00, 0x00, 0x00, 0x0c, 0x00, 0x00, 0x00, 
  0x0d, 0x00, 0x00, 0x00, 0xde, 0xf5, 0xff, 0xff, 0x10, 0x00, 0x00, 0x00, 
  0x00, 0x00, 0x00, 0x08, 0x0c, 0x00, 0x00, 0x00, 0x10, 0x00, 0x00, 0x00, 
  0xf0, 0x20, 0xfe, 0xff, 0x01, 0x00, 0x00, 0x00, 0x9e, 0x00, 0x00, 0x00, 
  0x03, 0x00, 0x00, 0x00, 0x9d, 0x00, 0x00, 0x00, 0x4c, 0x00, 0x00, 0x00, 
  0x49, 0x00, 0x00, 0x00, 0x4e, 0xf6, 0xff, 0xff, 0x14, 0x00, 0x00, 0x00, 
  0x00, 0x00, 0x00, 0x0b, 0x10, 0x00, 0x00, 0x00, 0x14, 0x00, 0x00, 0x00, 
  0x0e, 0x00, 0x00, 0x00, 0x24, 0x21, 0xfe, 0xff, 0x01, 0x00, 0x00, 0x00, 
  0x9d, 0x00, 0x00, 0x00, 0x02, 0x00, 0x00, 0x00, 0x95, 0x00, 0x00, 0x00, 
  0x9c, 0x00, 0x00, 0x00, 0x7e, 0xf6, 0xff, 0xff, 0x14, 0x00, 0x00, 0x00, 
  0x00, 0x00, 0x00, 0x15, 0x10, 0x00, 0x00, 0x00, 0x14, 0x00, 0x00, 0x00, 
  0x10, 0x00, 0x00, 0x00, 0x54, 0x21, 0xfe, 0xff, 0x01, 0x00, 0x00, 0x00, 
  0x9c, 0x00, 0x00, 0x00, 0x02, 0x00, 0x00, 0x00, 0x96, 0x00, 0x00, 0x00, 
  0x9b, 0x00, 0x00, 0x00, 0x2a, 0xf7, 0xff, 0xff, 0x0c, 0x00, 0x00, 0x00, 
  0x10, 0x00, 0x00, 0x00, 0x12, 0x00, 0x00, 0x00, 0x01, 0x00, 0x00, 0x00, 
  0x9b, 0x00, 0x00, 0x00, 0x01, 0x00, 0x00, 0x00, 0x9a, 0x00, 0x00, 0x00, 
  0xce, 0xf6, 0xff, 0xff, 0x14, 0x00, 0x00, 0x00, 0x00, 0x00, 0x00, 0x0b, 
  0x10, 0x00, 0x00, 0x00, 0x14, 0x00, 0x00, 0x00, 0x0e, 0x00, 0x00, 0x00, 
  0xa4, 0x21, 0xfe, 0xff, 0x01, 0x00, 0x00, 0x00, 0x9a, 0x00, 0x00, 0x00, 
  0x02, 0x00, 0x00, 0x00, 0x92, 0x00, 0x00, 0x00, 0x99, 0x00, 0x00, 0x00, 
  0xfe, 0xf6, 0xff, 0xff, 0x14, 0x00, 0x00, 0x00, 0x00, 0x00, 0x00, 0x15, 
  0x10, 0x00, 0x00, 0x00, 0x14, 0x00, 0x00, 0x00, 0x10, 0x00, 0x00, 0x00, 
  0xd4, 0x21, 0xfe, 0xff, 0x01, 0x00, 0x00, 0x00, 0x99, 0x00, 0x00, 0x00, 
  0x02, 0x00, 0x00, 0x00, 0x98, 0x00, 0x00, 0x00, 0x8e, 0x00, 0x00, 0x00, 
  0xaa, 0xf7, 0xff, 0xff, 0x0c, 0x00, 0x00, 0x00, 0x10, 0x00, 0x00, 0x00, 
  0x0f, 0x00, 0x00, 0x00, 0x01, 0x00, 0x00, 0x00, 0x98, 0x00, 0x00, 0x00, 
  0x01, 0x00, 0x00, 0x00, 0x97, 0x00, 0x00, 0x00, 0x4e, 0xf7, 0xff, 0xff, 
  0x14, 0x00, 0x00, 0x00, 0x00, 0x00, 0x00, 0x0b, 0x10, 0x00, 0x00, 0x00, 
  0x14, 0x00, 0x00, 0x00, 0x0e, 0x00, 0x00, 0x00, 0x24, 0x22, 0xfe, 0xff, 
  0x01, 0x00, 0x00, 0x00, 0x97, 0x00, 0x00, 0x00, 0x02, 0x00, 0x00, 0x00, 
  0x91, 0x00, 0x00, 0x00, 0x8d, 0x00, 0x00, 0x00, 0x7e, 0xf7, 0xff, 0xff, 
  0x14, 0x00, 0x00, 0x00, 0x00, 0x00, 0x00, 0x1c, 0x10, 0x00, 0x00, 0x00, 
  0x14, 0x00, 0x00, 0x00, 0x11, 0x00, 0x00, 0x00, 0x54, 0x22, 0xfe, 0xff, 
  0x01, 0x00, 0x00, 0x00, 0x96, 0x00, 0x00, 0x00, 0x02, 0x00, 0x00, 0x00, 
  0x40, 0x00, 0x00, 0x00, 0x94, 0x00, 0x00, 0x00, 0xae, 0xf7, 0xff, 0xff, 
  0x14, 0x00, 0x00, 0x00, 0x00, 0x00, 0x00, 0x15, 0x10, 0x00, 0x00, 0x00, 
  0x14, 0x00, 0x00, 0x00, 0x10, 0x00, 0x00, 0x00, 0x84, 0x22, 0xfe, 0xff, 
  0x01, 0x00, 0x00, 0x00, 0x95, 0x00, 0x00, 0x00, 0x02, 0x00, 0x00, 0x00, 
  0x94, 0x00, 0x00, 0x00, 0x8a, 0x00, 0x00, 0x00, 0x5a, 0xf8, 0xff, 0xff, 
  0x0c, 0x00, 0x00, 0x00, 0x10, 0x00, 0x00, 0x00, 0x0f, 0x00, 0x00, 0x00, 
  0x01, 0x00, 0x00, 0x00, 0x94, 0x00, 0x00, 0x00, 0x01, 0x00, 0x00, 0x00, 
  0x93, 0x00, 0x00, 0x00, 0xfe, 0xf7, 0xff, 0xff, 0x14, 0x00, 0x00, 0x00, 
  0x00, 0x00, 0x00, 0x0b, 0x10, 0x00, 0x00, 0x00, 0x14, 0x00, 0x00, 0x00, 
  0x0e, 0x00, 0x00, 0x00, 0xd4, 0x22, 0xfe, 0xff, 0x01, 0x00, 0x00, 0x00, 
  0x93, 0x00, 0x00, 0x00, 0x02, 0x00, 0x00, 0x00, 0x90, 0x00, 0x00, 0x00, 
  0x8c, 0x00, 0x00, 0x00, 0x2e, 0xf8, 0xff, 0xff, 0x14, 0x00, 0x00, 0x00, 
  0x00, 0x00, 0x00, 0x23, 0x14, 0x00, 0x00, 0x00, 0x20, 0x00, 0x00, 0x00, 
  0x0d, 0x00, 0x00, 0x00, 0xde, 0xfb, 0xff, 0xff, 0x03, 0x00, 0x00, 0x00, 
  0x03, 0x00, 0x00, 0x00, 0x90, 0x00, 0x00, 0x00, 0x91, 0x00, 0x00, 0x00, 
  0x92, 0x00, 0x00, 0x00, 0x02, 0x00, 0x00, 0x00, 0x0d, 0x00, 0x00, 0x00, 
  0x8f, 0x00, 0x00, 0x00, 0x2a, 0xf8, 0xff, 0xff, 0x10, 0x00, 0x00, 0x00, 
  0x00, 0x00, 0x00, 0x08, 0x0c, 0x00, 0x00, 0x00, 0x10, 0x00, 0x00, 0x00, 
  0x3c, 0x23, 0xfe, 0xff, 0x01, 0x00, 0x00, 0x00, 0x8f, 0x00, 0x00, 0x00, 
  0x03, 0x00, 0x00, 0x00, 0x78, 0x00, 0x00, 0x00, 0x46, 0x00, 0x00, 0x00, 
  0x42, 0x00, 0x00, 0x00, 0x9a, 0xf8, 0xff, 0xff, 0x14, 0x00, 0x00, 0x00, 
  0x00, 0x00, 0x00, 0x4f, 0x14, 0x00, 0x00, 0x00, 0x20, 0x00, 0x00, 0x00, 
  0x0a, 0x00, 0x00, 0x00, 0x4a, 0xfc, 0xff, 0xff, 0x03, 0x00, 0x00, 0x00, 
  0x03, 0x00, 0x00, 0x00, 0x8c, 0x00, 0x00, 0x00, 0x8d, 0x00, 0x00, 0x00, 
  0x8e, 0x00, 0x00, 0x00, 0x03, 0x00, 0x00, 0x00, 0x8b, 0x00, 0x00, 0x00, 
  0x0c, 0x00, 0x00, 0x00, 0x0d, 0x00, 0x00, 0x00, 0x9a, 0xf8, 0xff, 0xff, 
  0x10, 0x00, 0x00, 0x00, 0x00, 0x00, 0x00, 0x08, 0x0c, 0x00, 0x00, 0x00, 
  0x10, 0x00, 0x00, 0x00, 0xac, 0x23, 0xfe, 0xff, 0x01, 0x00, 0x00, 0x00, 
  0x8b, 0x00, 0x00, 0x00, 0x03, 0x00, 0x00, 0x00, 0x8a, 0x00, 0x00, 0x00, 
  0x4c, 0x00, 0x00, 0x00, 0x48, 0x00, 0x00, 0x00, 0x0a, 0xf9, 0xff, 0xff, 
  0x14, 0x00, 0x00, 0x00, 0x00, 0x00, 0x00, 0x0b, 0x10, 0x00, 0x00, 0x00, 
  0x14, 0x00, 0x00, 0x00, 0x0e, 0x00, 0x00, 0x00, 0xe0, 0x23, 0xfe, 0xff, 
  0x01, 0x00, 0x00, 0x00, 0x8a, 0x00, 0x00, 0x00, 0x02, 0x00, 0x00, 0x00, 
  0x82, 0x00, 0x00, 0x00, 0x89, 0x00, 0x00, 0x00, 0x3a, 0xf9, 0xff, 0xff, 
  0x14, 0x00, 0x00, 0x00, 0x00, 0x00, 0x00, 0x15, 0x10, 0x00, 0x00, 0x00, 
  0x14, 0x00, 0x00, 0x00, 0x10, 0x00, 0x00, 0x00, 0x10, 0x24, 0xfe, 0xff, 
  0x01, 0x00, 0x00, 0x00, 0x89, 0x00, 0x00, 0x00, 0x02, 0x00, 0x00, 0x00, 
  0x83, 0x00, 0x00, 0x00, 0x88, 0x00, 0x00, 0x00, 0xe6, 0xf9, 0xff, 0xff, 
  0x0c, 0x00, 0x00, 0x00, 0x10, 0x00, 0x00, 0x00, 0x12, 0x00, 0x00, 0x00, 
  0x01, 0x00, 0x00, 0x00, 0x88, 0x00, 0x00, 0x00, 0x01, 0x00, 0x00, 0x00, 
  0x87, 0x00, 0x00, 0x00, 0x8a, 0xf9, 0xff, 0xff, 0x14, 0x00, 0x00, 0x00, 
  0x00, 0x00, 0x00, 0x0b, 0x10, 0x00, 0x00, 0x00, 0x14, 0x00, 0x00, 0x00, 
  0x0e, 0x00, 0x00, 0x00, 0x60, 0x24, 0xfe, 0xff, 0x01, 0x00, 0x00, 0x00, 
  0x87, 0x00, 0x00, 0x00, 0x02, 0x00, 0x00, 0x00, 0x7f, 0x00, 0x00, 0x00, 
  0x86, 0x00, 0x00, 0x00, 0xba, 0xf9, 0xff, 0xff, 0x14, 0x00, 0x00, 0x00, 
  0x00, 0x00, 0x00, 0x15, 0x10, 0x00, 0x00, 0x00, 0x14, 0x00, 0x00, 0x00, 
  0x10, 0x00, 0x00, 0x00, 0x90, 0x24, 0xfe, 0xff, 0x01, 0x00, 0x00, 0x00, 
  0x86, 0x00, 0x00, 0x00, 0x02, 0x00, 0x00, 0x00, 0x85, 0x00, 0x00, 0x00, 
  0x75, 0x00, 0x00, 0x00, 0x66, 0xfa, 0xff, 0xff, 0x0c, 0x00, 0x00, 0x00, 
  0x10, 0x00, 0x00, 0x00, 0x0f, 0x00, 0x00, 0x00, 0x01, 0x00, 0x00, 0x00, 
  0x85, 0x00, 0x00, 0x00, 0x01, 0x00, 0x00, 0x00, 0x84, 0x00, 0x00, 0x00, 
  0x0a, 0xfa, 0xff, 0xff, 0x14, 0x00, 0x00, 0x00, 0x00, 0x00, 0x00, 0x0b, 
  0x10, 0x00, 0x00, 0x00, 0x14, 0x00, 0x00, 0x00, 0x0e, 0x00, 0x00, 0x00, 
  0xe0, 0x24, 0xfe, 0xff, 0x01, 0x00, 0x00, 0x00, 0x84, 0x00, 0x00, 0x00, 
  0x02, 0x00, 0x00, 0x00, 0x7e, 0x00, 0x00, 0x00, 0x74, 0x00, 0x00, 0x00, 
  0x3a, 0xfa, 0xff, 0xff, 0x14, 0x00, 0x00, 0x00, 0x00, 0x00, 0x00, 0x1c, 
  0x10, 0x00, 0x00, 0x00, 0x14, 0x00, 0x00, 0x00, 0x11, 0x00, 0x00, 0x00, 
  0x10, 0x25, 0xfe, 0xff, 0x01, 0x00, 0x00, 0x00, 0x83, 0x00, 0x00, 0x00, 
  0x02, 0x00, 0x00, 0x00, 0x40, 0x00, 0x00, 0x00, 0x81, 0x00, 0x00, 0x00, 
  0x6a, 0xfa, 0xff, 0xff, 0x14, 0x00, 0x00, 0x00, 0x00, 0x00, 0x00, 0x15, 
  0x10, 0x00, 0x00, 0x00, 0x14, 0x00, 0x00, 0x00, 0x10, 0x00, 0x00, 0x00, 
  0x40, 0x25, 0xfe, 0xff, 0x01, 0x00, 0x00, 0x00, 0x82, 0x00, 0x00, 0x00, 
  0x02, 0x00, 0x00, 0x00, 0x81, 0x00, 0x00, 0x00, 0x71, 0x00, 0x00, 0x00, 
  0x16, 0xfb, 0xff, 0xff, 0x0c, 0x00, 0x00, 0x00, 0x10, 0x00, 0x00, 0x00, 
  0x0f, 0x00, 0x00, 0x00, 0x01, 0x00, 0x00, 0x00, 0x81, 0x00, 0x00, 0x00, 
  0x01, 0x00, 0x00, 0x00, 0x80, 0x00, 0x00, 0x00, 0xba, 0xfa, 0xff, 0xff, 
  0x14, 0x00, 0x00, 0x00, 0x00, 0x00, 0x00, 0x0b, 0x10, 0x00, 0x00, 0x00, 
  0x14, 0x00, 0x00, 0x00, 0x0e, 0x00, 0x00, 0x00, 0x90, 0x25, 0xfe, 0xff, 
  0x01, 0x00, 0x00, 0x00, 0x80, 0x00, 0x00, 0x00, 0x02, 0x00, 0x00, 0x00, 
  0x7d, 0x00, 0x00, 0x00, 0x73, 0x00, 0x00, 0x00, 0xea, 0xfa, 0xff, 0xff, 
  0x14, 0x00, 0x00, 0x00, 0x00, 0x00, 0x00, 0x23, 0x14, 0x00, 0x00, 0x00, 
  0x20, 0x00, 0x00, 0x00, 0x0d, 0x00, 0x00, 0x00, 0x9a, 0xfe, 0xff, 0xff, 
  0x03, 0x00, 0x00, 0x00, 0x03, 0x00, 0x00, 0x00, 0x7d, 0x00, 0x00, 0x00, 
  0x7e, 0x00, 0x00, 0x00, 0x7f, 0x00, 0x00, 0x00, 0x02, 0x00, 0x00, 0x00, 
  0x0d, 0x00, 0x00, 0x00, 0x7c, 0x00, 0x00, 0x00, 0xe6, 0xfa, 0xff, 0xff, 
  0x10, 0x00, 0x00, 0x00, 0x00, 0x00, 0x00, 0x08, 0x0c, 0x00, 0x00, 0x00, 
  0x10, 0x00, 0x00, 0x00, 0xf8, 0x25, 0xfe, 0xff, 0x01, 0x00, 0x00, 0x00, 
  0x7c, 0x00, 0x00, 0x00, 0x03, 0x00, 0x00, 0x00, 0x77, 0x00, 0x00, 0x00, 
  0x46, 0x00, 0x00, 0x00, 0x41, 0x00, 0x00, 0x00, 0x56, 0xfb, 0xff, 0xff, 
  0x14, 0x00, 0x00, 0x00, 0x00, 0x00, 0x00, 0x40, 0x14, 0x00, 0x00, 0x00, 
  0x28, 0x00, 0x00, 0x00, 0x0c, 0x00, 0x00, 0x00, 0x06, 0xff, 0xff, 0xff, 
  0x05, 0x00, 0x00, 0x00, 0x05, 0x00, 0x00, 0x00, 0x77, 0x00, 0x00, 0x00, 
  0x78, 0x00, 0x00, 0x00, 0x79, 0x00, 0x00, 0x00, 0x7a, 0x00, 0x00, 0x00, 
  0x7b, 0x00, 0x00, 0x00, 0x01, 0x00, 0x00, 0x00, 0x76, 0x00, 0x00, 0x00, 
  0x12, 0xfc, 0xff, 0xff, 0x0c, 0x00, 0x00, 0x00, 0x10, 0x00, 0x00, 0x00, 
  0x0b, 0x00, 0x00, 0x00, 0x01, 0x00, 0x00, 0x00, 0x76, 0x00, 0x00, 0x00, 
  0x02, 0x00, 0x00, 0x00, 0x6d, 0x00, 0x00, 0x00, 0x0e, 0x00, 0x00, 0x00, 
  0xba, 0xfb, 0xff, 0xff, 0x14, 0x00, 0x00, 0x00, 0x00, 0x00, 0x00, 0x4f, 
  0x14, 0x00, 0x00, 0x00, 0x20, 0x00, 0x00, 0x00, 0x0a, 0x00, 0x00, 0x00, 
  0x6a, 0xff, 0xff, 0xff, 0x03, 0x00, 0x00, 0x00, 0x03, 0x00, 0x00, 0x00, 
  0x73, 0x00, 0x00, 0x00, 0x74, 0x00, 0x00, 0x00, 0x75, 0x00, 0x00, 0x00, 
  0x03, 0x00, 0x00, 0x00, 0x72, 0x00, 0x00, 0x00, 0x0c, 0x00, 0x00, 0x00, 
  0x0d, 0x00, 0x00, 0x00, 0xba, 0xfb, 0xff, 0xff, 0x10, 0x00, 0x00, 0x00, 
  0x00, 0x00, 0x00, 0x08, 0x0c, 0x00, 0x00, 0x00, 0x10, 0x00, 0x00, 0x00, 
  0xcc, 0x26, 0xfe, 0xff, 0x01, 0x00, 0x00, 0x00, 0x72, 0x00, 0x00, 0x00, 
  0x03, 0x00, 0x00, 0x00, 0x71, 0x00, 0x00, 0x00, 0x4d, 0x00, 0x00, 0x00, 
  0x47, 0x00, 0x00, 0x00, 0xa6, 0xfc, 0xff, 0xff, 0x0c, 0x00, 0x00, 0x00, 
  0x10, 0x00, 0x00, 0x00, 0x09, 0x00, 0x00, 0x00, 0x01, 0x00, 0x00, 0x00, 
  0x71, 0x00, 0x00, 0x00, 0x02, 0x00, 0x00, 0x00, 0x70, 0x00, 0x00, 0x00, 
  0x4e, 0x00, 0x00, 0x00, 0xfa, 0xfd, 0xff, 0xff, 0x1c, 0x00, 0x00, 0x00, 
  0x00, 0x00, 0x00, 0x3b, 0x1c, 0x00, 0x00, 0x00, 0x20, 0x00, 0x00, 0x00, 
  0x08, 0x00, 0x00, 0x00, 0x00, 0x00, 0x06, 0x00, 0x08, 0x00, 0x04, 0x00, 
  0x06, 0x00, 0x00, 0x00, 0x02, 0x00, 0x00, 0x00, 0x01, 0x00, 0x00, 0x00, 
  0x70, 0x00, 0x00, 0x00, 0x02, 0x00, 0x00, 0x00, 0x6f, 0x00, 0x00, 0x00, 
  0x0b, 0x00, 0x00, 0x00, 0x36, 0xfe, 0xff, 0xff, 0x24, 0x00, 0x00, 0x00, 
  0x00, 0x00, 0x00, 0x20, 0x24, 0x00, 0x00, 0x00, 0x28, 0x00, 0x00, 0x00, 
  0x07, 0x00, 0x00, 0x00, 0x00, 0x00, 0x0e, 0x00, 0x08, 0x00, 0x00, 0x00, 
  0x00, 0x00, 0x00, 0x00, 0x00, 0x00, 0x04, 0x00, 0x0e, 0x00, 0x00, 0x00, 
  0x01, 0x00, 0x00, 0x00, 0x01, 0x00, 0x00, 0x00, 0x6f, 0x00, 0x00, 0x00, 
  0x04, 0x00, 0x00, 0x00, 0x6e, 0x00, 0x00, 0x00, 0x09, 0x00, 0x00, 0x00, 
  0x0a, 0x00, 0x00, 0x00, 0x0a, 0x00, 0x00, 0x00, 0xd6, 0xfc, 0xff, 0xff, 
  0x14, 0x00, 0x00, 0x00, 0x00, 0x00, 0x00, 0x37, 0x14, 0x00, 0x00, 0x00, 
  0x18, 0x00, 0x00, 0x00, 0x06, 0x00, 0x00, 0x00, 0x46, 0xfc, 0xff, 0xff, 
  0x00, 0x00, 0x00, 0x02, 0x01, 0x00, 0x00, 0x00, 0x6e, 0x00, 0x00, 0x00, 
  0x01, 0x00, 0x00, 0x00, 0x6d, 0x00, 0x00, 0x00, 0x82, 0xfd, 0xff, 0xff, 
  0x0c, 0x00, 0x00, 0x00, 0x10, 0x00, 0x00, 0x00, 0x03, 0x00, 0x00, 0x00, 
  0x01, 0x00, 0x00, 0x00, 0x6d, 0x00, 0x00, 0x00, 0x02, 0x00, 0x00, 0x00, 
  0x6c, 0x00, 0x00, 0x00, 0x08, 0x00, 0x00, 0x00, 0x2a, 0xfd, 0xff, 0xff, 
  0x14, 0x00, 0x00, 0x00, 0x00, 0x00, 0x00, 0x01, 0x1c, 0x00, 0x00, 0x00, 
  0x20, 0x00, 0x00, 0x00, 0x04, 0x00, 0x00, 0x00, 0x24, 0xfe, 0xff, 0xff, 
  0x00, 0x00, 0x00, 0x01, 0x01, 0x00, 0x00, 0x00, 0x01, 0x00, 0x00, 0x00, 
  0x01, 0x00, 0x00, 0x00, 0x6c, 0x00, 0x00, 0x00, 0x03, 0x00, 0x00, 0x00, 
  0x6b, 0x00, 0x00, 0x00, 0x52, 0x00, 0x00, 0x00, 0x51, 0x00, 0x00, 0x00, 
  0x6a, 0xfd, 0xff, 0xff, 0x14, 0x00, 0x00, 0x00, 0x00, 0x00, 0x00, 0x34, 
  0x10, 0x00, 0x00, 0x00, 0x14, 0x00, 0x00, 0x00, 0x01, 0x00, 0x00, 0x00, 
  0x40, 0x28, 0xfe, 0xff, 0x01, 0x00, 0x00, 0x00, 0x6b, 0x00, 0x00, 0x00, 
  0x02, 0x00, 0x00, 0x00, 0x6a, 0x00, 0x00, 0x00, 0x04, 0x00, 0x00, 0x00, 
  0x16, 0xfe, 0xff, 0xff, 0x0c, 0x00, 0x00, 0x00, 0x10, 0x00, 0x00, 0x00, 
  0x03, 0x00, 0x00, 0x00, 0x01, 0x00, 0x00, 0x00, 0x6a, 0x00, 0x00, 0x00, 
  0x02, 0x00, 0x00, 0x00, 0x69, 0x00, 0x00, 0x00, 0x07, 0x00, 0x00, 0x00, 
  0xbe, 0xfd, 0xff, 0xff, 0x14, 0x00, 0x00, 0x00, 0x00, 0x00, 0x00, 0x02, 
  0x1c, 0x00, 0x00, 0x00, 0x20, 0x00, 0x00, 0x00, 0x02, 0x00, 0x00, 0x00, 
  0x0c, 0xfe, 0xff, 0xff, 0x01, 0x00, 0x00, 0x00, 0x01, 0x00, 0x00, 0x00, 
  0x01, 0x00, 0x00, 0x00, 0x01, 0x00, 0x00, 0x00, 0x69, 0x00, 0x00, 0x00, 
  0x03, 0x00, 0x00, 0x00, 0x68, 0x00, 0x00, 0x00, 0x54, 0x00, 0x00, 0x00, 
  0x53, 0x00, 0x00, 0x00, 0xfe, 0xfd, 0xff, 0xff, 0x14, 0x00, 0x00, 0x00, 
  0x00, 0x00, 0x00, 0x34, 0x10, 0x00, 0x00, 0x00, 0x14, 0x00, 0x00, 0x00, 
  0x01, 0x00, 0x00, 0x00, 0xd4, 0x28, 0xfe, 0xff, 0x01, 0x00, 0x00, 0x00, 
  0x68, 0x00, 0x00, 0x00, 0x02, 0x00, 0x00, 0x00, 0x67, 0x00, 0x00, 0x00, 
  0x02, 0x00, 0x00, 0x00, 0xaa, 0xfe, 0xff, 0xff, 0x0c, 0x00, 0x00, 0x00, 
  0x10, 0x00, 0x00, 0x00, 0x03, 0x00, 0x00, 0x00, 0x01, 0x00, 0x00, 0x00, 
  0x67, 0x00, 0x00, 0x00, 0x02, 0x00, 0x00, 0x00, 0x66, 0x00, 0x00, 0x00, 
  0x07, 0x00, 0x00, 0x00, 0x00, 0x00, 0x0e, 0x00, 0x1a, 0x00, 0x14, 0x00, 
  0x10, 0x00, 0x0c, 0x00, 0x0b, 0x00, 0x04, 0x00, 0x0e, 0x00, 0x00, 0x00, 
  0x24, 0x00, 0x00, 0x00, 0x00, 0x00, 0x00, 0x05, 0x34, 0x00, 0x00, 0x00, 
  0x38, 0x00, 0x00, 0x00, 0x05, 0x00, 0x00, 0x00, 0x00, 0x00, 0x0e, 0x00, 
  0x18, 0x00, 0x17, 0x00, 0x10, 0x00, 0x0c, 0x00, 0x08, 0x00, 0x04, 0x00, 
  0x0e, 0x00, 0x00, 0x00, 0x02, 0x00, 0x00, 0x00, 0x01, 0x00, 0x00, 0x00, 
  0x02, 0x00, 0x00, 0x00, 0x01, 0x00, 0x00, 0x00, 0x00, 0x00, 0x00, 0x01, 
  0x01, 0x00, 0x00, 0x00, 0x66, 0x00, 0x00, 0x00, 0x01, 0x00, 0x00, 0x00, 
  0x65, 0x00, 0x00, 0x00, 0xb2, 0xfe, 0xff, 0xff, 0x14, 0x00, 0x00, 0x00, 
  0x00, 0x00, 0x00, 0x34, 0x10, 0x00, 0x00, 0x00, 0x14, 0x00, 0x00, 0x00, 
  0x01, 0x00, 0x00, 0x00, 0x88, 0x29, 0xfe, 0xff, 0x01, 0x00, 0x00, 0x00, 
  0x65, 0x00, 0x00, 0x00, 0x02, 0x00, 0x00, 0x00, 0x64, 0x00, 0x00, 0x00, 
  0x06, 0x00, 0x00, 0x00, 0x5e, 0xff, 0xff, 0xff, 0x0c, 0x00, 0x00, 0x00, 
  0x10, 0x00, 0x00, 0x00, 0x03, 0x00, 0x00, 0x00, 0x01, 0x00, 0x00, 0x00, 
  0x64, 0x00, 0x00, 0x00, 0x02, 0x00, 0x00, 0x00, 0x63, 0x00, 0x00, 0x00, 
  0x05, 0x00, 0x00, 0x00, 0x06, 0xff, 0xff, 0xff, 0x20, 0x00, 0x00, 0x00, 
  0x00, 0x00, 0x00, 0x01, 0x28, 0x00, 0x00, 0x00, 0x2c, 0x00, 0x00, 0x00, 
  0x04, 0x00, 0x00, 0x00, 0x0c, 0x00, 0x10, 0x00, 0x00, 0x00, 0x0c, 0x00, 
  0x08, 0x00, 0x07, 0x00, 0x0c, 0x00, 0x00, 0x00, 0x00, 0x00, 0x00, 0x01, 
  0x01, 0x00, 0x00, 0x00, 0x01, 0x00, 0x00, 0x00, 0x01, 0x00, 0x00, 0x00, 
  0x63, 0x00, 0x00, 0x00, 0x03, 0x00, 0x00, 0x00, 0x62, 0x00, 0x00, 0x00, 
  0x56, 0x00, 0x00, 0x00, 0x55, 0x00, 0x00, 0x00, 0x52, 0xff, 0xff, 0xff, 
  0x14, 0x00, 0x00, 0x00, 0x00, 0x00, 0x00, 0x34, 0x10, 0x00, 0x00, 0x00, 
  0x14, 0x00, 0x00, 0x00, 0x01, 0x00, 0x00, 0x00, 0x28, 0x2a, 0xfe, 0xff, 
  0x01, 0x00, 0x00, 0x00, 0x62, 0x00, 0x00, 0x00, 0x02, 0x00, 0x00, 0x00, 
  0x61, 0x00, 0x00, 0x00, 0x04, 0x00, 0x00, 0x00, 0x00, 0x00, 0x0a, 0x00, 
  0x10, 0x00, 0x0c, 0x00, 0x08, 0x00, 0x04, 0x00, 0x0a, 0x00, 0x00, 0x00, 
  0x0c, 0x00, 0x00, 0x00, 0x10, 0x00, 0x00, 0x00, 0x03, 0x00, 0x00, 0x00, 
  0x01, 0x00, 0x00, 0x00, 0x61, 0x00, 0x00, 0x00, 0x02, 0x00, 0x00, 0x00, 
  0x60, 0x00, 0x00, 0x00, 0x03, 0x00, 0x00, 0x00, 0xb2, 0xff, 0xff, 0xff, 
  0x20, 0x00, 0x00, 0x00, 0x00, 0x00, 0x00, 0x02, 0x28, 0x00, 0x00, 0x00, 
  0x2c, 0x00, 0x00, 0x00, 0x02, 0x00, 0x00, 0x00, 0x0c, 0x00, 0x10, 0x00, 
  0x00, 0x00, 0x0c, 0x00, 0x08, 0x00, 0x04, 0x00, 0x0c, 0x00, 0x00, 0x00, 
  0x01, 0x00, 0x00, 0x00, 0x01, 0x00, 0x00, 0x00, 0x01, 0x00, 0x00, 0x00, 
  0x01, 0x00, 0x00, 0x00, 0x60, 0x00, 0x00, 0x00, 0x03, 0x00, 0x00, 0x00, 
  0x5f, 0x00, 0x00, 0x00, 0x58, 0x00, 0x00, 0x00, 0x57, 0x00, 0x00, 0x00, 
  0x00, 0x00, 0x0e, 0x00, 0x18, 0x00, 0x14, 0x00, 0x10, 0x00, 0x0c, 0x00, 
  0x0b, 0x00, 0x04, 0x00, 0x0e, 0x00, 0x00, 0x00, 0x14, 0x00, 0x00, 0x00, 
  0x00, 0x00, 0x00, 0x34, 0x10, 0x00, 0x00, 0x00, 0x14, 0x00, 0x00, 0x00, 
  0x01, 0x00, 0x00, 0x00, 0xe4, 0x2a, 0xfe, 0xff, 0x01, 0x00, 0x00, 0x00, 
  0x5f, 0x00, 0x00, 0x00, 0x02, 0x00, 0x00, 0x00, 0x00, 0x00, 0x00, 0x00, 
  0x02, 0x00, 0x00, 0x00, 0x00, 0x00, 0x0e, 0x00, 0x14, 0x00, 0x00, 0x00, 
  0x10, 0x00, 0x0c, 0x00, 0x0b, 0x00, 0x04, 0x00, 0x0e, 0x00, 0x00, 0x00, 
  0x10, 0x00, 0x00, 0x00, 0x00, 0x00, 0x00, 0x08, 0x10, 0x00, 0x00, 0x00, 
  0x14, 0x00, 0x00, 0x00, 0xba, 0xff, 0xff, 0xff, 0x00, 0x00, 0x00, 0x01, 
  0x01, 0x00, 0x00, 0x00, 0x5e, 0x00, 0x00, 0x00, 0x03, 0x00, 0x00, 0x00, 
  0x5d, 0x00, 0x00, 0x00, 0x5a, 0x00, 0x00, 0x00, 0x59, 0x00, 0x00, 0x00, 
  0x00, 0x00, 0x0e, 0x00, 0x16, 0x00, 0x00, 0x00, 0x10, 0x00, 0x0c, 0x00, 
  0x0b, 0x00, 0x04, 0x00, 0x0e, 0x00, 0x00, 0x00, 0x18, 0x00, 0x00, 0x00, 
  0x00, 0x00, 0x00, 0x08, 0x18, 0x00, 0x00, 0x00, 0x1c, 0x00, 0x00, 0x00, 
  0x00, 0x00, 0x06, 0x00, 0x08, 0x00, 0x07, 0x00, 0x06, 0x00, 0x00, 0x00, 
  0x00, 0x00, 0x00, 0x01, 0x01, 0x00, 0x00, 0x00, 0x5d, 0x00, 0x00, 0x00, 
  0x03, 0x00, 0x00, 0x00, 0x01, 0x00, 0x00, 0x00, 0x5c, 0x00, 0x00, 0x00, 
  0x5b, 0x00, 0x00, 0x00, 0x02, 0x00, 0x00, 0x00, 0x25, 0x02, 0x00, 0x00, 
  0x43, 0x01, 0x00, 0x00, 0x02, 0x00, 0x00, 0x00, 0x00, 0x00, 0x00, 0x00, 
  0x01, 0x00, 0x00, 0x00, 0x26, 0x02, 0x00, 0x00, 0x30, 0xd5, 0x01, 0x00, 
  0x94, 0xd4, 0x01, 0x00, 0x34, 0xd4, 0x01, 0x00, 0xac, 0xd3, 0x01, 0x00, 
  0x30, 0xd3, 0x01, 0x00, 0xb8, 0xd2, 0x01, 0x00, 0x48, 0xd2, 0x01, 0x00, 
  0xd8, 0xd1, 0x01, 0x00, 0x60, 0xd1, 0x01, 0x00, 0xec, 0xd0, 0x01, 0x00, 
  0x78, 0xd0, 0x01, 0x00, 0x08, 0xd0, 0x01, 0x00, 0x94, 0xcf, 0x01, 0x00, 
  0x1c, 0xcf, 0x01, 0x00, 0xac, 0xce, 0x01, 0x00, 0x40, 0xce, 0x01, 0x00, 
  0xd0, 0xcd, 0x01, 0x00, 0x68, 0xcd, 0x01, 0x00, 0xec, 0xcc, 0x01, 0x00, 
  0x6c, 0xcc, 0x01, 0x00, 0xf0, 0xcb, 0x01, 0x00, 0x7c, 0xcb, 0x01, 0x00, 
  0xd8, 0xca, 0x01, 0x00, 0x34, 0xca, 0x01, 0x00, 0xa0, 0xc9, 0x01, 0x00, 
  0x0c, 0xc9, 0x01, 0x00, 0x78, 0xc8, 0x01, 0x00, 0xe4, 0xc7, 0x01, 0x00, 
  0x50, 0xc7, 0x01, 0x00, 0xbc, 0xc6, 0x01, 0x00, 0x28, 0xc6, 0x01, 0x00, 
  0x94, 0xc5, 0x01, 0x00, 0x00, 0xc5, 0x01, 0x00, 0x6c, 0xc4, 0x01, 0x00, 
  0xd8, 0xc3, 0x01, 0x00, 0x44, 0xc3, 0x01, 0x00, 0xb0, 0xc2, 0x01, 0x00, 
  0x1c, 0xc2, 0x01, 0x00, 0x88, 0xc1, 0x01, 0x00, 0xf4, 0xc0, 0x01, 0x00, 
  0x60, 0xc0, 0x01, 0x00, 0xcc, 0xbf, 0x01, 0x00, 0x38, 0xbf, 0x01, 0x00, 
  0xa4, 0xbe, 0x01, 0x00, 0x10, 0xbe, 0x01, 0x00, 0x7c, 0xbd, 0x01, 0x00, 
  0xe8, 0xbc, 0x01, 0x00, 0x54, 0xbc, 0x01, 0x00, 0xc8, 0xbb, 0x01, 0x00, 
  0x2c, 0xbb, 0x01, 0x00, 0xa0, 0xba, 0x01, 0x00, 0x0c, 0xba, 0x01, 0x00, 
  0x78, 0xb9, 0x01, 0x00, 0xe4, 0xb8, 0x01, 0x00, 0x50, 0xb8, 0x01, 0x00, 
  0xbc, 0xb7, 0x01, 0x00, 0x20, 0xb7, 0x01, 0x00, 0x8c, 0xb6, 0x01, 0x00, 
  0xf8, 0xb5, 0x01, 0x00, 0x64, 0xb5, 0x01, 0x00, 0xd0, 0xb4, 0x01, 0x00, 
  0x3c, 0xb4, 0x01, 0x00, 0xa0, 0xb3, 0x01, 0x00, 0x04, 0xb3, 0x01, 0x00, 
  0x78, 0xb2, 0x01, 0x00, 0xe4, 0xb1, 0x01, 0x00, 0x50, 0xb1, 0x01, 0x00, 
  0xbc, 0xb0, 0x01, 0x00, 0x28, 0xb0, 0x01, 0x00, 0x94, 0xaf, 0x01, 0x00, 
  0xf8, 0xae, 0x01, 0x00, 0x64, 0xae, 0x01, 0x00, 0xd0, 0xad, 0x01, 0x00, 
  0x3c, 0xad, 0x01, 0x00, 0xa8, 0xac, 0x01, 0x00, 0x14, 0xac, 0x01, 0x00, 
  0x78, 0xab, 0x01, 0x00, 0xdc, 0xaa, 0x01, 0x00, 0x58, 0xaa, 0x01, 0x00, 
  0xd4, 0xa9, 0x01, 0x00, 0x50, 0xa9, 0x01, 0x00, 0x5c, 0xa8, 0x01, 0x00, 
  0x70, 0xa7, 0x01, 0x00, 0xac, 0xa6, 0x01, 0x00, 0xd0, 0xa5, 0x01, 0x00, 
  0xf4, 0xa4, 0x01, 0x00, 0x38, 0xa4, 0x01, 0x00, 0x74, 0x9d, 0x01, 0x00, 
  0xac, 0x96, 0x01, 0x00, 0x0c, 0x96, 0x01, 0x00, 0x78, 0x95, 0x01, 0x00, 
  0xd4, 0x94, 0x01, 0x00, 0x40, 0x94, 0x01, 0x00, 0x1c, 0x93, 0x01, 0x00, 
  0xf8, 0x91, 0x01, 0x00, 0x44, 0x91, 0x01, 0x00, 0x00, 0x90, 0x01, 0x00, 
  0x58, 0x8f, 0x01, 0x00, 0x98, 0x8e, 0x01, 0x00, 0x94, 0x8c, 0x01, 0x00, 
  0x1c, 0x8b, 0x01, 0x00, 0x6c, 0x8a, 0x01, 0x00, 0xc0, 0x89, 0x01, 0x00, 
  0x18, 0x89, 0x01, 0x00, 0x60, 0x88, 0x01, 0x00, 0x1c, 0x87, 0x01, 0x00, 
  0x74, 0x86, 0x01, 0x00, 0xb4, 0x85, 0x01, 0x00, 0xf0, 0x83, 0x01, 0x00, 
  0x78, 0x82, 0x01, 0x00, 0x0c, 0x82, 0x01, 0x00, 0x9c, 0x81, 0x01, 0x00, 
  0x2c, 0x81, 0x01, 0x00, 0x8c, 0x80, 0x01, 0x00, 0xa0, 0x7f, 0x01, 0x00, 
  0x6c, 0x7e, 0x01, 0x00, 0x38, 0x7d, 0x01, 0x00, 0x04, 0x7c, 0x01, 0x00, 
  0x5c, 0x7b, 0x01, 0x00, 0xcc, 0x79, 0x01, 0x00, 0x40, 0x78, 0x01, 0x00, 
  0xb4, 0x76, 0x01, 0x00, 0x28, 0x75, 0x01, 0x00, 0x9c, 0x73, 0x01, 0x00, 
  0xb0, 0x72, 0x01, 0x00, 0x84, 0x71, 0x01, 0x00, 0x58, 0x70, 0x01, 0x00, 
  0x2c, 0x6f, 0x01, 0x00, 0x88, 0x6e, 0x01, 0x00, 0xe4, 0x6d, 0x01, 0x00, 
  0x40, 0x6d, 0x01, 0x00, 0x9c, 0x6c, 0x01, 0x00, 0xf8, 0x6b, 0x01, 0x00, 
  0x4c, 0x6b, 0x01, 0x00, 0xa8, 0x6a, 0x01, 0x00, 0x04, 0x6a, 0x01, 0x00, 
  0x60, 0x69, 0x01, 0x00, 0xbc, 0x68, 0x01, 0x00, 0x18, 0x68, 0x01, 0x00, 
  0x2c, 0x67, 0x01, 0x00, 0xf8, 0x65, 0x01, 0x00, 0xc4, 0x64, 0x01, 0x00, 
  0x90, 0x63, 0x01, 0x00, 0xa4, 0x62, 0x01, 0x00, 0x70, 0x61, 0x01, 0x00, 
  0x3c, 0x60, 0x01, 0x00, 0x08, 0x5f, 0x01, 0x00, 0x64, 0x5e, 0x01, 0x00, 
  0xb8, 0x5d, 0x01, 0x00, 0x14, 0x5d, 0x01, 0x00, 0x70, 0x5c, 0x01, 0x00, 
  0xcc, 0x5b, 0x01, 0x00, 0x20, 0x5b, 0x01, 0x00, 0x7c, 0x5a, 0x01, 0x00, 
  0xd8, 0x59, 0x01, 0x00, 0x34, 0x59, 0x01, 0x00, 0x90, 0x58, 0x01, 0x00, 
  0xec, 0x57, 0x01, 0x00, 0x00, 0x57, 0x01, 0x00, 0xcc, 0x55, 0x01, 0x00, 
  0x98, 0x54, 0x01, 0x00, 0x64, 0x53, 0x01, 0x00, 0x78, 0x52, 0x01, 0x00, 
  0x44, 0x51, 0x01, 0x00, 0x10, 0x50, 0x01, 0x00, 0xdc, 0x4e, 0x01, 0x00, 
  0x38, 0x4e, 0x01, 0x00, 0x8c, 0x4d, 0x01, 0x00, 0xe8, 0x4c, 0x01, 0x00, 
  0x44, 0x4c, 0x01, 0x00, 0xa0, 0x4b, 0x01, 0x00, 0xf4, 0x4a, 0x01, 0x00, 
  0x50, 0x4a, 0x01, 0x00, 0xac, 0x49, 0x01, 0x00, 0x08, 0x49, 0x01, 0x00, 
  0x64, 0x48, 0x01, 0x00, 0xc0, 0x47, 0x01, 0x00, 0xd4, 0x46, 0x01, 0x00, 
  0xa0, 0x45, 0x01, 0x00, 0x6c, 0x44, 0x01, 0x00, 0x38, 0x43, 0x01, 0x00, 
  0x4c, 0x42, 0x01, 0x00, 0x18, 0x41, 0x01, 0x00, 0xe4, 0x3f, 0x01, 0x00, 
  0xb0, 0x3e, 0x01, 0x00, 0x0c, 0x3e, 0x01, 0x00, 0x60, 0x3d, 0x01, 0x00, 
  0xbc, 0x3c, 0x01, 0x00, 0x18, 0x3c, 0x01, 0x00, 0x74, 0x3b, 0x01, 0x00, 
  0xc8, 0x3a, 0x01, 0x00, 0x24, 0x3a, 0x01, 0x00, 0x80, 0x39, 0x01, 0x00, 
  0xdc, 0x38, 0x01, 0x00, 0x38, 0x38, 0x01, 0x00, 0x94, 0x37, 0x01, 0x00, 
  0xa8, 0x36, 0x01, 0x00, 0x74, 0x35, 0x01, 0x00, 0x40, 0x34, 0x01, 0x00, 
  0x0c, 0x33, 0x01, 0x00, 0x20, 0x32, 0x01, 0x00, 0xec, 0x30, 0x01, 0x00, 
  0xb8, 0x2f, 0x01, 0x00, 0x84, 0x2e, 0x01, 0x00, 0xe0, 0x2d, 0x01, 0x00, 
  0x34, 0x2d, 0x01, 0x00, 0x90, 0x2c, 0x01, 0x00, 0xec, 0x2b, 0x01, 0x00, 
  0x48, 0x2b, 0x01, 0x00, 0x9c, 0x2a, 0x01, 0x00, 0xf8, 0x29, 0x01, 0x00, 
  0x54, 0x29, 0x01, 0x00, 0xb0, 0x28, 0x01, 0x00, 0x0c, 0x28, 0x01, 0x00, 
  0x68, 0x27, 0x01, 0x00, 0xc0, 0x26, 0x01, 0x00, 0x14, 0x26, 0x01, 0x00, 
  0xa8, 0x25, 0x01, 0x00, 0x38, 0x25, 0x01, 0x00, 0xc8, 0x24, 0x01, 0x00, 
  0x28, 0x24, 0x01, 0x00, 0x34, 0x23, 0x01, 0x00, 0x00, 0x22, 0x01, 0x00, 
  0xc4, 0x20, 0x01, 0x00, 0x88, 0x1f, 0x01, 0x00, 0xfc, 0x1d, 0x01, 0x00, 
  0x70, 0x1c, 0x01, 0x00, 0xe4, 0x1a, 0x01, 0x00, 0x58, 0x19, 0x01, 0x00, 
  0xcc, 0x17, 0x01, 0x00, 0xe0, 0x16, 0x01, 0x00, 0xac, 0x15, 0x01, 0x00, 
  0x78, 0x14, 0x01, 0x00, 0x44, 0x13, 0x01, 0x00, 0xa0, 0x12, 0x01, 0x00, 
  0xf4, 0x11, 0x01, 0x00, 0x50, 0x11, 0x01, 0x00, 0xac, 0x10, 0x01, 0x00, 
  0x08, 0x10, 0x01, 0x00, 0x5c, 0x0f, 0x01, 0x00, 0xb8, 0x0e, 0x01, 0x00, 
  0x14, 0x0e, 0x01, 0x00, 0x70, 0x0d, 0x01, 0x00, 0xcc, 0x0c, 0x01, 0x00, 
  0x28, 0x0c, 0x01, 0x00, 0x34, 0x0b, 0x01, 0x00, 0x00, 0x0a, 0x01, 0x00, 
  0xc4, 0x08, 0x01, 0x00, 0x88, 0x07, 0x01, 0x00, 0x94, 0x06, 0x01, 0x00, 
  0x60, 0x05, 0x01, 0x00, 0x24, 0x04, 0x01, 0x00, 0xe8, 0x02, 0x01, 0x00, 
  0x44, 0x02, 0x01, 0x00, 0x98, 0x01, 0x01, 0x00, 0xf4, 0x00, 0x01, 0x00, 
  0x50, 0x00, 0x01, 0x00, 0xac, 0xff, 0x00, 0x00, 0x00, 0xff, 0x00, 0x00, 
  0x5c, 0xfe, 0x00, 0x00, 0xb8, 0xfd, 0x00, 0x00, 0x0c, 0xfd, 0x00, 0x00, 
  0x68, 0xfc, 0x00, 0x00, 0xc4, 0xfb, 0x00, 0x00, 0xd0, 0xfa, 0x00, 0x00, 
  0x9c, 0xf9, 0x00, 0x00, 0x60, 0xf8, 0x00, 0x00, 0x24, 0xf7, 0x00, 0x00, 
  0x30, 0xf6, 0x00, 0x00, 0xfc, 0xf4, 0x00, 0x00, 0xc0, 0xf3, 0x00, 0x00, 
  0x84, 0xf2, 0x00, 0x00, 0xe0, 0xf1, 0x00, 0x00, 0x34, 0xf1, 0x00, 0x00, 
  0x90, 0xf0, 0x00, 0x00, 0xec, 0xef, 0x00, 0x00, 0x48, 0xef, 0x00, 0x00, 
  0x9c, 0xee, 0x00, 0x00, 0xf8, 0xed, 0x00, 0x00, 0x4c, 0xed, 0x00, 0x00, 
  0xa0, 0xec, 0x00, 0x00, 0xfc, 0xeb, 0x00, 0x00, 0x50, 0xeb, 0x00, 0x00, 
  0x5c, 0xea, 0x00, 0x00, 0x28, 0xe9, 0x00, 0x00, 0xec, 0xe7, 0x00, 0x00, 
  0xb0, 0xe6, 0x00, 0x00, 0xbc, 0xe5, 0x00, 0x00, 0x88, 0xe4, 0x00, 0x00, 
  0x4c, 0xe3, 0x00, 0x00, 0x10, 0xe2, 0x00, 0x00, 0x64, 0xe1, 0x00, 0x00, 
  0xb8, 0xe0, 0x00, 0x00, 0x0c, 0xe0, 0x00, 0x00, 0x68, 0xdf, 0x00, 0x00, 
  0xbc, 0xde, 0x00, 0x00, 0x10, 0xde, 0x00, 0x00, 0x6c, 0xdd, 0x00, 0x00, 
  0xc0, 0xdc, 0x00, 0x00, 0x14, 0xdc, 0x00, 0x00, 0x68, 0xdb, 0x00, 0x00, 
  0xbc, 0xda, 0x00, 0x00, 0xc8, 0xd9, 0x00, 0x00, 0x94, 0xd8, 0x00, 0x00, 
  0x58, 0xd7, 0x00, 0x00, 0x1c, 0xd6, 0x00, 0x00, 0x28, 0xd5, 0x00, 0x00, 
  0xf4, 0xd3, 0x00, 0x00, 0xb8, 0xd2, 0x00, 0x00, 0x7c, 0xd1, 0x00, 0x00, 
  0xd0, 0xd0, 0x00, 0x00, 0x24, 0xd0, 0x00, 0x00, 0x78, 0xcf, 0x00, 0x00, 
  0xd4, 0xce, 0x00, 0x00, 0x28, 0xce, 0x00, 0x00, 0x7c, 0xcd, 0x00, 0x00, 
  0xd0, 0xcc, 0x00, 0x00, 0x24, 0xcc, 0x00, 0x00, 0x78, 0xcb, 0x00, 0x00, 
  0xcc, 0xca, 0x00, 0x00, 0x20, 0xca, 0x00, 0x00, 0x44, 0xc9, 0x00, 0x00, 
  0xc8, 0xc8, 0x00, 0x00, 0x4c, 0xc8, 0x00, 0x00, 0xc0, 0xc7, 0x00, 0x00, 
  0xbc, 0xc6, 0x00, 0x00, 0x14, 0xc6, 0x00, 0x00, 0x70, 0xc5, 0x00, 0x00, 
  0x0c, 0xc5, 0x00, 0x00, 0xa4, 0xc4, 0x00, 0x00, 0x38, 0xc4, 0x00, 0x00, 
  0xa4, 0xc3, 0x00, 0x00, 0xb8, 0xc2, 0x00, 0x00, 0x8c, 0xc1, 0x00, 0x00, 
  0x60, 0xc0, 0x00, 0x00, 0x34, 0xbf, 0x00, 0x00, 0x94, 0xbe, 0x00, 0x00, 
  0x0c, 0xbc, 0x00, 0x00, 0x80, 0xb9, 0x00, 0x00, 0xf4, 0xb6, 0x00, 0x00, 
  0x68, 0xb4, 0x00, 0x00, 0xdc, 0xb1, 0x00, 0x00, 0x50, 0xaf, 0x00, 0x00, 
  0xc4, 0xac, 0x00, 0x00, 0x38, 0xaa, 0x00, 0x00, 0xac, 0xa7, 0x00, 0x00, 
  0x20, 0xa5, 0x00, 0x00, 0x3c, 0xa4, 0x00, 0x00, 0x18, 0xa3, 0x00, 0x00, 
  0xf4, 0xa1, 0x00, 0x00, 0xd0, 0xa0, 0x00, 0x00, 0x2c, 0xa0, 0x00, 0x00, 
  0x88, 0x9f, 0x00, 0x00, 0xe4, 0x9e, 0x00, 0x00, 0x40, 0x9e, 0x00, 0x00, 
  0x9c, 0x9d, 0x00, 0x00, 0xf8, 0x9c, 0x00, 0x00, 0x54, 0x9c, 0x00, 0x00, 
  0xb0, 0x9b, 0x00, 0x00, 0x0c, 0x9b, 0x00, 0x00, 0x68, 0x9a, 0x00, 0x00, 
  0xc4, 0x99, 0x00, 0x00, 0xd8, 0x98, 0x00, 0x00, 0xac, 0x97, 0x00, 0x00, 
  0x80, 0x96, 0x00, 0x00, 0x54, 0x95, 0x00, 0x00, 0x68, 0x94, 0x00, 0x00, 
  0x3c, 0x93, 0x00, 0x00, 0x10, 0x92, 0x00, 0x00, 0xe4, 0x90, 0x00, 0x00, 
  0xf8, 0x8f, 0x00, 0x00, 0xcc, 0x8e, 0x00, 0x00, 0xa0, 0x8d, 0x00, 0x00, 
  0x74, 0x8c, 0x00, 0x00, 0x88, 0x8b, 0x00, 0x00, 0x5c, 0x8a, 0x00, 0x00, 
  0x30, 0x89, 0x00, 0x00, 0x04, 0x88, 0x00, 0x00, 0x18, 0x87, 0x00, 0x00, 
  0xec, 0x85, 0x00, 0x00, 0xc0, 0x84, 0x00, 0x00, 0x94, 0x83, 0x00, 0x00, 
  0xa8, 0x82, 0x00, 0x00, 0x7c, 0x81, 0x00, 0x00, 0x50, 0x80, 0x00, 0x00, 
  0x24, 0x7f, 0x00, 0x00, 0x38, 0x7e, 0x00, 0x00, 0x0c, 0x7d, 0x00, 0x00, 
  0xe0, 0x7b, 0x00, 0x00, 0xb4, 0x7a, 0x00, 0x00, 0x10, 0x7a, 0x00, 0x00, 
  0x6c, 0x79, 0x00, 0x00, 0xc8, 0x78, 0x00, 0x00, 0x24, 0x78, 0x00, 0x00, 
  0x80, 0x77, 0x00, 0x00, 0xdc, 0x76, 0x00, 0x00, 0x38, 0x76, 0x00, 0x00, 
  0x94, 0x75, 0x00, 0x00, 0xf0, 0x74, 0x00, 0x00, 0x4c, 0x74, 0x00, 0x00, 
  0xa8, 0x73, 0x00, 0x00, 0xbc, 0x72, 0x00, 0x00, 0x90, 0x71, 0x00, 0x00, 
  0x64, 0x70, 0x00, 0x00, 0x38, 0x6f, 0x00, 0x00, 0x4c, 0x6e, 0x00, 0x00, 
  0x20, 0x6d, 0x00, 0x00, 0xf4, 0x6b, 0x00, 0x00, 0xc8, 0x6a, 0x00, 0x00, 
  0x24, 0x6a, 0x00, 0x00, 0x80, 0x69, 0x00, 0x00, 0xdc, 0x68, 0x00, 0x00, 
  0x38, 0x68, 0x00, 0x00, 0x94, 0x67, 0x00, 0x00, 0xf0, 0x66, 0x00, 0x00, 
  0x4c, 0x66, 0x00, 0x00, 0xa8, 0x65, 0x00, 0x00, 0x04, 0x65, 0x00, 0x00, 
  0x60, 0x64, 0x00, 0x00, 0xbc, 0x63, 0x00, 0x00, 0xd0, 0x62, 0x00, 0x00, 
  0xa4, 0x61, 0x00, 0x00, 0x78, 0x60, 0x00, 0x00, 0x4c, 0x5f, 0x00, 0x00, 
  0x60, 0x5e, 0x00, 0x00, 0x34, 0x5d, 0x00, 0x00, 0x08, 0x5c, 0x00, 0x00, 
  0xdc, 0x5a, 0x00, 0x00, 0x38, 0x5a, 0x00, 0x00, 0x94, 0x59, 0x00, 0x00, 
  0xf0, 0x58, 0x00, 0x00, 0x4c, 0x58, 0x00, 0x00, 0xa8, 0x57, 0x00, 0x00, 
  0x04, 0x57, 0x00, 0x00, 0x60, 0x56, 0x00, 0x00, 0xbc, 0x55, 0x00, 0x00, 
  0x18, 0x55, 0x00, 0x00, 0x74, 0x54, 0x00, 0x00, 0xd0, 0x53, 0x00, 0x00, 
  0xe4, 0x52, 0x00, 0x00, 0xb8, 0x51, 0x00, 0x00, 0x8c, 0x50, 0x00, 0x00, 
  0x60, 0x4f, 0x00, 0x00, 0x74, 0x4e, 0x00, 0x00, 0x48, 0x4d, 0x00, 0x00, 
  0x1c, 0x4c, 0x00, 0x00, 0xf0, 0x4a, 0x00, 0x00, 0x4c, 0x4a, 0x00, 0x00, 
  0xa8, 0x49, 0x00, 0x00, 0x04, 0x49, 0x00, 0x00, 0x60, 0x48, 0x00, 0x00, 
  0xbc, 0x47, 0x00, 0x00, 0x18, 0x47, 0x00, 0x00, 0x74, 0x46, 0x00, 0x00, 
  0xd0, 0x45, 0x00, 0x00, 0x2c, 0x45, 0x00, 0x00, 0x88, 0x44, 0x00, 0x00, 
  0xe4, 0x43, 0x00, 0x00, 0xf8, 0x42, 0x00, 0x00, 0xcc, 0x41, 0x00, 0x00, 
  0xa0, 0x40, 0x00, 0x00, 0x74, 0x3f, 0x00, 0x00, 0xd0, 0x3e, 0x00, 0x00, 
  0x2c, 0x3e, 0x00, 0x00, 0x88, 0x3d, 0x00, 0x00, 0xe4, 0x3c, 0x00, 0x00, 
  0x40, 0x3c, 0x00, 0x00, 0x9c, 0x3b, 0x00, 0x00, 0xf8, 0x3a, 0x00, 0x00, 
  0x54, 0x3a, 0x00, 0x00, 0xb0, 0x39, 0x00, 0x00, 0x0c, 0x39, 0x00, 0x00, 
  0x68, 0x38, 0x00, 0x00, 0x7c, 0x37, 0x00, 0x00, 0x50, 0x36, 0x00, 0x00, 
  0x24, 0x35, 0x00, 0x00, 0xf8, 0x33, 0x00, 0x00, 0x54, 0x33, 0x00, 0x00, 
  0xb0, 0x32, 0x00, 0x00, 0x0c, 0x32, 0x00, 0x00, 0x68, 0x31, 0x00, 0x00, 
  0xc4, 0x30, 0x00, 0x00, 0x20, 0x30, 0x00, 0x00, 0x7c, 0x2f, 0x00, 0x00, 
  0xd8, 0x2e, 0x00, 0x00, 0x34, 0x2e, 0x00, 0x00, 0x90, 0x2d, 0x00, 0x00, 
  0xec, 0x2c, 0x00, 0x00, 0x00, 0x2c, 0x00, 0x00, 0xd4, 0x2a, 0x00, 0x00, 
  0xa8, 0x29, 0x00, 0x00, 0x7c, 0x28, 0x00, 0x00, 0xd8, 0x27, 0x00, 0x00, 
  0x34, 0x27, 0x00, 0x00, 0x90, 0x26, 0x00, 0x00, 0xec, 0x25, 0x00, 0x00, 
  0x48, 0x25, 0x00, 0x00, 0xa4, 0x24, 0x00, 0x00, 0x00, 0x24, 0x00, 0x00, 
  0x5c, 0x23, 0x00, 0x00, 0xb8, 0x22, 0x00, 0x00, 0x14, 0x22, 0x00, 0x00, 
  0x70, 0x21, 0x00, 0x00, 0x84, 0x20, 0x00, 0x00, 0x58, 0x1f, 0x00, 0x00, 
  0x2c, 0x1e, 0x00, 0x00, 0x00, 0x1d, 0x00, 0x00, 0x5c, 0x1c, 0x00, 0x00, 
  0xb8, 0x1b, 0x00, 0x00, 0x14, 0x1b, 0x00, 0x00, 0x70, 0x1a, 0x00, 0x00, 
  0xcc, 0x19, 0x00, 0x00, 0x28, 0x19, 0x00, 0x00, 0x84, 0x18, 0x00, 0x00, 
  0xe0, 0x17, 0x00, 0x00, 0x3c, 0x17, 0x00, 0x00, 0x98, 0x16, 0x00, 0x00, 
  0xf4, 0x15, 0x00, 0x00, 0x08, 0x15, 0x00, 0x00, 0xdc, 0x13, 0x00, 0x00, 
  0xb0, 0x12, 0x00, 0x00, 0x84, 0x11, 0x00, 0x00, 0xe0, 0x10, 0x00, 0x00, 
  0x3c, 0x10, 0x00, 0x00, 0x98, 0x0f, 0x00, 0x00, 0xf4, 0x0e, 0x00, 0x00, 
  0x50, 0x0e, 0x00, 0x00, 0xac, 0x0d, 0x00, 0x00, 0x08, 0x0d, 0x00, 0x00, 
  0x64, 0x0c, 0x00, 0x00, 0xc0, 0x0b, 0x00, 0x00, 0x1c, 0x0b, 0x00, 0x00, 
  0x78, 0x0a, 0x00, 0x00, 0xd8, 0x09, 0x00, 0x00, 0x34, 0x09, 0x00, 0x00, 
  0xb4, 0x08, 0x00, 0x00, 0xdc, 0x07, 0x00, 0x00, 0x64, 0x07, 0x00, 0x00, 
  0xe4, 0x06, 0x00, 0x00, 0x0c, 0x06, 0x00, 0x00, 0x90, 0x05, 0x00, 0x00, 
  0x10, 0x05, 0x00, 0x00, 0x60, 0x04, 0x00, 0x00, 0xac, 0x03, 0x00, 0x00, 
  0xfc, 0x02, 0x00, 0x00, 0x48, 0x02, 0x00, 0x00, 0xac, 0x01, 0x00, 0x00, 
  0x10, 0x01, 0x00, 0x00, 0x84, 0x00, 0x00, 0x00, 0x04, 0x00, 0x00, 0x00, 
  0x7e, 0x33, 0xfe, 0xff, 0x00, 0x00, 0x00, 0x01, 0x18, 0x00, 0x00, 0x00, 
  0x20, 0x00, 0x00, 0x00, 0x40, 0x00, 0x00, 0x00, 0x26, 0x02, 0x00, 0x00, 
  0x00, 0x00, 0x00, 0x09, 0x54, 0x00, 0x00, 0x00, 0x02, 0x00, 0x00, 0x00, 
  0xff, 0xff, 0xff, 0xff, 0x01, 0x00, 0x00, 0x00, 0x64, 0x33, 0xfe, 0xff, 
  0x08, 0x00, 0x00, 0x00, 0x14, 0x00, 0x00, 0x00, 0x01, 0x00, 0x00, 0x00, 
  0x80, 0xff, 0xff, 0xff, 0xff, 0xff, 0xff, 0xff, 0x00, 0x00, 0x00, 0x00, 
  0x01, 0x00, 0x00, 0x00, 0xd9, 0xc1, 0x90, 0x3b, 0x19, 0x00, 0x00, 0x00, 
  0x53, 0x74, 0x61, 0x74, 0x65, 0x66, 0x75, 0x6c, 0x50, 0x61, 0x72, 0x74, 
  0x69, 0x74, 0x69, 0x6f, 0x6e, 0x65, 0x64, 0x43, 0x61, 0x6c, 0x6c, 0x3a, 
  0x31, 0x00, 0x00, 0x00, 0x02, 0x00, 0x00, 0x00, 0x01, 0x00, 0x00, 0x00, 
  0x01, 0x00, 0x00, 0x00, 0xfa, 0x33, 0xfe, 0xff, 0x00, 0x00, 0x00, 0x01, 
  0x18, 0x00, 0x00, 0x00, 0x1c, 0x00, 0x00, 0x00, 0x38, 0x00, 0x00, 0x00, 
  0x25, 0x02, 0x00, 0x00, 0x00, 0x00, 0x00, 0x09, 0x64, 0x00, 0x00, 0x00, 
  0x01, 0x00, 0x00, 0x00, 0xff, 0xff, 0xff, 0xff, 0xdc, 0x33, 0xfe, 0xff, 
  0x08, 0x00, 0x00, 0x00, 0x10, 0x00, 0x00, 0x00, 0x01, 0x00, 0x00, 0x00, 
  0x80, 0xff, 0xff, 0xff, 0xff, 0xff, 0xff, 0xff, 0x01, 0x00, 0x00, 0x00, 
  0xd9, 0xc1, 0x90, 0x3b, 0x30, 0x00, 0x00, 0x00, 0x73, 0x61, 0x66, 0x65, 
  0x62, 0x61, 0x6e, 0x64, 0x5f, 0x76, 0x32, 0x5f, 0x64, 0x65, 0x70, 0x6c, 
  0x6f, 0x79, 0x6d, 0x65, 0x6e, 0x74, 0x2f, 0x72, 0x65, 0x63, 0x6f, 0x6e, 
  0x73, 0x74, 0x72, 0x75, 0x63, 0x74, 0x69, 0x6f, 0x6e, 0x5f, 0x65, 0x72, 
  0x72, 0x6f, 0x72, 0x2f, 0x4d, 0x65, 0x61, 0x6e, 0x00, 0x00, 0x00, 0x00, 
  0x01, 0x00, 0x00, 0x00, 0x01, 0x00, 0x00, 0x00, 0x82, 0x34, 0xfe, 0xff, 
  0x00, 0x00, 0x00, 0x01, 0x18, 0x00, 0x00, 0x00, 0x24, 0x00, 0x00, 0x00, 
  0x44, 0x00, 0x00, 0x00, 0x24, 0x02, 0x00, 0x00, 0x00, 0x00, 0x00, 0x09, 
  0x6c, 0x00, 0x00, 0x00, 0x03, 0x00, 0x00, 0x00, 0xff, 0xff, 0xff, 0xff, 
  0x0a, 0x00, 0x00, 0x00, 0x84, 0x00, 0x00, 0x00, 0x6c, 0x34, 0xfe, 0xff, 
  0x08, 0x00, 0x00, 0x00, 0x14, 0x00, 0x00, 0x00, 0x01, 0x00, 0x00, 0x00, 
  0x80, 0xff, 0xff, 0xff, 0xff, 0xff, 0xff, 0xff, 0x00, 0x00, 0x00, 0x00, 
  0x01, 0x00, 0x00, 0x00, 0x0a, 0xcf, 0x64, 0x3d, 0x2f, 0x00, 0x00, 0x00, 
  0x73, 0x61, 0x66, 0x65, 0x62, 0x61, 0x6e, 0x64, 0x5f, 0x76, 0x32, 0x5f, 
  0x64, 0x65, 0x70, 0x6c, 0x6f, 0x79, 0x6d, 0x65, 0x6e, 0x74, 0x2f, 0x72, 
  0x65, 0x63, 0x6f, 0x6e, 0x73, 0x74, 0x72, 0x75, 0x63, 0x74, 0x69, 0x6f, 
  0x6e, 0x5f, 0x65, 0x72, 0x72, 0x6f, 0x72, 0x2f, 0x41, 0x62, 0x73, 0x00, 
  0x03, 0x00, 0x00, 0x00, 0x01, 0x00, 0x00, 0x00, 0x0a, 0x00, 0x00, 0x00, 
  0x84, 0x00, 0x00, 0x00, 0x1a, 0x35, 0xfe, 0xff, 0x00, 0x00, 0x00, 0x01, 
  0x18, 0x00, 0x00, 0x00, 0x24, 0x00, 0x00, 0x00, 0x44, 0x00, 0x00, 0x00, 
  0x23, 0x02, 0x00, 0x00, 0x00, 0x00, 0x00, 0x09, 0x6c, 0x00, 0x00, 0x00, 
  0x03, 0x00, 0x00, 0x00, 0xff, 0xff, 0xff, 0xff, 0x0a, 0x00, 0x00, 0x00, 
  0x84, 0x00, 0x00, 0x00, 0x04, 0x35, 0xfe, 0xff, 0x08, 0x00, 0x00, 0x00, 
  0x14, 0x00, 0x00, 0x00, 0x01, 0x00, 0x00, 0x00, 0xe6, 0xff, 0xff, 0xff, 
  0xff, 0xff, 0xff, 0xff, 0x00, 0x00, 0x00, 0x00, 0x01, 0x00, 0x00, 0x00, 
  0x9d, 0xff, 0xbe, 0x3d, 0x2f, 0x00, 0x00, 0x00, 0x73, 0x61, 0x66, 0x65, 
  0x62, 0x61, 0x6e, 0x64, 0x5f, 0x76, 0x32, 0x5f, 0x64, 0x65, 0x70, 0x6c, 
  0x6f, 0x79, 0x6d, 0x65, 0x6e, 0x74, 0x2f, 0x72, 0x65, 0x63, 0x6f, 0x6e, 
  0x73, 0x74, 0x72, 0x75, 0x63, 0x74, 0x69, 0x6f, 0x6e, 0x5f, 0x65, 0x72, 
  0x72, 0x6f, 0x72, 0x2f, 0x73, 0x75, 0x62, 0x00, 0x03, 0x00, 0x00, 0x00, 
  0x01, 0x00, 0x00, 0x00, 0x0a, 0x00, 0x00, 0x00, 0x84, 0x00, 0x00, 0x00, 
  0xb2, 0x35, 0xfe, 0xff, 0x00, 0x00, 0x00, 0x01, 0x18, 0x00, 0x00, 0x00, 
  0x24, 0x00, 0x00, 0x00, 0x44, 0x00, 0x00, 0x00, 0x22, 0x02, 0x00, 0x00, 
  0x00, 0x00, 0x00, 0x09, 0x84, 0x00, 0x00, 0x00, 0x03, 0x00, 0x00, 0x00, 
  0xff, 0xff, 0xff, 0xff, 0xff, 0xff, 0xff, 0xff, 0x84, 0x00, 0x00, 0x00, 
  0x9c, 0x35, 0xfe, 0xff, 0x08, 0x00, 0x00, 0x00, 0x14, 0x00, 0x00, 0x00, 
  0x01, 0x00, 0x00, 0x00, 0xd5, 0xff, 0xff, 0xff, 0xff, 0xff, 0xff, 0xff, 
  0x00, 0x00, 0x00, 0x00, 0x01, 0x00, 0x00, 0x00, 0x01, 0x59, 0x48, 0x3c, 
  0x44, 0x00, 0x00, 0x00, 0x73, 0x61, 0x66, 0x65, 0x62, 0x61, 0x6e, 0x64, 
  0x5f, 0x76, 0x32, 0x5f, 0x64, 0x65, 0x70, 0x6c, 0x6f, 0x79, 0x6d, 0x65, 
  0x6e, 0x74, 0x2f, 0x6d, 0x6f, 0x74, 0x69, 0x6f, 0x6e, 0x5f, 0x64, 0x65, 
  0x63, 0x6f, 0x64, 0x65, 0x72, 0x2f, 0x64, 0x65, 0x63, 0x5f, 0x73, 0x65, 
  0x71, 0x5f, 0x72, 0x65, 0x63, 0x6f, 0x6e, 0x73, 0x74, 0x72, 0x75, 0x63, 
  0x74, 0x69, 0x6f, 0x6e, 0x2f, 0x42, 0x69, 0x61, 0x73, 0x41, 0x64, 0x64, 
  0x00, 0x00, 0x00, 0x00, 0x03, 0x00, 0x00, 0x00, 0x01, 0x00, 0x00, 0x00, 
  0x01, 0x00, 0x00, 0x00, 0x84, 0x00, 0x00, 0x00, 0x62, 0x36, 0xfe, 0xff, 
  0x00, 0x00, 0x00, 0x01, 0x18, 0x00, 0x00, 0x00, 0x24, 0x00, 0x00, 0x00, 
  0x40, 0x00, 0x00, 0x00, 0x21, 0x02, 0x00, 0x00, 0x00, 0x00, 0x00, 0x09, 
  0x80, 0x00, 0x00, 0x00, 0x03, 0x00, 0x00, 0x00, 0xff, 0xff, 0xff, 0xff, 
  0xff, 0xff, 0xff, 0xff, 0xff, 0xff, 0xff, 0xff, 0x4c, 0x36, 0xfe, 0xff, 
  0x08, 0x00, 0x00, 0x00, 0x10, 0x00, 0x00, 0x00, 0x01, 0x00, 0x00, 0x00, 
  0xe3, 0xff, 0xff, 0xff, 0xff, 0xff, 0xff, 0xff, 0x01, 0x00, 0x00, 0x00, 
  0xcc, 0xa3, 0x4f, 0x3c, 0x46, 0x00, 0x00, 0x00, 0x73, 0x61, 0x66, 0x65, 
  0x62, 0x61, 0x6e, 0x64, 0x5f, 0x76, 0x32, 0x5f, 0x64, 0x65, 0x70, 0x6c, 
  0x6f, 0x79, 0x6d, 0x65, 0x6e, 0x74, 0x2f, 0x6d, 0x6f, 0x74, 0x69, 0x6f, 
  0x6e, 0x5f, 0x64, 0x65, 0x63, 0x6f, 0x64, 0x65, 0x72, 0x2f, 0x64, 0x65, 
  0x63, 0x5f, 0x73, 0x65, 0x71, 0x5f, 0x72, 0x65, 0x63, 0x6f, 0x6e, 0x73, 
  0x74, 0x72, 0x75, 0x63, 0x74, 0x69, 0x6f, 0x6e, 0x2f, 0x54, 0x65, 0x6e, 
  0x73, 0x6f, 0x72, 0x64, 0x6f, 0x74, 0x00, 0x00, 0x03, 0x00, 0x00, 0x00, 
  0x01, 0x00, 0x00, 0x00, 0x01, 0x00, 0x00, 0x00, 0x01, 0x00, 0x00, 0x00, 
  0x0e, 0x37, 0xfe, 0xff, 0x00, 0x00, 0x00, 0x01, 0x18, 0x00, 0x00, 0x00, 
  0x20, 0x00, 0x00, 0x00, 0x40, 0x00, 0x00, 0x00, 0x20, 0x02, 0x00, 0x00, 
  0x00, 0x00, 0x00, 0x09, 0x88, 0x00, 0x00, 0x00, 0x02, 0x00, 0x00, 0x00, 
  0xff, 0xff, 0xff, 0xff, 0x84, 0x00, 0x00, 0x00, 0xf4, 0x36, 0xfe, 0xff, 
  0x08, 0x00, 0x00, 0x00, 0x14, 0x00, 0x00, 0x00, 0x01, 0x00, 0x00, 0x00, 
  0xe3, 0xff, 0xff, 0xff, 0xff, 0xff, 0xff, 0xff, 0x00, 0x00, 0x00, 0x00, 
  0x01, 0x00, 0x00, 0x00, 0xcc, 0xa3, 0x4f, 0x3c, 0x4e, 0x00, 0x00, 0x00, 
  0x73, 0x61, 0x66, 0x65, 0x62, 0x61, 0x6e, 0x64, 0x5f, 0x76, 0x32, 0x5f, 
  0x64, 0x65, 0x70, 0x6c, 0x6f, 0x79, 0x6d, 0x65, 0x6e, 0x74, 0x2f, 0x6d, 
  0x6f, 0x74, 0x69, 0x6f, 0x6e, 0x5f, 0x64, 0x65, 0x63, 0x6f, 0x64, 0x65, 
  0x72, 0x2f, 0x64, 0x65, 0x63, 0x5f, 0x73, 0x65, 0x71, 0x5f, 0x72, 0x65, 
  0x63, 0x6f, 0x6e, 0x73, 0x74, 0x72, 0x75, 0x63, 0x74, 0x69, 0x6f, 0x6e, 
  0x2f, 0x54, 0x65, 0x6e, 0x73, 0x6f, 0x72, 0x64, 0x6f, 0x74, 0x2f, 0x4d, 
  0x61, 0x74, 0x4d, 0x75, 0x6c, 0x31, 0x00, 0x00, 0x02, 0x00, 0x00, 0x00, 
  0x01, 0x00, 0x00, 0x00, 0x84, 0x00, 0x00, 0x00, 0xbe, 0x37, 0xfe, 0xff, 
  0x00, 0x00, 0x00, 0x01, 0x18, 0x00, 0x00, 0x00, 0x20, 0x00, 0x00, 0x00, 
  0x3c, 0x00, 0x00, 0x00, 0x1f, 0x02, 0x00, 0x00, 0x00, 0x00, 0x00, 0x09, 
  0x84, 0x00, 0x00, 0x00, 0x02, 0x00, 0x00, 0x00, 0xff, 0xff, 0xff, 0xff, 
  0xff, 0xff, 0xff, 0xff, 0xa4, 0x37, 0xfe, 0xff, 0x08, 0x00, 0x00, 0x00, 
  0x10, 0x00, 0x00, 0x00, 0x01, 0x00, 0x00, 0x00, 0x00, 0x00, 0x00, 0x00, 
  0x00, 0x00, 0x00, 0x00, 0x01, 0x00, 0x00, 0x00, 0xbf, 0x69, 0x00, 0x3c, 
  0x4e, 0x00, 0x00, 0x00, 0x73, 0x61, 0x66, 0x65, 0x62, 0x61, 0x6e, 0x64, 
  0x5f, 0x76, 0x32, 0x5f, 0x64, 0x65, 0x70, 0x6c, 0x6f, 0x79, 0x6d, 0x65, 
  0x6e, 0x74, 0x2f, 0x6d, 0x6f, 0x74, 0x69, 0x6f, 0x6e, 0x5f, 0x64, 0x65, 
  0x63, 0x6f, 0x64, 0x65, 0x72, 0x2f, 0x64, 0x65, 0x63, 0x5f, 0x73, 0x65, 
  0x71, 0x5f, 0x72, 0x65, 0x63, 0x6f, 0x6e, 0x73, 0x74, 0x72, 0x75, 0x63, 
  0x74, 0x69, 0x6f, 0x6e, 0x2f, 0x54, 0x65, 0x6e, 0x73, 0x6f, 0x72, 0x64, 
  0x6f, 0x74, 0x2f, 0x52, 0x65, 0x73, 0x68, 0x61, 0x70, 0x65, 0x00, 0x00, 
  0x02, 0x00, 0x00, 0x00, 0x01, 0x00, 0x00, 0x00, 0x01, 0x00, 0x00, 0x00, 
  0x5e, 0x39, 0xfe, 0xff, 0x00, 0x00, 0x00, 0x01, 0x14, 0x00, 0x00, 0x00, 
  0x14, 0x00, 0x00, 0x00, 0x1e, 0x02, 0x00, 0x00, 0x00, 0x00, 0x00, 0x02, 
  0x5c, 0x00, 0x00, 0x00, 0x48, 0x39, 0xfe, 0xff, 0x4c, 0x00, 0x00, 0x00, 
  0x73, 0x61, 0x66, 0x65, 0x62, 0x61, 0x6e, 0x64, 0x5f, 0x76, 0x32, 0x5f, 
  0x64, 0x65, 0x70, 0x6c, 0x6f, 0x79, 0x6d, 0x65, 0x6e, 0x74, 0x2f, 0x6d, 
  0x6f, 0x74, 0x69, 0x6f, 0x6e, 0x5f, 0x64, 0x65, 0x63, 0x6f, 0x64, 0x65, 
  0x72, 0x2f, 0x64, 0x65, 0x63, 0x5f, 0x73, 0x65, 0x71, 0x5f, 0x72, 0x65, 
  0x63, 0x6f, 0x6e, 0x73, 0x74, 0x72, 0x75, 0x63, 0x74, 0x69, 0x6f, 0x6e, 
  0x2f, 0x54, 0x65, 0x6e, 0x73, 0x6f, 0x72, 0x64, 0x6f, 0x74, 0x2f, 0x73, 
  0x74, 0x61, 0x63, 0x6b, 0x00, 0x00, 0x00, 0x00, 0x01, 0x00, 0x00, 0x00, 
  0x02, 0x00, 0x00, 0x00, 0xda, 0x39, 0xfe, 0xff, 0x00, 0x00, 0x00, 0x01, 
  0x14, 0x00, 0x00, 0x00, 0x14, 0x00, 0x00, 0x00, 0x1d, 0x02, 0x00, 0x00, 
  0x00, 0x00, 0x00, 0x02, 0x5c, 0x00, 0x00, 0x00, 0xc4, 0x39, 0xfe, 0xff, 
  0x4d, 0x00, 0x00, 0x00, 0x73, 0x61, 0x66, 0x65, 0x62, 0x61, 0x6e, 0x64, 
  0x5f, 0x76, 0x32, 0x5f, 0x64, 0x65, 0x70, 0x6c, 0x6f, 0x79, 0x6d, 0x65, 
  0x6e, 0x74, 0x2f, 0x6d, 0x6f, 0x74, 0x69, 0x6f, 0x6e, 0x5f, 0x64, 0x65, 
  0x63, 0x6f, 0x64, 0x65, 0x72, 0x2f, 0x64, 0x65, 0x63, 0x5f, 0x73, 0x65, 
  0x71, 0x5f, 0x72, 0x65, 0x63, 0x6f, 0x6e, 0x73, 0x74, 0x72, 0x75, 0x63, 
  0x74, 0x69, 0x6f, 0x6e, 0x2f, 0x54, 0x65, 0x6e, 0x73, 0x6f, 0x72, 0x64, 
  0x6f, 0x74, 0x2f, 0x50, 0x72, 0x6f, 0x64, 0x5f, 0x31, 0x00, 0x00, 0x00, 
  0x00, 0x00, 0x00, 0x00, 0x52, 0x3a, 0xfe, 0xff, 0x00, 0x00, 0x00, 0x01, 
  0x14, 0x00, 0x00, 0x00, 0x14, 0x00, 0x00, 0x00, 0x1c, 0x02, 0x00, 0x00, 
  0x00, 0x00, 0x00, 0x02, 0xb4, 0x00, 0x00, 0x00, 0x3c, 0x3a, 0xfe, 0xff, 
  0xa6, 0x00, 0x00, 0x00, 0x73, 0x61, 0x66, 0x65, 0x62, 0x61, 0x6e, 0x64, 
  0x5f, 0x76, 0x32, 0x5f, 0x64, 0x65, 0x70, 0x6c, 0x6f, 0x79, 0x6d, 0x65, 
  0x6e, 0x74, 0x2f, 0x6d, 0x6f, 0x74, 0x69, 0x6f, 0x6e, 0x5f, 0x64, 0x65, 
  0x63, 0x6f, 0x64, 0x65, 0x72, 0x2f, 0x64, 0x65, 0x63, 0x5f, 0x73, 0x65, 
  0x71, 0x5f, 0x72, 0x65, 0x63, 0x6f, 0x6e, 0x73, 0x74, 0x72, 0x75, 0x63, 
  0x74, 0x69, 0x6f, 0x6e, 0x2f, 0x54, 0x65, 0x6e, 0x73, 0x6f, 0x72, 0x64, 
  0x6f, 0x74, 0x2f, 0x47, 0x61, 0x74, 0x68, 0x65, 0x72, 0x56, 0x32, 0x5f, 
  0x31, 0x3b, 0x73, 0x61, 0x66, 0x65, 0x62, 0x61, 0x6e, 0x64, 0x5f, 0x76, 
  0x32, 0x5f, 0x64, 0x65, 0x70, 0x6c, 0x6f, 0x79, 0x6d, 0x65, 0x6e, 0x74, 
  0x2f, 0x6d, 0x6f, 0x74, 0x69, 0x6f, 0x6e, 0x5f, 0x64, 0x65, 0x63, 0x6f, 
  0x64, 0x65, 0x72, 0x2f, 0x64, 0x65, 0x63, 0x5f, 0x73, 0x65, 0x71, 0x5f, 
  0x72, 0x65, 0x63, 0x6f, 0x6e, 0x73, 0x74, 0x72, 0x75, 0x63, 0x74, 0x69, 
  0x6f, 0x6e, 0x2f, 0x54, 0x65, 0x6e, 0x73, 0x6f, 0x72, 0x64, 0x6f, 0x74, 
  0x2f, 0x47, 0x61, 0x74, 0x68, 0x65, 0x72, 0x56, 0x32, 0x2f, 0x61, 0x78, 
  0x69, 0x73, 0x00, 0x00, 0x01, 0x00, 0x00, 0x00, 0x01, 0x00, 0x00, 0x00, 
  0x26, 0x3b, 0xfe, 0xff, 0x00, 0x00, 0x00, 0x01, 0x14, 0x00, 0x00, 0x00, 
  0x14, 0x00, 0x00, 0x00, 0x1b, 0x02, 0x00, 0x00, 0x00, 0x00, 0x00, 0x02, 
  0x5c, 0x00, 0x00, 0x00, 0x10, 0x3b, 0xfe, 0xff, 0x4f, 0x00, 0x00, 0x00, 
  0x73, 0x61, 0x66, 0x65, 0x62, 0x61, 0x6e, 0x64, 0x5f, 0x76, 0x32, 0x5f, 
  0x64, 0x65, 0x70, 0x6c, 0x6f, 0x79, 0x6d, 0x65, 0x6e, 0x74, 0x2f, 0x6d, 
  0x6f, 0x74, 0x69, 0x6f, 0x6e, 0x5f, 0x64, 0x65, 0x63, 0x6f, 0x64, 0x65, 
  0x72, 0x2f, 0x64, 0x65, 0x63, 0x5f, 0x73, 0x65, 0x71, 0x5f, 0x72, 0x65, 
  0x63, 0x6f, 0x6e, 0x73, 0x74, 0x72, 0x75, 0x63, 0x74, 0x69, 0x6f, 0x6e, 
  0x2f, 0x54, 0x65, 0x6e, 0x73, 0x6f, 0x72, 0x64, 0x6f, 0x74, 0x2f, 0x63, 
  0x6f, 0x6e, 0x63, 0x61, 0x74, 0x5f, 0x31, 0x00, 0x01, 0x00, 0x00, 0x00, 
  0x03, 0x00, 0x00, 0x00, 0xa2, 0x3b, 0xfe, 0xff, 0x00, 0x00, 0x00, 0x01, 
  0x14, 0x00, 0x00, 0x00, 0x14, 0x00, 0x00, 0x00, 0x1a, 0x02, 0x00, 0x00, 
  0x00, 0x00, 0x00, 0x02, 0x58, 0x00, 0x00, 0x00, 0x8c, 0x3b, 0xfe, 0xff, 
  0x4b, 0x00, 0x00, 0x00, 0x73, 0x61, 0x66, 0x65, 0x62, 0x61, 0x6e, 0x64, 
  0x5f, 0x76, 0x32, 0x5f, 0x64, 0x65, 0x70, 0x6c, 0x6f, 0x79, 0x6d, 0x65, 
  0x6e, 0x74, 0x2f, 0x6d, 0x6f, 0x74, 0x69, 0x6f, 0x6e, 0x5f, 0x64, 0x65, 
  0x63, 0x6f, 0x64, 0x65, 0x72, 0x2f, 0x64, 0x65, 0x63, 0x5f, 0x73, 0x65, 
  0x71, 0x5f, 0x72, 0x65, 0x63, 0x6f, 0x6e, 0x73, 0x74, 0x72, 0x75, 0x63, 
  0x74, 0x69, 0x6f, 0x6e, 0x2f, 0x54, 0x65, 0x6e, 0x73, 0x6f, 0x72, 0x64, 
  0x6f, 0x74, 0x2f, 0x50, 0x72, 0x6f, 0x64, 0x00, 0x00, 0x00, 0x00, 0x00, 
  0x16, 0x3c, 0xfe, 0xff, 0x00, 0x00, 0x00, 0x01, 0x14, 0x00, 0x00, 0x00, 
  0x14, 0x00, 0x00, 0x00, 0x19, 0x02, 0x00, 0x00, 0x00, 0x00, 0x00, 0x02, 
  0xb4, 0x00, 0x00, 0x00, 0x00, 0x3c, 0xfe, 0xff, 0xa4, 0x00, 0x00, 0x00, 
  0x73, 0x61, 0x66, 0x65, 0x62, 0x61, 0x6e, 0x64, 0x5f, 0x76, 0x32, 0x5f, 
  0x64, 0x65, 0x70, 0x6c, 0x6f, 0x79, 0x6d, 0x65, 0x6e, 0x74, 0x2f, 0x6d, 
  0x6f, 0x74, 0x69, 0x6f, 0x6e, 0x5f, 0x64, 0x65, 0x63, 0x6f, 0x64, 0x65, 
  0x72, 0x2f, 0x64, 0x65, 0x63, 0x5f, 0x73, 0x65, 0x71, 0x5f, 0x72, 0x65, 
  0x63, 0x6f, 0x6e, 0x73, 0x74, 0x72, 0x75, 0x63, 0x74, 0x69, 0x6f, 0x6e, 
  0x2f, 0x54, 0x65, 0x6e, 0x73, 0x6f, 0x72, 0x64, 0x6f, 0x74, 0x2f, 0x47, 
  0x61, 0x74, 0x68, 0x65, 0x72, 0x56, 0x32, 0x3b, 0x73, 0x61, 0x66, 0x65, 
  0x62, 0x61, 0x6e, 0x64, 0x5f, 0x76, 0x32, 0x5f, 0x64, 0x65, 0x70, 0x6c, 
  0x6f, 0x79, 0x6d, 0x65, 0x6e, 0x74, 0x2f, 0x6d, 0x6f, 0x74, 0x69, 0x6f, 
  0x6e, 0x5f, 0x64, 0x65, 0x63, 0x6f, 0x64, 0x65, 0x72, 0x2f, 0x64, 0x65, 
  0x63, 0x5f, 0x73, 0x65, 0x71, 0x5f, 0x72, 0x65, 0x63, 0x6f, 0x6e, 0x73, 
  0x74, 0x72, 0x75, 0x63, 0x74, 0x69, 0x6f, 0x6e, 0x2f, 0x54, 0x65, 0x6e, 
  0x73, 0x6f, 0x72, 0x64, 0x6f, 0x74, 0x2f, 0x47, 0x61, 0x74, 0x68, 0x65, 
  0x72, 0x56, 0x32, 0x2f, 0x61, 0x78, 0x69, 0x73, 0x00, 0x00, 0x00, 0x00, 
  0x01, 0x00, 0x00, 0x00, 0x02, 0x00, 0x00, 0x00, 0xea, 0x3c, 0xfe, 0xff, 
  0x00, 0x00, 0x00, 0x01, 0x14, 0x00, 0x00, 0x00, 0x14, 0x00, 0x00, 0x00, 
  0x18, 0x02, 0x00, 0x00, 0x00, 0x00, 0x00, 0x02, 0x5c, 0x00, 0x00, 0x00, 
  0xd4, 0x3c, 0xfe, 0xff, 0x4c, 0x00, 0x00, 0x00, 0x73, 0x61, 0x66, 0x65, 
  0x62, 0x61, 0x6e, 0x64, 0x5f, 0x76, 0x32, 0x5f, 0x64, 0x65, 0x70, 0x6c, 
  0x6f, 0x79, 0x6d, 0x65, 0x6e, 0x74, 0x2f, 0x6d, 0x6f, 0x74, 0x69, 0x6f, 
  0x6e, 0x5f, 0x64, 0x65, 0x63, 0x6f, 0x64, 0x65, 0x72, 0x2f, 0x64, 0x65, 
  0x63, 0x5f, 0x73, 0x65, 0x71, 0x5f, 0x72, 0x65, 0x63, 0x6f, 0x6e, 0x73, 
  0x74, 0x72, 0x75, 0x63, 0x74, 0x69, 0x6f, 0x6e, 0x2f, 0x54, 0x65, 0x6e, 
  0x73, 0x6f, 0x72, 0x64, 0x6f, 0x74, 0x2f, 0x53, 0x68, 0x61, 0x70, 0x65, 
  0x00, 0x00, 0x00, 0x00, 0x01, 0x00, 0x00, 0x00, 0x03, 0x00, 0x00, 0x00, 
  0x72, 0x3c, 0xfe, 0xff, 0x00, 0x00, 0x00, 0x01, 0x18, 0x00, 0x00, 0x00, 
  0x24, 0x00, 0x00, 0x00, 0x40, 0x00, 0x00, 0x00, 0x17, 0x02, 0x00, 0x00, 
  0x00, 0x00, 0x00, 0x09, 0x74, 0x00, 0x00, 0x00, 0x03, 0x00, 0x00, 0x00, 
  0xff, 0xff, 0xff, 0xff, 0x0a, 0x00, 0x00, 0x00, 0x04, 0x00, 0x00, 0x00, 
  0x5c, 0x3c, 0xfe, 0xff, 0x08, 0x00, 0x00, 0x00, 0x10, 0x00, 0x00, 0x00, 
  0x01, 0x00, 0x00, 0x00, 0x00, 0x00, 0x00, 0x00, 0x00, 0x00, 0x00, 0x00, 
  0x01, 0x00, 0x00, 0x00, 0xbf, 0x69, 0x00, 0x3c, 0x39, 0x00, 0x00, 0x00, 
  0x73, 0x61, 0x66, 0x65, 0x62, 0x61, 0x6e, 0x64, 0x5f, 0x76, 0x32, 0x5f, 
  0x64, 0x65, 0x70, 0x6c, 0x6f, 0x79, 0x6d, 0x65, 0x6e, 0x74, 0x2f, 0x6d, 
  0x6f, 0x74, 0x69, 0x6f, 0x6e, 0x5f, 0x64, 0x65, 0x63, 0x6f, 0x64, 0x65, 
  0x72, 0x2f, 0x64, 0x65, 0x63, 0x5f, 0x67, 0x72, 0x75, 0x2f, 0x74, 0x72, 
  0x61, 0x6e, 0x73, 0x70, 0x6f, 0x73, 0x65, 0x5f, 0x31, 0x00, 0x00, 0x00, 
  0x03, 0x00, 0x00, 0x00, 0x01, 0x00, 0x00, 0x00, 0x0a, 0x00, 0x00, 0x00, 
  0x04, 0x00, 0x00, 0x00, 0x12, 0x3d, 0xfe, 0xff, 0x00, 0x00, 0x00, 0x01, 
  0x18, 0x00, 0x00, 0x00, 0x24, 0x00, 0x00, 0x00, 0x44, 0x00, 0x00, 0x00, 
  0x16, 0x02, 0x00, 0x00, 0x00, 0x00, 0x00, 0x09, 0x70, 0x00, 0x00, 0x00, 
  0x03, 0x00, 0x00, 0x00, 0x0a, 0x00, 0x00, 0x00, 0xff, 0xff, 0xff, 0xff, 
  0x04, 0x00, 0x00, 0x00, 0xfc, 0x3c, 0xfe, 0xff, 0x08, 0x00, 0x00, 0x00, 
  0x14, 0x00, 0x00, 0x00, 0x01, 0x00, 0x00, 0x00, 0x00, 0x00, 0x00, 0x00, 
  0x00, 0x00, 0x00, 0x00, 0x00, 0x00, 0x00, 0x00, 0x01, 0x00, 0x00, 0x00, 
  0xbf, 0x69, 0x00, 0x3c, 0x33, 0x00, 0x00, 0x00, 0x73, 0x61, 0x66, 0x65, 
  0x62, 0x61, 0x6e, 0x64, 0x5f, 0x76, 0x32, 0x5f, 0x64, 0x65, 0x70, 0x6c, 
  0x6f, 0x79, 0x6d, 0x65, 0x6e, 0x74, 0x2f, 0x6d, 0x6f, 0x74, 0x69, 0x6f, 
  0x6e, 0x5f, 0x64, 0x65, 0x63, 0x6f, 0x64, 0x65, 0x72, 0x2f, 0x64, 0x65, 
  0x63, 0x5f, 0x67, 0x72, 0x75, 0x2f, 0x73, 0x74, 0x61, 0x63, 0x6b, 0x00, 
  0x03, 0x00, 0x00, 0x00, 0x0a, 0x00, 0x00, 0x00, 0x01, 0x00, 0x00, 0x00, 
  0x04, 0x00, 0x00, 0x00, 0xae, 0x3d, 0xfe, 0xff, 0x00, 0x00, 0x00, 0x01, 
  0x18, 0x00, 0x00, 0x00, 0x20, 0x00, 0x00, 0x00, 0x40, 0x00, 0x00, 0x00, 
  0x15, 0x02, 0x00, 0x00, 0x00, 0x00, 0x00, 0x09, 0x78, 0x00, 0x00, 0x00, 
  0x02, 0x00, 0x00, 0x00, 0xff, 0xff, 0xff, 0xff, 0x04, 0x00, 0x00, 0x00, 
  0x94, 0x3d, 0xfe, 0xff, 0x08, 0x00, 0x00, 0x00, 0x14, 0x00, 0x00, 0x00, 
  0x01, 0x00, 0x00, 0x00, 0x00, 0x00, 0x00, 0x00, 0x00, 0x00, 0x00, 0x00, 
  0x00, 0x00, 0x00, 0x00, 0x01, 0x00, 0x00, 0x00, 0xbf, 0x69, 0x00, 0x3c, 
  0x3f, 0x00, 0x00, 0x00, 0x73, 0x61, 0x66, 0x65, 0x62, 0x61, 0x6e, 0x64, 
  0x5f, 0x76, 0x32, 0x5f, 0x64, 0x65, 0x70, 0x6c, 0x6f, 0x79, 0x6d, 0x65, 
  0x6e, 0x74, 0x2f, 0x6d, 0x6f, 0x74, 0x69, 0x6f, 0x6e, 0x5f, 0x64, 0x65, 
  0x63, 0x6f, 0x64, 0x65, 0x72, 0x2f, 0x64, 0x65, 0x63, 0x5f, 0x67, 0x72, 
  0x75, 0x2f, 0x67, 0x72, 0x75, 0x5f, 0x63, 0x65, 0x6c, 0x6c, 0x5f, 0x32, 
  0x2f, 0x61, 0x64, 0x64, 0x5f, 0x33, 0x39, 0x00, 0x02, 0x00, 0x00, 0x00, 
  0x01, 0x00, 0x00, 0x00, 0x04, 0x00, 0x00, 0x00, 0x4e, 0x3e, 0xfe, 0xff, 
  0x00, 0x00, 0x00, 0x01, 0x18, 0x00, 0x00, 0x00, 0x20, 0x00, 0x00, 0x00, 
  0x40, 0x00, 0x00, 0x00, 0x14, 0x02, 0x00, 0x00, 0x00, 0x00, 0x00, 0x09, 
  0x78, 0x00, 0x00, 0x00, 0x02, 0x00, 0x00, 0x00, 0xff, 0xff, 0xff, 0xff, 
  0x04, 0x00, 0x00, 0x00, 0x34, 0x3e, 0xfe, 0xff, 0x08, 0x00, 0x00, 0x00, 
  0x14, 0x00, 0x00, 0x00, 0x01, 0x00, 0x00, 0x00, 0x39, 0x00, 0x00, 0x00, 
  0x00, 0x00, 0x00, 0x00, 0x00, 0x00, 0x00, 0x00, 0x01, 0x00, 0x00, 0x00, 
  0x6b, 0x12, 0xbf, 0x3a, 0x3f, 0x00, 0x00, 0x00, 0x73, 0x61, 0x66, 0x65, 
  0x62, 0x61, 0x6e, 0x64, 0x5f, 0x76, 0x32, 0x5f, 0x64, 0x65, 0x70, 0x6c, 
  0x6f, 0x79, 0x6d, 0x65, 0x6e, 0x74, 0x2f, 0x6d, 0x6f, 0x74, 0x69, 0x6f, 
  0x6e, 0x5f, 0x64, 0x65, 0x63, 0x6f, 0x64, 0x65, 0x72, 0x2f, 0x64, 0x65, 
  0x63, 0x5f, 0x67, 0x72, 0x75, 0x2f, 0x67, 0x72, 0x75, 0x5f, 0x63, 0x65, 
  0x6c, 0x6c, 0x5f, 0x32, 0x2f, 0x6d, 0x75, 0x6c, 0x5f, 0x32, 0x38, 0x00, 
  0x02, 0x00, 0x00, 0x00, 0x01, 0x00, 0x00, 0x00, 0x04, 0x00, 0x00, 0x00, 
  0xee, 0x3e, 0xfe, 0xff, 0x00, 0x00, 0x00, 0x01, 0x18, 0x00, 0x00, 0x00, 
  0x20, 0x00, 0x00, 0x00, 0x40, 0x00, 0x00, 0x00, 0x13, 0x02, 0x00, 0x00, 
  0x00, 0x00, 0x00, 0x09, 0x78, 0x00, 0x00, 0x00, 0x02, 0x00, 0x00, 0x00, 
  0xff, 0xff, 0xff, 0xff, 0x04, 0x00, 0x00, 0x00, 0xd4, 0x3e, 0xfe, 0xff, 
  0x08, 0x00, 0x00, 0x00, 0x14, 0x00, 0x00, 0x00, 0x01, 0x00, 0x00, 0x00, 
  0x00, 0x00, 0x00, 0x00, 0x00, 0x00, 0x00, 0x00, 0x00, 0x00, 0x00, 0x00, 
  0x01, 0x00, 0x00, 0x00, 0xe7, 0x5e, 0x00, 0x3c, 0x3f, 0x00, 0x00, 0x00, 
  0x73, 0x61, 0x66, 0x65, 0x62, 0x61, 0x6e, 0x64, 0x5f, 0x76, 0x32, 0x5f, 
  0x64, 0x65, 0x70, 0x6c, 0x6f, 0x79, 0x6d, 0x65, 0x6e, 0x74, 0x2f, 0x6d, 
  0x6f, 0x74, 0x69, 0x6f, 0x6e, 0x5f, 0x64, 0x65, 0x63, 0x6f, 0x64, 0x65, 
  0x72, 0x2f, 0x64, 0x65, 0x63, 0x5f, 0x67, 0x72, 0x75, 0x2f, 0x67, 0x72, 
  0x75, 0x5f, 0x63, 0x65, 0x6c, 0x6c, 0x5f, 0x32, 0x2f, 0x6d, 0x75, 0x6c, 
  0x5f, 0x32, 0x39, 0x00, 0x02, 0x00, 0x00, 0x00, 0x01, 0x00, 0x00, 0x00, 
  0x04, 0x00, 0x00, 0x00, 0x8e, 0x3f, 0xfe, 0xff, 0x00, 0x00, 0x00, 0x01, 
  0x18, 0x00, 0x00, 0x00, 0x20, 0x00, 0x00, 0x00, 0x40, 0x00, 0x00, 0x00, 
  0x12, 0x02, 0x00, 0x00, 0x00, 0x00, 0x00, 0x09, 0x78, 0x00, 0x00, 0x00, 
  0x02, 0x00, 0x00, 0x00, 0xff, 0xff, 0xff, 0xff, 0x04, 0x00, 0x00, 0x00, 
  0x74, 0x3f, 0xfe, 0xff, 0x08, 0x00, 0x00, 0x00, 0x14, 0x00, 0x00, 0x00, 
  0x01, 0x00, 0x00, 0x00, 0x00, 0x00, 0x00, 0x00, 0x00, 0x00, 0x00, 0x00, 
  0x00, 0x00, 0x00, 0x00, 0x01, 0x00, 0x00, 0x00, 0x00, 0x00, 0x00, 0x3c, 
  0x3f, 0x00, 0x00, 0x00, 0x73, 0x61, 0x66, 0x65, 0x62, 0x61, 0x6e, 0x64, 
  0x5f, 0x76, 0x32, 0x5f, 0x64, 0x65, 0x70, 0x6c, 0x6f, 0x79, 0x6d, 0x65, 
  0x6e, 0x74, 0x2f, 0x6d, 0x6f, 0x74, 0x69, 0x6f, 0x6e, 0x5f, 0x64, 0x65, 
  0x63, 0x6f, 0x64, 0x65, 0x72, 0x2f, 0x64, 0x65, 0x63, 0x5f, 0x67, 0x72, 
  0x75, 0x2f, 0x67, 0x72, 0x75, 0x5f, 0x63, 0x65, 0x6c, 0x6c, 0x5f, 0x32, 
  0x2f, 0x54, 0x61, 0x6e, 0x68, 0x5f, 0x39, 0x00, 0x02, 0x00, 0x00, 0x00, 
  0x01, 0x00, 0x00, 0x00, 0x04, 0x00, 0x00, 0x00, 0x2e, 0x40, 0xfe, 0xff, 
  0x00, 0x00, 0x00, 0x01, 0x18, 0x00, 0x00, 0x00, 0x20, 0x00, 0x00, 0x00, 
  0x40, 0x00, 0x00, 0x00, 0x11, 0x02, 0x00, 0x00, 0x00, 0x00, 0x00, 0x09, 
  0x78, 0x00, 0x00, 0x00, 0x02, 0x00, 0x00, 0x00, 0xff, 0xff, 0xff, 0xff, 
  0x04, 0x00, 0x00, 0x00, 0x14, 0x40, 0xfe, 0xff, 0x08, 0x00, 0x00, 0x00, 
  0x14, 0x00, 0x00, 0x00, 0x01, 0x00, 0x00, 0x00, 0x09, 0x00, 0x00, 0x00, 
  0x00, 0x00, 0x00, 0x00, 0x00, 0x00, 0x00, 0x00, 0x01, 0x00, 0x00, 0x00, 
  0xcc, 0xed, 0x02, 0x3d, 0x3f, 0x00, 0x00, 0x00, 0x73, 0x61, 0x66, 0x65, 
  0x62, 0x61, 0x6e, 0x64, 0x5f, 0x76, 0x32, 0x5f, 0x64, 0x65, 0x70, 0x6c, 
  0x6f, 0x79, 0x6d, 0x65, 0x6e, 0x74, 0x2f, 0x6d, 0x6f, 0x74, 0x69, 0x6f, 
  0x6e, 0x5f, 0x64, 0x65, 0x63, 0x6f, 0x64, 0x65, 0x72, 0x2f, 0x64, 0x65, 
  0x63, 0x5f, 0x67, 0x72, 0x75, 0x2f, 0x67, 0x72, 0x75, 0x5f, 0x63, 0x65, 
  0x6c, 0x6c, 0x5f, 0x32, 0x2f, 0x61, 0x64, 0x64, 0x5f, 0x33, 0x38, 0x00, 
  0x02, 0x00, 0x00, 0x00, 0x01, 0x00, 0x00, 0x00, 0x04, 0x00, 0x00, 0x00, 
  0xce, 0x40, 0xfe, 0xff, 0x00, 0x00, 0x00, 0x01, 0x18, 0x00, 0x00, 0x00, 
  0x20, 0x00, 0x00, 0x00, 0x40, 0x00, 0x00, 0x00, 0x10, 0x02, 0x00, 0x00, 
  0x00, 0x00, 0x00, 0x09, 0x78, 0x00, 0x00, 0x00, 0x02, 0x00, 0x00, 0x00, 
  0xff, 0xff, 0xff, 0xff, 0x04, 0x00, 0x00, 0x00, 0xb4, 0x40, 0xfe, 0xff, 
  0x08, 0x00, 0x00, 0x00, 0x14, 0x00, 0x00, 0x00, 0x01, 0x00, 0x00, 0x00, 
  0xbf, 0xff, 0xff, 0xff, 0xff, 0xff, 0xff, 0xff, 0x00, 0x00, 0x00, 0x00, 
  0x01, 0x00, 0x00, 0x00, 0x38, 0xac, 0xee, 0x3b, 0x3f, 0x00, 0x00, 0x00, 
  0x73, 0x61, 0x66, 0x65, 0x62, 0x61, 0x6e, 0x64, 0x5f, 0x76, 0x32, 0x5f, 
  0x64, 0x65, 0x70, 0x6c, 0x6f, 0x79, 0x6d, 0x65, 0x6e, 0x74, 0x2f, 0x6d, 
  0x6f, 0x74, 0x69, 0x6f, 0x6e, 0x5f, 0x64, 0x65, 0x63, 0x6f, 0x64, 0x65, 
  0x72, 0x2f, 0x64, 0x65, 0x63, 0x5f, 0x67, 0x72, 0x75, 0x2f, 0x67, 0x72, 
  0x75, 0x5f, 0x63, 0x65, 0x6c, 0x6c, 0x5f, 0x32, 0x2f, 0x6d, 0x75, 0x6c, 
  0x5f, 0x32, 0x37, 0x00, 0x02, 0x00, 0x00, 0x00, 0x01, 0x00, 0x00, 0x00, 
  0x04, 0x00, 0x00, 0x00, 0x6e, 0x41, 0xfe, 0xff, 0x00, 0x00, 0x00, 0x01, 
  0x18, 0x00, 0x00, 0x00, 0x20, 0x00, 0x00, 0x00, 0x3c, 0x00, 0x00, 0x00, 
  0x0f, 0x02, 0x00, 0x00, 0x00, 0x00, 0x00, 0x09, 0x78, 0x00, 0x00, 0x00, 
  0x02, 0x00, 0x00, 0x00, 0xff, 0xff, 0xff, 0xff, 0x04, 0x00, 0x00, 0x00, 
  0x54, 0x41, 0xfe, 0xff, 0x08, 0x00, 0x00, 0x00, 0x10, 0x00, 0x00, 0x00, 
  0x01, 0x00, 0x00, 0x00, 0x80, 0xff, 0xff, 0xff, 0xff, 0xff, 0xff, 0xff, 
  0x01, 0x00, 0x00, 0x00, 0x00, 0x00, 0x80, 0x3b, 0x43, 0x00, 0x00, 0x00, 
  0x73, 0x61, 0x66, 0x65, 0x62, 0x61, 0x6e, 0x64, 0x5f, 0x76, 0x32, 0x5f, 
  0x64, 0x65, 0x70, 0x6c, 0x6f, 0x79, 0x6d, 0x65, 0x6e, 0x74, 0x2f, 0x6d, 
  0x6f, 0x74, 0x69, 0x6f, 0x6e, 0x5f, 0x64, 0x65, 0x63, 0x6f, 0x64, 0x65, 
  0x72, 0x2f, 0x64, 0x65, 0x63, 0x5f, 0x67, 0x72, 0x75, 0x2f, 0x67, 0x72, 
  0x75, 0x5f, 0x63, 0x65, 0x6c, 0x6c, 0x5f, 0x32, 0x2f, 0x53, 0x69, 0x67, 
  0x6d, 0x6f, 0x69, 0x64, 0x5f, 0x31, 0x39, 0x00, 0x02, 0x00, 0x00, 0x00, 
  0x01, 0x00, 0x00, 0x00, 0x04, 0x00, 0x00, 0x00, 0x0e, 0x42, 0xfe, 0xff, 
  0x00, 0x00, 0x00, 0x01, 0x18, 0x00, 0x00, 0x00, 0x20, 0x00, 0x00, 0x00, 
  0x40, 0x00, 0x00, 0x00, 0x0e, 0x02, 0x00, 0x00, 0x00, 0x00, 0x00, 0x09, 
  0x78, 0x00, 0x00, 0x00, 0x02, 0x00, 0x00, 0x00, 0xff, 0xff, 0xff, 0xff, 
  0x04, 0x00, 0x00, 0x00, 0xf4, 0x41, 0xfe, 0xff, 0x08, 0x00, 0x00, 0x00, 
  0x14, 0x00, 0x00, 0x00, 0x01, 0x00, 0x00, 0x00, 0x0d, 0x00, 0x00, 0x00, 
  0x00, 0x00, 0x00, 0x00, 0x00, 0x00, 0x00, 0x00, 0x01, 0x00, 0x00, 0x00, 
  0x38, 0x50, 0xce, 0x3c, 0x3f, 0x00, 0x00, 0x00, 0x73, 0x61, 0x66, 0x65, 
  0x62, 0x61, 0x6e, 0x64, 0x5f, 0x76, 0x32, 0x5f, 0x64, 0x65, 0x70, 0x6c, 
  0x6f, 0x79, 0x6d, 0x65, 0x6e, 0x74, 0x2f, 0x6d, 0x6f, 0x74, 0x69, 0x6f, 
  0x6e, 0x5f, 0x64, 0x65, 0x63, 0x6f, 0x64, 0x65, 0x72, 0x2f, 0x64, 0x65, 
  0x63, 0x5f, 0x67, 0x72, 0x75, 0x2f, 0x67, 0x72, 0x75, 0x5f, 0x63, 0x65, 
  0x6c, 0x6c, 0x5f, 0x32, 0x2f, 0x61, 0x64, 0x64, 0x5f, 0x33, 0x37, 0x00, 
  0x02, 0x00, 0x00, 0x00, 0x01, 0x00, 0x00, 0x00, 0x04, 0x00, 0x00, 0x00, 
  0xae, 0x42, 0xfe, 0xff, 0x00, 0x00, 0x00, 0x01, 0x18, 0x00, 0x00, 0x00, 
  0x20, 0x00, 0x00, 0x00, 0x40, 0x00, 0x00, 0x00, 0x0d, 0x02, 0x00, 0x00, 
  0x00, 0x00, 0x00, 0x09, 0x78, 0x00, 0x00, 0x00, 0x02, 0x00, 0x00, 0x00, 
  0xff, 0xff, 0xff, 0xff, 0x04, 0x00, 0x00, 0x00, 0x94, 0x42, 0xfe, 0xff, 
  0x08, 0x00, 0x00, 0x00, 0x14, 0x00, 0x00, 0x00, 0x01, 0x00, 0x00, 0x00, 
  0x80, 0xff, 0xff, 0xff, 0xff, 0xff, 0xff, 0xff, 0x00, 0x00, 0x00, 0x00, 
  0x01, 0x00, 0x00, 0x00, 0x96, 0x7e, 0x80, 0x3b, 0x3e, 0x00, 0x00, 0x00, 
  0x73, 0x61, 0x66, 0x65, 0x62, 0x61, 0x6e, 0x64, 0x5f, 0x76, 0x32, 0x5f, 
  0x64, 0x65, 0x70, 0x6c, 0x6f, 0x79, 0x6d, 0x65, 0x6e, 0x74, 0x2f, 0x6d, 
  0x6f, 0x74, 0x69, 0x6f, 0x6e, 0x5f, 0x64, 0x65, 0x63, 0x6f, 0x64, 0x65, 
  0x72, 0x2f, 0x64, 0x65, 0x63, 0x5f, 0x67, 0x72, 0x75, 0x2f, 0x67, 0x72, 
  0x75, 0x5f, 0x63, 0x65, 0x6c, 0x6c, 0x5f, 0x32, 0x2f, 0x73, 0x75, 0x62, 
  0x5f, 0x39, 0x00, 0x00, 0x02, 0x00, 0x00, 0x00, 0x01, 0x00, 0x00, 0x00, 
  0x04, 0x00, 0x00, 0x00, 0x4e, 0x43, 0xfe, 0xff, 0x00, 0x00, 0x00, 0x01, 
  0x18, 0x00, 0x00, 0x00, 0x20, 0x00, 0x00, 0x00, 0x3c, 0x00, 0x00, 0x00, 
  0x0c, 0x02, 0x00, 0x00, 0x00, 0x00, 0x00, 0x09, 0x78, 0x00, 0x00, 0x00, 
  0x02, 0x00, 0x00, 0x00, 0xff, 0xff, 0xff, 0xff, 0x04, 0x00, 0x00, 0x00, 
  0x34, 0x43, 0xfe, 0xff, 0x08, 0x00, 0x00, 0x00, 0x10, 0x00, 0x00, 0x00, 
  0x01, 0x00, 0x00, 0x00, 0x80, 0xff, 0xff, 0xff, 0xff, 0xff, 0xff, 0xff, 
  0x01, 0x00, 0x00, 0x00, 0x00, 0x00, 0x80, 0x3b, 0x43, 0x00, 0x00, 0x00, 
  0x73, 0x61, 0x66, 0x65, 0x62, 0x61, 0x6e, 0x64, 0x5f, 0x76, 0x32, 0x5f, 
  0x64, 0x65, 0x70, 0x6c, 0x6f, 0x79, 0x6d, 0x65, 0x6e, 0x74, 0x2f, 0x6d, 
  0x6f, 0x74, 0x69, 0x6f, 0x6e, 0x5f, 0x64, 0x65, 0x63, 0x6f, 0x64, 0x65, 
  0x72, 0x2f, 0x64, 0x65, 0x63, 0x5f, 0x67, 0x72, 0x75, 0x2f, 0x67, 0x72, 
  0x75, 0x5f, 0x63, 0x65, 0x6c, 0x6c, 0x5f, 0x32, 0x2f, 0x53, 0x69, 0x67, 
  0x6d, 0x6f, 0x69, 0x64, 0x5f, 0x31, 0x38, 0x00, 0x02, 0x00, 0x00, 0x00, 
  0x01, 0x00, 0x00, 0x00, 0x04, 0x00, 0x00, 0x00, 0xee, 0x43, 0xfe, 0xff, 
  0x00, 0x00, 0x00, 0x01, 0x18, 0x00, 0x00, 0x00, 0x20, 0x00, 0x00, 0x00, 
  0x40, 0x00, 0x00, 0x00, 0x0b, 0x02, 0x00, 0x00, 0x00, 0x00, 0x00, 0x09, 
  0x78, 0x00, 0x00, 0x00, 0x02, 0x00, 0x00, 0x00, 0xff, 0xff, 0xff, 0xff, 
  0x04, 0x00, 0x00, 0x00, 0xd4, 0x43, 0xfe, 0xff, 0x08, 0x00, 0x00, 0x00, 
  0x14, 0x00, 0x00, 0x00, 0x01, 0x00, 0x00, 0x00, 0x7f, 0x00, 0x00, 0x00, 
  0x00, 0x00, 0x00, 0x00, 0x00, 0x00, 0x00, 0x00, 0x01, 0x00, 0x00, 0x00, 
  0x6d, 0x9f, 0x1c, 0x3d, 0x3f, 0x00, 0x00, 0x00, 0x73, 0x61, 0x66, 0x65, 
  0x62, 0x61, 0x6e, 0x64, 0x5f, 0x76, 0x32, 0x5f, 0x64, 0x65, 0x70, 0x6c, 
  0x6f, 0x79, 0x6d, 0x65, 0x6e, 0x74, 0x2f, 0x6d, 0x6f, 0x74, 0x69, 0x6f, 
  0x6e, 0x5f, 0x64, 0x65, 0x63, 0x6f, 0x64, 0x65, 0x72, 0x2f, 0x64, 0x65, 
  0x63, 0x5f, 0x67, 0x72, 0x75, 0x2f, 0x67, 0x72, 0x75, 0x5f, 0x63, 0x65, 
  0x6c, 0x6c, 0x5f, 0x32, 0x2f, 0x61, 0x64, 0x64, 0x5f, 0x33, 0x36, 0x00, 
  0x02, 0x00, 0x00, 0x00, 0x01, 0x00, 0x00, 0x00, 0x04, 0x00, 0x00, 0x00, 
  0x8e, 0x44, 0xfe, 0xff, 0x00, 0x00, 0x00, 0x01, 0x18, 0x00, 0x00, 0x00, 
  0x20, 0x00, 0x00, 0x00, 0x3c, 0x00, 0x00, 0x00, 0x0a, 0x02, 0x00, 0x00, 
  0x00, 0x00, 0x00, 0x09, 0x00, 0x01, 0x00, 0x00, 0x02, 0x00, 0x00, 0x00, 
  0xff, 0xff, 0xff, 0xff, 0x04, 0x00, 0x00, 0x00, 0x74, 0x44, 0xfe, 0xff, 
  0x08, 0x00, 0x00, 0x00, 0x10, 0x00, 0x00, 0x00, 0x01, 0x00, 0x00, 0x00, 
  0xeb, 0xff, 0xff, 0xff, 0xff, 0xff, 0xff, 0xff, 0x01, 0x00, 0x00, 0x00, 
  0x0e, 0x9e, 0xfb, 0x3c, 0xc8, 0x00, 0x00, 0x00, 0x73, 0x61, 0x66, 0x65, 
  0x62, 0x61, 0x6e, 0x64, 0x5f, 0x76, 0x32, 0x5f, 0x64, 0x65, 0x70, 0x6c, 
  0x6f, 0x79, 0x6d, 0x65, 0x6e, 0x74, 0x2f, 0x6d, 0x6f, 0x74, 0x69, 0x6f, 
  0x6e, 0x5f, 0x64, 0x65, 0x63, 0x6f, 0x64, 0x65, 0x72, 0x2f, 0x64, 0x65, 
  0x63, 0x5f, 0x67, 0x72, 0x75, 0x2f, 0x67, 0x72, 0x75, 0x5f, 0x63, 0x65, 
  0x6c, 0x6c, 0x5f, 0x32, 0x2f, 0x73, 0x70, 0x6c, 0x69, 0x74, 0x5f, 0x31, 
  0x39, 0x3b, 0x73, 0x61, 0x66, 0x65, 0x62, 0x61, 0x6e, 0x64, 0x5f, 0x76, 
  0x32, 0x5f, 0x64, 0x65, 0x70, 0x6c, 0x6f, 0x79, 0x6d, 0x65, 0x6e, 0x74, 
  0x2f, 0x6d, 0x6f, 0x74, 0x69, 0x6f, 0x6e, 0x5f, 0x64, 0x65, 0x63, 0x6f, 
  0x64, 0x65, 0x72, 0x2f, 0x64, 0x65, 0x63, 0x5f, 0x67, 0x72, 0x75, 0x2f, 
  0x67, 0x72, 0x75, 0x5f, 0x63, 0x65, 0x6c, 0x6c, 0x5f, 0x32, 0x2f, 0x73, 
  0x70, 0x6c, 0x69, 0x74, 0x5f, 0x31, 0x39, 0x31, 0x3b, 0x73, 0x61, 0x66, 
  0x65, 0x62, 0x61, 0x6e, 0x64, 0x5f, 0x76, 0x32, 0x5f, 0x64, 0x65, 0x70, 
  0x6c, 0x6f, 0x79, 0x6d, 0x65, 0x6e, 0x74, 0x2f, 0x6d, 0x6f, 0x74, 0x69, 
  0x6f, 0x6e, 0x5f, 0x64, 0x65, 0x63, 0x6f, 0x64, 0x65, 0x72, 0x2f, 0x64, 
  0x65, 0x63, 0x5f, 0x67, 0x72, 0x75, 0x2f, 0x67, 0x72, 0x75, 0x5f, 0x63, 
  0x65, 0x6c, 0x6c, 0x5f, 0x32, 0x2f, 0x73, 0x70, 0x6c, 0x69, 0x74, 0x5f, 
  0x31, 0x39, 0x32, 0x32, 0x00, 0x00, 0x00, 0x00, 0x02, 0x00, 0x00, 0x00, 
  0x01, 0x00, 0x00, 0x00, 0x04, 0x00, 0x00, 0x00, 0xb6, 0x45, 0xfe, 0xff, 
  0x00, 0x00, 0x00, 0x01, 0x18, 0x00, 0x00, 0x00, 0x20, 0x00, 0x00, 0x00, 
  0x3c, 0x00, 0x00, 0x00, 0x09, 0x02, 0x00, 0x00, 0x00, 0x00, 0x00, 0x09, 
  0x00, 0x01, 0x00, 0x00, 0x02, 0x00, 0x00, 0x00, 0xff, 0xff, 0xff, 0xff, 
  0x04, 0x00, 0x00, 0x00, 0x9c, 0x45, 0xfe, 0xff, 0x08, 0x00, 0x00, 0x00, 
  0x10, 0x00, 0x00, 0x00, 0x01, 0x00, 0x00, 0x00, 0xeb, 0xff, 0xff, 0xff, 
  0xff, 0xff, 0xff, 0xff, 0x01, 0x00, 0x00, 0x00, 0x0e, 0x9e, 0xfb, 0x3c, 
  0xc8, 0x00, 0x00, 0x00, 0x73, 0x61, 0x66, 0x65, 0x62, 0x61, 0x6e, 0x64, 
  0x5f, 0x76, 0x32, 0x5f, 0x64, 0x65, 0x70, 0x6c, 0x6f, 0x79, 0x6d, 0x65, 
  0x6e, 0x74, 0x2f, 0x6d, 0x6f, 0x74, 0x69, 0x6f, 0x6e, 0x5f, 0x64, 0x65, 
  0x63, 0x6f, 0x64, 0x65, 0x72, 0x2f, 0x64, 0x65, 0x63, 0x5f, 0x67, 0x72, 
  0x75, 0x2f, 0x67, 0x72, 0x75, 0x5f, 0x63, 0x65, 0x6c, 0x6c, 0x5f, 0x32, 
  0x2f, 0x73, 0x70, 0x6c, 0x69, 0x74, 0x5f, 0x31, 0x39, 0x3b, 0x73, 0x61, 
  0x66, 0x65, 0x62, 0x61, 0x6e, 0x64, 0x5f, 0x76, 0x32, 0x5f, 0x64, 0x65, 
  0x70, 0x6c, 0x6f, 0x79, 0x6d, 0x65, 0x6e, 0x74, 0x2f, 0x6d, 0x6f, 0x74, 
  0x69, 0x6f, 0x6e, 0x5f, 0x64, 0x65, 0x63, 0x6f, 0x64, 0x65, 0x72, 0x2f, 
  0x64, 0x65, 0x63, 0x5f, 0x67, 0x72, 0x75, 0x2f, 0x67, 0x72, 0x75, 0x5f, 
  0x63, 0x65, 0x6c, 0x6c, 0x5f, 0x32, 0x2f, 0x73, 0x70, 0x6c, 0x69, 0x74, 
  0x5f, 0x31, 0x39, 0x31, 0x3b, 0x73, 0x61, 0x66, 0x65, 0x62, 0x61, 0x6e, 
  0x64, 0x5f, 0x76, 0x32, 0x5f, 0x64, 0x65, 0x70, 0x6c, 0x6f, 0x79, 0x6d, 
  0x65, 0x6e, 0x74, 0x2f, 0x6d, 0x6f, 0x74, 0x69, 0x6f, 0x6e, 0x5f, 0x64, 
  0x65, 0x63, 0x6f, 0x64, 0x65, 0x72, 0x2f, 0x64, 0x65, 0x63, 0x5f, 0x67, 
  0x72, 0x75, 0x2f, 0x67, 0x72, 0x75, 0x5f, 0x63, 0x65, 0x6c, 0x6c, 0x5f, 
  0x32, 0x2f, 0x73, 0x70, 0x6c, 0x69, 0x74, 0x5f, 0x31, 0x39, 0x32, 0x31, 
  0x00, 0x00, 0x00, 0x00, 0x02, 0x00, 0x00, 0x00, 0x01, 0x00, 0x00, 0x00, 
  0x04, 0x00, 0x00, 0x00, 0xde, 0x46, 0xfe, 0xff, 0x00, 0x00, 0x00, 0x01, 
  0x18, 0x00, 0x00, 0x00, 0x20, 0x00, 0x00, 0x00, 0x40, 0x00, 0x00, 0x00, 
  0x08, 0x02, 0x00, 0x00, 0x00, 0x00, 0x00, 0x09, 0x00, 0x01, 0x00, 0x00, 
  0x02, 0x00, 0x00, 0x00, 0xff, 0xff, 0xff, 0xff, 0x04, 0x00, 0x00, 0x00, 
  0xc4, 0x46, 0xfe, 0xff, 0x08, 0x00, 0x00, 0x00, 0x14, 0x00, 0x00, 0x00, 
  0x01, 0x00, 0x00, 0x00, 0xeb, 0xff, 0xff, 0xff, 0xff, 0xff, 0xff, 0xff, 
  0x00, 0x00, 0x00, 0x00, 0x01, 0x00, 0x00, 0x00, 0x0e, 0x9e, 0xfb, 0x3c, 
  0xc7, 0x00, 0x00, 0x00, 0x73, 0x61, 0x66, 0x65, 0x62, 0x61, 0x6e, 0x64, 
  0x5f, 0x76, 0x32, 0x5f, 0x64, 0x65, 0x70, 0x6c, 0x6f, 0x79, 0x6d, 0x65, 
  0x6e, 0x74, 0x2f, 0x6d, 0x6f, 0x74, 0x69, 0x6f, 0x6e, 0x5f, 0x64, 0x65, 
  0x63, 0x6f, 0x64, 0x65, 0x72, 0x2f, 0x64, 0x65, 0x63, 0x5f, 0x67, 0x72, 
  0x75, 0x2f, 0x67, 0x72, 0x75, 0x5f, 0x63, 0x65, 0x6c, 0x6c, 0x5f, 0x32, 
  0x2f, 0x73, 0x70, 0x6c, 0x69, 0x74, 0x5f, 0x31, 0x39, 0x3b, 0x73, 0x61, 
  0x66, 0x65, 0x62, 0x61, 0x6e, 0x64, 0x5f, 0x76, 0x32, 0x5f, 0x64, 0x65, 
  0x70, 0x6c, 0x6f, 0x79, 0x6d, 0x65, 0x6e, 0x74, 0x2f, 0x6d, 0x6f, 0x74, 
  0x69, 0x6f, 0x6e, 0x5f, 0x64, 0x65, 0x63, 0x6f, 0x64, 0x65, 0x72, 0x2f, 
  0x64, 0x65, 0x63, 0x5f, 0x67, 0x72, 0x75, 0x2f, 0x67, 0x72, 0x75, 0x5f, 
  0x63, 0x65, 0x6c, 0x6c, 0x5f, 0x32, 0x2f, 0x73, 0x70, 0x6c, 0x69, 0x74, 
  0x5f, 0x31, 0x39, 0x31, 0x3b, 0x73, 0x61, 0x66, 0x65, 0x62, 0x61, 0x6e, 
  0x64, 0x5f, 0x76, 0x32, 0x5f, 0x64, 0x65, 0x70, 0x6c, 0x6f, 0x79, 0x6d, 
  0x65, 0x6e, 0x74, 0x2f, 0x6d, 0x6f, 0x74, 0x69, 0x6f, 0x6e, 0x5f, 0x64, 
  0x65, 0x63, 0x6f, 0x64, 0x65, 0x72, 0x2f, 0x64, 0x65, 0x63, 0x5f, 0x67, 
  0x72, 0x75, 0x2f, 0x67, 0x72, 0x75, 0x5f, 0x63, 0x65, 0x6c, 0x6c, 0x5f, 
  0x32, 0x2f, 0x73, 0x70, 0x6c, 0x69, 0x74, 0x5f, 0x31, 0x39, 0x32, 0x00, 
  0x02, 0x00, 0x00, 0x00, 0x01, 0x00, 0x00, 0x00, 0x04, 0x00, 0x00, 0x00, 
  0x06, 0x48, 0xfe, 0xff, 0x00, 0x00, 0x00, 0x01, 0x18, 0x00, 0x00, 0x00, 
  0x20, 0x00, 0x00, 0x00, 0x40, 0x00, 0x00, 0x00, 0x07, 0x02, 0x00, 0x00, 
  0x00, 0x00, 0x00, 0x09, 0xc0, 0x00, 0x00, 0x00, 0x02, 0x00, 0x00, 0x00, 
  0xff, 0xff, 0xff, 0xff, 0x0c, 0x00, 0x00, 0x00, 0xec, 0x47, 0xfe, 0xff, 
  0x08, 0x00, 0x00, 0x00, 0x14, 0x00, 0x00, 0x00, 0x01, 0x00, 0x00, 0x00, 
  0xeb, 0xff, 0xff, 0xff, 0xff, 0xff, 0xff, 0xff, 0x00, 0x00, 0x00, 0x00, 
  0x01, 0x00, 0x00, 0x00, 0x0e, 0x9e, 0xfb, 0x3c, 0x86, 0x00, 0x00, 0x00, 
  0x73, 0x61, 0x66, 0x65, 0x62, 0x61, 0x6e, 0x64, 0x5f, 0x76, 0x32, 0x5f, 
  0x64, 0x65, 0x70, 0x6c, 0x6f, 0x79, 0x6d, 0x65, 0x6e, 0x74, 0x2f, 0x6d, 
  0x6f, 0x74, 0x69, 0x6f, 0x6e, 0x5f, 0x64, 0x65, 0x63, 0x6f, 0x64, 0x65, 
  0x72, 0x2f, 0x64, 0x65, 0x63, 0x5f, 0x67, 0x72, 0x75, 0x2f, 0x67, 0x72, 
  0x75, 0x5f, 0x63, 0x65, 0x6c, 0x6c, 0x5f, 0x32, 0x2f, 0x4d, 0x61, 0x74, 
  0x4d, 0x75, 0x6c, 0x5f, 0x31, 0x39, 0x3b, 0x73, 0x61, 0x66, 0x65, 0x62, 
  0x61, 0x6e, 0x64, 0x5f, 0x76, 0x32, 0x5f, 0x64, 0x65, 0x70, 0x6c, 0x6f, 
  0x79, 0x6d, 0x65, 0x6e, 0x74, 0x2f, 0x6d, 0x6f, 0x74, 0x69, 0x6f, 0x6e, 
  0x5f, 0x64, 0x65, 0x63, 0x6f, 0x64, 0x65, 0x72, 0x2f, 0x64, 0x65, 0x63, 
  0x5f, 0x67, 0x72, 0x75, 0x2f, 0x67, 0x72, 0x75, 0x5f, 0x63, 0x65, 0x6c, 
  0x6c, 0x5f, 0x32, 0x2f, 0x42, 0x69, 0x61, 0x73, 0x41, 0x64, 0x64, 0x5f, 
  0x31, 0x39, 0x00, 0x00, 0x02, 0x00, 0x00, 0x00, 0x01, 0x00, 0x00, 0x00, 
  0x0c, 0x00, 0x00, 0x00, 0xee, 0x48, 0xfe, 0xff, 0x00, 0x00, 0x00, 0x01, 
  0x18, 0x00, 0x00, 0x00, 0x20, 0x00, 0x00, 0x00, 0x40, 0x00, 0x00, 0x00, 
  0x06, 0x02, 0x00, 0x00, 0x00, 0x00, 0x00, 0x09, 0x78, 0x00, 0x00, 0x00, 
  0x02, 0x00, 0x00, 0x00, 0xff, 0xff, 0xff, 0xff, 0x04, 0x00, 0x00, 0x00, 
  0xd4, 0x48, 0xfe, 0xff, 0x08, 0x00, 0x00, 0x00, 0x14, 0x00, 0x00, 0x00, 
  0x01, 0x00, 0x00, 0x00, 0x00, 0x00, 0x00, 0x00, 0x00, 0x00, 0x00, 0x00, 
  0x00, 0x00, 0x00, 0x00, 0x01, 0x00, 0x00, 0x00, 0xbf, 0x69, 0x00, 0x3c, 
  0x3f, 0x00, 0x00, 0x00, 0x73, 0x61, 0x66, 0x65, 0x62, 0x61, 0x6e, 0x64, 
  0x5f, 0x76, 0x32, 0x5f, 0x64, 0x65, 0x70, 0x6c, 0x6f, 0x79, 0x6d, 0x65, 
  0x6e, 0x74, 0x2f, 0x6d, 0x6f, 0x74, 0x69, 0x6f, 0x6e, 0x5f, 0x64, 0x65, 
  0x63, 0x6f, 0x64, 0x65, 0x72, 0x2f, 0x64, 0x65, 0x63, 0x5f, 0x67, 0x72, 
  0x75, 0x2f, 0x67, 0x72, 0x75, 0x5f, 0x63, 0x65, 0x6c, 0x6c, 0x5f, 0x32, 
  0x2f, 0x61, 0x64, 0x64, 0x5f, 0x33, 0x35, 0x00, 0x02, 0x00, 0x00, 0x00, 
  0x01, 0x00, 0x00, 0x00, 0x04, 0x00, 0x00, 0x00, 0x8e, 0x49, 0xfe, 0xff, 
  0x00, 0x00, 0x00, 0x01, 0x18, 0x00, 0x00, 0x00, 0x20, 0x00, 0x00, 0x00, 
  0x40, 0x00, 0x00, 0x00, 0x05, 0x02, 0x00, 0x00, 0x00, 0x00, 0x00, 0x09, 
  0x78, 0x00, 0x00, 0x00, 0x02, 0x00, 0x00, 0x00, 0xff, 0xff, 0xff, 0xff, 
  0x04, 0x00, 0x00, 0x00, 0x74, 0x49, 0xfe, 0xff, 0x08, 0x00, 0x00, 0x00, 
  0x14, 0x00, 0x00, 0x00, 0x01, 0x00, 0x00, 0x00, 0x39, 0x00, 0x00, 0x00, 
  0x00, 0x00, 0x00, 0x00, 0x00, 0x00, 0x00, 0x00, 0x01, 0x00, 0x00, 0x00, 
  0xa7, 0x12, 0xbf, 0x3a, 0x3f, 0x00, 0x00, 0x00, 0x73, 0x61, 0x66, 0x65, 
  0x62, 0x61, 0x6e, 0x64, 0x5f, 0x76, 0x32, 0x5f, 0x64, 0x65, 0x70, 0x6c, 
  0x6f, 0x79, 0x6d, 0x65, 0x6e, 0x74, 0x2f, 0x6d, 0x6f, 0x74, 0x69, 0x6f, 
  0x6e, 0x5f, 0x64, 0x65, 0x63, 0x6f, 0x64, 0x65, 0x72, 0x2f, 0x64, 0x65, 
  0x63, 0x5f, 0x67, 0x72, 0x75, 0x2f, 0x67, 0x72, 0x75, 0x5f, 0x63, 0x65, 
  0x6c, 0x6c, 0x5f, 0x32, 0x2f, 0x6d, 0x75, 0x6c, 0x5f, 0x32, 0x35, 0x00, 
  0x02, 0x00, 0x00, 0x00, 0x01, 0x00, 0x00, 0x00, 0x04, 0x00, 0x00, 0x00, 
  0x2e, 0x4a, 0xfe, 0xff, 0x00, 0x00, 0x00, 0x01, 0x18, 0x00, 0x00, 0x00, 
  0x20, 0x00, 0x00, 0x00, 0x40, 0x00, 0x00, 0x00, 0x04, 0x02, 0x00, 0x00, 
  0x00, 0x00, 0x00, 0x09, 0x78, 0x00, 0x00, 0x00, 0x02, 0x00, 0x00, 0x00, 
  0xff, 0xff, 0xff, 0xff, 0x04, 0x00, 0x00, 0x00, 0x14, 0x4a, 0xfe, 0xff, 
  0x08, 0x00, 0x00, 0x00, 0x14, 0x00, 0x00, 0x00, 0x01, 0x00, 0x00, 0x00, 
  0x00, 0x00, 0x00, 0x00, 0x00, 0x00, 0x00, 0x00, 0x00, 0x00, 0x00, 0x00, 
  0x01, 0x00, 0x00, 0x00, 0xe7, 0x5e, 0x00, 0x3c, 0x3f, 0x00, 0x00, 0x00, 
  0x73, 0x61, 0x66, 0x65, 0x62, 0x61, 0x6e, 0x64, 0x5f, 0x76, 0x32, 0x5f, 
  0x64, 0x65, 0x70, 0x6c, 0x6f, 0x79, 0x6d, 0x65, 0x6e, 0x74, 0x2f, 0x6d, 
  0x6f, 0x74, 0x69, 0x6f, 0x6e, 0x5f, 0x64, 0x65, 0x63, 0x6f, 0x64, 0x65, 
  0x72, 0x2f, 0x64, 0x65, 0x63, 0x5f, 0x67, 0x72, 0x75, 0x2f, 0x67, 0x72, 
  0x75, 0x5f, 0x63, 0x65, 0x6c, 0x6c, 0x5f, 0x32, 0x2f, 0x6d, 0x75, 0x6c, 
  0x5f, 0x32, 0x36, 0x00, 0x02, 0x00, 0x00, 0x00, 0x01, 0x00, 0x00, 0x00, 
  0x04, 0x00, 0x00, 0x00, 0xce, 0x4a, 0xfe, 0xff, 0x00, 0x00, 0x00, 0x01, 
  0x18, 0x00, 0x00, 0x00, 0x20, 0x00, 0x00, 0x00, 0x40, 0x00, 0x00, 0x00, 
  0x03, 0x02, 0x00, 0x00, 0x00, 0x00, 0x00, 0x09, 0x78, 0x00, 0x00, 0x00, 
  0x02, 0x00, 0x00, 0x00, 0xff, 0xff, 0xff, 0xff, 0x04, 0x00, 0x00, 0x00, 
  0xb4, 0x4a, 0xfe, 0xff, 0x08, 0x00, 0x00, 0x00, 0x14, 0x00, 0x00, 0x00, 
  0x01, 0x00, 0x00, 0x00, 0x00, 0x00, 0x00, 0x00, 0x00, 0x00, 0x00, 0x00, 
  0x00, 0x00, 0x00, 0x00, 0x01, 0x00, 0x00, 0x00, 0x00, 0x00, 0x00, 0x3c, 
  0x3f, 0x00, 0x00, 0x00, 0x73, 0x61, 0x66, 0x65, 0x62, 0x61, 0x6e, 0x64, 
  0x5f, 0x76, 0x32, 0x5f, 0x64, 0x65, 0x70, 0x6c, 0x6f, 0x79, 0x6d, 0x65, 
  0x6e, 0x74, 0x2f, 0x6d, 0x6f, 0x74, 0x69, 0x6f, 0x6e, 0x5f, 0x64, 0x65, 
  0x63, 0x6f, 0x64, 0x65, 0x72, 0x2f, 0x64, 0x65, 0x63, 0x5f, 0x67, 0x72, 
  0x75, 0x2f, 0x67, 0x72, 0x75, 0x5f, 0x63, 0x65, 0x6c, 0x6c, 0x5f, 0x32, 
  0x2f, 0x54, 0x61, 0x6e, 0x68, 0x5f, 0x38, 0x00, 0x02, 0x00, 0x00, 0x00, 
  0x01, 0x00, 0x00, 0x00, 0x04, 0x00, 0x00, 0x00, 0x6e, 0x4b, 0xfe, 0xff, 
  0x00, 0x00, 0x00, 0x01, 0x18, 0x00, 0x00, 0x00, 0x20, 0x00, 0x00, 0x00, 
  0x40, 0x00, 0x00, 0x00, 0x02, 0x02, 0x00, 0x00, 0x00, 0x00, 0x00, 0x09, 
  0x78, 0x00, 0x00, 0x00, 0x02, 0x00, 0x00, 0x00, 0xff, 0xff, 0xff, 0xff, 
  0x04, 0x00, 0x00, 0x00, 0x54, 0x4b, 0xfe, 0xff, 0x08, 0x00, 0x00, 0x00, 
  0x14, 0x00, 0x00, 0x00, 0x01, 0x00, 0x00, 0x00, 0x09, 0x00, 0x00, 0x00, 
  0x00, 0x00, 0x00, 0x00, 0x00, 0x00, 0x00, 0x00, 0x01, 0x00, 0x00, 0x00, 
  0xcc, 0xed, 0x02, 0x3d, 0x3f, 0x00, 0x00, 0x00, 0x73, 0x61, 0x66, 0x65, 
  0x62, 0x61, 0x6e, 0x64, 0x5f, 0x76, 0x32, 0x5f, 0x64, 0x65, 0x70, 0x6c, 
  0x6f, 0x79, 0x6d, 0x65, 0x6e, 0x74, 0x2f, 0x6d, 0x6f, 0x74, 0x69, 0x6f, 
  0x6e, 0x5f, 0x64, 0x65, 0x63, 0x6f, 0x64, 0x65, 0x72, 0x2f, 0x64, 0x65, 
  0x63, 0x5f, 0x67, 0x72, 0x75, 0x2f, 0x67, 0x72, 0x75, 0x5f, 0x63, 0x65, 
  0x6c, 0x6c, 0x5f, 0x32, 0x2f, 0x61, 0x64, 0x64, 0x5f, 0x33, 0x34, 0x00, 
  0x02, 0x00, 0x00, 0x00, 0x01, 0x00, 0x00, 0x00, 0x04, 0x00, 0x00, 0x00, 
  0x0e, 0x4c, 0xfe, 0xff, 0x00, 0x00, 0x00, 0x01, 0x18, 0x00, 0x00, 0x00, 
  0x20, 0x00, 0x00, 0x00, 0x40, 0x00, 0x00, 0x00, 0x01, 0x02, 0x00, 0x00, 
  0x00, 0x00, 0x00, 0x09, 0x78, 0x00, 0x00, 0x00, 0x02, 0x00, 0x00, 0x00, 
  0xff, 0xff, 0xff, 0xff, 0x04, 0x00, 0x00, 0x00, 0xf4, 0x4b, 0xfe, 0xff, 
  0x08, 0x00, 0x00, 0x00, 0x14, 0x00, 0x00, 0x00, 0x01, 0x00, 0x00, 0x00, 
  0xbf, 0xff, 0xff, 0xff, 0xff, 0xff, 0xff, 0xff, 0x00, 0x00, 0x00, 0x00, 
  0x01, 0x00, 0x00, 0x00, 0xd5, 0xab, 0xee, 0x3b, 0x3f, 0x00, 0x00, 0x00, 
  0x73, 0x61, 0x66, 0x65, 0x62, 0x61, 0x6e, 0x64, 0x5f, 0x76, 0x32, 0x5f, 
  0x64, 0x65, 0x70, 0x6c, 0x6f, 0x79, 0x6d, 0x65, 0x6e, 0x74, 0x2f, 0x6d, 
  0x6f, 0x74, 0x69, 0x6f, 0x6e, 0x5f, 0x64, 0x65, 0x63, 0x6f, 0x64, 0x65, 
  0x72, 0x2f, 0x64, 0x65, 0x63, 0x5f, 0x67, 0x72, 0x75, 0x2f, 0x67, 0x72, 
  0x75, 0x5f, 0x63, 0x65, 0x6c, 0x6c, 0x5f, 0x32, 0x2f, 0x6d, 0x75, 0x6c, 
  0x5f, 0x32, 0x34, 0x00, 0x02, 0x00, 0x00, 0x00, 0x01, 0x00, 0x00, 0x00, 
  0x04, 0x00, 0x00, 0x00, 0xae, 0x4c, 0xfe, 0xff, 0x00, 0x00, 0x00, 0x01, 
  0x18, 0x00, 0x00, 0x00, 0x20, 0x00, 0x00, 0x00, 0x3c, 0x00, 0x00, 0x00, 
  0x00, 0x02, 0x00, 0x00, 0x00, 0x00, 0x00, 0x09, 0x78, 0x00, 0x00, 0x00, 
  0x02, 0x00, 0x00, 0x00, 0xff, 0xff, 0xff, 0xff, 0x04, 0x00, 0x00, 0x00, 
  0x94, 0x4c, 0xfe, 0xff, 0x08, 0x00, 0x00, 0x00, 0x10, 0x00, 0x00, 0x00, 
  0x01, 0x00, 0x00, 0x00, 0x80, 0xff, 0xff, 0xff, 0xff, 0xff, 0xff, 0xff, 
  0x01, 0x00, 0x00, 0x00, 0x00, 0x00, 0x80, 0x3b, 0x43, 0x00, 0x00, 0x00, 
  0x73, 0x61, 0x66, 0x65, 0x62, 0x61, 0x6e, 0x64, 0x5f, 0x76, 0x32, 0x5f, 
  0x64, 0x65, 0x70, 0x6c, 0x6f, 0x79, 0x6d, 0x65, 0x6e, 0x74, 0x2f, 0x6d, 
  0x6f, 0x74, 0x69, 0x6f, 0x6e, 0x5f, 0x64, 0x65, 0x63, 0x6f, 0x64, 0x65, 
  0x72, 0x2f, 0x64, 0x65, 0x63, 0x5f, 0x67, 0x72, 0x75, 0x2f, 0x67, 0x72, 
  0x75, 0x5f, 0x63, 0x65, 0x6c, 0x6c, 0x5f, 0x32, 0x2f, 0x53, 0x69, 0x67, 
  0x6d, 0x6f, 0x69, 0x64, 0x5f, 0x31, 0x37, 0x00, 0x02, 0x00, 0x00, 0x00, 
  0x01, 0x00, 0x00, 0x00, 0x04, 0x00, 0x00, 0x00, 0x4e, 0x4d, 0xfe, 0xff, 
  0x00, 0x00, 0x00, 0x01, 0x18, 0x00, 0x00, 0x00, 0x20, 0x00, 0x00, 0x00, 
  0x40, 0x00, 0x00, 0x00, 0xff, 0x01, 0x00, 0x00, 0x00, 0x00, 0x00, 0x09, 
  0x78, 0x00, 0x00, 0x00, 0x02, 0x00, 0x00, 0x00, 0xff, 0xff, 0xff, 0xff, 
  0x04, 0x00, 0x00, 0x00, 0x34, 0x4d, 0xfe, 0xff, 0x08, 0x00, 0x00, 0x00, 
  0x14, 0x00, 0x00, 0x00, 0x01, 0x00, 0x00, 0x00, 0x0d, 0x00, 0x00, 0x00, 
  0x00, 0x00, 0x00, 0x00, 0x00, 0x00, 0x00, 0x00, 0x01, 0x00, 0x00, 0x00, 
  0x38, 0x50, 0xce, 0x3c, 0x3f, 0x00, 0x00, 0x00, 0x73, 0x61, 0x66, 0x65, 
  0x62, 0x61, 0x6e, 0x64, 0x5f, 0x76, 0x32, 0x5f, 0x64, 0x65, 0x70, 0x6c, 
  0x6f, 0x79, 0x6d, 0x65, 0x6e, 0x74, 0x2f, 0x6d, 0x6f, 0x74, 0x69, 0x6f, 
  0x6e, 0x5f, 0x64, 0x65, 0x63, 0x6f, 0x64, 0x65, 0x72, 0x2f, 0x64, 0x65, 
  0x63, 0x5f, 0x67, 0x72, 0x75, 0x2f, 0x67, 0x72, 0x75, 0x5f, 0x63, 0x65, 
  0x6c, 0x6c, 0x5f, 0x32, 0x2f, 0x61, 0x64, 0x64, 0x5f, 0x33, 0x33, 0x00, 
  0x02, 0x00, 0x00, 0x00, 0x01, 0x00, 0x00, 0x00, 0x04, 0x00, 0x00, 0x00, 
  0xee, 0x4d, 0xfe, 0xff, 0x00, 0x00, 0x00, 0x01, 0x18, 0x00, 0x00, 0x00, 
  0x20, 0x00, 0x00, 0x00, 0x40, 0x00, 0x00, 0x00, 0xfe, 0x01, 0x00, 0x00, 
  0x00, 0x00, 0x00, 0x09, 0x78, 0x00, 0x00, 0x00, 0x02, 0x00, 0x00, 0x00, 
  0xff, 0xff, 0xff, 0xff, 0x04, 0x00, 0x00, 0x00, 0xd4, 0x4d, 0xfe, 0xff, 
  0x08, 0x00, 0x00, 0x00, 0x14, 0x00, 0x00, 0x00, 0x01, 0x00, 0x00, 0x00, 
  0x80, 0xff, 0xff, 0xff, 0xff, 0xff, 0xff, 0xff, 0x00, 0x00, 0x00, 0x00, 
  0x01, 0x00, 0x00, 0x00, 0x96, 0x7e, 0x80, 0x3b, 0x3e, 0x00, 0x00, 0x00, 
  0x73, 0x61, 0x66, 0x65, 0x62, 0x61, 0x6e, 0x64, 0x5f, 0x76, 0x32, 0x5f, 
  0x64, 0x65, 0x70, 0x6c, 0x6f, 0x79, 0x6d, 0x65, 0x6e, 0x74, 0x2f, 0x6d, 
  0x6f, 0x74, 0x69, 0x6f, 0x6e, 0x5f, 0x64, 0x65, 0x63, 0x6f, 0x64, 0x65, 
  0x72, 0x2f, 0x64, 0x65, 0x63, 0x5f, 0x67, 0x72, 0x75, 0x2f, 0x67, 0x72, 
  0x75, 0x5f, 0x63, 0x65, 0x6c, 0x6c, 0x5f, 0x32, 0x2f, 0x73, 0x75, 0x62, 
  0x5f, 0x38, 0x00, 0x00, 0x02, 0x00, 0x00, 0x00, 0x01, 0x00, 0x00, 0x00, 
  0x04, 0x00, 0x00, 0x00, 0x8e, 0x4e, 0xfe, 0xff, 0x00, 0x00, 0x00, 0x01, 
  0x18, 0x00, 0x00, 0x00, 0x20, 0x00, 0x00, 0x00, 0x3c, 0x00, 0x00, 0x00, 
  0xfd, 0x01, 0x00, 0x00, 0x00, 0x00, 0x00, 0x09, 0x78, 0x00, 0x00, 0x00, 
  0x02, 0x00, 0x00, 0x00, 0xff, 0xff, 0xff, 0xff, 0x04, 0x00, 0x00, 0x00, 
  0x74, 0x4e, 0xfe, 0xff, 0x08, 0x00, 0x00, 0x00, 0x10, 0x00, 0x00, 0x00, 
  0x01, 0x00, 0x00, 0x00, 0x80, 0xff, 0xff, 0xff, 0xff, 0xff, 0xff, 0xff, 
  0x01, 0x00, 0x00, 0x00, 0x00, 0x00, 0x80, 0x3b, 0x43, 0x00, 0x00, 0x00, 
  0x73, 0x61, 0x66, 0x65, 0x62, 0x61, 0x6e, 0x64, 0x5f, 0x76, 0x32, 0x5f, 
  0x64, 0x65, 0x70, 0x6c, 0x6f, 0x79, 0x6d, 0x65, 0x6e, 0x74, 0x2f, 0x6d, 
  0x6f, 0x74, 0x69, 0x6f, 0x6e, 0x5f, 0x64, 0x65, 0x63, 0x6f, 0x64, 0x65, 
  0x72, 0x2f, 0x64, 0x65, 0x63, 0x5f, 0x67, 0x72, 0x75, 0x2f, 0x67, 0x72, 
  0x75, 0x5f, 0x63, 0x65, 0x6c, 0x6c, 0x5f, 0x32, 0x2f, 0x53, 0x69, 0x67, 
  0x6d, 0x6f, 0x69, 0x64, 0x5f, 0x31, 0x36, 0x00, 0x02, 0x00, 0x00, 0x00, 
  0x01, 0x00, 0x00, 0x00, 0x04, 0x00, 0x00, 0x00, 0x2e, 0x4f, 0xfe, 0xff, 
  0x00, 0x00, 0x00, 0x01, 0x18, 0x00, 0x00, 0x00, 0x20, 0x00, 0x00, 0x00, 
  0x40, 0x00, 0x00, 0x00, 0xfc, 0x01, 0x00, 0x00, 0x00, 0x00, 0x00, 0x09, 
  0x78, 0x00, 0x00, 0x00, 0x02, 0x00, 0x00, 0x00, 0xff, 0xff, 0xff, 0xff, 
  0x04, 0x00, 0x00, 0x00, 0x14, 0x4f, 0xfe, 0xff, 0x08, 0x00, 0x00, 0x00, 
  0x14, 0x00, 0x00, 0x00, 0x01, 0x00, 0x00, 0x00, 0x7f, 0x00, 0x00, 0x00, 
  0x00, 0x00, 0x00, 0x00, 0x00, 0x00, 0x00, 0x00, 0x01, 0x00, 0x00, 0x00, 
  0x6d, 0x9f, 0x1c, 0x3d, 0x3f, 0x00, 0x00, 0x00, 0x73, 0x61, 0x66, 0x65, 
  0x62, 0x61, 0x6e, 0x64, 0x5f, 0x76, 0x32, 0x5f, 0x64, 0x65, 0x70, 0x6c, 
  0x6f, 0x79, 0x6d, 0x65, 0x6e, 0x74, 0x2f, 0x6d, 0x6f, 0x74, 0x69, 0x6f, 
  0x6e, 0x5f, 0x64, 0x65, 0x63, 0x6f, 0x64, 0x65, 0x72, 0x2f, 0x64, 0x65, 
  0x63, 0x5f, 0x67, 0x72, 0x75, 0x2f, 0x67, 0x72, 0x75, 0x5f, 0x63, 0x65, 
  0x6c, 0x6c, 0x5f, 0x32, 0x2f, 0x61, 0x64, 0x64, 0x5f, 0x33, 0x32, 0x00, 
  0x02, 0x00, 0x00, 0x00, 0x01, 0x00, 0x00, 0x00, 0x04, 0x00, 0x00, 0x00, 
  0xce, 0x4f, 0xfe, 0xff, 0x00, 0x00, 0x00, 0x01, 0x18, 0x00, 0x00, 0x00, 
  0x20, 0x00, 0x00, 0x00, 0x3c, 0x00, 0x00, 0x00, 0xfb, 0x01, 0x00, 0x00, 
  0x00, 0x00, 0x00, 0x09, 0x00, 0x01, 0x00, 0x00, 0x02, 0x00, 0x00, 0x00, 
  0xff, 0xff, 0xff, 0xff, 0x04, 0x00, 0x00, 0x00, 0xb4, 0x4f, 0xfe, 0xff, 
  0x08, 0x00, 0x00, 0x00, 0x10, 0x00, 0x00, 0x00, 0x01, 0x00, 0x00, 0x00, 
  0xeb, 0xff, 0xff, 0xff, 0xff, 0xff, 0xff, 0xff, 0x01, 0x00, 0x00, 0x00, 
  0xbe, 0x9d, 0xfb, 0x3c, 0xc8, 0x00, 0x00, 0x00, 0x73, 0x61, 0x66, 0x65, 
  0x62, 0x61, 0x6e, 0x64, 0x5f, 0x76, 0x32, 0x5f, 0x64, 0x65, 0x70, 0x6c, 
  0x6f, 0x79, 0x6d, 0x65, 0x6e, 0x74, 0x2f, 0x6d, 0x6f, 0x74, 0x69, 0x6f, 
  0x6e, 0x5f, 0x64, 0x65, 0x63, 0x6f, 0x64, 0x65, 0x72, 0x2f, 0x64, 0x65, 
  0x63, 0x5f, 0x67, 0x72, 0x75, 0x2f, 0x67, 0x72, 0x75, 0x5f, 0x63, 0x65, 
  0x6c, 0x6c, 0x5f, 0x32, 0x2f, 0x73, 0x70, 0x6c, 0x69, 0x74, 0x5f, 0x31, 
  0x37, 0x3b, 0x73, 0x61, 0x66, 0x65, 0x62, 0x61, 0x6e, 0x64, 0x5f, 0x76, 
  0x32, 0x5f, 0x64, 0x65, 0x70, 0x6c, 0x6f, 0x79, 0x6d, 0x65, 0x6e, 0x74, 
  0x2f, 0x6d, 0x6f, 0x74, 0x69, 0x6f, 0x6e, 0x5f, 0x64, 0x65, 0x63, 0x6f, 
  0x64, 0x65, 0x72, 0x2f, 0x64, 0x65, 0x63, 0x5f, 0x67, 0x72, 0x75, 0x2f, 
  0x67, 0x72, 0x75, 0x5f, 0x63, 0x65, 0x6c, 0x6c, 0x5f, 0x32, 0x2f, 0x73, 
  0x70, 0x6c, 0x69, 0x74, 0x5f, 0x31, 0x37, 0x31, 0x3b, 0x73, 0x61, 0x66, 
  0x65, 0x62, 0x61, 0x6e, 0x64, 0x5f, 0x76, 0x32, 0x5f, 0x64, 0x65, 0x70, 
  0x6c, 0x6f, 0x79, 0x6d, 0x65, 0x6e, 0x74, 0x2f, 0x6d, 0x6f, 0x74, 0x69, 
  0x6f, 0x6e, 0x5f, 0x64, 0x65, 0x63, 0x6f, 0x64, 0x65, 0x72, 0x2f, 0x64, 
  0x65, 0x63, 0x5f, 0x67, 0x72, 0x75, 0x2f, 0x67, 0x72, 0x75, 0x5f, 0x63, 
  0x65, 0x6c, 0x6c, 0x5f, 0x32, 0x2f, 0x73, 0x70, 0x6c, 0x69, 0x74, 0x5f, 
  0x31, 0x37, 0x32, 0x32, 0x00, 0x00, 0x00, 0x00, 0x02, 0x00, 0x00, 0x00, 
  0x01, 0x00, 0x00, 0x00, 0x04, 0x00, 0x00, 0x00, 0xf6, 0x50, 0xfe, 0xff, 
  0x00, 0x00, 0x00, 0x01, 0x18, 0x00, 0x00, 0x00, 0x20, 0x00, 0x00, 0x00, 
  0x3c, 0x00, 0x00, 0x00, 0xfa, 0x01, 0x00, 0x00, 0x00, 0x00, 0x00, 0x09, 
  0x00, 0x01, 0x00, 0x00, 0x02, 0x00, 0x00, 0x00, 0xff, 0xff, 0xff, 0xff, 
  0x04, 0x00, 0x00, 0x00, 0xdc, 0x50, 0xfe, 0xff, 0x08, 0x00, 0x00, 0x00, 
  0x10, 0x00, 0x00, 0x00, 0x01, 0x00, 0x00, 0x00, 0xeb, 0xff, 0xff, 0xff, 
  0xff, 0xff, 0xff, 0xff, 0x01, 0x00, 0x00, 0x00, 0xbe, 0x9d, 0xfb, 0x3c, 
  0xc8, 0x00, 0x00, 0x00, 0x73, 0x61, 0x66, 0x65, 0x62, 0x61, 0x6e, 0x64, 
  0x5f, 0x76, 0x32, 0x5f, 0x64, 0x65, 0x70, 0x6c, 0x6f, 0x79, 0x6d, 0x65, 
  0x6e, 0x74, 0x2f, 0x6d, 0x6f, 0x74, 0x69, 0x6f, 0x6e, 0x5f, 0x64, 0x65, 
  0x63, 0x6f, 0x64, 0x65, 0x72, 0x2f, 0x64, 0x65, 0x63, 0x5f, 0x67, 0x72, 
  0x75, 0x2f, 0x67, 0x72, 0x75, 0x5f, 0x63, 0x65, 0x6c, 0x6c, 0x5f, 0x32, 
  0x2f, 0x73, 0x70, 0x6c, 0x69, 0x74, 0x5f, 0x31, 0x37, 0x3b, 0x73, 0x61, 
  0x66, 0x65, 0x62, 0x61, 0x6e, 0x64, 0x5f, 0x76, 0x32, 0x5f, 0x64, 0x65, 
  0x70, 0x6c, 0x6f, 0x79, 0x6d, 0x65, 0x6e, 0x74, 0x2f, 0x6d, 0x6f, 0x74, 
  0x69, 0x6f, 0x6e, 0x5f, 0x64, 0x65, 0x63, 0x6f, 0x64, 0x65, 0x72, 0x2f, 
  0x64, 0x65, 0x63, 0x5f, 0x67, 0x72, 0x75, 0x2f, 0x67, 0x72, 0x75, 0x5f, 
  0x63, 0x65, 0x6c, 0x6c, 0x5f, 0x32, 0x2f, 0x73, 0x70, 0x6c, 0x69, 0x74, 
  0x5f, 0x31, 0x37, 0x31, 0x3b, 0x73, 0x61, 0x66, 0x65, 0x62, 0x61, 0x6e, 
  0x64, 0x5f, 0x76, 0x32, 0x5f, 0x64, 0x65, 0x70, 0x6c, 0x6f, 0x79, 0x6d, 
  0x65, 0x6e, 0x74, 0x2f, 0x6d, 0x6f, 0x74, 0x69, 0x6f, 0x6e, 0x5f, 0x64, 
  0x65, 0x63, 0x6f, 0x64, 0x65, 0x72, 0x2f, 0x64, 0x65, 0x63, 0x5f, 0x67, 
  0x72, 0x75, 0x2f, 0x67, 0x72, 0x75, 0x5f, 0x63, 0x65, 0x6c, 0x6c, 0x5f, 
  0x32, 0x2f, 0x73, 0x70, 0x6c, 0x69, 0x74, 0x5f, 0x31, 0x37, 0x32, 0x31, 
  0x00, 0x00, 0x00, 0x00, 0x02, 0x00, 0x00, 0x00, 0x01, 0x00, 0x00, 0x00, 
  0x04, 0x00, 0x00, 0x00, 0x1e, 0x52, 0xfe, 0xff, 0x00, 0x00, 0x00, 0x01, 
  0x18, 0x00, 0x00, 0x00, 0x20, 0x00, 0x00, 0x00, 0x40, 0x00, 0x00, 0x00, 
  0xf9, 0x01, 0x00, 0x00, 0x00, 0x00, 0x00, 0x09, 0x00, 0x01, 0x00, 0x00, 
  0x02, 0x00, 0x00, 0x00, 0xff, 0xff, 0xff, 0xff, 0x04, 0x00, 0x00, 0x00, 
  0x04, 0x52, 0xfe, 0xff, 0x08, 0x00, 0x00, 0x00, 0x14, 0x00, 0x00, 0x00, 
  0x01, 0x00, 0x00, 0x00, 0xeb, 0xff, 0xff, 0xff, 0xff, 0xff, 0xff, 0xff, 
  0x00, 0x00, 0x00, 0x00, 0x01, 0x00, 0x00, 0x00, 0xbe, 0x9d, 0xfb, 0x3c, 
  0xc7, 0x00, 0x00, 0x00, 0x73, 0x61, 0x66, 0x65, 0x62, 0x61, 0x6e, 0x64, 
  0x5f, 0x76, 0x32, 0x5f, 0x64, 0x65, 0x70, 0x6c, 0x6f, 0x79, 0x6d, 0x65, 
  0x6e, 0x74, 0x2f, 0x6d, 0x6f, 0x74, 0x69, 0x6f, 0x6e, 0x5f, 0x64, 0x65, 
  0x63, 0x6f, 0x64, 0x65, 0x72, 0x2f, 0x64, 0x65, 0x63, 0x5f, 0x67, 0x72, 
  0x75, 0x2f, 0x67, 0x72, 0x75, 0x5f, 0x63, 0x65, 0x6c, 0x6c, 0x5f, 0x32, 
  0x2f, 0x73, 0x70, 0x6c, 0x69, 0x74, 0x5f, 0x31, 0x37, 0x3b, 0x73, 0x61, 
  0x66, 0x65, 0x62, 0x61, 0x6e, 0x64, 0x5f, 0x76, 0x32, 0x5f, 0x64, 0x65, 
  0x70, 0x6c, 0x6f, 0x79, 0x6d, 0x65, 0x6e, 0x74, 0x2f, 0x6d, 0x6f, 0x74, 
  0x69, 0x6f, 0x6e, 0x5f, 0x64, 0x65, 0x63, 0x6f, 0x64, 0x65, 0x72, 0x2f, 
  0x64, 0x65, 0x63, 0x5f, 0x67, 0x72, 0x75, 0x2f, 0x67, 0x72, 0x75, 0x5f, 
  0x63, 0x65, 0x6c, 0x6c, 0x5f, 0x32, 0x2f, 0x73, 0x70, 0x6c, 0x69, 0x74, 
  0x5f, 0x31, 0x37, 0x31, 0x3b, 0x73, 0x61, 0x66, 0x65, 0x62, 0x61, 0x6e, 
  0x64, 0x5f, 0x76, 0x32, 0x5f, 0x64, 0x65, 0x70, 0x6c, 0x6f, 0x79, 0x6d, 
  0x65, 0x6e, 0x74, 0x2f, 0x6d, 0x6f, 0x74, 0x69, 0x6f, 0x6e, 0x5f, 0x64, 
  0x65, 0x63, 0x6f, 0x64, 0x65, 0x72, 0x2f, 0x64, 0x65, 0x63, 0x5f, 0x67, 
  0x72, 0x75, 0x2f, 0x67, 0x72, 0x75, 0x5f, 0x63, 0x65, 0x6c, 0x6c, 0x5f, 
  0x32, 0x2f, 0x73, 0x70, 0x6c, 0x69, 0x74, 0x5f, 0x31, 0x37, 0x32, 0x00, 
  0x02, 0x00, 0x00, 0x00, 0x01, 0x00, 0x00, 0x00, 0x04, 0x00, 0x00, 0x00, 
  0x46, 0x53, 0xfe, 0xff, 0x00, 0x00, 0x00, 0x01, 0x18, 0x00, 0x00, 0x00, 
  0x20, 0x00, 0x00, 0x00, 0x40, 0x00, 0x00, 0x00, 0xf8, 0x01, 0x00, 0x00, 
  0x00, 0x00, 0x00, 0x09, 0xc0, 0x00, 0x00, 0x00, 0x02, 0x00, 0x00, 0x00, 
  0xff, 0xff, 0xff, 0xff, 0x0c, 0x00, 0x00, 0x00, 0x2c, 0x53, 0xfe, 0xff, 
  0x08, 0x00, 0x00, 0x00, 0x14, 0x00, 0x00, 0x00, 0x01, 0x00, 0x00, 0x00, 
  0xeb, 0xff, 0xff, 0xff, 0xff, 0xff, 0xff, 0xff, 0x00, 0x00, 0x00, 0x00, 
  0x01, 0x00, 0x00, 0x00, 0xbe, 0x9d, 0xfb, 0x3c, 0x86, 0x00, 0x00, 0x00, 
  0x73, 0x61, 0x66, 0x65, 0x62, 0x61, 0x6e, 0x64, 0x5f, 0x76, 0x32, 0x5f, 
  0x64, 0x65, 0x70, 0x6c, 0x6f, 0x79, 0x6d, 0x65, 0x6e, 0x74, 0x2f, 0x6d, 
  0x6f, 0x74, 0x69, 0x6f, 0x6e, 0x5f, 0x64, 0x65, 0x63, 0x6f, 0x64, 0x65, 
  0x72, 0x2f, 0x64, 0x65, 0x63, 0x5f, 0x67, 0x72, 0x75, 0x2f, 0x67, 0x72, 
  0x75, 0x5f, 0x63, 0x65, 0x6c, 0x6c, 0x5f, 0x32, 0x2f, 0x4d, 0x61, 0x74, 
  0x4d, 0x75, 0x6c, 0x5f, 0x31, 0x37, 0x3b, 0x73, 0x61, 0x66, 0x65, 0x62, 
  0x61, 0x6e, 0x64, 0x5f, 0x76, 0x32, 0x5f, 0x64, 0x65, 0x70, 0x6c, 0x6f, 
  0x79, 0x6d, 0x65, 0x6e, 0x74, 0x2f, 0x6d, 0x6f, 0x74, 0x69, 0x6f, 0x6e, 
  0x5f, 0x64, 0x65, 0x63, 0x6f, 0x64, 0x65, 0x72, 0x2f, 0x64, 0x65, 0x63, 
  0x5f, 0x67, 0x72, 0x75, 0x2f, 0x67, 0x72, 0x75, 0x5f, 0x63, 0x65, 0x6c, 
  0x6c, 0x5f, 0x32, 0x2f, 0x42, 0x69, 0x61, 0x73, 0x41, 0x64, 0x64, 0x5f, 
  0x31, 0x37, 0x00, 0x00, 0x02, 0x00, 0x00, 0x00, 0x01, 0x00, 0x00, 0x00, 
  0x0c, 0x00, 0x00, 0x00, 0x2e, 0x54, 0xfe, 0xff, 0x00, 0x00, 0x00, 0x01, 
  0x18, 0x00, 0x00, 0x00, 0x20, 0x00, 0x00, 0x00, 0x40, 0x00, 0x00, 0x00, 
  0xf7, 0x01, 0x00, 0x00, 0x00, 0x00, 0x00, 0x09, 0x78, 0x00, 0x00, 0x00, 
  0x02, 0x00, 0x00, 0x00, 0xff, 0xff, 0xff, 0xff, 0x04, 0x00, 0x00, 0x00, 
  0x14, 0x54, 0xfe, 0xff, 0x08, 0x00, 0x00, 0x00, 0x14, 0x00, 0x00, 0x00, 
  0x01, 0x00, 0x00, 0x00, 0x00, 0x00, 0x00, 0x00, 0x00, 0x00, 0x00, 0x00, 
  0x00, 0x00, 0x00, 0x00, 0x01, 0x00, 0x00, 0x00, 0xbf, 0x69, 0x00, 0x3c, 
  0x3f, 0x00, 0x00, 0x00, 0x73, 0x61, 0x66, 0x65, 0x62, 0x61, 0x6e, 0x64, 
  0x5f, 0x76, 0x32, 0x5f, 0x64, 0x65, 0x70, 0x6c, 0x6f, 0x79, 0x6d, 0x65, 
  0x6e, 0x74, 0x2f, 0x6d, 0x6f, 0x74, 0x69, 0x6f, 0x6e, 0x5f, 0x64, 0x65, 
  0x63, 0x6f, 0x64, 0x65, 0x72, 0x2f, 0x64, 0x65, 0x63, 0x5f, 0x67, 0x72, 
  0x75, 0x2f, 0x67, 0x72, 0x75, 0x5f, 0x63, 0x65, 0x6c, 0x6c, 0x5f, 0x32, 
  0x2f, 0x61, 0x64, 0x64, 0x5f, 0x33, 0x31, 0x00, 0x02, 0x00, 0x00, 0x00, 
  0x01, 0x00, 0x00, 0x00, 0x04, 0x00, 0x00, 0x00, 0xce, 0x54, 0xfe, 0xff, 
  0x00, 0x00, 0x00, 0x01, 0x18, 0x00, 0x00, 0x00, 0x20, 0x00, 0x00, 0x00, 
  0x40, 0x00, 0x00, 0x00, 0xf6, 0x01, 0x00, 0x00, 0x00, 0x00, 0x00, 0x09, 
  0x78, 0x00, 0x00, 0x00, 0x02, 0x00, 0x00, 0x00, 0xff, 0xff, 0xff, 0xff, 
  0x04, 0x00, 0x00, 0x00, 0xb4, 0x54, 0xfe, 0xff, 0x08, 0x00, 0x00, 0x00, 
  0x14, 0x00, 0x00, 0x00, 0x01, 0x00, 0x00, 0x00, 0x39, 0x00, 0x00, 0x00, 
  0x00, 0x00, 0x00, 0x00, 0x00, 0x00, 0x00, 0x00, 0x01, 0x00, 0x00, 0x00, 
  0x8f, 0x12, 0xbf, 0x3a, 0x3f, 0x00, 0x00, 0x00, 0x73, 0x61, 0x66, 0x65, 
  0x62, 0x61, 0x6e, 0x64, 0x5f, 0x76, 0x32, 0x5f, 0x64, 0x65, 0x70, 0x6c, 
  0x6f, 0x79, 0x6d, 0x65, 0x6e, 0x74, 0x2f, 0x6d, 0x6f, 0x74, 0x69, 0x6f, 
  0x6e, 0x5f, 0x64, 0x65, 0x63, 0x6f, 0x64, 0x65, 0x72, 0x2f, 0x64, 0x65, 
  0x63, 0x5f, 0x67, 0x72, 0x75, 0x2f, 0x67, 0x72, 0x75, 0x5f, 0x63, 0x65, 
  0x6c, 0x6c, 0x5f, 0x32, 0x2f, 0x6d, 0x75, 0x6c, 0x5f, 0x32, 0x32, 0x00, 
  0x02, 0x00, 0x00, 0x00, 0x01, 0x00, 0x00, 0x00, 0x04, 0x00, 0x00, 0x00, 
  0x6e, 0x55, 0xfe, 0xff, 0x00, 0x00, 0x00, 0x01, 0x18, 0x00, 0x00, 0x00, 
  0x20, 0x00, 0x00, 0x00, 0x40, 0x00, 0x00, 0x00, 0xf5, 0x01, 0x00, 0x00, 
  0x00, 0x00, 0x00, 0x09, 0x78, 0x00, 0x00, 0x00, 0x02, 0x00, 0x00, 0x00, 
  0xff, 0xff, 0xff, 0xff, 0x04, 0x00, 0x00, 0x00, 0x54, 0x55, 0xfe, 0xff, 
  0x08, 0x00, 0x00, 0x00, 0x14, 0x00, 0x00, 0x00, 0x01, 0x00, 0x00, 0x00, 
  0x00, 0x00, 0x00, 0x00, 0x00, 0x00, 0x00, 0x00, 0x00, 0x00, 0x00, 0x00, 
  0x01, 0x00, 0x00, 0x00, 0xe7, 0x5e, 0x00, 0x3c, 0x3f, 0x00, 0x00, 0x00, 
  0x73, 0x61, 0x66, 0x65, 0x62, 0x61, 0x6e, 0x64, 0x5f, 0x76, 0x32, 0x5f, 
  0x64, 0x65, 0x70, 0x6c, 0x6f, 0x79, 0x6d, 0x65, 0x6e, 0x74, 0x2f, 0x6d, 
  0x6f, 0x74, 0x69, 0x6f, 0x6e, 0x5f, 0x64, 0x65, 0x63, 0x6f, 0x64, 0x65, 
  0x72, 0x2f, 0x64, 0x65, 0x63, 0x5f, 0x67, 0x72, 0x75, 0x2f, 0x67, 0x72, 
  0x75, 0x5f, 0x63, 0x65, 0x6c, 0x6c, 0x5f, 0x32, 0x2f, 0x6d, 0x75, 0x6c, 
  0x5f, 0x32, 0x33, 0x00, 0x02, 0x00, 0x00, 0x00, 0x01, 0x00, 0x00, 0x00, 
  0x04, 0x00, 0x00, 0x00, 0x0e, 0x56, 0xfe, 0xff, 0x00, 0x00, 0x00, 0x01, 
  0x18, 0x00, 0x00, 0x00, 0x20, 0x00, 0x00, 0x00, 0x40, 0x00, 0x00, 0x00, 
  0xf4, 0x01, 0x00, 0x00, 0x00, 0x00, 0x00, 0x09, 0x78, 0x00, 0x00, 0x00, 
  0x02, 0x00, 0x00, 0x00, 0xff, 0xff, 0xff, 0xff, 0x04, 0x00, 0x00, 0x00, 
  0xf4, 0x55, 0xfe, 0xff, 0x08, 0x00, 0x00, 0x00, 0x14, 0x00, 0x00, 0x00, 
  0x01, 0x00, 0x00, 0x00, 0x00, 0x00, 0x00, 0x00, 0x00, 0x00, 0x00, 0x00, 
  0x00, 0x00, 0x00, 0x00, 0x01, 0x00, 0x00, 0x00, 0x00, 0x00, 0x00, 0x3c, 
  0x3f, 0x00, 0x00, 0x00, 0x73, 0x61, 0x66, 0x65, 0x62, 0x61, 0x6e, 0x64, 
  0x5f, 0x76, 0x32, 0x5f, 0x64, 0x65, 0x70, 0x6c, 0x6f, 0x79, 0x6d, 0x65, 
  0x6e, 0x74, 0x2f, 0x6d, 0x6f, 0x74, 0x69, 0x6f, 0x6e, 0x5f, 0x64, 0x65, 
  0x63, 0x6f, 0x64, 0x65, 0x72, 0x2f, 0x64, 0x65, 0x63, 0x5f, 0x67, 0x72, 
  0x75, 0x2f, 0x67, 0x72, 0x75, 0x5f, 0x63, 0x65, 0x6c, 0x6c, 0x5f, 0x32, 
  0x2f, 0x54, 0x61, 0x6e, 0x68, 0x5f, 0x37, 0x00, 0x02, 0x00, 0x00, 0x00, 
  0x01, 0x00, 0x00, 0x00, 0x04, 0x00, 0x00, 0x00, 0xae, 0x56, 0xfe, 0xff, 
  0x00, 0x00, 0x00, 0x01, 0x18, 0x00, 0x00, 0x00, 0x20, 0x00, 0x00, 0x00, 
  0x40, 0x00, 0x00, 0x00, 0xf3, 0x01, 0x00, 0x00, 0x00, 0x00, 0x00, 0x09, 
  0x78, 0x00, 0x00, 0x00, 0x02, 0x00, 0x00, 0x00, 0xff, 0xff, 0xff, 0xff, 
  0x04, 0x00, 0x00, 0x00, 0x94, 0x56, 0xfe, 0xff, 0x08, 0x00, 0x00, 0x00, 
  0x14, 0x00, 0x00, 0x00, 0x01, 0x00, 0x00, 0x00, 0x09, 0x00, 0x00, 0x00, 
  0x00, 0x00, 0x00, 0x00, 0x00, 0x00, 0x00, 0x00, 0x01, 0x00, 0x00, 0x00, 
  0xcc, 0xed, 0x02, 0x3d, 0x3f, 0x00, 0x00, 0x00, 0x73, 0x61, 0x66, 0x65, 
  0x62, 0x61, 0x6e, 0x64, 0x5f, 0x76, 0x32, 0x5f, 0x64, 0x65, 0x70, 0x6c, 
  0x6f, 0x79, 0x6d, 0x65, 0x6e, 0x74, 0x2f, 0x6d, 0x6f, 0x74, 0x69, 0x6f, 
  0x6e, 0x5f, 0x64, 0x65, 0x63, 0x6f, 0x64, 0x65, 0x72, 0x2f, 0x64, 0x65, 
  0x63, 0x5f, 0x67, 0x72, 0x75, 0x2f, 0x67, 0x72, 0x75, 0x5f, 0x63, 0x65, 
  0x6c, 0x6c, 0x5f, 0x32, 0x2f, 0x61, 0x64, 0x64, 0x5f, 0x33, 0x30, 0x00, 
  0x02, 0x00, 0x00, 0x00, 0x01, 0x00, 0x00, 0x00, 0x04, 0x00, 0x00, 0x00, 
  0x4e, 0x57, 0xfe, 0xff, 0x00, 0x00, 0x00, 0x01, 0x18, 0x00, 0x00, 0x00, 
  0x20, 0x00, 0x00, 0x00, 0x40, 0x00, 0x00, 0x00, 0xf2, 0x01, 0x00, 0x00, 
  0x00, 0x00, 0x00, 0x09, 0x78, 0x00, 0x00, 0x00, 0x02, 0x00, 0x00, 0x00, 
  0xff, 0xff, 0xff, 0xff, 0x04, 0x00, 0x00, 0x00, 0x34, 0x57, 0xfe, 0xff, 
  0x08, 0x00, 0x00, 0x00, 0x14, 0x00, 0x00, 0x00, 0x01, 0x00, 0x00, 0x00, 
  0xbf, 0xff, 0xff, 0xff, 0xff, 0xff, 0xff, 0xff, 0x00, 0x00, 0x00, 0x00, 
  0x01, 0x00, 0x00, 0x00, 0x4a, 0xaa, 0xee, 0x3b, 0x3f, 0x00, 0x00, 0x00, 
  0x73, 0x61, 0x66, 0x65, 0x62, 0x61, 0x6e, 0x64, 0x5f, 0x76, 0x32, 0x5f, 
  0x64, 0x65, 0x70, 0x6c, 0x6f, 0x79, 0x6d, 0x65, 0x6e, 0x74, 0x2f, 0x6d, 
  0x6f, 0x74, 0x69, 0x6f, 0x6e, 0x5f, 0x64, 0x65, 0x63, 0x6f, 0x64, 0x65, 
  0x72, 0x2f, 0x64, 0x65, 0x63, 0x5f, 0x67, 0x72, 0x75, 0x2f, 0x67, 0x72, 
  0x75, 0x5f, 0x63, 0x65, 0x6c, 0x6c, 0x5f, 0x32, 0x2f, 0x6d, 0x75, 0x6c, 
  0x5f, 0x32, 0x31, 0x00, 0x02, 0x00, 0x00, 0x00, 0x01, 0x00, 0x00, 0x00, 
  0x04, 0x00, 0x00, 0x00, 0xee, 0x57, 0xfe, 0xff, 0x00, 0x00, 0x00, 0x01, 
  0x18, 0x00, 0x00, 0x00, 0x20, 0x00, 0x00, 0x00, 0x3c, 0x00, 0x00, 0x00, 
  0xf1, 0x01, 0x00, 0x00, 0x00, 0x00, 0x00, 0x09, 0x78, 0x00, 0x00, 0x00, 
  0x02, 0x00, 0x00, 0x00, 0xff, 0xff, 0xff, 0xff, 0x04, 0x00, 0x00, 0x00, 
  0xd4, 0x57, 0xfe, 0xff, 0x08, 0x00, 0x00, 0x00, 0x10, 0x00, 0x00, 0x00, 
  0x01, 0x00, 0x00, 0x00, 0x80, 0xff, 0xff, 0xff, 0xff, 0xff, 0xff, 0xff, 
  0x01, 0x00, 0x00, 0x00, 0x00, 0x00, 0x80, 0x3b, 0x43, 0x00, 0x00, 0x00, 
  0x73, 0x61, 0x66, 0x65, 0x62, 0x61, 0x6e, 0x64, 0x5f, 0x76, 0x32, 0x5f, 
  0x64, 0x65, 0x70, 0x6c, 0x6f, 0x79, 0x6d, 0x65, 0x6e, 0x74, 0x2f, 0x6d, 
  0x6f, 0x74, 0x69, 0x6f, 0x6e, 0x5f, 0x64, 0x65, 0x63, 0x6f, 0x64, 0x65, 
  0x72, 0x2f, 0x64, 0x65, 0x63, 0x5f, 0x67, 0x72, 0x75, 0x2f, 0x67, 0x72, 
  0x75, 0x5f, 0x63, 0x65, 0x6c, 0x6c, 0x5f, 0x32, 0x2f, 0x53, 0x69, 0x67, 
  0x6d, 0x6f, 0x69, 0x64, 0x5f, 0x31, 0x35, 0x00, 0x02, 0x00, 0x00, 0x00, 
  0x01, 0x00, 0x00, 0x00, 0x04, 0x00, 0x00, 0x00, 0x8e, 0x58, 0xfe, 0xff, 
  0x00, 0x00, 0x00, 0x01, 0x18, 0x00, 0x00, 0x00, 0x20, 0x00, 0x00, 0x00, 
  0x40, 0x00, 0x00, 0x00, 0xf0, 0x01, 0x00, 0x00, 0x00, 0x00, 0x00, 0x09, 
  0x78, 0x00, 0x00, 0x00, 0x02, 0x00, 0x00, 0x00, 0xff, 0xff, 0xff, 0xff, 
  0x04, 0x00, 0x00, 0x00, 0x74, 0x58, 0xfe, 0xff, 0x08, 0x00, 0x00, 0x00, 
  0x14, 0x00, 0x00, 0x00, 0x01, 0x00, 0x00, 0x00, 0x0d, 0x00, 0x00, 0x00, 
  0x00, 0x00, 0x00, 0x00, 0x00, 0x00, 0x00, 0x00, 0x01, 0x00, 0x00, 0x00, 
  0x38, 0x50, 0xce, 0x3c, 0x3f, 0x00, 0x00, 0x00, 0x73, 0x61, 0x66, 0x65, 
  0x62, 0x61, 0x6e, 0x64, 0x5f, 0x76, 0x32, 0x5f, 0x64, 0x65, 0x70, 0x6c, 
  0x6f, 0x79, 0x6d, 0x65, 0x6e, 0x74, 0x2f, 0x6d, 0x6f, 0x74, 0x69, 0x6f, 
  0x6e, 0x5f, 0x64, 0x65, 0x63, 0x6f, 0x64, 0x65, 0x72, 0x2f, 0x64, 0x65, 
  0x63, 0x5f, 0x67, 0x72, 0x75, 0x2f, 0x67, 0x72, 0x75, 0x5f, 0x63, 0x65, 
  0x6c, 0x6c, 0x5f, 0x32, 0x2f, 0x61, 0x64, 0x64, 0x5f, 0x32, 0x39, 0x00, 
  0x02, 0x00, 0x00, 0x00, 0x01, 0x00, 0x00, 0x00, 0x04, 0x00, 0x00, 0x00, 
  0x2e, 0x59, 0xfe, 0xff, 0x00, 0x00, 0x00, 0x01, 0x18, 0x00, 0x00, 0x00, 
  0x20, 0x00, 0x00, 0x00, 0x40, 0x00, 0x00, 0x00, 0xef, 0x01, 0x00, 0x00, 
  0x00, 0x00, 0x00, 0x09, 0x78, 0x00, 0x00, 0x00, 0x02, 0x00, 0x00, 0x00, 
  0xff, 0xff, 0xff, 0xff, 0x04, 0x00, 0x00, 0x00, 0x14, 0x59, 0xfe, 0xff, 
  0x08, 0x00, 0x00, 0x00, 0x14, 0x00, 0x00, 0x00, 0x01, 0x00, 0x00, 0x00, 
  0x80, 0xff, 0xff, 0xff, 0xff, 0xff, 0xff, 0xff, 0x00, 0x00, 0x00, 0x00, 
  0x01, 0x00, 0x00, 0x00, 0x96, 0x7e, 0x80, 0x3b, 0x3e, 0x00, 0x00, 0x00, 
  0x73, 0x61, 0x66, 0x65, 0x62, 0x61, 0x6e, 0x64, 0x5f, 0x76, 0x32, 0x5f, 
  0x64, 0x65, 0x70, 0x6c, 0x6f, 0x79, 0x6d, 0x65, 0x6e, 0x74, 0x2f, 0x6d, 
  0x6f, 0x74, 0x69, 0x6f, 0x6e, 0x5f, 0x64, 0x65, 0x63, 0x6f, 0x64, 0x65, 
  0x72, 0x2f, 0x64, 0x65, 0x63, 0x5f, 0x67, 0x72, 0x75, 0x2f, 0x67, 0x72, 
  0x75, 0x5f, 0x63, 0x65, 0x6c, 0x6c, 0x5f, 0x32, 0x2f, 0x73, 0x75, 0x62, 
  0x5f, 0x37, 0x00, 0x00, 0x02, 0x00, 0x00, 0x00, 0x01, 0x00, 0x00, 0x00, 
  0x04, 0x00, 0x00, 0x00, 0xce, 0x59, 0xfe, 0xff, 0x00, 0x00, 0x00, 0x01, 
  0x18, 0x00, 0x00, 0x00, 0x20, 0x00, 0x00, 0x00, 0x3c, 0x00, 0x00, 0x00, 
  0xee, 0x01, 0x00, 0x00, 0x00, 0x00, 0x00, 0x09, 0x78, 0x00, 0x00, 0x00, 
  0x02, 0x00, 0x00, 0x00, 0xff, 0xff, 0xff, 0xff, 0x04, 0x00, 0x00, 0x00, 
  0xb4, 0x59, 0xfe, 0xff, 0x08, 0x00, 0x00, 0x00, 0x10, 0x00, 0x00, 0x00, 
  0x01, 0x00, 0x00, 0x00, 0x80, 0xff, 0xff, 0xff, 0xff, 0xff, 0xff, 0xff, 
  0x01, 0x00, 0x00, 0x00, 0x00, 0x00, 0x80, 0x3b, 0x43, 0x00, 0x00, 0x00, 
  0x73, 0x61, 0x66, 0x65, 0x62, 0x61, 0x6e, 0x64, 0x5f, 0x76, 0x32, 0x5f, 
  0x64, 0x65, 0x70, 0x6c, 0x6f, 0x79, 0x6d, 0x65, 0x6e, 0x74, 0x2f, 0x6d, 
  0x6f, 0x74, 0x69, 0x6f, 0x6e, 0x5f, 0x64, 0x65, 0x63, 0x6f, 0x64, 0x65, 
  0x72, 0x2f, 0x64, 0x65, 0x63, 0x5f, 0x67, 0x72, 0x75, 0x2f, 0x67, 0x72, 
  0x75, 0x5f, 0x63, 0x65, 0x6c, 0x6c, 0x5f, 0x32, 0x2f, 0x53, 0x69, 0x67, 
  0x6d, 0x6f, 0x69, 0x64, 0x5f, 0x31, 0x34, 0x00, 0x02, 0x00, 0x00, 0x00, 
  0x01, 0x00, 0x00, 0x00, 0x04, 0x00, 0x00, 0x00, 0x6e, 0x5a, 0xfe, 0xff, 
  0x00, 0x00, 0x00, 0x01, 0x18, 0x00, 0x00, 0x00, 0x20, 0x00, 0x00, 0x00, 
  0x40, 0x00, 0x00, 0x00, 0xed, 0x01, 0x00, 0x00, 0x00, 0x00, 0x00, 0x09, 
  0x78, 0x00, 0x00, 0x00, 0x02, 0x00, 0x00, 0x00, 0xff, 0xff, 0xff, 0xff, 
  0x04, 0x00, 0x00, 0x00, 0x54, 0x5a, 0xfe, 0xff, 0x08, 0x00, 0x00, 0x00, 
  0x14, 0x00, 0x00, 0x00, 0x01, 0x00, 0x00, 0x00, 0x7f, 0x00, 0x00, 0x00, 
  0x00, 0x00, 0x00, 0x00, 0x00, 0x00, 0x00, 0x00, 0x01, 0x00, 0x00, 0x00, 
  0x6d, 0x9f, 0x1c, 0x3d, 0x3f, 0x00, 0x00, 0x00, 0x73, 0x61, 0x66, 0x65, 
  0x62, 0x61, 0x6e, 0x64, 0x5f, 0x76, 0x32, 0x5f, 0x64, 0x65, 0x70, 0x6c, 
  0x6f, 0x79, 0x6d, 0x65, 0x6e, 0x74, 0x2f, 0x6d, 0x6f, 0x74, 0x69, 0x6f, 
  0x6e, 0x5f, 0x64, 0x65, 0x63, 0x6f, 0x64, 0x65, 0x72, 0x2f, 0x64, 0x65, 
  0x63, 0x5f, 0x67, 0x72, 0x75, 0x2f, 0x67, 0x72, 0x75, 0x5f, 0x63, 0x65, 
  0x6c, 0x6c, 0x5f, 0x32, 0x2f, 0x61, 0x64, 0x64, 0x5f, 0x32, 0x38, 0x00, 
  0x02, 0x00, 0x00, 0x00, 0x01, 0x00, 0x00, 0x00, 0x04, 0x00, 0x00, 0x00, 
  0x0e, 0x5b, 0xfe, 0xff, 0x00, 0x00, 0x00, 0x01, 0x18, 0x00, 0x00, 0x00, 
  0x20, 0x00, 0x00, 0x00, 0x3c, 0x00, 0x00, 0x00, 0xec, 0x01, 0x00, 0x00, 
  0x00, 0x00, 0x00, 0x09, 0x00, 0x01, 0x00, 0x00, 0x02, 0x00, 0x00, 0x00, 
  0xff, 0xff, 0xff, 0xff, 0x04, 0x00, 0x00, 0x00, 0xf4, 0x5a, 0xfe, 0xff, 
  0x08, 0x00, 0x00, 0x00, 0x10, 0x00, 0x00, 0x00, 0x01, 0x00, 0x00, 0x00, 
  0xeb, 0xff, 0xff, 0xff, 0xff, 0xff, 0xff, 0xff, 0x01, 0x00, 0x00, 0x00, 
  0xc7, 0x9c, 0xfb, 0x3c, 0xc8, 0x00, 0x00, 0x00, 0x73, 0x61, 0x66, 0x65, 
  0x62, 0x61, 0x6e, 0x64, 0x5f, 0x76, 0x32, 0x5f, 0x64, 0x65, 0x70, 0x6c, 
  0x6f, 0x79, 0x6d, 0x65, 0x6e, 0x74, 0x2f, 0x6d, 0x6f, 0x74, 0x69, 0x6f, 
  0x6e, 0x5f, 0x64, 0x65, 0x63, 0x6f, 0x64, 0x65, 0x72, 0x2f, 0x64, 0x65, 
  0x63, 0x5f, 0x67, 0x72, 0x75, 0x2f, 0x67, 0x72, 0x75, 0x5f, 0x63, 0x65, 
  0x6c, 0x6c, 0x5f, 0x32, 0x2f, 0x73, 0x70, 0x6c, 0x69, 0x74, 0x5f, 0x31, 
  0x35, 0x3b, 0x73, 0x61, 0x66, 0x65, 0x62, 0x61, 0x6e, 0x64, 0x5f, 0x76, 
  0x32, 0x5f, 0x64, 0x65, 0x70, 0x6c, 0x6f, 0x79, 0x6d, 0x65, 0x6e, 0x74, 
  0x2f, 0x6d, 0x6f, 0x74, 0x69, 0x6f, 0x6e, 0x5f, 0x64, 0x65, 0x63, 0x6f, 
  0x64, 0x65, 0x72, 0x2f, 0x64, 0x65, 0x63, 0x5f, 0x67, 0x72, 0x75, 0x2f, 
  0x67, 0x72, 0x75, 0x5f, 0x63, 0x65, 0x6c, 0x6c, 0x5f, 0x32, 0x2f, 0x73, 
  0x70, 0x6c, 0x69, 0x74, 0x5f, 0x31, 0x35, 0x31, 0x3b, 0x73, 0x61, 0x66, 
  0x65, 0x62, 0x61, 0x6e, 0x64, 0x5f, 0x76, 0x32, 0x5f, 0x64, 0x65, 0x70, 
  0x6c, 0x6f, 0x79, 0x6d, 0x65, 0x6e, 0x74, 0x2f, 0x6d, 0x6f, 0x74, 0x69, 
  0x6f, 0x6e, 0x5f, 0x64, 0x65, 0x63, 0x6f, 0x64, 0x65, 0x72, 0x2f, 0x64, 
  0x65, 0x63, 0x5f, 0x67, 0x72, 0x75, 0x2f, 0x67, 0x72, 0x75, 0x5f, 0x63, 
  0x65, 0x6c, 0x6c, 0x5f, 0x32, 0x2f, 0x73, 0x70, 0x6c, 0x69, 0x74, 0x5f, 
  0x31, 0x35, 0x32, 0x32, 0x00, 0x00, 0x00, 0x00, 0x02, 0x00, 0x00, 0x00, 
  0x01, 0x00, 0x00, 0x00, 0x04, 0x00, 0x00, 0x00, 0x36, 0x5c, 0xfe, 0xff, 
  0x00, 0x00, 0x00, 0x01, 0x18, 0x00, 0x00, 0x00, 0x20, 0x00, 0x00, 0x00, 
  0x3c, 0x00, 0x00, 0x00, 0xeb, 0x01, 0x00, 0x00, 0x00, 0x00, 0x00, 0x09, 
  0x00, 0x01, 0x00, 0x00, 0x02, 0x00, 0x00, 0x00, 0xff, 0xff, 0xff, 0xff, 
  0x04, 0x00, 0x00, 0x00, 0x1c, 0x5c, 0xfe, 0xff, 0x08, 0x00, 0x00, 0x00, 
  0x10, 0x00, 0x00, 0x00, 0x01, 0x00, 0x00, 0x00, 0xeb, 0xff, 0xff, 0xff, 
  0xff, 0xff, 0xff, 0xff, 0x01, 0x00, 0x00, 0x00, 0xc7, 0x9c, 0xfb, 0x3c, 
  0xc8, 0x00, 0x00, 0x00, 0x73, 0x61, 0x66, 0x65, 0x62, 0x61, 0x6e, 0x64, 
  0x5f, 0x76, 0x32, 0x5f, 0x64, 0x65, 0x70, 0x6c, 0x6f, 0x79, 0x6d, 0x65, 
  0x6e, 0x74, 0x2f, 0x6d, 0x6f, 0x74, 0x69, 0x6f, 0x6e, 0x5f, 0x64, 0x65, 
  0x63, 0x6f, 0x64, 0x65, 0x72, 0x2f, 0x64, 0x65, 0x63, 0x5f, 0x67, 0x72, 
  0x75, 0x2f, 0x67, 0x72, 0x75, 0x5f, 0x63, 0x65, 0x6c, 0x6c, 0x5f, 0x32, 
  0x2f, 0x73, 0x70, 0x6c, 0x69, 0x74, 0x5f, 0x31, 0x35, 0x3b, 0x73, 0x61, 
  0x66, 0x65, 0x62, 0x61, 0x6e, 0x64, 0x5f, 0x76, 0x32, 0x5f, 0x64, 0x65, 
  0x70, 0x6c, 0x6f, 0x79, 0x6d, 0x65, 0x6e, 0x74, 0x2f, 0x6d, 0x6f, 0x74, 
  0x69, 0x6f, 0x6e, 0x5f, 0x64, 0x65, 0x63, 0x6f, 0x64, 0x65, 0x72, 0x2f, 
  0x64, 0x65, 0x63, 0x5f, 0x67, 0x72, 0x75, 0x2f, 0x67, 0x72, 0x75, 0x5f, 
  0x63, 0x65, 0x6c, 0x6c, 0x5f, 0x32, 0x2f, 0x73, 0x70, 0x6c, 0x69, 0x74, 
  0x5f, 0x31, 0x35, 0x31, 0x3b, 0x73, 0x61, 0x66, 0x65, 0x62, 0x61, 0x6e, 
  0x64, 0x5f, 0x76, 0x32, 0x5f, 0x64, 0x65, 0x70, 0x6c, 0x6f, 0x79, 0x6d, 
  0x65, 0x6e, 0x74, 0x2f, 0x6d, 0x6f, 0x74, 0x69, 0x6f, 0x6e, 0x5f, 0x64, 
  0x65, 0x63, 0x6f, 0x64, 0x65, 0x72, 0x2f, 0x64, 0x65, 0x63, 0x5f, 0x67, 
  0x72, 0x75, 0x2f, 0x67, 0x72, 0x75, 0x5f, 0x63, 0x65, 0x6c, 0x6c, 0x5f, 
  0x32, 0x2f, 0x73, 0x70, 0x6c, 0x69, 0x74, 0x5f, 0x31, 0x35, 0x32, 0x31, 
  0x00, 0x00, 0x00, 0x00, 0x02, 0x00, 0x00, 0x00, 0x01, 0x00, 0x00, 0x00, 
  0x04, 0x00, 0x00, 0x00, 0x5e, 0x5d, 0xfe, 0xff, 0x00, 0x00, 0x00, 0x01, 
  0x18, 0x00, 0x00, 0x00, 0x20, 0x00, 0x00, 0x00, 0x40, 0x00, 0x00, 0x00, 
  0xea, 0x01, 0x00, 0x00, 0x00, 0x00, 0x00, 0x09, 0x00, 0x01, 0x00, 0x00, 
  0x02, 0x00, 0x00, 0x00, 0xff, 0xff, 0xff, 0xff, 0x04, 0x00, 0x00, 0x00, 
  0x44, 0x5d, 0xfe, 0xff, 0x08, 0x00, 0x00, 0x00, 0x14, 0x00, 0x00, 0x00, 
  0x01, 0x00, 0x00, 0x00, 0xeb, 0xff, 0xff, 0xff, 0xff, 0xff, 0xff, 0xff, 
  0x00, 0x00, 0x00, 0x00, 0x01, 0x00, 0x00, 0x00, 0xc7, 0x9c, 0xfb, 0x3c, 
  0xc7, 0x00, 0x00, 0x00, 0x73, 0x61, 0x66, 0x65, 0x62, 0x61, 0x6e, 0x64, 
  0x5f, 0x76, 0x32, 0x5f, 0x64, 0x65, 0x70, 0x6c, 0x6f, 0x79, 0x6d, 0x65, 
  0x6e, 0x74, 0x2f, 0x6d, 0x6f, 0x74, 0x69, 0x6f, 0x6e, 0x5f, 0x64, 0x65, 
  0x63, 0x6f, 0x64, 0x65, 0x72, 0x2f, 0x64, 0x65, 0x63, 0x5f, 0x67, 0x72, 
  0x75, 0x2f, 0x67, 0x72, 0x75, 0x5f, 0x63, 0x65, 0x6c, 0x6c, 0x5f, 0x32, 
  0x2f, 0x73, 0x70, 0x6c, 0x69, 0x74, 0x5f, 0x31, 0x35, 0x3b, 0x73, 0x61, 
  0x66, 0x65, 0x62, 0x61, 0x6e, 0x64, 0x5f, 0x76, 0x32, 0x5f, 0x64, 0x65, 
  0x70, 0x6c, 0x6f, 0x79, 0x6d, 0x65, 0x6e, 0x74, 0x2f, 0x6d, 0x6f, 0x74, 
  0x69, 0x6f, 0x6e, 0x5f, 0x64, 0x65, 0x63, 0x6f, 0x64, 0x65, 0x72, 0x2f, 
  0x64, 0x65, 0x63, 0x5f, 0x67, 0x72, 0x75, 0x2f, 0x67, 0x72, 0x75, 0x5f, 
  0x63, 0x65, 0x6c, 0x6c, 0x5f, 0x32, 0x2f, 0x73, 0x70, 0x6c, 0x69, 0x74, 
  0x5f, 0x31, 0x35, 0x31, 0x3b, 0x73, 0x61, 0x66, 0x65, 0x62, 0x61, 0x6e, 
  0x64, 0x5f, 0x76, 0x32, 0x5f, 0x64, 0x65, 0x70, 0x6c, 0x6f, 0x79, 0x6d, 
  0x65, 0x6e, 0x74, 0x2f, 0x6d, 0x6f, 0x74, 0x69, 0x6f, 0x6e, 0x5f, 0x64, 
  0x65, 0x63, 0x6f, 0x64, 0x65, 0x72, 0x2f, 0x64, 0x65, 0x63, 0x5f, 0x67, 
  0x72, 0x75, 0x2f, 0x67, 0x72, 0x75, 0x5f, 0x63, 0x65, 0x6c, 0x6c, 0x5f, 
  0x32, 0x2f, 0x73, 0x70, 0x6c, 0x69, 0x74, 0x5f, 0x31, 0x35, 0x32, 0x00, 
  0x02, 0x00, 0x00, 0x00, 0x01, 0x00, 0x00, 0x00, 0x04, 0x00, 0x00, 0x00, 
  0x86, 0x5e, 0xfe, 0xff, 0x00, 0x00, 0x00, 0x01, 0x18, 0x00, 0x00, 0x00, 
  0x20, 0x00, 0x00, 0x00, 0x40, 0x00, 0x00, 0x00, 0xe9, 0x01, 0x00, 0x00, 
  0x00, 0x00, 0x00, 0x09, 0xc0, 0x00, 0x00, 0x00, 0x02, 0x00, 0x00, 0x00, 
  0xff, 0xff, 0xff, 0xff, 0x0c, 0x00, 0x00, 0x00, 0x6c, 0x5e, 0xfe, 0xff, 
  0x08, 0x00, 0x00, 0x00, 0x14, 0x00, 0x00, 0x00, 0x01, 0x00, 0x00, 0x00, 
  0xeb, 0xff, 0xff, 0xff, 0xff, 0xff, 0xff, 0xff, 0x00, 0x00, 0x00, 0x00, 
  0x01, 0x00, 0x00, 0x00, 0xc7, 0x9c, 0xfb, 0x3c, 0x86, 0x00, 0x00, 0x00, 
  0x73, 0x61, 0x66, 0x65, 0x62, 0x61, 0x6e, 0x64, 0x5f, 0x76, 0x32, 0x5f, 
  0x64, 0x65, 0x70, 0x6c, 0x6f, 0x79, 0x6d, 0x65, 0x6e, 0x74, 0x2f, 0x6d, 
  0x6f, 0x74, 0x69, 0x6f, 0x6e, 0x5f, 0x64, 0x65, 0x63, 0x6f, 0x64, 0x65, 
  0x72, 0x2f, 0x64, 0x65, 0x63, 0x5f, 0x67, 0x72, 0x75, 0x2f, 0x67, 0x72, 
  0x75, 0x5f, 0x63, 0x65, 0x6c, 0x6c, 0x5f, 0x32, 0x2f, 0x4d, 0x61, 0x74, 
  0x4d, 0x75, 0x6c, 0x5f, 0x31, 0x35, 0x3b, 0x73, 0x61, 0x66, 0x65, 0x62, 
  0x61, 0x6e, 0x64, 0x5f, 0x76, 0x32, 0x5f, 0x64, 0x65, 0x70, 0x6c, 0x6f, 
  0x79, 0x6d, 0x65, 0x6e, 0x74, 0x2f, 0x6d, 0x6f, 0x74, 0x69, 0x6f, 0x6e, 
  0x5f, 0x64, 0x65, 0x63, 0x6f, 0x64, 0x65, 0x72, 0x2f, 0x64, 0x65, 0x63, 
  0x5f, 0x67, 0x72, 0x75, 0x2f, 0x67, 0x72, 0x75, 0x5f, 0x63, 0x65, 0x6c, 
  0x6c, 0x5f, 0x32, 0x2f, 0x42, 0x69, 0x61, 0x73, 0x41, 0x64, 0x64, 0x5f, 
  0x31, 0x35, 0x00, 0x00, 0x02, 0x00, 0x00, 0x00, 0x01, 0x00, 0x00, 0x00, 
  0x0c, 0x00, 0x00, 0x00, 0x6e, 0x5f, 0xfe, 0xff, 0x00, 0x00, 0x00, 0x01, 
  0x18, 0x00, 0x00, 0x00, 0x20, 0x00, 0x00, 0x00, 0x40, 0x00, 0x00, 0x00, 
  0xe8, 0x01, 0x00, 0x00, 0x00, 0x00, 0x00, 0x09, 0x78, 0x00, 0x00, 0x00, 
  0x02, 0x00, 0x00, 0x00, 0xff, 0xff, 0xff, 0xff, 0x04, 0x00, 0x00, 0x00, 
  0x54, 0x5f, 0xfe, 0xff, 0x08, 0x00, 0x00, 0x00, 0x14, 0x00, 0x00, 0x00, 
  0x01, 0x00, 0x00, 0x00, 0x00, 0x00, 0x00, 0x00, 0x00, 0x00, 0x00, 0x00, 
  0x00, 0x00, 0x00, 0x00, 0x01, 0x00, 0x00, 0x00, 0xbf, 0x69, 0x00, 0x3c, 
  0x3f, 0x00, 0x00, 0x00, 0x73, 0x61, 0x66, 0x65, 0x62, 0x61, 0x6e, 0x64, 
  0x5f, 0x76, 0x32, 0x5f, 0x64, 0x65, 0x70, 0x6c, 0x6f, 0x79, 0x6d, 0x65, 
  0x6e, 0x74, 0x2f, 0x6d, 0x6f, 0x74, 0x69, 0x6f, 0x6e, 0x5f, 0x64, 0x65, 
  0x63, 0x6f, 0x64, 0x65, 0x72, 0x2f, 0x64, 0x65, 0x63, 0x5f, 0x67, 0x72, 
  0x75, 0x2f, 0x67, 0x72, 0x75, 0x5f, 0x63, 0x65, 0x6c, 0x6c, 0x5f, 0x32, 
  0x2f, 0x61, 0x64, 0x64, 0x5f, 0x32, 0x37, 0x00, 0x02, 0x00, 0x00, 0x00, 
  0x01, 0x00, 0x00, 0x00, 0x04, 0x00, 0x00, 0x00, 0x0e, 0x60, 0xfe, 0xff, 
  0x00, 0x00, 0x00, 0x01, 0x18, 0x00, 0x00, 0x00, 0x20, 0x00, 0x00, 0x00, 
  0x40, 0x00, 0x00, 0x00, 0xe7, 0x01, 0x00, 0x00, 0x00, 0x00, 0x00, 0x09, 
  0x78, 0x00, 0x00, 0x00, 0x02, 0x00, 0x00, 0x00, 0xff, 0xff, 0xff, 0xff, 
  0x04, 0x00, 0x00, 0x00, 0xf4, 0x5f, 0xfe, 0xff, 0x08, 0x00, 0x00, 0x00, 
  0x14, 0x00, 0x00, 0x00, 0x01, 0x00, 0x00, 0x00, 0x39, 0x00, 0x00, 0x00, 
  0x00, 0x00, 0x00, 0x00, 0x00, 0x00, 0x00, 0x00, 0x01, 0x00, 0x00, 0x00, 
  0xfc, 0x0e, 0xbf, 0x3a, 0x3f, 0x00, 0x00, 0x00, 0x73, 0x61, 0x66, 0x65, 
  0x62, 0x61, 0x6e, 0x64, 0x5f, 0x76, 0x32, 0x5f, 0x64, 0x65, 0x70, 0x6c, 
  0x6f, 0x79, 0x6d, 0x65, 0x6e, 0x74, 0x2f, 0x6d, 0x6f, 0x74, 0x69, 0x6f, 
  0x6e, 0x5f, 0x64, 0x65, 0x63, 0x6f, 0x64, 0x65, 0x72, 0x2f, 0x64, 0x65, 
  0x63, 0x5f, 0x67, 0x72, 0x75, 0x2f, 0x67, 0x72, 0x75, 0x5f, 0x63, 0x65, 
  0x6c, 0x6c, 0x5f, 0x32, 0x2f, 0x6d, 0x75, 0x6c, 0x5f, 0x31, 0x39, 0x00, 
  0x02, 0x00, 0x00, 0x00, 0x01, 0x00, 0x00, 0x00, 0x04, 0x00, 0x00, 0x00, 
  0xae, 0x60, 0xfe, 0xff, 0x00, 0x00, 0x00, 0x01, 0x18, 0x00, 0x00, 0x00, 
  0x20, 0x00, 0x00, 0x00, 0x40, 0x00, 0x00, 0x00, 0xe6, 0x01, 0x00, 0x00, 
  0x00, 0x00, 0x00, 0x09, 0x78, 0x00, 0x00, 0x00, 0x02, 0x00, 0x00, 0x00, 
  0xff, 0xff, 0xff, 0xff, 0x04, 0x00, 0x00, 0x00, 0x94, 0x60, 0xfe, 0xff, 
  0x08, 0x00, 0x00, 0x00, 0x14, 0x00, 0x00, 0x00, 0x01, 0x00, 0x00, 0x00, 
  0x00, 0x00, 0x00, 0x00, 0x00, 0x00, 0x00, 0x00, 0x00, 0x00, 0x00, 0x00, 
  0x01, 0x00, 0x00, 0x00, 0xe7, 0x5e, 0x00, 0x3c, 0x3f, 0x00, 0x00, 0x00, 
  0x73, 0x61, 0x66, 0x65, 0x62, 0x61, 0x6e, 0x64, 0x5f, 0x76, 0x32, 0x5f, 
  0x64, 0x65, 0x70, 0x6c, 0x6f, 0x79, 0x6d, 0x65, 0x6e, 0x74, 0x2f, 0x6d, 
  0x6f, 0x74, 0x69, 0x6f, 0x6e, 0x5f, 0x64, 0x65, 0x63, 0x6f, 0x64, 0x65, 
  0x72, 0x2f, 0x64, 0x65, 0x63, 0x5f, 0x67, 0x72, 0x75, 0x2f, 0x67, 0x72, 
  0x75, 0x5f, 0x63, 0x65, 0x6c, 0x6c, 0x5f, 0x32, 0x2f, 0x6d, 0x75, 0x6c, 
  0x5f, 0x32, 0x30, 0x00, 0x02, 0x00, 0x00, 0x00, 0x01, 0x00, 0x00, 0x00, 
  0x04, 0x00, 0x00, 0x00, 0x4e, 0x61, 0xfe, 0xff, 0x00, 0x00, 0x00, 0x01, 
  0x18, 0x00, 0x00, 0x00, 0x20, 0x00, 0x00, 0x00, 0x40, 0x00, 0x00, 0x00, 
  0xe5, 0x01, 0x00, 0x00, 0x00, 0x00, 0x00, 0x09, 0x78, 0x00, 0x00, 0x00, 
  0x02, 0x00, 0x00, 0x00, 0xff, 0xff, 0xff, 0xff, 0x04, 0x00, 0x00, 0x00, 
  0x34, 0x61, 0xfe, 0xff, 0x08, 0x00, 0x00, 0x00, 0x14, 0x00, 0x00, 0x00, 
  0x01, 0x00, 0x00, 0x00, 0x00, 0x00, 0x00, 0x00, 0x00, 0x00, 0x00, 0x00, 
  0x00, 0x00, 0x00, 0x00, 0x01, 0x00, 0x00, 0x00, 0x00, 0x00, 0x00, 0x3c, 
  0x3f, 0x00, 0x00, 0x00, 0x73, 0x61, 0x66, 0x65, 0x62, 0x61, 0x6e, 0x64, 
  0x5f, 0x76, 0x32, 0x5f, 0x64, 0x65, 0x70, 0x6c, 0x6f, 0x79, 0x6d, 0x65, 
  0x6e, 0x74, 0x2f, 0x6d, 0x6f, 0x74, 0x69, 0x6f, 0x6e, 0x5f, 0x64, 0x65, 
  0x63, 0x6f, 0x64, 0x65, 0x72, 0x2f, 0x64, 0x65, 0x63, 0x5f, 0x67, 0x72, 
  0x75, 0x2f, 0x67, 0x72, 0x75, 0x5f, 0x63, 0x65, 0x6c, 0x6c, 0x5f, 0x32, 
  0x2f, 0x54, 0x61, 0x6e, 0x68, 0x5f, 0x36, 0x00, 0x02, 0x00, 0x00, 0x00, 
  0x01, 0x00, 0x00, 0x00, 0x04, 0x00, 0x00, 0x00, 0xee, 0x61, 0xfe, 0xff, 
  0x00, 0x00, 0x00, 0x01, 0x18, 0x00, 0x00, 0x00, 0x20, 0x00, 0x00, 0x00, 
  0x40, 0x00, 0x00, 0x00, 0xe4, 0x01, 0x00, 0x00, 0x00, 0x00, 0x00, 0x09, 
  0x78, 0x00, 0x00, 0x00, 0x02, 0x00, 0x00, 0x00, 0xff, 0xff, 0xff, 0xff, 
  0x04, 0x00, 0x00, 0x00, 0xd4, 0x61, 0xfe, 0xff, 0x08, 0x00, 0x00, 0x00, 
  0x14, 0x00, 0x00, 0x00, 0x01, 0x00, 0x00, 0x00, 0x09, 0x00, 0x00, 0x00, 
  0x00, 0x00, 0x00, 0x00, 0x00, 0x00, 0x00, 0x00, 0x01, 0x00, 0x00, 0x00, 
  0xcc, 0xed, 0x02, 0x3d, 0x3f, 0x00, 0x00, 0x00, 0x73, 0x61, 0x66, 0x65, 
  0x62, 0x61, 0x6e, 0x64, 0x5f, 0x76, 0x32, 0x5f, 0x64, 0x65, 0x70, 0x6c, 
  0x6f, 0x79, 0x6d, 0x65, 0x6e, 0x74, 0x2f, 0x6d, 0x6f, 0x74, 0x69, 0x6f, 
  0x6e, 0x5f, 0x64, 0x65, 0x63, 0x6f, 0x64, 0x65, 0x72, 0x2f, 0x64, 0x65, 
  0x63, 0x5f, 0x67, 0x72, 0x75, 0x2f, 0x67, 0x72, 0x75, 0x5f, 0x63, 0x65, 
  0x6c, 0x6c, 0x5f, 0x32, 0x2f, 0x61, 0x64, 0x64, 0x5f, 0x32, 0x36, 0x00, 
  0x02, 0x00, 0x00, 0x00, 0x01, 0x00, 0x00, 0x00, 0x04, 0x00, 0x00, 0x00, 
  0x8e, 0x62, 0xfe, 0xff, 0x00, 0x00, 0x00, 0x01, 0x18, 0x00, 0x00, 0x00, 
  0x20, 0x00, 0x00, 0x00, 0x40, 0x00, 0x00, 0x00, 0xe3, 0x01, 0x00, 0x00, 
  0x00, 0x00, 0x00, 0x09, 0x78, 0x00, 0x00, 0x00, 0x02, 0x00, 0x00, 0x00, 
  0xff, 0xff, 0xff, 0xff, 0x04, 0x00, 0x00, 0x00, 0x74, 0x62, 0xfe, 0xff, 
  0x08, 0x00, 0x00, 0x00, 0x14, 0x00, 0x00, 0x00, 0x01, 0x00, 0x00, 0x00, 
  0xbf, 0xff, 0xff, 0xff, 0xff, 0xff, 0xff, 0xff, 0x00, 0x00, 0x00, 0x00, 
  0x01, 0x00, 0x00, 0x00, 0x51, 0xa4, 0xee, 0x3b, 0x3f, 0x00, 0x00, 0x00, 
  0x73, 0x61, 0x66, 0x65, 0x62, 0x61, 0x6e, 0x64, 0x5f, 0x76, 0x32, 0x5f, 
  0x64, 0x65, 0x70, 0x6c, 0x6f, 0x79, 0x6d, 0x65, 0x6e, 0x74, 0x2f, 0x6d, 
  0x6f, 0x74, 0x69, 0x6f, 0x6e, 0x5f, 0x64, 0x65, 0x63, 0x6f, 0x64, 0x65, 
  0x72, 0x2f, 0x64, 0x65, 0x63, 0x5f, 0x67, 0x72, 0x75, 0x2f, 0x67, 0x72, 
  0x75, 0x5f, 0x63, 0x65, 0x6c, 0x6c, 0x5f, 0x32, 0x2f, 0x6d, 0x75, 0x6c, 
  0x5f, 0x31, 0x38, 0x00, 0x02, 0x00, 0x00, 0x00, 0x01, 0x00, 0x00, 0x00, 
  0x04, 0x00, 0x00, 0x00, 0x2e, 0x63, 0xfe, 0xff, 0x00, 0x00, 0x00, 0x01, 
  0x18, 0x00, 0x00, 0x00, 0x20, 0x00, 0x00, 0x00, 0x3c, 0x00, 0x00, 0x00, 
  0xe2, 0x01, 0x00, 0x00, 0x00, 0x00, 0x00, 0x09, 0x78, 0x00, 0x00, 0x00, 
  0x02, 0x00, 0x00, 0x00, 0xff, 0xff, 0xff, 0xff, 0x04, 0x00, 0x00, 0x00, 
  0x14, 0x63, 0xfe, 0xff, 0x08, 0x00, 0x00, 0x00, 0x10, 0x00, 0x00, 0x00, 
  0x01, 0x00, 0x00, 0x00, 0x80, 0xff, 0xff, 0xff, 0xff, 0xff, 0xff, 0xff, 
  0x01, 0x00, 0x00, 0x00, 0x00, 0x00, 0x80, 0x3b, 0x43, 0x00, 0x00, 0x00, 
  0x73, 0x61, 0x66, 0x65, 0x62, 0x61, 0x6e, 0x64, 0x5f, 0x76, 0x32, 0x5f, 
  0x64, 0x65, 0x70, 0x6c, 0x6f, 0x79, 0x6d, 0x65, 0x6e, 0x74, 0x2f, 0x6d, 
  0x6f, 0x74, 0x69, 0x6f, 0x6e, 0x5f, 0x64, 0x65, 0x63, 0x6f, 0x64, 0x65, 
  0x72, 0x2f, 0x64, 0x65, 0x63, 0x5f, 0x67, 0x72, 0x75, 0x2f, 0x67, 0x72, 
  0x75, 0x5f, 0x63, 0x65, 0x6c, 0x6c, 0x5f, 0x32, 0x2f, 0x53, 0x69, 0x67, 
  0x6d, 0x6f, 0x69, 0x64, 0x5f, 0x31, 0x33, 0x00, 0x02, 0x00, 0x00, 0x00, 
  0x01, 0x00, 0x00, 0x00, 0x04, 0x00, 0x00, 0x00, 0xce, 0x63, 0xfe, 0xff, 
  0x00, 0x00, 0x00, 0x01, 0x18, 0x00, 0x00, 0x00, 0x20, 0x00, 0x00, 0x00, 
  0x40, 0x00, 0x00, 0x00, 0xe1, 0x01, 0x00, 0x00, 0x00, 0x00, 0x00, 0x09, 
  0x78, 0x00, 0x00, 0x00, 0x02, 0x00, 0x00, 0x00, 0xff, 0xff, 0xff, 0xff, 
  0x04, 0x00, 0x00, 0x00, 0xb4, 0x63, 0xfe, 0xff, 0x08, 0x00, 0x00, 0x00, 
  0x14, 0x00, 0x00, 0x00, 0x01, 0x00, 0x00, 0x00, 0x0d, 0x00, 0x00, 0x00, 
  0x00, 0x00, 0x00, 0x00, 0x00, 0x00, 0x00, 0x00, 0x01, 0x00, 0x00, 0x00, 
  0x38, 0x50, 0xce, 0x3c, 0x3f, 0x00, 0x00, 0x00, 0x73, 0x61, 0x66, 0x65, 
  0x62, 0x61, 0x6e, 0x64, 0x5f, 0x76, 0x32, 0x5f, 0x64, 0x65, 0x70, 0x6c, 
  0x6f, 0x79, 0x6d, 0x65, 0x6e, 0x74, 0x2f, 0x6d, 0x6f, 0x74, 0x69, 0x6f, 
  0x6e, 0x5f, 0x64, 0x65, 0x63, 0x6f, 0x64, 0x65, 0x72, 0x2f, 0x64, 0x65, 
  0x63, 0x5f, 0x67, 0x72, 0x75, 0x2f, 0x67, 0x72, 0x75, 0x5f, 0x63, 0x65, 
  0x6c, 0x6c, 0x5f, 0x32, 0x2f, 0x61, 0x64, 0x64, 0x5f, 0x32, 0x35, 0x00, 
  0x02, 0x00, 0x00, 0x00, 0x01, 0x00, 0x00, 0x00, 0x04, 0x00, 0x00, 0x00, 
  0x6e, 0x64, 0xfe, 0xff, 0x00, 0x00, 0x00, 0x01, 0x18, 0x00, 0x00, 0x00, 
  0x20, 0x00, 0x00, 0x00, 0x40, 0x00, 0x00, 0x00, 0xe0, 0x01, 0x00, 0x00, 
  0x00, 0x00, 0x00, 0x09, 0x78, 0x00, 0x00, 0x00, 0x02, 0x00, 0x00, 0x00, 
  0xff, 0xff, 0xff, 0xff, 0x04, 0x00, 0x00, 0x00, 0x54, 0x64, 0xfe, 0xff, 
  0x08, 0x00, 0x00, 0x00, 0x14, 0x00, 0x00, 0x00, 0x01, 0x00, 0x00, 0x00, 
  0x80, 0xff, 0xff, 0xff, 0xff, 0xff, 0xff, 0xff, 0x00, 0x00, 0x00, 0x00, 
  0x01, 0x00, 0x00, 0x00, 0x96, 0x7e, 0x80, 0x3b, 0x3e, 0x00, 0x00, 0x00, 
  0x73, 0x61, 0x66, 0x65, 0x62, 0x61, 0x6e, 0x64, 0x5f, 0x76, 0x32, 0x5f, 
  0x64, 0x65, 0x70, 0x6c, 0x6f, 0x79, 0x6d, 0x65, 0x6e, 0x74, 0x2f, 0x6d, 
  0x6f, 0x74, 0x69, 0x6f, 0x6e, 0x5f, 0x64, 0x65, 0x63, 0x6f, 0x64, 0x65, 
  0x72, 0x2f, 0x64, 0x65, 0x63, 0x5f, 0x67, 0x72, 0x75, 0x2f, 0x67, 0x72, 
  0x75, 0x5f, 0x63, 0x65, 0x6c, 0x6c, 0x5f, 0x32, 0x2f, 0x73, 0x75, 0x62, 
  0x5f, 0x36, 0x00, 0x00, 0x02, 0x00, 0x00, 0x00, 0x01, 0x00, 0x00, 0x00, 
  0x04, 0x00, 0x00, 0x00, 0x0e, 0x65, 0xfe, 0xff, 0x00, 0x00, 0x00, 0x01, 
  0x18, 0x00, 0x00, 0x00, 0x20, 0x00, 0x00, 0x00, 0x3c, 0x00, 0x00, 0x00, 
  0xdf, 0x01, 0x00, 0x00, 0x00, 0x00, 0x00, 0x09, 0x78, 0x00, 0x00, 0x00, 
  0x02, 0x00, 0x00, 0x00, 0xff, 0xff, 0xff, 0xff, 0x04, 0x00, 0x00, 0x00, 
  0xf4, 0x64, 0xfe, 0xff, 0x08, 0x00, 0x00, 0x00, 0x10, 0x00, 0x00, 0x00, 
  0x01, 0x00, 0x00, 0x00, 0x80, 0xff, 0xff, 0xff, 0xff, 0xff, 0xff, 0xff, 
  0x01, 0x00, 0x00, 0x00, 0x00, 0x00, 0x80, 0x3b, 0x43, 0x00, 0x00, 0x00, 
  0x73, 0x61, 0x66, 0x65, 0x62, 0x61, 0x6e, 0x64, 0x5f, 0x76, 0x32, 0x5f, 
  0x64, 0x65, 0x70, 0x6c, 0x6f, 0x79, 0x6d, 0x65, 0x6e, 0x74, 0x2f, 0x6d, 
  0x6f, 0x74, 0x69, 0x6f, 0x6e, 0x5f, 0x64, 0x65, 0x63, 0x6f, 0x64, 0x65, 
  0x72, 0x2f, 0x64, 0x65, 0x63, 0x5f, 0x67, 0x72, 0x75, 0x2f, 0x67, 0x72, 
  0x75, 0x5f, 0x63, 0x65, 0x6c, 0x6c, 0x5f, 0x32, 0x2f, 0x53, 0x69, 0x67, 
  0x6d, 0x6f, 0x69, 0x64, 0x5f, 0x31, 0x32, 0x00, 0x02, 0x00, 0x00, 0x00, 
  0x01, 0x00, 0x00, 0x00, 0x04, 0x00, 0x00, 0x00, 0xae, 0x65, 0xfe, 0xff, 
  0x00, 0x00, 0x00, 0x01, 0x18, 0x00, 0x00, 0x00, 0x20, 0x00, 0x00, 0x00, 
  0x40, 0x00, 0x00, 0x00, 0xde, 0x01, 0x00, 0x00, 0x00, 0x00, 0x00, 0x09, 
  0x78, 0x00, 0x00, 0x00, 0x02, 0x00, 0x00, 0x00, 0xff, 0xff, 0xff, 0xff, 
  0x04, 0x00, 0x00, 0x00, 0x94, 0x65, 0xfe, 0xff, 0x08, 0x00, 0x00, 0x00, 
  0x14, 0x00, 0x00, 0x00, 0x01, 0x00, 0x00, 0x00, 0x7f, 0x00, 0x00, 0x00, 
  0x00, 0x00, 0x00, 0x00, 0x00, 0x00, 0x00, 0x00, 0x01, 0x00, 0x00, 0x00, 
  0x6d, 0x9f, 0x1c, 0x3d, 0x3f, 0x00, 0x00, 0x00, 0x73, 0x61, 0x66, 0x65, 
  0x62, 0x61, 0x6e, 0x64, 0x5f, 0x76, 0x32, 0x5f, 0x64, 0x65, 0x70, 0x6c, 
  0x6f, 0x79, 0x6d, 0x65, 0x6e, 0x74, 0x2f, 0x6d, 0x6f, 0x74, 0x69, 0x6f, 
  0x6e, 0x5f, 0x64, 0x65, 0x63, 0x6f, 0x64, 0x65, 0x72, 0x2f, 0x64, 0x65, 
  0x63, 0x5f, 0x67, 0x72, 0x75, 0x2f, 0x67, 0x72, 0x75, 0x5f, 0x63, 0x65, 
  0x6c, 0x6c, 0x5f, 0x32, 0x2f, 0x61, 0x64, 0x64, 0x5f, 0x32, 0x34, 0x00, 
  0x02, 0x00, 0x00, 0x00, 0x01, 0x00, 0x00, 0x00, 0x04, 0x00, 0x00, 0x00, 
  0x4e, 0x66, 0xfe, 0xff, 0x00, 0x00, 0x00, 0x01, 0x18, 0x00, 0x00, 0x00, 
  0x20, 0x00, 0x00, 0x00, 0x3c, 0x00, 0x00, 0x00, 0xdd, 0x01, 0x00, 0x00, 
  0x00, 0x00, 0x00, 0x09, 0x00, 0x01, 0x00, 0x00, 0x02, 0x00, 0x00, 0x00, 
  0xff, 0xff, 0xff, 0xff, 0x04, 0x00, 0x00, 0x00, 0x34, 0x66, 0xfe, 0xff, 
  0x08, 0x00, 0x00, 0x00, 0x10, 0x00, 0x00, 0x00, 0x01, 0x00, 0x00, 0x00, 
  0xeb, 0xff, 0xff, 0xff, 0xff, 0xff, 0xff, 0xff, 0x01, 0x00, 0x00, 0x00, 
  0xd2, 0x99, 0xfb, 0x3c, 0xc8, 0x00, 0x00, 0x00, 0x73, 0x61, 0x66, 0x65, 
  0x62, 0x61, 0x6e, 0x64, 0x5f, 0x76, 0x32, 0x5f, 0x64, 0x65, 0x70, 0x6c, 
  0x6f, 0x79, 0x6d, 0x65, 0x6e, 0x74, 0x2f, 0x6d, 0x6f, 0x74, 0x69, 0x6f, 
  0x6e, 0x5f, 0x64, 0x65, 0x63, 0x6f, 0x64, 0x65, 0x72, 0x2f, 0x64, 0x65, 
  0x63, 0x5f, 0x67, 0x72, 0x75, 0x2f, 0x67, 0x72, 0x75, 0x5f, 0x63, 0x65, 
  0x6c, 0x6c, 0x5f, 0x32, 0x2f, 0x73, 0x70, 0x6c, 0x69, 0x74, 0x5f, 0x31, 
  0x33, 0x3b, 0x73, 0x61, 0x66, 0x65, 0x62, 0x61, 0x6e, 0x64, 0x5f, 0x76, 
  0x32, 0x5f, 0x64, 0x65, 0x70, 0x6c, 0x6f, 0x79, 0x6d, 0x65, 0x6e, 0x74, 
  0x2f, 0x6d, 0x6f, 0x74, 0x69, 0x6f, 0x6e, 0x5f, 0x64, 0x65, 0x63, 0x6f, 
  0x64, 0x65, 0x72, 0x2f, 0x64, 0x65, 0x63, 0x5f, 0x67, 0x72, 0x75, 0x2f, 
  0x67, 0x72, 0x75, 0x5f, 0x63, 0x65, 0x6c, 0x6c, 0x5f, 0x32, 0x2f, 0x73, 
  0x70, 0x6c, 0x69, 0x74, 0x5f, 0x31, 0x33, 0x31, 0x3b, 0x73, 0x61, 0x66, 
  0x65, 0x62, 0x61, 0x6e, 0x64, 0x5f, 0x76, 0x32, 0x5f, 0x64, 0x65, 0x70, 
  0x6c, 0x6f, 0x79, 0x6d, 0x65, 0x6e, 0x74, 0x2f, 0x6d, 0x6f, 0x74, 0x69, 
  0x6f, 0x6e, 0x5f, 0x64, 0x65, 0x63, 0x6f, 0x64, 0x65, 0x72, 0x2f, 0x64, 
  0x65, 0x63, 0x5f, 0x67, 0x72, 0x75, 0x2f, 0x67, 0x72, 0x75, 0x5f, 0x63, 
  0x65, 0x6c, 0x6c, 0x5f, 0x32, 0x2f, 0x73, 0x70, 0x6c, 0x69, 0x74, 0x5f, 
  0x31, 0x33, 0x32, 0x32, 0x00, 0x00, 0x00, 0x00, 0x02, 0x00, 0x00, 0x00, 
  0x01, 0x00, 0x00, 0x00, 0x04, 0x00, 0x00, 0x00, 0x76, 0x67, 0xfe, 0xff, 
  0x00, 0x00, 0x00, 0x01, 0x18, 0x00, 0x00, 0x00, 0x20, 0x00, 0x00, 0x00, 
  0x3c, 0x00, 0x00, 0x00, 0xdc, 0x01, 0x00, 0x00, 0x00, 0x00, 0x00, 0x09, 
  0x00, 0x01, 0x00, 0x00, 0x02, 0x00, 0x00, 0x00, 0xff, 0xff, 0xff, 0xff, 
  0x04, 0x00, 0x00, 0x00, 0x5c, 0x67, 0xfe, 0xff, 0x08, 0x00, 0x00, 0x00, 
  0x10, 0x00, 0x00, 0x00, 0x01, 0x00, 0x00, 0x00, 0xeb, 0xff, 0xff, 0xff, 
  0xff, 0xff, 0xff, 0xff, 0x01, 0x00, 0x00, 0x00, 0xd2, 0x99, 0xfb, 0x3c, 
  0xc8, 0x00, 0x00, 0x00, 0x73, 0x61, 0x66, 0x65, 0x62, 0x61, 0x6e, 0x64, 
  0x5f, 0x76, 0x32, 0x5f, 0x64, 0x65, 0x70, 0x6c, 0x6f, 0x79, 0x6d, 0x65, 
  0x6e, 0x74, 0x2f, 0x6d, 0x6f, 0x74, 0x69, 0x6f, 0x6e, 0x5f, 0x64, 0x65, 
  0x63, 0x6f, 0x64, 0x65, 0x72, 0x2f, 0x64, 0x65, 0x63, 0x5f, 0x67, 0x72, 
  0x75, 0x2f, 0x67, 0x72, 0x75, 0x5f, 0x63, 0x65, 0x6c, 0x6c, 0x5f, 0x32, 
  0x2f, 0x73, 0x70, 0x6c, 0x69, 0x74, 0x5f, 0x31, 0x33, 0x3b, 0x73, 0x61, 
  0x66, 0x65, 0x62, 0x61, 0x6e, 0x64, 0x5f, 0x76, 0x32, 0x5f, 0x64, 0x65, 
  0x70, 0x6c, 0x6f, 0x79, 0x6d, 0x65, 0x6e, 0x74, 0x2f, 0x6d, 0x6f, 0x74, 
  0x69, 0x6f, 0x6e, 0x5f, 0x64, 0x65, 0x63, 0x6f, 0x64, 0x65, 0x72, 0x2f, 
  0x64, 0x65, 0x63, 0x5f, 0x67, 0x72, 0x75, 0x2f, 0x67, 0x72, 0x75, 0x5f, 
  0x63, 0x65, 0x6c, 0x6c, 0x5f, 0x32, 0x2f, 0x73, 0x70, 0x6c, 0x69, 0x74, 
  0x5f, 0x31, 0x33, 0x31, 0x3b, 0x73, 0x61, 0x66, 0x65, 0x62, 0x61, 0x6e, 
  0x64, 0x5f, 0x76, 0x32, 0x5f, 0x64, 0x65, 0x70, 0x6c, 0x6f, 0x79, 0x6d, 
  0x65, 0x6e, 0x74, 0x2f, 0x6d, 0x6f, 0x74, 0x69, 0x6f, 0x6e, 0x5f, 0x64, 
  0x65, 0x63, 0x6f, 0x64, 0x65, 0x72, 0x2f, 0x64, 0x65, 0x63, 0x5f, 0x67, 
  0x72, 0x75, 0x2f, 0x67, 0x72, 0x75, 0x5f, 0x63, 0x65, 0x6c, 0x6c, 0x5f, 
  0x32, 0x2f, 0x73, 0x70, 0x6c, 0x69, 0x74, 0x5f, 0x31, 0x33, 0x32, 0x31, 
  0x00, 0x00, 0x00, 0x00, 0x02, 0x00, 0x00, 0x00, 0x01, 0x00, 0x00, 0x00, 
  0x04, 0x00, 0x00, 0x00, 0x9e, 0x68, 0xfe, 0xff, 0x00, 0x00, 0x00, 0x01, 
  0x18, 0x00, 0x00, 0x00, 0x20, 0x00, 0x00, 0x00, 0x40, 0x00, 0x00, 0x00, 
  0xdb, 0x01, 0x00, 0x00, 0x00, 0x00, 0x00, 0x09, 0x00, 0x01, 0x00, 0x00, 
  0x02, 0x00, 0x00, 0x00, 0xff, 0xff, 0xff, 0xff, 0x04, 0x00, 0x00, 0x00, 
  0x84, 0x68, 0xfe, 0xff, 0x08, 0x00, 0x00, 0x00, 0x14, 0x00, 0x00, 0x00, 
  0x01, 0x00, 0x00, 0x00, 0xeb, 0xff, 0xff, 0xff, 0xff, 0xff, 0xff, 0xff, 
  0x00, 0x00, 0x00, 0x00, 0x01, 0x00, 0x00, 0x00, 0xd2, 0x99, 0xfb, 0x3c, 
  0xc7, 0x00, 0x00, 0x00, 0x73, 0x61, 0x66, 0x65, 0x62, 0x61, 0x6e, 0x64, 
  0x5f, 0x76, 0x32, 0x5f, 0x64, 0x65, 0x70, 0x6c, 0x6f, 0x79, 0x6d, 0x65, 
  0x6e, 0x74, 0x2f, 0x6d, 0x6f, 0x74, 0x69, 0x6f, 0x6e, 0x5f, 0x64, 0x65, 
  0x63, 0x6f, 0x64, 0x65, 0x72, 0x2f, 0x64, 0x65, 0x63, 0x5f, 0x67, 0x72, 
  0x75, 0x2f, 0x67, 0x72, 0x75, 0x5f, 0x63, 0x65, 0x6c, 0x6c, 0x5f, 0x32, 
  0x2f, 0x73, 0x70, 0x6c, 0x69, 0x74, 0x5f, 0x31, 0x33, 0x3b, 0x73, 0x61, 
  0x66, 0x65, 0x62, 0x61, 0x6e, 0x64, 0x5f, 0x76, 0x32, 0x5f, 0x64, 0x65, 
  0x70, 0x6c, 0x6f, 0x79, 0x6d, 0x65, 0x6e, 0x74, 0x2f, 0x6d, 0x6f, 0x74, 
  0x69, 0x6f, 0x6e, 0x5f, 0x64, 0x65, 0x63, 0x6f, 0x64, 0x65, 0x72, 0x2f, 
  0x64, 0x65, 0x63, 0x5f, 0x67, 0x72, 0x75, 0x2f, 0x67, 0x72, 0x75, 0x5f, 
  0x63, 0x65, 0x6c, 0x6c, 0x5f, 0x32, 0x2f, 0x73, 0x70, 0x6c, 0x69, 0x74, 
  0x5f, 0x31, 0x33, 0x31, 0x3b, 0x73, 0x61, 0x66, 0x65, 0x62, 0x61, 0x6e, 
  0x64, 0x5f, 0x76, 0x32, 0x5f, 0x64, 0x65, 0x70, 0x6c, 0x6f, 0x79, 0x6d, 
  0x65, 0x6e, 0x74, 0x2f, 0x6d, 0x6f, 0x74, 0x69, 0x6f, 0x6e, 0x5f, 0x64, 
  0x65, 0x63, 0x6f, 0x64, 0x65, 0x72, 0x2f, 0x64, 0x65, 0x63, 0x5f, 0x67, 
  0x72, 0x75, 0x2f, 0x67, 0x72, 0x75, 0x5f, 0x63, 0x65, 0x6c, 0x6c, 0x5f, 
  0x32, 0x2f, 0x73, 0x70, 0x6c, 0x69, 0x74, 0x5f, 0x31, 0x33, 0x32, 0x00, 
  0x02, 0x00, 0x00, 0x00, 0x01, 0x00, 0x00, 0x00, 0x04, 0x00, 0x00, 0x00, 
  0xc6, 0x69, 0xfe, 0xff, 0x00, 0x00, 0x00, 0x01, 0x18, 0x00, 0x00, 0x00, 
  0x20, 0x00, 0x00, 0x00, 0x40, 0x00, 0x00, 0x00, 0xda, 0x01, 0x00, 0x00, 
  0x00, 0x00, 0x00, 0x09, 0xc0, 0x00, 0x00, 0x00, 0x02, 0x00, 0x00, 0x00, 
  0xff, 0xff, 0xff, 0xff, 0x0c, 0x00, 0x00, 0x00, 0xac, 0x69, 0xfe, 0xff, 
  0x08, 0x00, 0x00, 0x00, 0x14, 0x00, 0x00, 0x00, 0x01, 0x00, 0x00, 0x00, 
  0xeb, 0xff, 0xff, 0xff, 0xff, 0xff, 0xff, 0xff, 0x00, 0x00, 0x00, 0x00, 
  0x01, 0x00, 0x00, 0x00, 0xd2, 0x99, 0xfb, 0x3c, 0x86, 0x00, 0x00, 0x00, 
  0x73, 0x61, 0x66, 0x65, 0x62, 0x61, 0x6e, 0x64, 0x5f, 0x76, 0x32, 0x5f, 
  0x64, 0x65, 0x70, 0x6c, 0x6f, 0x79, 0x6d, 0x65, 0x6e, 0x74, 0x2f, 0x6d, 
  0x6f, 0x74, 0x69, 0x6f, 0x6e, 0x5f, 0x64, 0x65, 0x63, 0x6f, 0x64, 0x65, 
  0x72, 0x2f, 0x64, 0x65, 0x63, 0x5f, 0x67, 0x72, 0x75, 0x2f, 0x67, 0x72, 
  0x75, 0x5f, 0x63, 0x65, 0x6c, 0x6c, 0x5f, 0x32, 0x2f, 0x4d, 0x61, 0x74, 
  0x4d, 0x75, 0x6c, 0x5f, 0x31, 0x33, 0x3b, 0x73, 0x61, 0x66, 0x65, 0x62, 
  0x61, 0x6e, 0x64, 0x5f, 0x76, 0x32, 0x5f, 0x64, 0x65, 0x70, 0x6c, 0x6f, 
  0x79, 0x6d, 0x65, 0x6e, 0x74, 0x2f, 0x6d, 0x6f, 0x74, 0x69, 0x6f, 0x6e, 
  0x5f, 0x64, 0x65, 0x63, 0x6f, 0x64, 0x65, 0x72, 0x2f, 0x64, 0x65, 0x63, 
  0x5f, 0x67, 0x72, 0x75, 0x2f, 0x67, 0x72, 0x75, 0x5f, 0x63, 0x65, 0x6c, 
  0x6c, 0x5f, 0x32, 0x2f, 0x42, 0x69, 0x61, 0x73, 0x41, 0x64, 0x64, 0x5f, 
  0x31, 0x33, 0x00, 0x00, 0x02, 0x00, 0x00, 0x00, 0x01, 0x00, 0x00, 0x00, 
  0x0c, 0x00, 0x00, 0x00, 0xae, 0x6a, 0xfe, 0xff, 0x00, 0x00, 0x00, 0x01, 
  0x18, 0x00, 0x00, 0x00, 0x20, 0x00, 0x00, 0x00, 0x40, 0x00, 0x00, 0x00, 
  0xd9, 0x01, 0x00, 0x00, 0x00, 0x00, 0x00, 0x09, 0x78, 0x00, 0x00, 0x00, 
  0x02, 0x00, 0x00, 0x00, 0xff, 0xff, 0xff, 0xff, 0x04, 0x00, 0x00, 0x00, 
  0x94, 0x6a, 0xfe, 0xff, 0x08, 0x00, 0x00, 0x00, 0x14, 0x00, 0x00, 0x00, 
  0x01, 0x00, 0x00, 0x00, 0x00, 0x00, 0x00, 0x00, 0x00, 0x00, 0x00, 0x00, 
  0x00, 0x00, 0x00, 0x00, 0x01, 0x00, 0x00, 0x00, 0xbf, 0x69, 0x00, 0x3c, 
  0x3f, 0x00, 0x00, 0x00, 0x73, 0x61, 0x66, 0x65, 0x62, 0x61, 0x6e, 0x64, 
  0x5f, 0x76, 0x32, 0x5f, 0x64, 0x65, 0x70, 0x6c, 0x6f, 0x79, 0x6d, 0x65, 
  0x6e, 0x74, 0x2f, 0x6d, 0x6f, 0x74, 0x69, 0x6f, 0x6e, 0x5f, 0x64, 0x65, 
  0x63, 0x6f, 0x64, 0x65, 0x72, 0x2f, 0x64, 0x65, 0x63, 0x5f, 0x67, 0x72, 
  0x75, 0x2f, 0x67, 0x72, 0x75, 0x5f, 0x63, 0x65, 0x6c, 0x6c, 0x5f, 0x32, 
  0x2f, 0x61, 0x64, 0x64, 0x5f, 0x32, 0x33, 0x00, 0x02, 0x00, 0x00, 0x00, 
  0x01, 0x00, 0x00, 0x00, 0x04, 0x00, 0x00, 0x00, 0x4e, 0x6b, 0xfe, 0xff, 
  0x00, 0x00, 0x00, 0x01, 0x18, 0x00, 0x00, 0x00, 0x20, 0x00, 0x00, 0x00, 
  0x40, 0x00, 0x00, 0x00, 0xd8, 0x01, 0x00, 0x00, 0x00, 0x00, 0x00, 0x09, 
  0x78, 0x00, 0x00, 0x00, 0x02, 0x00, 0x00, 0x00, 0xff, 0xff, 0xff, 0xff, 
  0x04, 0x00, 0x00, 0x00, 0x34, 0x6b, 0xfe, 0xff, 0x08, 0x00, 0x00, 0x00, 
  0x14, 0x00, 0x00, 0x00, 0x01, 0x00, 0x00, 0x00, 0x39, 0x00, 0x00, 0x00, 
  0x00, 0x00, 0x00, 0x00, 0x00, 0x00, 0x00, 0x00, 0x01, 0x00, 0x00, 0x00, 
  0xe6, 0xf6, 0xbe, 0x3a, 0x3f, 0x00, 0x00, 0x00, 0x73, 0x61, 0x66, 0x65, 
  0x62, 0x61, 0x6e, 0x64, 0x5f, 0x76, 0x32, 0x5f, 0x64, 0x65, 0x70, 0x6c, 
  0x6f, 0x79, 0x6d, 0x65, 0x6e, 0x74, 0x2f, 0x6d, 0x6f, 0x74, 0x69, 0x6f, 
  0x6e, 0x5f, 0x64, 0x65, 0x63, 0x6f, 0x64, 0x65, 0x72, 0x2f, 0x64, 0x65, 
  0x63, 0x5f, 0x67, 0x72, 0x75, 0x2f, 0x67, 0x72, 0x75, 0x5f, 0x63, 0x65, 
  0x6c, 0x6c, 0x5f, 0x32, 0x2f, 0x6d, 0x75, 0x6c, 0x5f, 0x31, 0x36, 0x00, 
  0x02, 0x00, 0x00, 0x00, 0x01, 0x00, 0x00, 0x00, 0x04, 0x00, 0x00, 0x00, 
  0xee, 0x6b, 0xfe, 0xff, 0x00, 0x00, 0x00, 0x01, 0x18, 0x00, 0x00, 0x00, 
  0x20, 0x00, 0x00, 0x00, 0x40, 0x00, 0x00, 0x00, 0xd7, 0x01, 0x00, 0x00, 
  0x00, 0x00, 0x00, 0x09, 0x78, 0x00, 0x00, 0x00, 0x02, 0x00, 0x00, 0x00, 
  0xff, 0xff, 0xff, 0xff, 0x04, 0x00, 0x00, 0x00, 0xd4, 0x6b, 0xfe, 0xff, 
  0x08, 0x00, 0x00, 0x00, 0x14, 0x00, 0x00, 0x00, 0x01, 0x00, 0x00, 0x00, 
  0x00, 0x00, 0x00, 0x00, 0x00, 0x00, 0x00, 0x00, 0x00, 0x00, 0x00, 0x00, 
  0x01, 0x00, 0x00, 0x00, 0xe7, 0x5e, 0x00, 0x3c, 0x3f, 0x00, 0x00, 0x00, 
  0x73, 0x61, 0x66, 0x65, 0x62, 0x61, 0x6e, 0x64, 0x5f, 0x76, 0x32, 0x5f, 
  0x64, 0x65, 0x70, 0x6c, 0x6f, 0x79, 0x6d, 0x65, 0x6e, 0x74, 0x2f, 0x6d, 
  0x6f, 0x74, 0x69, 0x6f, 0x6e, 0x5f, 0x64, 0x65, 0x63, 0x6f, 0x64, 0x65, 
  0x72, 0x2f, 0x64, 0x65, 0x63, 0x5f, 0x67, 0x72, 0x75, 0x2f, 0x67, 0x72, 
  0x75, 0x5f, 0x63, 0x65, 0x6c, 0x6c, 0x5f, 0x32, 0x2f, 0x6d, 0x75, 0x6c, 
  0x5f, 0x31, 0x37, 0x00, 0x02, 0x00, 0x00, 0x00, 0x01, 0x00, 0x00, 0x00, 
  0x04, 0x00, 0x00, 0x00, 0x8e, 0x6c, 0xfe, 0xff, 0x00, 0x00, 0x00, 0x01, 
  0x18, 0x00, 0x00, 0x00, 0x20, 0x00, 0x00, 0x00, 0x40, 0x00, 0x00, 0x00, 
  0xd6, 0x01, 0x00, 0x00, 0x00, 0x00, 0x00, 0x09, 0x78, 0x00, 0x00, 0x00, 
  0x02, 0x00, 0x00, 0x00, 0xff, 0xff, 0xff, 0xff, 0x04, 0x00, 0x00, 0x00, 
  0x74, 0x6c, 0xfe, 0xff, 0x08, 0x00, 0x00, 0x00, 0x14, 0x00, 0x00, 0x00, 
  0x01, 0x00, 0x00, 0x00, 0x00, 0x00, 0x00, 0x00, 0x00, 0x00, 0x00, 0x00, 
  0x00, 0x00, 0x00, 0x00, 0x01, 0x00, 0x00, 0x00, 0x00, 0x00, 0x00, 0x3c, 
  0x3f, 0x00, 0x00, 0x00, 0x73, 0x61, 0x66, 0x65, 0x62, 0x61, 0x6e, 0x64, 
  0x5f, 0x76, 0x32, 0x5f, 0x64, 0x65, 0x70, 0x6c, 0x6f, 0x79, 0x6d, 0x65, 
  0x6e, 0x74, 0x2f, 0x6d, 0x6f, 0x74, 0x69, 0x6f, 0x6e, 0x5f, 0x64, 0x65, 
  0x63, 0x6f, 0x64, 0x65, 0x72, 0x2f, 0x64, 0x65, 0x63, 0x5f, 0x67, 0x72, 
  0x75, 0x2f, 0x67, 0x72, 0x75, 0x5f, 0x63, 0x65, 0x6c, 0x6c, 0x5f, 0x32, 
  0x2f, 0x54, 0x61, 0x6e, 0x68, 0x5f, 0x35, 0x00, 0x02, 0x00, 0x00, 0x00, 
  0x01, 0x00, 0x00, 0x00, 0x04, 0x00, 0x00, 0x00, 0x2e, 0x6d, 0xfe, 0xff, 
  0x00, 0x00, 0x00, 0x01, 0x18, 0x00, 0x00, 0x00, 0x20, 0x00, 0x00, 0x00, 
  0x40, 0x00, 0x00, 0x00, 0xd5, 0x01, 0x00, 0x00, 0x00, 0x00, 0x00, 0x09, 
  0x78, 0x00, 0x00, 0x00, 0x02, 0x00, 0x00, 0x00, 0xff, 0xff, 0xff, 0xff, 
  0x04, 0x00, 0x00, 0x00, 0x14, 0x6d, 0xfe, 0xff, 0x08, 0x00, 0x00, 0x00, 
  0x14, 0x00, 0x00, 0x00, 0x01, 0x00, 0x00, 0x00, 0x09, 0x00, 0x00, 0x00, 
  0x00, 0x00, 0x00, 0x00, 0x00, 0x00, 0x00, 0x00, 0x01, 0x00, 0x00, 0x00, 
  0xcc, 0xed, 0x02, 0x3d, 0x3f, 0x00, 0x00, 0x00, 0x73, 0x61, 0x66, 0x65, 
  0x62, 0x61, 0x6e, 0x64, 0x5f, 0x76, 0x32, 0x5f, 0x64, 0x65, 0x70, 0x6c, 
  0x6f, 0x79, 0x6d, 0x65, 0x6e, 0x74, 0x2f, 0x6d, 0x6f, 0x74, 0x69, 0x6f, 
  0x6e, 0x5f, 0x64, 0x65, 0x63, 0x6f, 0x64, 0x65, 0x72, 0x2f, 0x64, 0x65, 
  0x63, 0x5f, 0x67, 0x72, 0x75, 0x2f, 0x67, 0x72, 0x75, 0x5f, 0x63, 0x65, 
  0x6c, 0x6c, 0x5f, 0x32, 0x2f, 0x61, 0x64, 0x64, 0x5f, 0x32, 0x32, 0x00, 
  0x02, 0x00, 0x00, 0x00, 0x01, 0x00, 0x00, 0x00, 0x04, 0x00, 0x00, 0x00, 
  0xce, 0x6d, 0xfe, 0xff, 0x00, 0x00, 0x00, 0x01, 0x18, 0x00, 0x00, 0x00, 
  0x20, 0x00, 0x00, 0x00, 0x40, 0x00, 0x00, 0x00, 0xd4, 0x01, 0x00, 0x00, 
  0x00, 0x00, 0x00, 0x09, 0x78, 0x00, 0x00, 0x00, 0x02, 0x00, 0x00, 0x00, 
  0xff, 0xff, 0xff, 0xff, 0x04, 0x00, 0x00, 0x00, 0xb4, 0x6d, 0xfe, 0xff, 
  0x08, 0x00, 0x00, 0x00, 0x14, 0x00, 0x00, 0x00, 0x01, 0x00, 0x00, 0x00, 
  0xbf, 0xff, 0xff, 0xff, 0xff, 0xff, 0xff, 0xff, 0x00, 0x00, 0x00, 0x00, 
  0x01, 0x00, 0x00, 0x00, 0x05, 0x8d, 0xee, 0x3b, 0x3f, 0x00, 0x00, 0x00, 
  0x73, 0x61, 0x66, 0x65, 0x62, 0x61, 0x6e, 0x64, 0x5f, 0x76, 0x32, 0x5f, 
  0x64, 0x65, 0x70, 0x6c, 0x6f, 0x79, 0x6d, 0x65, 0x6e, 0x74, 0x2f, 0x6d, 
  0x6f, 0x74, 0x69, 0x6f, 0x6e, 0x5f, 0x64, 0x65, 0x63, 0x6f, 0x64, 0x65, 
  0x72, 0x2f, 0x64, 0x65, 0x63, 0x5f, 0x67, 0x72, 0x75, 0x2f, 0x67, 0x72, 
  0x75, 0x5f, 0x63, 0x65, 0x6c, 0x6c, 0x5f, 0x32, 0x2f, 0x6d, 0x75, 0x6c, 
  0x5f, 0x31, 0x35, 0x00, 0x02, 0x00, 0x00, 0x00, 0x01, 0x00, 0x00, 0x00, 
  0x04, 0x00, 0x00, 0x00, 0x6e, 0x6e, 0xfe, 0xff, 0x00, 0x00, 0x00, 0x01, 
  0x18, 0x00, 0x00, 0x00, 0x20, 0x00, 0x00, 0x00, 0x3c, 0x00, 0x00, 0x00, 
  0xd3, 0x01, 0x00, 0x00, 0x00, 0x00, 0x00, 0x09, 0x78, 0x00, 0x00, 0x00, 
  0x02, 0x00, 0x00, 0x00, 0xff, 0xff, 0xff, 0xff, 0x04, 0x00, 0x00, 0x00, 
  0x54, 0x6e, 0xfe, 0xff, 0x08, 0x00, 0x00, 0x00, 0x10, 0x00, 0x00, 0x00, 
  0x01, 0x00, 0x00, 0x00, 0x80, 0xff, 0xff, 0xff, 0xff, 0xff, 0xff, 0xff, 
  0x01, 0x00, 0x00, 0x00, 0x00, 0x00, 0x80, 0x3b, 0x43, 0x00, 0x00, 0x00, 
  0x73, 0x61, 0x66, 0x65, 0x62, 0x61, 0x6e, 0x64, 0x5f, 0x76, 0x32, 0x5f, 
  0x64, 0x65, 0x70, 0x6c, 0x6f, 0x79, 0x6d, 0x65, 0x6e, 0x74, 0x2f, 0x6d, 
  0x6f, 0x74, 0x69, 0x6f, 0x6e, 0x5f, 0x64, 0x65, 0x63, 0x6f, 0x64, 0x65, 
  0x72, 0x2f, 0x64, 0x65, 0x63, 0x5f, 0x67, 0x72, 0x75, 0x2f, 0x67, 0x72, 
  0x75, 0x5f, 0x63, 0x65, 0x6c, 0x6c, 0x5f, 0x32, 0x2f, 0x53, 0x69, 0x67, 
  0x6d, 0x6f, 0x69, 0x64, 0x5f, 0x31, 0x31, 0x00, 0x02, 0x00, 0x00, 0x00, 
  0x01, 0x00, 0x00, 0x00, 0x04, 0x00, 0x00, 0x00, 0x0e, 0x6f, 0xfe, 0xff, 
  0x00, 0x00, 0x00, 0x01, 0x18, 0x00, 0x00, 0x00, 0x20, 0x00, 0x00, 0x00, 
  0x40, 0x00, 0x00, 0x00, 0xd2, 0x01, 0x00, 0x00, 0x00, 0x00, 0x00, 0x09, 
  0x78, 0x00, 0x00, 0x00, 0x02, 0x00, 0x00, 0x00, 0xff, 0xff, 0xff, 0xff, 
  0x04, 0x00, 0x00, 0x00, 0xf4, 0x6e, 0xfe, 0xff, 0x08, 0x00, 0x00, 0x00, 
  0x14, 0x00, 0x00, 0x00, 0x01, 0x00, 0x00, 0x00, 0x0d, 0x00, 0x00, 0x00, 
  0x00, 0x00, 0x00, 0x00, 0x00, 0x00, 0x00, 0x00, 0x01, 0x00, 0x00, 0x00, 
  0x37, 0x50, 0xce, 0x3c, 0x3f, 0x00, 0x00, 0x00, 0x73, 0x61, 0x66, 0x65, 
  0x62, 0x61, 0x6e, 0x64, 0x5f, 0x76, 0x32, 0x5f, 0x64, 0x65, 0x70, 0x6c, 
  0x6f, 0x79, 0x6d, 0x65, 0x6e, 0x74, 0x2f, 0x6d, 0x6f, 0x74, 0x69, 0x6f, 
  0x6e, 0x5f, 0x64, 0x65, 0x63, 0x6f, 0x64, 0x65, 0x72, 0x2f, 0x64, 0x65, 
  0x63, 0x5f, 0x67, 0x72, 0x75, 0x2f, 0x67, 0x72, 0x75, 0x5f, 0x63, 0x65, 
  0x6c, 0x6c, 0x5f, 0x32, 0x2f, 0x61, 0x64, 0x64, 0x5f, 0x32, 0x31, 0x00, 
  0x02, 0x00, 0x00, 0x00, 0x01, 0x00, 0x00, 0x00, 0x04, 0x00, 0x00, 0x00, 
  0xae, 0x6f, 0xfe, 0xff, 0x00, 0x00, 0x00, 0x01, 0x18, 0x00, 0x00, 0x00, 
  0x20, 0x00, 0x00, 0x00, 0x40, 0x00, 0x00, 0x00, 0xd1, 0x01, 0x00, 0x00, 
  0x00, 0x00, 0x00, 0x09, 0x78, 0x00, 0x00, 0x00, 0x02, 0x00, 0x00, 0x00, 
  0xff, 0xff, 0xff, 0xff, 0x04, 0x00, 0x00, 0x00, 0x94, 0x6f, 0xfe, 0xff, 
  0x08, 0x00, 0x00, 0x00, 0x14, 0x00, 0x00, 0x00, 0x01, 0x00, 0x00, 0x00, 
  0x80, 0xff, 0xff, 0xff, 0xff, 0xff, 0xff, 0xff, 0x00, 0x00, 0x00, 0x00, 
  0x01, 0x00, 0x00, 0x00, 0x96, 0x7e, 0x80, 0x3b, 0x3e, 0x00, 0x00, 0x00, 
  0x73, 0x61, 0x66, 0x65, 0x62, 0x61, 0x6e, 0x64, 0x5f, 0x76, 0x32, 0x5f, 
  0x64, 0x65, 0x70, 0x6c, 0x6f, 0x79, 0x6d, 0x65, 0x6e, 0x74, 0x2f, 0x6d, 
  0x6f, 0x74, 0x69, 0x6f, 0x6e, 0x5f, 0x64, 0x65, 0x63, 0x6f, 0x64, 0x65, 
  0x72, 0x2f, 0x64, 0x65, 0x63, 0x5f, 0x67, 0x72, 0x75, 0x2f, 0x67, 0x72, 
  0x75, 0x5f, 0x63, 0x65, 0x6c, 0x6c, 0x5f, 0x32, 0x2f, 0x73, 0x75, 0x62, 
  0x5f, 0x35, 0x00, 0x00, 0x02, 0x00, 0x00, 0x00, 0x01, 0x00, 0x00, 0x00, 
  0x04, 0x00, 0x00, 0x00, 0x4e, 0x70, 0xfe, 0xff, 0x00, 0x00, 0x00, 0x01, 
  0x18, 0x00, 0x00, 0x00, 0x20, 0x00, 0x00, 0x00, 0x3c, 0x00, 0x00, 0x00, 
  0xd0, 0x01, 0x00, 0x00, 0x00, 0x00, 0x00, 0x09, 0x78, 0x00, 0x00, 0x00, 
  0x02, 0x00, 0x00, 0x00, 0xff, 0xff, 0xff, 0xff, 0x04, 0x00, 0x00, 0x00, 
  0x34, 0x70, 0xfe, 0xff, 0x08, 0x00, 0x00, 0x00, 0x10, 0x00, 0x00, 0x00, 
  0x01, 0x00, 0x00, 0x00, 0x80, 0xff, 0xff, 0xff, 0xff, 0xff, 0xff, 0xff, 
  0x01, 0x00, 0x00, 0x00, 0x00, 0x00, 0x80, 0x3b, 0x43, 0x00, 0x00, 0x00, 
  0x73, 0x61, 0x66, 0x65, 0x62, 0x61, 0x6e, 0x64, 0x5f, 0x76, 0x32, 0x5f, 
  0x64, 0x65, 0x70, 0x6c, 0x6f, 0x79, 0x6d, 0x65, 0x6e, 0x74, 0x2f, 0x6d, 
  0x6f, 0x74, 0x69, 0x6f, 0x6e, 0x5f, 0x64, 0x65, 0x63, 0x6f, 0x64, 0x65, 
  0x72, 0x2f, 0x64, 0x65, 0x63, 0x5f, 0x67, 0x72, 0x75, 0x2f, 0x67, 0x72, 
  0x75, 0x5f, 0x63, 0x65, 0x6c, 0x6c, 0x5f, 0x32, 0x2f, 0x53, 0x69, 0x67, 
  0x6d, 0x6f, 0x69, 0x64, 0x5f, 0x31, 0x30, 0x00, 0x02, 0x00, 0x00, 0x00, 
  0x01, 0x00, 0x00, 0x00, 0x04, 0x00, 0x00, 0x00, 0xee, 0x70, 0xfe, 0xff, 
  0x00, 0x00, 0x00, 0x01, 0x18, 0x00, 0x00, 0x00, 0x20, 0x00, 0x00, 0x00, 
  0x40, 0x00, 0x00, 0x00, 0xcf, 0x01, 0x00, 0x00, 0x00, 0x00, 0x00, 0x09, 
  0x78, 0x00, 0x00, 0x00, 0x02, 0x00, 0x00, 0x00, 0xff, 0xff, 0xff, 0xff, 
  0x04, 0x00, 0x00, 0x00, 0xd4, 0x70, 0xfe, 0xff, 0x08, 0x00, 0x00, 0x00, 
  0x14, 0x00, 0x00, 0x00, 0x01, 0x00, 0x00, 0x00, 0x7f, 0x00, 0x00, 0x00, 
  0x00, 0x00, 0x00, 0x00, 0x00, 0x00, 0x00, 0x00, 0x01, 0x00, 0x00, 0x00, 
  0x6d, 0x9f, 0x1c, 0x3d, 0x3f, 0x00, 0x00, 0x00, 0x73, 0x61, 0x66, 0x65, 
  0x62, 0x61, 0x6e, 0x64, 0x5f, 0x76, 0x32, 0x5f, 0x64, 0x65, 0x70, 0x6c, 
  0x6f, 0x79, 0x6d, 0x65, 0x6e, 0x74, 0x2f, 0x6d, 0x6f, 0x74, 0x69, 0x6f, 
  0x6e, 0x5f, 0x64, 0x65, 0x63, 0x6f, 0x64, 0x65, 0x72, 0x2f, 0x64, 0x65, 
  0x63, 0x5f, 0x67, 0x72, 0x75, 0x2f, 0x67, 0x72, 0x75, 0x5f, 0x63, 0x65, 
  0x6c, 0x6c, 0x5f, 0x32, 0x2f, 0x61, 0x64, 0x64, 0x5f, 0x32, 0x30, 0x00, 
  0x02, 0x00, 0x00, 0x00, 0x01, 0x00, 0x00, 0x00, 0x04, 0x00, 0x00, 0x00, 
  0x8e, 0x71, 0xfe, 0xff, 0x00, 0x00, 0x00, 0x01, 0x18, 0x00, 0x00, 0x00, 
  0x20, 0x00, 0x00, 0x00, 0x3c, 0x00, 0x00, 0x00, 0xce, 0x01, 0x00, 0x00, 
  0x00, 0x00, 0x00, 0x09, 0x00, 0x01, 0x00, 0x00, 0x02, 0x00, 0x00, 0x00, 
  0xff, 0xff, 0xff, 0xff, 0x04, 0x00, 0x00, 0x00, 0x74, 0x71, 0xfe, 0xff, 
  0x08, 0x00, 0x00, 0x00, 0x10, 0x00, 0x00, 0x00, 0x01, 0x00, 0x00, 0x00, 
  0xeb, 0xff, 0xff, 0xff, 0xff, 0xff, 0xff, 0xff, 0x01, 0x00, 0x00, 0x00, 
  0xc7, 0x90, 0xfb, 0x3c, 0xc9, 0x00, 0x00, 0x00, 0x73, 0x61, 0x66, 0x65, 
  0x62, 0x61, 0x6e, 0x64, 0x5f, 0x76, 0x32, 0x5f, 0x64, 0x65, 0x70, 0x6c, 
  0x6f, 0x79, 0x6d, 0x65, 0x6e, 0x74, 0x2f, 0x6d, 0x6f, 0x74, 0x69, 0x6f, 
  0x6e, 0x5f, 0x64, 0x65, 0x63, 0x6f, 0x64, 0x65, 0x72, 0x2f, 0x64, 0x65, 
  0x63, 0x5f, 0x67, 0x72, 0x75, 0x2f, 0x67, 0x72, 0x75, 0x5f, 0x63, 0x65, 
  0x6c, 0x6c, 0x5f, 0x32, 0x2f, 0x73, 0x70, 0x6c, 0x69, 0x74, 0x5f, 0x31, 
  0x31, 0x31, 0x3b, 0x73, 0x61, 0x66, 0x65, 0x62, 0x61, 0x6e, 0x64, 0x5f, 
  0x76, 0x32, 0x5f, 0x64, 0x65, 0x70, 0x6c, 0x6f, 0x79, 0x6d, 0x65, 0x6e, 
  0x74, 0x2f, 0x6d, 0x6f, 0x74, 0x69, 0x6f, 0x6e, 0x5f, 0x64, 0x65, 0x63, 
  0x6f, 0x64, 0x65, 0x72, 0x2f, 0x64, 0x65, 0x63, 0x5f, 0x67, 0x72, 0x75, 
  0x2f, 0x67, 0x72, 0x75, 0x5f, 0x63, 0x65, 0x6c, 0x6c, 0x5f, 0x32, 0x2f, 
  0x73, 0x70, 0x6c, 0x69, 0x74, 0x5f, 0x31, 0x31, 0x32, 0x3b, 0x73, 0x61, 
  0x66, 0x65, 0x62, 0x61, 0x6e, 0x64, 0x5f, 0x76, 0x32, 0x5f, 0x64, 0x65, 
  0x70, 0x6c, 0x6f, 0x79, 0x6d, 0x65, 0x6e, 0x74, 0x2f, 0x6d, 0x6f, 0x74, 
  0x69, 0x6f, 0x6e, 0x5f, 0x64, 0x65, 0x63, 0x6f, 0x64, 0x65, 0x72, 0x2f, 
  0x64, 0x65, 0x63, 0x5f, 0x67, 0x72, 0x75, 0x2f, 0x67, 0x72, 0x75, 0x5f, 
  0x63, 0x65, 0x6c, 0x6c, 0x5f, 0x32, 0x2f, 0x73, 0x70, 0x6c, 0x69, 0x74, 
  0x5f, 0x31, 0x31, 0x33, 0x32, 0x00, 0x00, 0x00, 0x02, 0x00, 0x00, 0x00, 
  0x01, 0x00, 0x00, 0x00, 0x04, 0x00, 0x00, 0x00, 0xb6, 0x72, 0xfe, 0xff, 
  0x00, 0x00, 0x00, 0x01, 0x18, 0x00, 0x00, 0x00, 0x20, 0x00, 0x00, 0x00, 
  0x3c, 0x00, 0x00, 0x00, 0xcd, 0x01, 0x00, 0x00, 0x00, 0x00, 0x00, 0x09, 
  0x00, 0x01, 0x00, 0x00, 0x02, 0x00, 0x00, 0x00, 0xff, 0xff, 0xff, 0xff, 
  0x04, 0x00, 0x00, 0x00, 0x9c, 0x72, 0xfe, 0xff, 0x08, 0x00, 0x00, 0x00, 
  0x10, 0x00, 0x00, 0x00, 0x01, 0x00, 0x00, 0x00, 0xeb, 0xff, 0xff, 0xff, 
  0xff, 0xff, 0xff, 0xff, 0x01, 0x00, 0x00, 0x00, 0xc7, 0x90, 0xfb, 0x3c, 
  0xc9, 0x00, 0x00, 0x00, 0x73, 0x61, 0x66, 0x65, 0x62, 0x61, 0x6e, 0x64, 
  0x5f, 0x76, 0x32, 0x5f, 0x64, 0x65, 0x70, 0x6c, 0x6f, 0x79, 0x6d, 0x65, 
  0x6e, 0x74, 0x2f, 0x6d, 0x6f, 0x74, 0x69, 0x6f, 0x6e, 0x5f, 0x64, 0x65, 
  0x63, 0x6f, 0x64, 0x65, 0x72, 0x2f, 0x64, 0x65, 0x63, 0x5f, 0x67, 0x72, 
  0x75, 0x2f, 0x67, 0x72, 0x75, 0x5f, 0x63, 0x65, 0x6c, 0x6c, 0x5f, 0x32, 
  0x2f, 0x73, 0x70, 0x6c, 0x69, 0x74, 0x5f, 0x31, 0x31, 0x31, 0x3b, 0x73, 
  0x61, 0x66, 0x65, 0x62, 0x61, 0x6e, 0x64, 0x5f, 0x76, 0x32, 0x5f, 0x64, 
  0x65, 0x70, 0x6c, 0x6f, 0x79, 0x6d, 0x65, 0x6e, 0x74, 0x2f, 0x6d, 0x6f, 
  0x74, 0x69, 0x6f, 0x6e, 0x5f, 0x64, 0x65, 0x63, 0x6f, 0x64, 0x65, 0x72, 
  0x2f, 0x64, 0x65, 0x63, 0x5f, 0x67, 0x72, 0x75, 0x2f, 0x67, 0x72, 0x75, 
  0x5f, 0x63, 0x65, 0x6c, 0x6c, 0x5f, 0x32, 0x2f, 0x73, 0x70, 0x6c, 0x69, 
  0x74, 0x5f, 0x31, 0x31, 0x32, 0x3b, 0x73, 0x61, 0x66, 0x65, 0x62, 0x61, 
  0x6e, 0x64, 0x5f, 0x76, 0x32, 0x5f, 0x64, 0x65, 0x70, 0x6c, 0x6f, 0x79, 
  0x6d, 0x65, 0x6e, 0x74, 0x2f, 0x6d, 0x6f, 0x74, 0x69, 0x6f, 0x6e, 0x5f, 
  0x64, 0x65, 0x63, 0x6f, 0x64, 0x65, 0x72, 0x2f, 0x64, 0x65, 0x63, 0x5f, 
  0x67, 0x72, 0x75, 0x2f, 0x67, 0x72, 0x75, 0x5f, 0x63, 0x65, 0x6c, 0x6c, 
  0x5f, 0x32, 0x2f, 0x73, 0x70, 0x6c, 0x69, 0x74, 0x5f, 0x31, 0x31, 0x33, 
  0x31, 0x00, 0x00, 0x00, 0x02, 0x00, 0x00, 0x00, 0x01, 0x00, 0x00, 0x00, 
  0x04, 0x00, 0x00, 0x00, 0xde, 0x73, 0xfe, 0xff, 0x00, 0x00, 0x00, 0x01, 
  0x18, 0x00, 0x00, 0x00, 0x20, 0x00, 0x00, 0x00, 0x3c, 0x00, 0x00, 0x00, 
  0xcc, 0x01, 0x00, 0x00, 0x00, 0x00, 0x00, 0x09, 0x00, 0x01, 0x00, 0x00, 
  0x02, 0x00, 0x00, 0x00, 0xff, 0xff, 0xff, 0xff, 0x04, 0x00, 0x00, 0x00, 
  0xc4, 0x73, 0xfe, 0xff, 0x08, 0x00, 0x00, 0x00, 0x10, 0x00, 0x00, 0x00, 
  0x01, 0x00, 0x00, 0x00, 0xeb, 0xff, 0xff, 0xff, 0xff, 0xff, 0xff, 0xff, 
  0x01, 0x00, 0x00, 0x00, 0xc7, 0x90, 0xfb, 0x3c, 0xc8, 0x00, 0x00, 0x00, 
  0x73, 0x61, 0x66, 0x65, 0x62, 0x61, 0x6e, 0x64, 0x5f, 0x76, 0x32, 0x5f, 
  0x64, 0x65, 0x70, 0x6c, 0x6f, 0x79, 0x6d, 0x65, 0x6e, 0x74, 0x2f, 0x6d, 
  0x6f, 0x74, 0x69, 0x6f, 0x6e, 0x5f, 0x64, 0x65, 0x63, 0x6f, 0x64, 0x65, 
  0x72, 0x2f, 0x64, 0x65, 0x63, 0x5f, 0x67, 0x72, 0x75, 0x2f, 0x67, 0x72, 
  0x75, 0x5f, 0x63, 0x65, 0x6c, 0x6c, 0x5f, 0x32, 0x2f, 0x73, 0x70, 0x6c, 
  0x69, 0x74, 0x5f, 0x31, 0x31, 0x31, 0x3b, 0x73, 0x61, 0x66, 0x65, 0x62, 
  0x61, 0x6e, 0x64, 0x5f, 0x76, 0x32, 0x5f, 0x64, 0x65, 0x70, 0x6c, 0x6f, 
  0x79, 0x6d, 0x65, 0x6e, 0x74, 0x2f, 0x6d, 0x6f, 0x74, 0x69, 0x6f, 0x6e, 
  0x5f, 0x64, 0x65, 0x63, 0x6f, 0x64, 0x65, 0x72, 0x2f, 0x64, 0x65, 0x63, 
  0x5f, 0x67, 0x72, 0x75, 0x2f, 0x67, 0x72, 0x75, 0x5f, 0x63, 0x65, 0x6c, 
  0x6c, 0x5f, 0x32, 0x2f, 0x73, 0x70, 0x6c, 0x69, 0x74, 0x5f, 0x31, 0x31, 
  0x32, 0x3b, 0x73, 0x61, 0x66, 0x65, 0x62, 0x61, 0x6e, 0x64, 0x5f, 0x76, 
  0x32, 0x5f, 0x64, 0x65, 0x70, 0x6c, 0x6f, 0x79, 0x6d, 0x65, 0x6e, 0x74, 
  0x2f, 0x6d, 0x6f, 0x74, 0x69, 0x6f, 0x6e, 0x5f, 0x64, 0x65, 0x63, 0x6f, 
  0x64, 0x65, 0x72, 0x2f, 0x64, 0x65, 0x63, 0x5f, 0x67, 0x72, 0x75, 0x2f, 
  0x67, 0x72, 0x75, 0x5f, 0x63, 0x65, 0x6c, 0x6c, 0x5f, 0x32, 0x2f, 0x73, 
  0x70, 0x6c, 0x69, 0x74, 0x5f, 0x31, 0x31, 0x33, 0x00, 0x00, 0x00, 0x00, 
  0x02, 0x00, 0x00, 0x00, 0x01, 0x00, 0x00, 0x00, 0x04, 0x00, 0x00, 0x00, 
  0x06, 0x75, 0xfe, 0xff, 0x00, 0x00, 0x00, 0x01, 0x18, 0x00, 0x00, 0x00, 
  0x20, 0x00, 0x00, 0x00, 0x40, 0x00, 0x00, 0x00, 0xcb, 0x01, 0x00, 0x00, 
  0x00, 0x00, 0x00, 0x09, 0xc0, 0x00, 0x00, 0x00, 0x02, 0x00, 0x00, 0x00, 
  0xff, 0xff, 0xff, 0xff, 0x0c, 0x00, 0x00, 0x00, 0xec, 0x74, 0xfe, 0xff, 
  0x08, 0x00, 0x00, 0x00, 0x14, 0x00, 0x00, 0x00, 0x01, 0x00, 0x00, 0x00, 
  0xeb, 0xff, 0xff, 0xff, 0xff, 0xff, 0xff, 0xff, 0x00, 0x00, 0x00, 0x00, 
  0x01, 0x00, 0x00, 0x00, 0xc7, 0x90, 0xfb, 0x3c, 0x86, 0x00, 0x00, 0x00, 
  0x73, 0x61, 0x66, 0x65, 0x62, 0x61, 0x6e, 0x64, 0x5f, 0x76, 0x32, 0x5f, 
  0x64, 0x65, 0x70, 0x6c, 0x6f, 0x79, 0x6d, 0x65, 0x6e, 0x74, 0x2f, 0x6d, 
  0x6f, 0x74, 0x69, 0x6f, 0x6e, 0x5f, 0x64, 0x65, 0x63, 0x6f, 0x64, 0x65, 
  0x72, 0x2f, 0x64, 0x65, 0x63, 0x5f, 0x67, 0x72, 0x75, 0x2f, 0x67, 0x72, 
  0x75, 0x5f, 0x63, 0x65, 0x6c, 0x6c, 0x5f, 0x32, 0x2f, 0x4d, 0x61, 0x74, 
  0x4d, 0x75, 0x6c, 0x5f, 0x31, 0x31, 0x3b, 0x73, 0x61, 0x66, 0x65, 0x62, 
  0x61, 0x6e, 0x64, 0x5f, 0x76, 0x32, 0x5f, 0x64, 0x65, 0x70, 0x6c, 0x6f, 
  0x79, 0x6d, 0x65, 0x6e, 0x74, 0x2f, 0x6d, 0x6f, 0x74, 0x69, 0x6f, 0x6e, 
  0x5f, 0x64, 0x65, 0x63, 0x6f, 0x64, 0x65, 0x72, 0x2f, 0x64, 0x65, 0x63, 
  0x5f, 0x67, 0x72, 0x75, 0x2f, 0x67, 0x72, 0x75, 0x5f, 0x63, 0x65, 0x6c, 
  0x6c, 0x5f, 0x32, 0x2f, 0x42, 0x69, 0x61, 0x73, 0x41, 0x64, 0x64, 0x5f, 
  0x31, 0x31, 0x00, 0x00, 0x02, 0x00, 0x00, 0x00, 0x01, 0x00, 0x00, 0x00, 
  0x0c, 0x00, 0x00, 0x00, 0xee, 0x75, 0xfe, 0xff, 0x00, 0x00, 0x00, 0x01, 
  0x18, 0x00, 0x00, 0x00, 0x20, 0x00, 0x00, 0x00, 0x40, 0x00, 0x00, 0x00, 
  0xca, 0x01, 0x00, 0x00, 0x00, 0x00, 0x00, 0x09, 0x78, 0x00, 0x00, 0x00, 
  0x02, 0x00, 0x00, 0x00, 0xff, 0xff, 0xff, 0xff, 0x04, 0x00, 0x00, 0x00, 
  0xd4, 0x75, 0xfe, 0xff, 0x08, 0x00, 0x00, 0x00, 0x14, 0x00, 0x00, 0x00, 
  0x01, 0x00, 0x00, 0x00, 0x00, 0x00, 0x00, 0x00, 0x00, 0x00, 0x00, 0x00, 
  0x00, 0x00, 0x00, 0x00, 0x01, 0x00, 0x00, 0x00, 0xbf, 0x69, 0x00, 0x3c, 
  0x3f, 0x00, 0x00, 0x00, 0x73, 0x61, 0x66, 0x65, 0x62, 0x61, 0x6e, 0x64, 
  0x5f, 0x76, 0x32, 0x5f, 0x64, 0x65, 0x70, 0x6c, 0x6f, 0x79, 0x6d, 0x65, 
  0x6e, 0x74, 0x2f, 0x6d, 0x6f, 0x74, 0x69, 0x6f, 0x6e, 0x5f, 0x64, 0x65, 
  0x63, 0x6f, 0x64, 0x65, 0x72, 0x2f, 0x64, 0x65, 0x63, 0x5f, 0x67, 0x72, 
  0x75, 0x2f, 0x67, 0x72, 0x75, 0x5f, 0x63, 0x65, 0x6c, 0x6c, 0x5f, 0x32, 
  0x2f, 0x61, 0x64, 0x64, 0x5f, 0x31, 0x39, 0x00, 0x02, 0x00, 0x00, 0x00, 
  0x01, 0x00, 0x00, 0x00, 0x04, 0x00, 0x00, 0x00, 0x8e, 0x76, 0xfe, 0xff, 
  0x00, 0x00, 0x00, 0x01, 0x18, 0x00, 0x00, 0x00, 0x20, 0x00, 0x00, 0x00, 
  0x40, 0x00, 0x00, 0x00, 0xc9, 0x01, 0x00, 0x00, 0x00, 0x00, 0x00, 0x09, 
  0x78, 0x00, 0x00, 0x00, 0x02, 0x00, 0x00, 0x00, 0xff, 0xff, 0xff, 0xff, 
  0x04, 0x00, 0x00, 0x00, 0x74, 0x76, 0xfe, 0xff, 0x08, 0x00, 0x00, 0x00, 
  0x14, 0x00, 0x00, 0x00, 0x01, 0x00, 0x00, 0x00, 0x00, 0x00, 0x00, 0x00, 
  0x00, 0x00, 0x00, 0x00, 0x00, 0x00, 0x00, 0x00, 0x01, 0x00, 0x00, 0x00, 
  0xe6, 0x5e, 0x00, 0x3c, 0x3f, 0x00, 0x00, 0x00, 0x73, 0x61, 0x66, 0x65, 
  0x62, 0x61, 0x6e, 0x64, 0x5f, 0x76, 0x32, 0x5f, 0x64, 0x65, 0x70, 0x6c, 
  0x6f, 0x79, 0x6d, 0x65, 0x6e, 0x74, 0x2f, 0x6d, 0x6f, 0x74, 0x69, 0x6f, 
  0x6e, 0x5f, 0x64, 0x65, 0x63, 0x6f, 0x64, 0x65, 0x72, 0x2f, 0x64, 0x65, 
  0x63, 0x5f, 0x67, 0x72, 0x75, 0x2f, 0x67, 0x72, 0x75, 0x5f, 0x63, 0x65, 
  0x6c, 0x6c, 0x5f, 0x32, 0x2f, 0x6d, 0x75, 0x6c, 0x5f, 0x31, 0x34, 0x00, 
  0x02, 0x00, 0x00, 0x00, 0x01, 0x00, 0x00, 0x00, 0x04, 0x00, 0x00, 0x00, 
  0x2e, 0x77, 0xfe, 0xff, 0x00, 0x00, 0x00, 0x01, 0x18, 0x00, 0x00, 0x00, 
  0x20, 0x00, 0x00, 0x00, 0x40, 0x00, 0x00, 0x00, 0xc8, 0x01, 0x00, 0x00, 
  0x00, 0x00, 0x00, 0x09, 0x78, 0x00, 0x00, 0x00, 0x02, 0x00, 0x00, 0x00, 
  0xff, 0xff, 0xff, 0xff, 0x04, 0x00, 0x00, 0x00, 0x14, 0x77, 0xfe, 0xff, 
  0x08, 0x00, 0x00, 0x00, 0x14, 0x00, 0x00, 0x00, 0x01, 0x00, 0x00, 0x00, 
  0x00, 0x00, 0x00, 0x00, 0x00, 0x00, 0x00, 0x00, 0x00, 0x00, 0x00, 0x00, 
  0x01, 0x00, 0x00, 0x00, 0x00, 0x00, 0x00, 0x3c, 0x3f, 0x00, 0x00, 0x00, 
  0x73, 0x61, 0x66, 0x65, 0x62, 0x61, 0x6e, 0x64, 0x5f, 0x76, 0x32, 0x5f, 
  0x64, 0x65, 0x70, 0x6c, 0x6f, 0x79, 0x6d, 0x65, 0x6e, 0x74, 0x2f, 0x6d, 
  0x6f, 0x74, 0x69, 0x6f, 0x6e, 0x5f, 0x64, 0x65, 0x63, 0x6f, 0x64, 0x65, 
  0x72, 0x2f, 0x64, 0x65, 0x63, 0x5f, 0x67, 0x72, 0x75, 0x2f, 0x67, 0x72, 
  0x75, 0x5f, 0x63, 0x65, 0x6c, 0x6c, 0x5f, 0x32, 0x2f, 0x54, 0x61, 0x6e, 
  0x68, 0x5f, 0x34, 0x00, 0x02, 0x00, 0x00, 0x00, 0x01, 0x00, 0x00, 0x00, 
  0x04, 0x00, 0x00, 0x00, 0xce, 0x77, 0xfe, 0xff, 0x00, 0x00, 0x00, 0x01, 
  0x18, 0x00, 0x00, 0x00, 0x20, 0x00, 0x00, 0x00, 0x40, 0x00, 0x00, 0x00, 
  0xc7, 0x01, 0x00, 0x00, 0x00, 0x00, 0x00, 0x09, 0x78, 0x00, 0x00, 0x00, 
  0x02, 0x00, 0x00, 0x00, 0xff, 0xff, 0xff, 0xff, 0x04, 0x00, 0x00, 0x00, 
  0xb4, 0x77, 0xfe, 0xff, 0x08, 0x00, 0x00, 0x00, 0x14, 0x00, 0x00, 0x00, 
  0x01, 0x00, 0x00, 0x00, 0x09, 0x00, 0x00, 0x00, 0x00, 0x00, 0x00, 0x00, 
  0x00, 0x00, 0x00, 0x00, 0x01, 0x00, 0x00, 0x00, 0xcc, 0xed, 0x02, 0x3d, 
  0x3f, 0x00, 0x00, 0x00, 0x73, 0x61, 0x66, 0x65, 0x62, 0x61, 0x6e, 0x64, 
  0x5f, 0x76, 0x32, 0x5f, 0x64, 0x65, 0x70, 0x6c, 0x6f, 0x79, 0x6d, 0x65, 
  0x6e, 0x74, 0x2f, 0x6d, 0x6f, 0x74, 0x69, 0x6f, 0x6e, 0x5f, 0x64, 0x65, 
  0x63, 0x6f, 0x64, 0x65, 0x72, 0x2f, 0x64, 0x65, 0x63, 0x5f, 0x67, 0x72, 
  0x75, 0x2f, 0x67, 0x72, 0x75, 0x5f, 0x63, 0x65, 0x6c, 0x6c, 0x5f, 0x32, 
  0x2f, 0x61, 0x64, 0x64, 0x5f, 0x31, 0x38, 0x00, 0x02, 0x00, 0x00, 0x00, 
  0x01, 0x00, 0x00, 0x00, 0x04, 0x00, 0x00, 0x00, 0x6e, 0x78, 0xfe, 0xff, 
  0x00, 0x00, 0x00, 0x01, 0x18, 0x00, 0x00, 0x00, 0x20, 0x00, 0x00, 0x00, 
  0x40, 0x00, 0x00, 0x00, 0xc6, 0x01, 0x00, 0x00, 0x00, 0x00, 0x00, 0x09, 
  0x78, 0x00, 0x00, 0x00, 0x02, 0x00, 0x00, 0x00, 0xff, 0xff, 0xff, 0xff, 
  0x04, 0x00, 0x00, 0x00, 0x54, 0x78, 0xfe, 0xff, 0x08, 0x00, 0x00, 0x00, 
  0x14, 0x00, 0x00, 0x00, 0x01, 0x00, 0x00, 0x00, 0xbf, 0xff, 0xff, 0xff, 
  0xff, 0xff, 0xff, 0xff, 0x00, 0x00, 0x00, 0x00, 0x01, 0x00, 0x00, 0x00, 
  0x75, 0x32, 0xee, 0x3b, 0x3f, 0x00, 0x00, 0x00, 0x73, 0x61, 0x66, 0x65, 
  0x62, 0x61, 0x6e, 0x64, 0x5f, 0x76, 0x32, 0x5f, 0x64, 0x65, 0x70, 0x6c, 
  0x6f, 0x79, 0x6d, 0x65, 0x6e, 0x74, 0x2f, 0x6d, 0x6f, 0x74, 0x69, 0x6f, 
  0x6e, 0x5f, 0x64, 0x65, 0x63, 0x6f, 0x64, 0x65, 0x72, 0x2f, 0x64, 0x65, 
  0x63, 0x5f, 0x67, 0x72, 0x75, 0x2f, 0x67, 0x72, 0x75, 0x5f, 0x63, 0x65, 
  0x6c, 0x6c, 0x5f, 0x32, 0x2f, 0x6d, 0x75, 0x6c, 0x5f, 0x31, 0x32, 0x00, 
  0x02, 0x00, 0x00, 0x00, 0x01, 0x00, 0x00, 0x00, 0x04, 0x00, 0x00, 0x00, 
  0x0e, 0x79, 0xfe, 0xff, 0x00, 0x00, 0x00, 0x01, 0x18, 0x00, 0x00, 0x00, 
  0x20, 0x00, 0x00, 0x00, 0x3c, 0x00, 0x00, 0x00, 0xc5, 0x01, 0x00, 0x00, 
  0x00, 0x00, 0x00, 0x09, 0x78, 0x00, 0x00, 0x00, 0x02, 0x00, 0x00, 0x00, 
  0xff, 0xff, 0xff, 0xff, 0x04, 0x00, 0x00, 0x00, 0xf4, 0x78, 0xfe, 0xff, 
  0x08, 0x00, 0x00, 0x00, 0x10, 0x00, 0x00, 0x00, 0x01, 0x00, 0x00, 0x00, 
  0x80, 0xff, 0xff, 0xff, 0xff, 0xff, 0xff, 0xff, 0x01, 0x00, 0x00, 0x00, 
  0x00, 0x00, 0x80, 0x3b, 0x42, 0x00, 0x00, 0x00, 0x73, 0x61, 0x66, 0x65, 
  0x62, 0x61, 0x6e, 0x64, 0x5f, 0x76, 0x32, 0x5f, 0x64, 0x65, 0x70, 0x6c, 
  0x6f, 0x79, 0x6d, 0x65, 0x6e, 0x74, 0x2f, 0x6d, 0x6f, 0x74, 0x69, 0x6f, 
  0x6e, 0x5f, 0x64, 0x65, 0x63, 0x6f, 0x64, 0x65, 0x72, 0x2f, 0x64, 0x65, 
  0x63, 0x5f, 0x67, 0x72, 0x75, 0x2f, 0x67, 0x72, 0x75, 0x5f, 0x63, 0x65, 
  0x6c, 0x6c, 0x5f, 0x32, 0x2f, 0x53, 0x69, 0x67, 0x6d, 0x6f, 0x69, 0x64, 
  0x5f, 0x39, 0x00, 0x00, 0x02, 0x00, 0x00, 0x00, 0x01, 0x00, 0x00, 0x00, 
  0x04, 0x00, 0x00, 0x00, 0xae, 0x79, 0xfe, 0xff, 0x00, 0x00, 0x00, 0x01, 
  0x18, 0x00, 0x00, 0x00, 0x20, 0x00, 0x00, 0x00, 0x40, 0x00, 0x00, 0x00, 
  0xc4, 0x01, 0x00, 0x00, 0x00, 0x00, 0x00, 0x09, 0x78, 0x00, 0x00, 0x00, 
  0x02, 0x00, 0x00, 0x00, 0xff, 0xff, 0xff, 0xff, 0x04, 0x00, 0x00, 0x00, 
  0x94, 0x79, 0xfe, 0xff, 0x08, 0x00, 0x00, 0x00, 0x14, 0x00, 0x00, 0x00, 
  0x01, 0x00, 0x00, 0x00, 0x0d, 0x00, 0x00, 0x00, 0x00, 0x00, 0x00, 0x00, 
  0x00, 0x00, 0x00, 0x00, 0x01, 0x00, 0x00, 0x00, 0x2f, 0x50, 0xce, 0x3c, 
  0x3f, 0x00, 0x00, 0x00, 0x73, 0x61, 0x66, 0x65, 0x62, 0x61, 0x6e, 0x64, 
  0x5f, 0x76, 0x32, 0x5f, 0x64, 0x65, 0x70, 0x6c, 0x6f, 0x79, 0x6d, 0x65, 
  0x6e, 0x74, 0x2f, 0x6d, 0x6f, 0x74, 0x69, 0x6f, 0x6e, 0x5f, 0x64, 0x65, 
  0x63, 0x6f, 0x64, 0x65, 0x72, 0x2f, 0x64, 0x65, 0x63, 0x5f, 0x67, 0x72, 
  0x75, 0x2f, 0x67, 0x72, 0x75, 0x5f, 0x63, 0x65, 0x6c, 0x6c, 0x5f, 0x32, 
  0x2f, 0x61, 0x64, 0x64, 0x5f, 0x31, 0x37, 0x00, 0x02, 0x00, 0x00, 0x00, 
  0x01, 0x00, 0x00, 0x00, 0x04, 0x00, 0x00, 0x00, 0x4e, 0x7a, 0xfe, 0xff, 
  0x00, 0x00, 0x00, 0x01, 0x18, 0x00, 0x00, 0x00, 0x20, 0x00, 0x00, 0x00, 
  0x40, 0x00, 0x00, 0x00, 0xc3, 0x01, 0x00, 0x00, 0x00, 0x00, 0x00, 0x09, 
  0x78, 0x00, 0x00, 0x00, 0x02, 0x00, 0x00, 0x00, 0xff, 0xff, 0xff, 0xff, 
  0x04, 0x00, 0x00, 0x00, 0x34, 0x7a, 0xfe, 0xff, 0x08, 0x00, 0x00, 0x00, 
  0x14, 0x00, 0x00, 0x00, 0x01, 0x00, 0x00, 0x00, 0x80, 0xff, 0xff, 0xff, 
  0xff, 0xff, 0xff, 0xff, 0x00, 0x00, 0x00, 0x00, 0x01, 0x00, 0x00, 0x00, 
  0x96, 0x7e, 0x80, 0x3b, 0x3e, 0x00, 0x00, 0x00, 0x73, 0x61, 0x66, 0x65, 
  0x62, 0x61, 0x6e, 0x64, 0x5f, 0x76, 0x32, 0x5f, 0x64, 0x65, 0x70, 0x6c, 
  0x6f, 0x79, 0x6d, 0x65, 0x6e, 0x74, 0x2f, 0x6d, 0x6f, 0x74, 0x69, 0x6f, 
  0x6e, 0x5f, 0x64, 0x65, 0x63, 0x6f, 0x64, 0x65, 0x72, 0x2f, 0x64, 0x65, 
  0x63, 0x5f, 0x67, 0x72, 0x75, 0x2f, 0x67, 0x72, 0x75, 0x5f, 0x63, 0x65, 
  0x6c, 0x6c, 0x5f, 0x32, 0x2f, 0x73, 0x75, 0x62, 0x5f, 0x34, 0x00, 0x00, 
  0x02, 0x00, 0x00, 0x00, 0x01, 0x00, 0x00, 0x00, 0x04, 0x00, 0x00, 0x00, 
  0xee, 0x7a, 0xfe, 0xff, 0x00, 0x00, 0x00, 0x01, 0x18, 0x00, 0x00, 0x00, 
  0x20, 0x00, 0x00, 0x00, 0x40, 0x00, 0x00, 0x00, 0xc2, 0x01, 0x00, 0x00, 
  0x00, 0x00, 0x00, 0x09, 0x78, 0x00, 0x00, 0x00, 0x02, 0x00, 0x00, 0x00, 
  0xff, 0xff, 0xff, 0xff, 0x04, 0x00, 0x00, 0x00, 0xd4, 0x7a, 0xfe, 0xff, 
  0x08, 0x00, 0x00, 0x00, 0x14, 0x00, 0x00, 0x00, 0x01, 0x00, 0x00, 0x00, 
  0x39, 0x00, 0x00, 0x00, 0x00, 0x00, 0x00, 0x00, 0x00, 0x00, 0x00, 0x00, 
  0x01, 0x00, 0x00, 0x00, 0x47, 0x7b, 0xbe, 0x3a, 0x3f, 0x00, 0x00, 0x00, 
  0x73, 0x61, 0x66, 0x65, 0x62, 0x61, 0x6e, 0x64, 0x5f, 0x76, 0x32, 0x5f, 
  0x64, 0x65, 0x70, 0x6c, 0x6f, 0x79, 0x6d, 0x65, 0x6e, 0x74, 0x2f, 0x6d, 
  0x6f, 0x74, 0x69, 0x6f, 0x6e, 0x5f, 0x64, 0x65, 0x63, 0x6f, 0x64, 0x65, 
  0x72, 0x2f, 0x64, 0x65, 0x63, 0x5f, 0x67, 0x72, 0x75, 0x2f, 0x67, 0x72, 
  0x75, 0x5f, 0x63, 0x65, 0x6c, 0x6c, 0x5f, 0x32, 0x2f, 0x6d, 0x75, 0x6c, 
  0x5f, 0x31, 0x33, 0x00, 0x02, 0x00, 0x00, 0x00, 0x01, 0x00, 0x00, 0x00, 
  0x04, 0x00, 0x00, 0x00, 0x8e, 0x7b, 0xfe, 0xff, 0x00, 0x00, 0x00, 0x01, 
  0x18, 0x00, 0x00, 0x00, 0x20, 0x00, 0x00, 0x00, 0x3c, 0x00, 0x00, 0x00, 
  0xc1, 0x01, 0x00, 0x00, 0x00, 0x00, 0x00, 0x09, 0x78, 0x00, 0x00, 0x00, 
  0x02, 0x00, 0x00, 0x00, 0xff, 0xff, 0xff, 0xff, 0x04, 0x00, 0x00, 0x00, 
  0x74, 0x7b, 0xfe, 0xff, 0x08, 0x00, 0x00, 0x00, 0x10, 0x00, 0x00, 0x00, 
  0x01, 0x00, 0x00, 0x00, 0x80, 0xff, 0xff, 0xff, 0xff, 0xff, 0xff, 0xff, 
  0x01, 0x00, 0x00, 0x00, 0x00, 0x00, 0x80, 0x3b, 0x42, 0x00, 0x00, 0x00, 
  0x73, 0x61, 0x66, 0x65, 0x62, 0x61, 0x6e, 0x64, 0x5f, 0x76, 0x32, 0x5f, 
  0x64, 0x65, 0x70, 0x6c, 0x6f, 0x79, 0x6d, 0x65, 0x6e, 0x74, 0x2f, 0x6d, 
  0x6f, 0x74, 0x69, 0x6f, 0x6e, 0x5f, 0x64, 0x65, 0x63, 0x6f, 0x64, 0x65, 
  0x72, 0x2f, 0x64, 0x65, 0x63, 0x5f, 0x67, 0x72, 0x75, 0x2f, 0x67, 0x72, 
  0x75, 0x5f, 0x63, 0x65, 0x6c, 0x6c, 0x5f, 0x32, 0x2f, 0x53, 0x69, 0x67, 
  0x6d, 0x6f, 0x69, 0x64, 0x5f, 0x38, 0x00, 0x00, 0x02, 0x00, 0x00, 0x00, 
  0x01, 0x00, 0x00, 0x00, 0x04, 0x00, 0x00, 0x00, 0x2e, 0x7c, 0xfe, 0xff, 
  0x00, 0x00, 0x00, 0x01, 0x18, 0x00, 0x00, 0x00, 0x20, 0x00, 0x00, 0x00, 
  0x40, 0x00, 0x00, 0x00, 0xc0, 0x01, 0x00, 0x00, 0x00, 0x00, 0x00, 0x09, 
  0x78, 0x00, 0x00, 0x00, 0x02, 0x00, 0x00, 0x00, 0xff, 0xff, 0xff, 0xff, 
  0x04, 0x00, 0x00, 0x00, 0x14, 0x7c, 0xfe, 0xff, 0x08, 0x00, 0x00, 0x00, 
  0x14, 0x00, 0x00, 0x00, 0x01, 0x00, 0x00, 0x00, 0x7f, 0x00, 0x00, 0x00, 
  0x00, 0x00, 0x00, 0x00, 0x00, 0x00, 0x00, 0x00, 0x01, 0x00, 0x00, 0x00, 
  0x6d, 0x9f, 0x1c, 0x3d, 0x3f, 0x00, 0x00, 0x00, 0x73, 0x61, 0x66, 0x65, 
  0x62, 0x61, 0x6e, 0x64, 0x5f, 0x76, 0x32, 0x5f, 0x64, 0x65, 0x70, 0x6c, 
  0x6f, 0x79, 0x6d, 0x65, 0x6e, 0x74, 0x2f, 0x6d, 0x6f, 0x74, 0x69, 0x6f, 
  0x6e, 0x5f, 0x64, 0x65, 0x63, 0x6f, 0x64, 0x65, 0x72, 0x2f, 0x64, 0x65, 
  0x63, 0x5f, 0x67, 0x72, 0x75, 0x2f, 0x67, 0x72, 0x75, 0x5f, 0x63, 0x65, 
  0x6c, 0x6c, 0x5f, 0x32, 0x2f, 0x61, 0x64, 0x64, 0x5f, 0x31, 0x36, 0x00, 
  0x02, 0x00, 0x00, 0x00, 0x01, 0x00, 0x00, 0x00, 0x04, 0x00, 0x00, 0x00, 
  0xce, 0x7c, 0xfe, 0xff, 0x00, 0x00, 0x00, 0x01, 0x18, 0x00, 0x00, 0x00, 
  0x20, 0x00, 0x00, 0x00, 0x40, 0x00, 0x00, 0x00, 0xbf, 0x01, 0x00, 0x00, 
  0x00, 0x00, 0x00, 0x09, 0x00, 0x01, 0x00, 0x00, 0x02, 0x00, 0x00, 0x00, 
  0xff, 0xff, 0xff, 0xff, 0x04, 0x00, 0x00, 0x00, 0xb4, 0x7c, 0xfe, 0xff, 
  0x08, 0x00, 0x00, 0x00, 0x14, 0x00, 0x00, 0x00, 0x01, 0x00, 0x00, 0x00, 
  0x3d, 0x00, 0x00, 0x00, 0x00, 0x00, 0x00, 0x00, 0x00, 0x00, 0x00, 0x00, 
  0x01, 0x00, 0x00, 0x00, 0xf5, 0x9a, 0x42, 0x3d, 0xc5, 0x00, 0x00, 0x00, 
  0x73, 0x61, 0x66, 0x65, 0x62, 0x61, 0x6e, 0x64, 0x5f, 0x76, 0x32, 0x5f, 
  0x64, 0x65, 0x70, 0x6c, 0x6f, 0x79, 0x6d, 0x65, 0x6e, 0x74, 0x2f, 0x6d, 
  0x6f, 0x74, 0x69, 0x6f, 0x6e, 0x5f, 0x64, 0x65, 0x63, 0x6f, 0x64, 0x65, 
  0x72, 0x2f, 0x64, 0x65, 0x63, 0x5f, 0x67, 0x72, 0x75, 0x2f, 0x67, 0x72, 
  0x75, 0x5f, 0x63, 0x65, 0x6c, 0x6c, 0x5f, 0x32, 0x2f, 0x73, 0x70, 0x6c, 
  0x69, 0x74, 0x5f, 0x38, 0x3b, 0x73, 0x61, 0x66, 0x65, 0x62, 0x61, 0x6e, 
  0x64, 0x5f, 0x76, 0x32, 0x5f, 0x64, 0x65, 0x70, 0x6c, 0x6f, 0x79, 0x6d, 
  0x65, 0x6e, 0x74, 0x2f, 0x6d, 0x6f, 0x74, 0x69, 0x6f, 0x6e, 0x5f, 0x64, 
  0x65, 0x63, 0x6f, 0x64, 0x65, 0x72, 0x2f, 0x64, 0x65, 0x63, 0x5f, 0x67, 
  0x72, 0x75, 0x2f, 0x67, 0x72, 0x75, 0x5f, 0x63, 0x65, 0x6c, 0x6c, 0x5f, 
  0x32, 0x2f, 0x73, 0x70, 0x6c, 0x69, 0x74, 0x5f, 0x38, 0x31, 0x3b, 0x73, 
  0x61, 0x66, 0x65, 0x62, 0x61, 0x6e, 0x64, 0x5f, 0x76, 0x32, 0x5f, 0x64, 
  0x65, 0x70, 0x6c, 0x6f, 0x79, 0x6d, 0x65, 0x6e, 0x74, 0x2f, 0x6d, 0x6f, 
  0x74, 0x69, 0x6f, 0x6e, 0x5f, 0x64, 0x65, 0x63, 0x6f, 0x64, 0x65, 0x72, 
  0x2f, 0x64, 0x65, 0x63, 0x5f, 0x67, 0x72, 0x75, 0x2f, 0x67, 0x72, 0x75, 
  0x5f, 0x63, 0x65, 0x6c, 0x6c, 0x5f, 0x32, 0x2f, 0x73, 0x70, 0x6c, 0x69, 
  0x74, 0x5f, 0x38, 0x32, 0x32, 0x00, 0x00, 0x00, 0x02, 0x00, 0x00, 0x00, 
  0x01, 0x00, 0x00, 0x00, 0x04, 0x00, 0x00, 0x00, 0xf6, 0x7d, 0xfe, 0xff, 
  0x00, 0x00, 0x00, 0x01, 0x18, 0x00, 0x00, 0x00, 0x20, 0x00, 0x00, 0x00, 
  0x40, 0x00, 0x00, 0x00, 0xbe, 0x01, 0x00, 0x00, 0x00, 0x00, 0x00, 0x09, 
  0x00, 0x01, 0x00, 0x00, 0x02, 0x00, 0x00, 0x00, 0xff, 0xff, 0xff, 0xff, 
  0x04, 0x00, 0x00, 0x00, 0xdc, 0x7d, 0xfe, 0xff, 0x08, 0x00, 0x00, 0x00, 
  0x14, 0x00, 0x00, 0x00, 0x01, 0x00, 0x00, 0x00, 0x3d, 0x00, 0x00, 0x00, 
  0x00, 0x00, 0x00, 0x00, 0x00, 0x00, 0x00, 0x00, 0x01, 0x00, 0x00, 0x00, 
  0xf5, 0x9a, 0x42, 0x3d, 0xc5, 0x00, 0x00, 0x00, 0x73, 0x61, 0x66, 0x65, 
  0x62, 0x61, 0x6e, 0x64, 0x5f, 0x76, 0x32, 0x5f, 0x64, 0x65, 0x70, 0x6c, 
  0x6f, 0x79, 0x6d, 0x65, 0x6e, 0x74, 0x2f, 0x6d, 0x6f, 0x74, 0x69, 0x6f, 
  0x6e, 0x5f, 0x64, 0x65, 0x63, 0x6f, 0x64, 0x65, 0x72, 0x2f, 0x64, 0x65, 
  0x63, 0x5f, 0x67, 0x72, 0x75, 0x2f, 0x67, 0x72, 0x75, 0x5f, 0x63, 0x65, 
  0x6c, 0x6c, 0x5f, 0x32, 0x2f, 0x73, 0x70, 0x6c, 0x69, 0x74, 0x5f, 0x38, 
  0x3b, 0x73, 0x61, 0x66, 0x65, 0x62, 0x61, 0x6e, 0x64, 0x5f, 0x76, 0x32, 
  0x5f, 0x64, 0x65, 0x70, 0x6c, 0x6f, 0x79, 0x6d, 0x65, 0x6e, 0x74, 0x2f, 
  0x6d, 0x6f, 0x74, 0x69, 0x6f, 0x6e, 0x5f, 0x64, 0x65, 0x63, 0x6f, 0x64, 
  0x65, 0x72, 0x2f, 0x64, 0x65, 0x63, 0x5f, 0x67, 0x72, 0x75, 0x2f, 0x67, 
  0x72, 0x75, 0x5f, 0x63, 0x65, 0x6c, 0x6c, 0x5f, 0x32, 0x2f, 0x73, 0x70, 
  0x6c, 0x69, 0x74, 0x5f, 0x38, 0x31, 0x3b, 0x73, 0x61, 0x66, 0x65, 0x62, 
  0x61, 0x6e, 0x64, 0x5f, 0x76, 0x32, 0x5f, 0x64, 0x65, 0x70, 0x6c, 0x6f, 
  0x79, 0x6d, 0x65, 0x6e, 0x74, 0x2f, 0x6d, 0x6f, 0x74, 0x69, 0x6f, 0x6e, 
  0x5f, 0x64, 0x65, 0x63, 0x6f, 0x64, 0x65, 0x72, 0x2f, 0x64, 0x65, 0x63, 
  0x5f, 0x67, 0x72, 0x75, 0x2f, 0x67, 0x72, 0x75, 0x5f, 0x63, 0x65, 0x6c, 
  0x6c, 0x5f, 0x32, 0x2f, 0x73, 0x70, 0x6c, 0x69, 0x74, 0x5f, 0x38, 0x32, 
  0x31, 0x00, 0x00, 0x00, 0x02, 0x00, 0x00, 0x00, 0x01, 0x00, 0x00, 0x00, 
  0x04, 0x00, 0x00, 0x00, 0x1e, 0x7f, 0xfe, 0xff, 0x00, 0x00, 0x00, 0x01, 
  0x18, 0x00, 0x00, 0x00, 0x20, 0x00, 0x00, 0x00, 0x40, 0x00, 0x00, 0x00, 
  0xbd, 0x01, 0x00, 0x00, 0x00, 0x00, 0x00, 0x09, 0x00, 0x01, 0x00, 0x00, 
  0x02, 0x00, 0x00, 0x00, 0xff, 0xff, 0xff, 0xff, 0x04, 0x00, 0x00, 0x00, 
  0x04, 0x7f, 0xfe, 0xff, 0x08, 0x00, 0x00, 0x00, 0x14, 0x00, 0x00, 0x00, 
  0x01, 0x00, 0x00, 0x00, 0x3d, 0x00, 0x00, 0x00, 0x00, 0x00, 0x00, 0x00, 
  0x00, 0x00, 0x00, 0x00, 0x01, 0x00, 0x00, 0x00, 0xf5, 0x9a, 0x42, 0x3d, 
  0xc4, 0x00, 0x00, 0x00, 0x73, 0x61, 0x66, 0x65, 0x62, 0x61, 0x6e, 0x64, 
  0x5f, 0x76, 0x32, 0x5f, 0x64, 0x65, 0x70, 0x6c, 0x6f, 0x79, 0x6d, 0x65, 
  0x6e, 0x74, 0x2f, 0x6d, 0x6f, 0x74, 0x69, 0x6f, 0x6e, 0x5f, 0x64, 0x65, 
  0x63, 0x6f, 0x64, 0x65, 0x72, 0x2f, 0x64, 0x65, 0x63, 0x5f, 0x67, 0x72, 
  0x75, 0x2f, 0x67, 0x72, 0x75, 0x5f, 0x63, 0x65, 0x6c, 0x6c, 0x5f, 0x32, 
  0x2f, 0x73, 0x70, 0x6c, 0x69, 0x74, 0x5f, 0x38, 0x3b, 0x73, 0x61, 0x66, 
  0x65, 0x62, 0x61, 0x6e, 0x64, 0x5f, 0x76, 0x32, 0x5f, 0x64, 0x65, 0x70, 
  0x6c, 0x6f, 0x79, 0x6d, 0x65, 0x6e, 0x74, 0x2f, 0x6d, 0x6f, 0x74, 0x69, 
  0x6f, 0x6e, 0x5f, 0x64, 0x65, 0x63, 0x6f, 0x64, 0x65, 0x72, 0x2f, 0x64, 
  0x65, 0x63, 0x5f, 0x67, 0x72, 0x75, 0x2f, 0x67, 0x72, 0x75, 0x5f, 0x63, 
  0x65, 0x6c, 0x6c, 0x5f, 0x32, 0x2f, 0x73, 0x70, 0x6c, 0x69, 0x74, 0x5f, 
  0x38, 0x31, 0x3b, 0x73, 0x61, 0x66, 0x65, 0x62, 0x61, 0x6e, 0x64, 0x5f, 
  0x76, 0x32, 0x5f, 0x64, 0x65, 0x70, 0x6c, 0x6f, 0x79, 0x6d, 0x65, 0x6e, 
  0x74, 0x2f, 0x6d, 0x6f, 0x74, 0x69, 0x6f, 0x6e, 0x5f, 0x64, 0x65, 0x63, 
  0x6f, 0x64, 0x65, 0x72, 0x2f, 0x64, 0x65, 0x63, 0x5f, 0x67, 0x72, 0x75, 
  0x2f, 0x67, 0x72, 0x75, 0x5f, 0x63, 0x65, 0x6c, 0x6c, 0x5f, 0x32, 0x2f, 
  0x73, 0x70, 0x6c, 0x69, 0x74, 0x5f, 0x38, 0x32, 0x00, 0x00, 0x00, 0x00, 
  0x02, 0x00, 0x00, 0x00, 0x01, 0x00, 0x00, 0x00, 0x04, 0x00, 0x00, 0x00, 
  0x46, 0x80, 0xfe, 0xff, 0x00, 0x00, 0x00, 0x01, 0x18, 0x00, 0x00, 0x00, 
  0x20, 0x00, 0x00, 0x00, 0x40, 0x00, 0x00, 0x00, 0xbc, 0x01, 0x00, 0x00, 
  0x00, 0x00, 0x00, 0x09, 0xc0, 0x00, 0x00, 0x00, 0x02, 0x00, 0x00, 0x00, 
  0xff, 0xff, 0xff, 0xff, 0x0c, 0x00, 0x00, 0x00, 0x2c, 0x80, 0xfe, 0xff, 
  0x08, 0x00, 0x00, 0x00, 0x14, 0x00, 0x00, 0x00, 0x01, 0x00, 0x00, 0x00, 
  0x3d, 0x00, 0x00, 0x00, 0x00, 0x00, 0x00, 0x00, 0x00, 0x00, 0x00, 0x00, 
  0x01, 0x00, 0x00, 0x00, 0xf5, 0x9a, 0x42, 0x3d, 0x84, 0x00, 0x00, 0x00, 
  0x73, 0x61, 0x66, 0x65, 0x62, 0x61, 0x6e, 0x64, 0x5f, 0x76, 0x32, 0x5f, 
  0x64, 0x65, 0x70, 0x6c, 0x6f, 0x79, 0x6d, 0x65, 0x6e, 0x74, 0x2f, 0x6d, 
  0x6f, 0x74, 0x69, 0x6f, 0x6e, 0x5f, 0x64, 0x65, 0x63, 0x6f, 0x64, 0x65, 
  0x72, 0x2f, 0x64, 0x65, 0x63, 0x5f, 0x67, 0x72, 0x75, 0x2f, 0x67, 0x72, 
  0x75, 0x5f, 0x63, 0x65, 0x6c, 0x6c, 0x5f, 0x32, 0x2f, 0x4d, 0x61, 0x74, 
  0x4d, 0x75, 0x6c, 0x5f, 0x38, 0x3b, 0x73, 0x61, 0x66, 0x65, 0x62, 0x61, 
  0x6e, 0x64, 0x5f, 0x76, 0x32, 0x5f, 0x64, 0x65, 0x70, 0x6c, 0x6f, 0x79, 
  0x6d, 0x65, 0x6e, 0x74, 0x2f, 0x6d, 0x6f, 0x74, 0x69, 0x6f, 0x6e, 0x5f, 
  0x64, 0x65, 0x63, 0x6f, 0x64, 0x65, 0x72, 0x2f, 0x64, 0x65, 0x63, 0x5f, 
  0x67, 0x72, 0x75, 0x2f, 0x67, 0x72, 0x75, 0x5f, 0x63, 0x65, 0x6c, 0x6c, 
  0x5f, 0x32, 0x2f, 0x42, 0x69, 0x61, 0x73, 0x41, 0x64, 0x64, 0x5f, 0x38, 
  0x00, 0x00, 0x00, 0x00, 0x02, 0x00, 0x00, 0x00, 0x01, 0x00, 0x00, 0x00, 
  0x0c, 0x00, 0x00, 0x00, 0x2e, 0x81, 0xfe, 0xff, 0x00, 0x00, 0x00, 0x01, 
  0x18, 0x00, 0x00, 0x00, 0x20, 0x00, 0x00, 0x00, 0x40, 0x00, 0x00, 0x00, 
  0xbb, 0x01, 0x00, 0x00, 0x00, 0x00, 0x00, 0x09, 0x00, 0x01, 0x00, 0x00, 
  0x02, 0x00, 0x00, 0x00, 0xff, 0xff, 0xff, 0xff, 0x04, 0x00, 0x00, 0x00, 
  0x14, 0x81, 0xfe, 0xff, 0x08, 0x00, 0x00, 0x00, 0x14, 0x00, 0x00, 0x00, 
  0x01, 0x00, 0x00, 0x00, 0xeb, 0xff, 0xff, 0xff, 0xff, 0xff, 0xff, 0xff, 
  0x00, 0x00, 0x00, 0x00, 0x01, 0x00, 0x00, 0x00, 0x5f, 0x75, 0xfb, 0x3c, 
  0xc5, 0x00, 0x00, 0x00, 0x73, 0x61, 0x66, 0x65, 0x62, 0x61, 0x6e, 0x64, 
  0x5f, 0x76, 0x32, 0x5f, 0x64, 0x65, 0x70, 0x6c, 0x6f, 0x79, 0x6d, 0x65, 
  0x6e, 0x74, 0x2f, 0x6d, 0x6f, 0x74, 0x69, 0x6f, 0x6e, 0x5f, 0x64, 0x65, 
  0x63, 0x6f, 0x64, 0x65, 0x72, 0x2f, 0x64, 0x65, 0x63, 0x5f, 0x67, 0x72, 
  0x75, 0x2f, 0x67, 0x72, 0x75, 0x5f, 0x63, 0x65, 0x6c, 0x6c, 0x5f, 0x32, 
  0x2f, 0x73, 0x70, 0x6c, 0x69, 0x74, 0x5f, 0x39, 0x3b, 0x73, 0x61, 0x66, 
  0x65, 0x62, 0x61, 0x6e, 0x64, 0x5f, 0x76, 0x32, 0x5f, 0x64, 0x65, 0x70, 
  0x6c, 0x6f, 0x79, 0x6d, 0x65, 0x6e, 0x74, 0x2f, 0x6d, 0x6f, 0x74, 0x69, 
  0x6f, 0x6e, 0x5f, 0x64, 0x65, 0x63, 0x6f, 0x64, 0x65, 0x72, 0x2f, 0x64, 
  0x65, 0x63, 0x5f, 0x67, 0x72, 0x75, 0x2f, 0x67, 0x72, 0x75, 0x5f, 0x63, 
  0x65, 0x6c, 0x6c, 0x5f, 0x32, 0x2f, 0x73, 0x70, 0x6c, 0x69, 0x74, 0x5f, 
  0x39, 0x31, 0x3b, 0x73, 0x61, 0x66, 0x65, 0x62, 0x61, 0x6e, 0x64, 0x5f, 
  0x76, 0x32, 0x5f, 0x64, 0x65, 0x70, 0x6c, 0x6f, 0x79, 0x6d, 0x65, 0x6e, 
  0x74, 0x2f, 0x6d, 0x6f, 0x74, 0x69, 0x6f, 0x6e, 0x5f, 0x64, 0x65, 0x63, 
  0x6f, 0x64, 0x65, 0x72, 0x2f, 0x64, 0x65, 0x63, 0x5f, 0x67, 0x72, 0x75, 
  0x2f, 0x67, 0x72, 0x75, 0x5f, 0x63, 0x65, 0x6c, 0x6c, 0x5f, 0x32, 0x2f, 
  0x73, 0x70, 0x6c, 0x69, 0x74, 0x5f, 0x39, 0x32, 0x32, 0x00, 0x00, 0x00, 
  0x02, 0x00, 0x00, 0x00, 0x01, 0x00, 0x00, 0x00, 0x04, 0x00, 0x00, 0x00, 
  0x56, 0x82, 0xfe, 0xff, 0x00, 0x00, 0x00, 0x01, 0x18, 0x00, 0x00, 0x00, 
  0x20, 0x00, 0x00, 0x00, 0x40, 0x00, 0x00, 0x00, 0xba, 0x01, 0x00, 0x00, 
  0x00, 0x00, 0x00, 0x09, 0x00, 0x01, 0x00, 0x00, 0x02, 0x00, 0x00, 0x00, 
  0xff, 0xff, 0xff, 0xff, 0x04, 0x00, 0x00, 0x00, 0x3c, 0x82, 0xfe, 0xff, 
  0x08, 0x00, 0x00, 0x00, 0x14, 0x00, 0x00, 0x00, 0x01, 0x00, 0x00, 0x00, 
  0xeb, 0xff, 0xff, 0xff, 0xff, 0xff, 0xff, 0xff, 0x00, 0x00, 0x00, 0x00, 
  0x01, 0x00, 0x00, 0x00, 0x5f, 0x75, 0xfb, 0x3c, 0xc5, 0x00, 0x00, 0x00, 
  0x73, 0x61, 0x66, 0x65, 0x62, 0x61, 0x6e, 0x64, 0x5f, 0x76, 0x32, 0x5f, 
  0x64, 0x65, 0x70, 0x6c, 0x6f, 0x79, 0x6d, 0x65, 0x6e, 0x74, 0x2f, 0x6d, 
  0x6f, 0x74, 0x69, 0x6f, 0x6e, 0x5f, 0x64, 0x65, 0x63, 0x6f, 0x64, 0x65, 
  0x72, 0x2f, 0x64, 0x65, 0x63, 0x5f, 0x67, 0x72, 0x75, 0x2f, 0x67, 0x72, 
  0x75, 0x5f, 0x63, 0x65, 0x6c, 0x6c, 0x5f, 0x32, 0x2f, 0x73, 0x70, 0x6c, 
  0x69, 0x74, 0x5f, 0x39, 0x3b, 0x73, 0x61, 0x66, 0x65, 0x62, 0x61, 0x6e, 
  0x64, 0x5f, 0x76, 0x32, 0x5f, 0x64, 0x65, 0x70, 0x6c, 0x6f, 0x79, 0x6d, 
  0x65, 0x6e, 0x74, 0x2f, 0x6d, 0x6f, 0x74, 0x69, 0x6f, 0x6e, 0x5f, 0x64, 
  0x65, 0x63, 0x6f, 0x64, 0x65, 0x72, 0x2f, 0x64, 0x65, 0x63, 0x5f, 0x67, 
  0x72, 0x75, 0x2f, 0x67, 0x72, 0x75, 0x5f, 0x63, 0x65, 0x6c, 0x6c, 0x5f, 
  0x32, 0x2f, 0x73, 0x70, 0x6c, 0x69, 0x74, 0x5f, 0x39, 0x31, 0x3b, 0x73, 
  0x61, 0x66, 0x65, 0x62, 0x61, 0x6e, 0x64, 0x5f, 0x76, 0x32, 0x5f, 0x64, 
  0x65, 0x70, 0x6c, 0x6f, 0x79, 0x6d, 0x65, 0x6e, 0x74, 0x2f, 0x6d, 0x6f, 
  0x74, 0x69, 0x6f, 0x6e, 0x5f, 0x64, 0x65, 0x63, 0x6f, 0x64, 0x65, 0x72, 
  0x2f, 0x64, 0x65, 0x63, 0x5f, 0x67, 0x72, 0x75, 0x2f, 0x67, 0x72, 0x75, 
  0x5f, 0x63, 0x65, 0x6c, 0x6c, 0x5f, 0x32, 0x2f, 0x73, 0x70, 0x6c, 0x69, 
  0x74, 0x5f, 0x39, 0x32, 0x31, 0x00, 0x00, 0x00, 0x02, 0x00, 0x00, 0x00, 
  0x01, 0x00, 0x00, 0x00, 0x04, 0x00, 0x00, 0x00, 0x7e, 0x83, 0xfe, 0xff, 
  0x00, 0x00, 0x00, 0x01, 0x18, 0x00, 0x00, 0x00, 0x20, 0x00, 0x00, 0x00, 
  0x40, 0x00, 0x00, 0x00, 0xb9, 0x01, 0x00, 0x00, 0x00, 0x00, 0x00, 0x09, 
  0x00, 0x01, 0x00, 0x00, 0x02, 0x00, 0x00, 0x00, 0xff, 0xff, 0xff, 0xff, 
  0x04, 0x00, 0x00, 0x00, 0x64, 0x83, 0xfe, 0xff, 0x08, 0x00, 0x00, 0x00, 
  0x14, 0x00, 0x00, 0x00, 0x01, 0x00, 0x00, 0x00, 0xeb, 0xff, 0xff, 0xff, 
  0xff, 0xff, 0xff, 0xff, 0x00, 0x00, 0x00, 0x00, 0x01, 0x00, 0x00, 0x00, 
  0x5f, 0x75, 0xfb, 0x3c, 0xc4, 0x00, 0x00, 0x00, 0x73, 0x61, 0x66, 0x65, 
  0x62, 0x61, 0x6e, 0x64, 0x5f, 0x76, 0x32, 0x5f, 0x64, 0x65, 0x70, 0x6c, 
  0x6f, 0x79, 0x6d, 0x65, 0x6e, 0x74, 0x2f, 0x6d, 0x6f, 0x74, 0x69, 0x6f, 
  0x6e, 0x5f, 0x64, 0x65, 0x63, 0x6f, 0x64, 0x65, 0x72, 0x2f, 0x64, 0x65, 
  0x63, 0x5f, 0x67, 0x72, 0x75, 0x2f, 0x67, 0x72, 0x75, 0x5f, 0x63, 0x65, 
  0x6c, 0x6c, 0x5f, 0x32, 0x2f, 0x73, 0x70, 0x6c, 0x69, 0x74, 0x5f, 0x39, 
  0x3b, 0x73, 0x61, 0x66, 0x65, 0x62, 0x61, 0x6e, 0x64, 0x5f, 0x76, 0x32, 
  0x5f, 0x64, 0x65, 0x70, 0x6c, 0x6f, 0x79, 0x6d, 0x65, 0x6e, 0x74, 0x2f, 
  0x6d, 0x6f, 0x74, 0x69, 0x6f, 0x6e, 0x5f, 0x64, 0x65, 0x63, 0x6f, 0x64, 
  0x65, 0x72, 0x2f, 0x64, 0x65, 0x63, 0x5f, 0x67, 0x72, 0x75, 0x2f, 0x67, 
  0x72, 0x75, 0x5f, 0x63, 0x65, 0x6c, 0x6c, 0x5f, 0x32, 0x2f, 0x73, 0x70, 
  0x6c, 0x69, 0x74, 0x5f, 0x39, 0x31, 0x3b, 0x73, 0x61, 0x66, 0x65, 0x62, 
  0x61, 0x6e, 0x64, 0x5f, 0x76, 0x32, 0x5f, 0x64, 0x65, 0x70, 0x6c, 0x6f, 
  0x79, 0x6d, 0x65, 0x6e, 0x74, 0x2f, 0x6d, 0x6f, 0x74, 0x69, 0x6f, 0x6e, 
  0x5f, 0x64, 0x65, 0x63, 0x6f, 0x64, 0x65, 0x72, 0x2f, 0x64, 0x65, 0x63, 
  0x5f, 0x67, 0x72, 0x75, 0x2f, 0x67, 0x72, 0x75, 0x5f, 0x63, 0x65, 0x6c, 
  0x6c, 0x5f, 0x32, 0x2f, 0x73, 0x70, 0x6c, 0x69, 0x74, 0x5f, 0x39, 0x32, 
  0x00, 0x00, 0x00, 0x00, 0x02, 0x00, 0x00, 0x00, 0x01, 0x00, 0x00, 0x00, 
  0x04, 0x00, 0x00, 0x00, 0xa6, 0x84, 0xfe, 0xff, 0x00, 0x00, 0x00, 0x01, 
  0x18, 0x00, 0x00, 0x00, 0x20, 0x00, 0x00, 0x00, 0x40, 0x00, 0x00, 0x00, 
  0xb8, 0x01, 0x00, 0x00, 0x00, 0x00, 0x00, 0x09, 0xc0, 0x00, 0x00, 0x00, 
  0x02, 0x00, 0x00, 0x00, 0xff, 0xff, 0xff, 0xff, 0x0c, 0x00, 0x00, 0x00, 
  0x8c, 0x84, 0xfe, 0xff, 0x08, 0x00, 0x00, 0x00, 0x14, 0x00, 0x00, 0x00, 
  0x01, 0x00, 0x00, 0x00, 0xeb, 0xff, 0xff, 0xff, 0xff, 0xff, 0xff, 0xff, 
  0x00, 0x00, 0x00, 0x00, 0x01, 0x00, 0x00, 0x00, 0x5f, 0x75, 0xfb, 0x3c, 
  0x84, 0x00, 0x00, 0x00, 0x73, 0x61, 0x66, 0x65, 0x62, 0x61, 0x6e, 0x64, 
  0x5f, 0x76, 0x32, 0x5f, 0x64, 0x65, 0x70, 0x6c, 0x6f, 0x79, 0x6d, 0x65, 
  0x6e, 0x74, 0x2f, 0x6d, 0x6f, 0x74, 0x69, 0x6f, 0x6e, 0x5f, 0x64, 0x65, 
  0x63, 0x6f, 0x64, 0x65, 0x72, 0x2f, 0x64, 0x65, 0x63, 0x5f, 0x67, 0x72, 
  0x75, 0x2f, 0x67, 0x72, 0x75, 0x5f, 0x63, 0x65, 0x6c, 0x6c, 0x5f, 0x32, 
  0x2f, 0x4d, 0x61, 0x74, 0x4d, 0x75, 0x6c, 0x5f, 0x39, 0x3b, 0x73, 0x61, 
  0x66, 0x65, 0x62, 0x61, 0x6e, 0x64, 0x5f, 0x76, 0x32, 0x5f, 0x64, 0x65, 
  0x70, 0x6c, 0x6f, 0x79, 0x6d, 0x65, 0x6e, 0x74, 0x2f, 0x6d, 0x6f, 0x74, 
  0x69, 0x6f, 0x6e, 0x5f, 0x64, 0x65, 0x63, 0x6f, 0x64, 0x65, 0x72, 0x2f, 
  0x64, 0x65, 0x63, 0x5f, 0x67, 0x72, 0x75, 0x2f, 0x67, 0x72, 0x75, 0x5f, 
  0x63, 0x65, 0x6c, 0x6c, 0x5f, 0x32, 0x2f, 0x42, 0x69, 0x61, 0x73, 0x41, 
  0x64, 0x64, 0x5f, 0x39, 0x00, 0x00, 0x00, 0x00, 0x02, 0x00, 0x00, 0x00, 
  0x01, 0x00, 0x00, 0x00, 0x0c, 0x00, 0x00, 0x00, 0x8e, 0x85, 0xfe, 0xff, 
  0x00, 0x00, 0x00, 0x01, 0x18, 0x00, 0x00, 0x00, 0x20, 0x00, 0x00, 0x00, 
  0x40, 0x00, 0x00, 0x00, 0xb7, 0x01, 0x00, 0x00, 0x00, 0x00, 0x00, 0x09, 
  0x78, 0x00, 0x00, 0x00, 0x02, 0x00, 0x00, 0x00, 0xff, 0xff, 0xff, 0xff, 
  0x04, 0x00, 0x00, 0x00, 0x74, 0x85, 0xfe, 0xff, 0x08, 0x00, 0x00, 0x00, 
  0x14, 0x00, 0x00, 0x00, 0x01, 0x00, 0x00, 0x00, 0x00, 0x00, 0x00, 0x00, 
  0x00, 0x00, 0x00, 0x00, 0x00, 0x00, 0x00, 0x00, 0x01, 0x00, 0x00, 0x00, 
  0xbf, 0x69, 0x00, 0x3c, 0x3f, 0x00, 0x00, 0x00, 0x73, 0x61, 0x66, 0x65, 
  0x62, 0x61, 0x6e, 0x64, 0x5f, 0x76, 0x32, 0x5f, 0x64, 0x65, 0x70, 0x6c, 
  0x6f, 0x79, 0x6d, 0x65, 0x6e, 0x74, 0x2f, 0x6d, 0x6f, 0x74, 0x69, 0x6f, 
  0x6e, 0x5f, 0x64, 0x65, 0x63, 0x6f, 0x64, 0x65, 0x72, 0x2f, 0x64, 0x65, 
  0x63, 0x5f, 0x67, 0x72, 0x75, 0x2f, 0x67, 0x72, 0x75, 0x5f, 0x63, 0x65, 
  0x6c, 0x6c, 0x5f, 0x32, 0x2f, 0x61, 0x64, 0x64, 0x5f, 0x31, 0x35, 0x00, 
  0x02, 0x00, 0x00, 0x00, 0x01, 0x00, 0x00, 0x00, 0x04, 0x00, 0x00, 0x00, 
  0x2e, 0x86, 0xfe, 0xff, 0x00, 0x00, 0x00, 0x01, 0x18, 0x00, 0x00, 0x00, 
  0x20, 0x00, 0x00, 0x00, 0x40, 0x00, 0x00, 0x00, 0xb6, 0x01, 0x00, 0x00, 
  0x00, 0x00, 0x00, 0x09, 0x78, 0x00, 0x00, 0x00, 0x02, 0x00, 0x00, 0x00, 
  0xff, 0xff, 0xff, 0xff, 0x04, 0x00, 0x00, 0x00, 0x14, 0x86, 0xfe, 0xff, 
  0x08, 0x00, 0x00, 0x00, 0x14, 0x00, 0x00, 0x00, 0x01, 0x00, 0x00, 0x00, 
  0x00, 0x00, 0x00, 0x00, 0x00, 0x00, 0x00, 0x00, 0x00, 0x00, 0x00, 0x00, 
  0x01, 0x00, 0x00, 0x00, 0xe7, 0x5e, 0x00, 0x3c, 0x3f, 0x00, 0x00, 0x00, 
  0x73, 0x61, 0x66, 0x65, 0x62, 0x61, 0x6e, 0x64, 0x5f, 0x76, 0x32, 0x5f, 
  0x64, 0x65, 0x70, 0x6c, 0x6f, 0x79, 0x6d, 0x65, 0x6e, 0x74, 0x2f, 0x6d, 
  0x6f, 0x74, 0x69, 0x6f, 0x6e, 0x5f, 0x64, 0x65, 0x63, 0x6f, 0x64, 0x65, 
  0x72, 0x2f, 0x64, 0x65, 0x63, 0x5f, 0x67, 0x72, 0x75, 0x2f, 0x67, 0x72, 
  0x75, 0x5f, 0x63, 0x65, 0x6c, 0x6c, 0x5f, 0x32, 0x2f, 0x6d, 0x75, 0x6c, 
  0x5f, 0x31, 0x31, 0x00, 0x02, 0x00, 0x00, 0x00, 0x01, 0x00, 0x00, 0x00, 
  0x04, 0x00, 0x00, 0x00, 0xce, 0x86, 0xfe, 0xff, 0x00, 0x00, 0x00, 0x01, 
  0x18, 0x00, 0x00, 0x00, 0x20, 0x00, 0x00, 0x00, 0x40, 0x00, 0x00, 0x00, 
  0xb5, 0x01, 0x00, 0x00, 0x00, 0x00, 0x00, 0x09, 0x78, 0x00, 0x00, 0x00, 
  0x02, 0x00, 0x00, 0x00, 0xff, 0xff, 0xff, 0xff, 0x04, 0x00, 0x00, 0x00, 
  0xb4, 0x86, 0xfe, 0xff, 0x08, 0x00, 0x00, 0x00, 0x14, 0x00, 0x00, 0x00, 
  0x01, 0x00, 0x00, 0x00, 0x00, 0x00, 0x00, 0x00, 0x00, 0x00, 0x00, 0x00, 
  0x00, 0x00, 0x00, 0x00, 0x01, 0x00, 0x00, 0x00, 0x00, 0x00, 0x00, 0x3c, 
  0x3f, 0x00, 0x00, 0x00, 0x73, 0x61, 0x66, 0x65, 0x62, 0x61, 0x6e, 0x64, 
  0x5f, 0x76, 0x32, 0x5f, 0x64, 0x65, 0x70, 0x6c, 0x6f, 0x79, 0x6d, 0x65, 
  0x6e, 0x74, 0x2f, 0x6d, 0x6f, 0x74, 0x69, 0x6f, 0x6e, 0x5f, 0x64, 0x65, 
  0x63, 0x6f, 0x64, 0x65, 0x72, 0x2f, 0x64, 0x65, 0x63, 0x5f, 0x67, 0x72, 
  0x75, 0x2f, 0x67, 0x72, 0x75, 0x5f, 0x63, 0x65, 0x6c, 0x6c, 0x5f, 0x32, 
  0x2f, 0x54, 0x61, 0x6e, 0x68, 0x5f, 0x33, 0x00, 0x02, 0x00, 0x00, 0x00, 
  0x01, 0x00, 0x00, 0x00, 0x04, 0x00, 0x00, 0x00, 0x6e, 0x87, 0xfe, 0xff, 
  0x00, 0x00, 0x00, 0x01, 0x18, 0x00, 0x00, 0x00, 0x20, 0x00, 0x00, 0x00, 
  0x40, 0x00, 0x00, 0x00, 0xb4, 0x01, 0x00, 0x00, 0x00, 0x00, 0x00, 0x09, 
  0x78, 0x00, 0x00, 0x00, 0x02, 0x00, 0x00, 0x00, 0xff, 0xff, 0xff, 0xff, 
  0x04, 0x00, 0x00, 0x00, 0x54, 0x87, 0xfe, 0xff, 0x08, 0x00, 0x00, 0x00, 
  0x14, 0x00, 0x00, 0x00, 0x01, 0x00, 0x00, 0x00, 0x09, 0x00, 0x00, 0x00, 
  0x00, 0x00, 0x00, 0x00, 0x00, 0x00, 0x00, 0x00, 0x01, 0x00, 0x00, 0x00, 
  0xd4, 0xed, 0x02, 0x3d, 0x3f, 0x00, 0x00, 0x00, 0x73, 0x61, 0x66, 0x65, 
  0x62, 0x61, 0x6e, 0x64, 0x5f, 0x76, 0x32, 0x5f, 0x64, 0x65, 0x70, 0x6c, 
  0x6f, 0x79, 0x6d, 0x65, 0x6e, 0x74, 0x2f, 0x6d, 0x6f, 0x74, 0x69, 0x6f, 
  0x6e, 0x5f, 0x64, 0x65, 0x63, 0x6f, 0x64, 0x65, 0x72, 0x2f, 0x64, 0x65, 
  0x63, 0x5f, 0x67, 0x72, 0x75, 0x2f, 0x67, 0x72, 0x75, 0x5f, 0x63, 0x65, 
  0x6c, 0x6c, 0x5f, 0x32, 0x2f, 0x61, 0x64, 0x64, 0x5f, 0x31, 0x34, 0x00, 
  0x02, 0x00, 0x00, 0x00, 0x01, 0x00, 0x00, 0x00, 0x04, 0x00, 0x00, 0x00, 
  0x0e, 0x88, 0xfe, 0xff, 0x00, 0x00, 0x00, 0x01, 0x18, 0x00, 0x00, 0x00, 
  0x20, 0x00, 0x00, 0x00, 0x40, 0x00, 0x00, 0x00, 0xb3, 0x01, 0x00, 0x00, 
  0x00, 0x00, 0x00, 0x09, 0x78, 0x00, 0x00, 0x00, 0x02, 0x00, 0x00, 0x00, 
  0xff, 0xff, 0xff, 0xff, 0x04, 0x00, 0x00, 0x00, 0xf4, 0x87, 0xfe, 0xff, 
  0x08, 0x00, 0x00, 0x00, 0x14, 0x00, 0x00, 0x00, 0x01, 0x00, 0x00, 0x00, 
  0xbe, 0xff, 0xff, 0xff, 0xff, 0xff, 0xff, 0xff, 0x00, 0x00, 0x00, 0x00, 
  0x01, 0x00, 0x00, 0x00, 0x5d, 0xd5, 0xec, 0x3b, 0x3e, 0x00, 0x00, 0x00, 
  0x73, 0x61, 0x66, 0x65, 0x62, 0x61, 0x6e, 0x64, 0x5f, 0x76, 0x32, 0x5f, 
  0x64, 0x65, 0x70, 0x6c, 0x6f, 0x79, 0x6d, 0x65, 0x6e, 0x74, 0x2f, 0x6d, 
  0x6f, 0x74, 0x69, 0x6f, 0x6e, 0x5f, 0x64, 0x65, 0x63, 0x6f, 0x64, 0x65, 
  0x72, 0x2f, 0x64, 0x65, 0x63, 0x5f, 0x67, 0x72, 0x75, 0x2f, 0x67, 0x72, 
  0x75, 0x5f, 0x63, 0x65, 0x6c, 0x6c, 0x5f, 0x32, 0x2f, 0x6d, 0x75, 0x6c, 
  0x5f, 0x39, 0x00, 0x00, 0x02, 0x00, 0x00, 0x00, 0x01, 0x00, 0x00, 0x00, 
  0x04, 0x00, 0x00, 0x00, 0xae, 0x88, 0xfe, 0xff, 0x00, 0x00, 0x00, 0x01, 
  0x18, 0x00, 0x00, 0x00, 0x20, 0x00, 0x00, 0x00, 0x3c, 0x00, 0x00, 0x00, 
  0xb2, 0x01, 0x00, 0x00, 0x00, 0x00, 0x00, 0x09, 0x78, 0x00, 0x00, 0x00, 
  0x02, 0x00, 0x00, 0x00, 0xff, 0xff, 0xff, 0xff, 0x04, 0x00, 0x00, 0x00, 
  0x94, 0x88, 0xfe, 0xff, 0x08, 0x00, 0x00, 0x00, 0x10, 0x00, 0x00, 0x00, 
  0x01, 0x00, 0x00, 0x00, 0x80, 0xff, 0xff, 0xff, 0xff, 0xff, 0xff, 0xff, 
  0x01, 0x00, 0x00, 0x00, 0x00, 0x00, 0x80, 0x3b, 0x42, 0x00, 0x00, 0x00, 
  0x73, 0x61, 0x66, 0x65, 0x62, 0x61, 0x6e, 0x64, 0x5f, 0x76, 0x32, 0x5f, 
  0x64, 0x65, 0x70, 0x6c, 0x6f, 0x79, 0x6d, 0x65, 0x6e, 0x74, 0x2f, 0x6d, 
  0x6f, 0x74, 0x69, 0x6f, 0x6e, 0x5f, 0x64, 0x65, 0x63, 0x6f, 0x64, 0x65, 
  0x72, 0x2f, 0x64, 0x65, 0x63, 0x5f, 0x67, 0x72, 0x75, 0x2f, 0x67, 0x72, 
  0x75, 0x5f, 0x63, 0x65, 0x6c, 0x6c, 0x5f, 0x32, 0x2f, 0x53, 0x69, 0x67, 
  0x6d, 0x6f, 0x69, 0x64, 0x5f, 0x37, 0x00, 0x00, 0x02, 0x00, 0x00, 0x00, 
  0x01, 0x00, 0x00, 0x00, 0x04, 0x00, 0x00, 0x00, 0x4e, 0x89, 0xfe, 0xff, 
  0x00, 0x00, 0x00, 0x01, 0x18, 0x00, 0x00, 0x00, 0x20, 0x00, 0x00, 0x00, 
  0x40, 0x00, 0x00, 0x00, 0xb1, 0x01, 0x00, 0x00, 0x00, 0x00, 0x00, 0x09, 
  0x78, 0x00, 0x00, 0x00, 0x02, 0x00, 0x00, 0x00, 0xff, 0xff, 0xff, 0xff, 
  0x04, 0x00, 0x00, 0x00, 0x34, 0x89, 0xfe, 0xff, 0x08, 0x00, 0x00, 0x00, 
  0x14, 0x00, 0x00, 0x00, 0x01, 0x00, 0x00, 0x00, 0x0d, 0x00, 0x00, 0x00, 
  0x00, 0x00, 0x00, 0x00, 0x00, 0x00, 0x00, 0x00, 0x01, 0x00, 0x00, 0x00, 
  0x96, 0x4f, 0xce, 0x3c, 0x3f, 0x00, 0x00, 0x00, 0x73, 0x61, 0x66, 0x65, 
  0x62, 0x61, 0x6e, 0x64, 0x5f, 0x76, 0x32, 0x5f, 0x64, 0x65, 0x70, 0x6c, 
  0x6f, 0x79, 0x6d, 0x65, 0x6e, 0x74, 0x2f, 0x6d, 0x6f, 0x74, 0x69, 0x6f, 
  0x6e, 0x5f, 0x64, 0x65, 0x63, 0x6f, 0x64, 0x65, 0x72, 0x2f, 0x64, 0x65, 
  0x63, 0x5f, 0x67, 0x72, 0x75, 0x2f, 0x67, 0x72, 0x75, 0x5f, 0x63, 0x65, 
  0x6c, 0x6c, 0x5f, 0x32, 0x2f, 0x61, 0x64, 0x64, 0x5f, 0x31, 0x33, 0x00, 
  0x02, 0x00, 0x00, 0x00, 0x01, 0x00, 0x00, 0x00, 0x04, 0x00, 0x00, 0x00, 
  0xee, 0x89, 0xfe, 0xff, 0x00, 0x00, 0x00, 0x01, 0x18, 0x00, 0x00, 0x00, 
  0x20, 0x00, 0x00, 0x00, 0x40, 0x00, 0x00, 0x00, 0xb0, 0x01, 0x00, 0x00, 
  0x00, 0x00, 0x00, 0x09, 0x78, 0x00, 0x00, 0x00, 0x02, 0x00, 0x00, 0x00, 
  0xff, 0xff, 0xff, 0xff, 0x04, 0x00, 0x00, 0x00, 0xd4, 0x89, 0xfe, 0xff, 
  0x08, 0x00, 0x00, 0x00, 0x14, 0x00, 0x00, 0x00, 0x01, 0x00, 0x00, 0x00, 
  0x80, 0xff, 0xff, 0xff, 0xff, 0xff, 0xff, 0xff, 0x00, 0x00, 0x00, 0x00, 
  0x01, 0x00, 0x00, 0x00, 0x96, 0x7e, 0x80, 0x3b, 0x3e, 0x00, 0x00, 0x00, 
  0x73, 0x61, 0x66, 0x65, 0x62, 0x61, 0x6e, 0x64, 0x5f, 0x76, 0x32, 0x5f, 
  0x64, 0x65, 0x70, 0x6c, 0x6f, 0x79, 0x6d, 0x65, 0x6e, 0x74, 0x2f, 0x6d, 
  0x6f, 0x74, 0x69, 0x6f, 0x6e, 0x5f, 0x64, 0x65, 0x63, 0x6f, 0x64, 0x65, 
  0x72, 0x2f, 0x64, 0x65, 0x63, 0x5f, 0x67, 0x72, 0x75, 0x2f, 0x67, 0x72, 
  0x75, 0x5f, 0x63, 0x65, 0x6c, 0x6c, 0x5f, 0x32, 0x2f, 0x73, 0x75, 0x62, 
  0x5f, 0x33, 0x00, 0x00, 0x02, 0x00, 0x00, 0x00, 0x01, 0x00, 0x00, 0x00, 
  0x04, 0x00, 0x00, 0x00, 0x8e, 0x8a, 0xfe, 0xff, 0x00, 0x00, 0x00, 0x01, 
  0x18, 0x00, 0x00, 0x00, 0x20, 0x00, 0x00, 0x00, 0x40, 0x00, 0x00, 0x00, 
  0xaf, 0x01, 0x00, 0x00, 0x00, 0x00, 0x00, 0x09, 0x78, 0x00, 0x00, 0x00, 
  0x02, 0x00, 0x00, 0x00, 0xff, 0xff, 0xff, 0xff, 0x04, 0x00, 0x00, 0x00, 
  0x74, 0x8a, 0xfe, 0xff, 0x08, 0x00, 0x00, 0x00, 0x14, 0x00, 0x00, 0x00, 
  0x01, 0x00, 0x00, 0x00, 0x3b, 0x00, 0x00, 0x00, 0x00, 0x00, 0x00, 0x00, 
  0x00, 0x00, 0x00, 0x00, 0x01, 0x00, 0x00, 0x00, 0x68, 0x3e, 0xbc, 0x3a, 
  0x3f, 0x00, 0x00, 0x00, 0x73, 0x61, 0x66, 0x65, 0x62, 0x61, 0x6e, 0x64, 
  0x5f, 0x76, 0x32, 0x5f, 0x64, 0x65, 0x70, 0x6c, 0x6f, 0x79, 0x6d, 0x65, 
  0x6e, 0x74, 0x2f, 0x6d, 0x6f, 0x74, 0x69, 0x6f, 0x6e, 0x5f, 0x64, 0x65, 
  0x63, 0x6f, 0x64, 0x65, 0x72, 0x2f, 0x64, 0x65, 0x63, 0x5f, 0x67, 0x72, 
  0x75, 0x2f, 0x67, 0x72, 0x75, 0x5f, 0x63, 0x65, 0x6c, 0x6c, 0x5f, 0x32, 
  0x2f, 0x6d, 0x75, 0x6c, 0x5f, 0x31, 0x30, 0x00, 0x02, 0x00, 0x00, 0x00, 
  0x01, 0x00, 0x00, 0x00, 0x04, 0x00, 0x00, 0x00, 0x2e, 0x8b, 0xfe, 0xff, 
  0x00, 0x00, 0x00, 0x01, 0x18, 0x00, 0x00, 0x00, 0x20, 0x00, 0x00, 0x00, 
  0x3c, 0x00, 0x00, 0x00, 0xae, 0x01, 0x00, 0x00, 0x00, 0x00, 0x00, 0x09, 
  0x78, 0x00, 0x00, 0x00, 0x02, 0x00, 0x00, 0x00, 0xff, 0xff, 0xff, 0xff, 
  0x04, 0x00, 0x00, 0x00, 0x14, 0x8b, 0xfe, 0xff, 0x08, 0x00, 0x00, 0x00, 
  0x10, 0x00, 0x00, 0x00, 0x01, 0x00, 0x00, 0x00, 0x80, 0xff, 0xff, 0xff, 
  0xff, 0xff, 0xff, 0xff, 0x01, 0x00, 0x00, 0x00, 0x00, 0x00, 0x80, 0x3b, 
  0x42, 0x00, 0x00, 0x00, 0x73, 0x61, 0x66, 0x65, 0x62, 0x61, 0x6e, 0x64, 
  0x5f, 0x76, 0x32, 0x5f, 0x64, 0x65, 0x70, 0x6c, 0x6f, 0x79, 0x6d, 0x65, 
  0x6e, 0x74, 0x2f, 0x6d, 0x6f, 0x74, 0x69, 0x6f, 0x6e, 0x5f, 0x64, 0x65, 
  0x63, 0x6f, 0x64, 0x65, 0x72, 0x2f, 0x64, 0x65, 0x63, 0x5f, 0x67, 0x72, 
  0x75, 0x2f, 0x67, 0x72, 0x75, 0x5f, 0x63, 0x65, 0x6c, 0x6c, 0x5f, 0x32, 
  0x2f, 0x53, 0x69, 0x67, 0x6d, 0x6f, 0x69, 0x64, 0x5f, 0x36, 0x00, 0x00, 
  0x02, 0x00, 0x00, 0x00, 0x01, 0x00, 0x00, 0x00, 0x04, 0x00, 0x00, 0x00, 
  0xce, 0x8b, 0xfe, 0xff, 0x00, 0x00, 0x00, 0x01, 0x18, 0x00, 0x00, 0x00, 
  0x20, 0x00, 0x00, 0x00, 0x40, 0x00, 0x00, 0x00, 0xad, 0x01, 0x00, 0x00, 
  0x00, 0x00, 0x00, 0x09, 0x78, 0x00, 0x00, 0x00, 0x02, 0x00, 0x00, 0x00, 
  0xff, 0xff, 0xff, 0xff, 0x04, 0x00, 0x00, 0x00, 0xb4, 0x8b, 0xfe, 0xff, 
  0x08, 0x00, 0x00, 0x00, 0x14, 0x00, 0x00, 0x00, 0x01, 0x00, 0x00, 0x00, 
  0x7f, 0x00, 0x00, 0x00, 0x00, 0x00, 0x00, 0x00, 0x00, 0x00, 0x00, 0x00, 
  0x01, 0x00, 0x00, 0x00, 0x6e, 0x9f, 0x1c, 0x3d, 0x3f, 0x00, 0x00, 0x00, 
  0x73, 0x61, 0x66, 0x65, 0x62, 0x61, 0x6e, 0x64, 0x5f, 0x76, 0x32, 0x5f, 
  0x64, 0x65, 0x70, 0x6c, 0x6f, 0x79, 0x6d, 0x65, 0x6e, 0x74, 0x2f, 0x6d, 
  0x6f, 0x74, 0x69, 0x6f, 0x6e, 0x5f, 0x64, 0x65, 0x63, 0x6f, 0x64, 0x65, 
  0x72, 0x2f, 0x64, 0x65, 0x63, 0x5f, 0x67, 0x72, 0x75, 0x2f, 0x67, 0x72, 
  0x75, 0x5f, 0x63, 0x65, 0x6c, 0x6c, 0x5f, 0x32, 0x2f, 0x61, 0x64, 0x64, 
  0x5f, 0x31, 0x32, 0x00, 0x02, 0x00, 0x00, 0x00, 0x01, 0x00, 0x00, 0x00, 
  0x04, 0x00, 0x00, 0x00, 0x6e, 0x8c, 0xfe, 0xff, 0x00, 0x00, 0x00, 0x01, 
  0x18, 0x00, 0x00, 0x00, 0x20, 0x00, 0x00, 0x00, 0x40, 0x00, 0x00, 0x00, 
  0xac, 0x01, 0x00, 0x00, 0x00, 0x00, 0x00, 0x09, 0x00, 0x01, 0x00, 0x00, 
  0x02, 0x00, 0x00, 0x00, 0xff, 0xff, 0xff, 0xff, 0x04, 0x00, 0x00, 0x00, 
  0x54, 0x8c, 0xfe, 0xff, 0x08, 0x00, 0x00, 0x00, 0x14, 0x00, 0x00, 0x00, 
  0x01, 0x00, 0x00, 0x00, 0x3d, 0x00, 0x00, 0x00, 0x00, 0x00, 0x00, 0x00, 
  0x00, 0x00, 0x00, 0x00, 0x01, 0x00, 0x00, 0x00, 0xf5, 0x9a, 0x42, 0x3d, 
  0xc5, 0x00, 0x00, 0x00, 0x73, 0x61, 0x66, 0x65, 0x62, 0x61, 0x6e, 0x64, 
  0x5f, 0x76, 0x32, 0x5f, 0x64, 0x65, 0x70, 0x6c, 0x6f, 0x79, 0x6d, 0x65, 
  0x6e, 0x74, 0x2f, 0x6d, 0x6f, 0x74, 0x69, 0x6f, 0x6e, 0x5f, 0x64, 0x65, 
  0x63, 0x6f, 0x64, 0x65, 0x72, 0x2f, 0x64, 0x65, 0x63, 0x5f, 0x67, 0x72, 
  0x75, 0x2f, 0x67, 0x72, 0x75, 0x5f, 0x63, 0x65, 0x6c, 0x6c, 0x5f, 0x32, 
  0x2f, 0x73, 0x70, 0x6c, 0x69, 0x74, 0x5f, 0x36, 0x3b, 0x73, 0x61, 0x66, 
  0x65, 0x62, 0x61, 0x6e, 0x64, 0x5f, 0x76, 0x32, 0x5f, 0x64, 0x65, 0x70, 
  0x6c, 0x6f, 0x79, 0x6d, 0x65, 0x6e, 0x74, 0x2f, 0x6d, 0x6f, 0x74, 0x69, 
  0x6f, 0x6e, 0x5f, 0x64, 0x65, 0x63, 0x6f, 0x64, 0x65, 0x72, 0x2f, 0x64, 
  0x65, 0x63, 0x5f, 0x67, 0x72, 0x75, 0x2f, 0x67, 0x72, 0x75, 0x5f, 0x63, 
  0x65, 0x6c, 0x6c, 0x5f, 0x32, 0x2f, 0x73, 0x70, 0x6c, 0x69, 0x74, 0x5f, 
  0x36, 0x31, 0x3b, 0x73, 0x61, 0x66, 0x65, 0x62, 0x61, 0x6e, 0x64, 0x5f, 
  0x76, 0x32, 0x5f, 0x64, 0x65, 0x70, 0x6c, 0x6f, 0x79, 0x6d, 0x65, 0x6e, 
  0x74, 0x2f, 0x6d, 0x6f, 0x74, 0x69, 0x6f, 0x6e, 0x5f, 0x64, 0x65, 0x63, 
  0x6f, 0x64, 0x65, 0x72, 0x2f, 0x64, 0x65, 0x63, 0x5f, 0x67, 0x72, 0x75, 
  0x2f, 0x67, 0x72, 0x75, 0x5f, 0x63, 0x65, 0x6c, 0x6c, 0x5f, 0x32, 0x2f, 
  0x73, 0x70, 0x6c, 0x69, 0x74, 0x5f, 0x36, 0x32, 0x32, 0x00, 0x00, 0x00, 
  0x02, 0x00, 0x00, 0x00, 0x01, 0x00, 0x00, 0x00, 0x04, 0x00, 0x00, 0x00, 
  0x96, 0x8d, 0xfe, 0xff, 0x00, 0x00, 0x00, 0x01, 0x18, 0x00, 0x00, 0x00, 
  0x20, 0x00, 0x00, 0x00, 0x40, 0x00, 0x00, 0x00, 0xab, 0x01, 0x00, 0x00, 
  0x00, 0x00, 0x00, 0x09, 0x00, 0x01, 0x00, 0x00, 0x02, 0x00, 0x00, 0x00, 
  0xff, 0xff, 0xff, 0xff, 0x04, 0x00, 0x00, 0x00, 0x7c, 0x8d, 0xfe, 0xff, 
  0x08, 0x00, 0x00, 0x00, 0x14, 0x00, 0x00, 0x00, 0x01, 0x00, 0x00, 0x00, 
  0x3d, 0x00, 0x00, 0x00, 0x00, 0x00, 0x00, 0x00, 0x00, 0x00, 0x00, 0x00, 
  0x01, 0x00, 0x00, 0x00, 0xf5, 0x9a, 0x42, 0x3d, 0xc5, 0x00, 0x00, 0x00, 
  0x73, 0x61, 0x66, 0x65, 0x62, 0x61, 0x6e, 0x64, 0x5f, 0x76, 0x32, 0x5f, 
  0x64, 0x65, 0x70, 0x6c, 0x6f, 0x79, 0x6d, 0x65, 0x6e, 0x74, 0x2f, 0x6d, 
  0x6f, 0x74, 0x69, 0x6f, 0x6e, 0x5f, 0x64, 0x65, 0x63, 0x6f, 0x64, 0x65, 
  0x72, 0x2f, 0x64, 0x65, 0x63, 0x5f, 0x67, 0x72, 0x75, 0x2f, 0x67, 0x72, 
  0x75, 0x5f, 0x63, 0x65, 0x6c, 0x6c, 0x5f, 0x32, 0x2f, 0x73, 0x70, 0x6c, 
  0x69, 0x74, 0x5f, 0x36, 0x3b, 0x73, 0x61, 0x66, 0x65, 0x62, 0x61, 0x6e, 
  0x64, 0x5f, 0x76, 0x32, 0x5f, 0x64, 0x65, 0x70, 0x6c, 0x6f, 0x79, 0x6d, 
  0x65, 0x6e, 0x74, 0x2f, 0x6d, 0x6f, 0x74, 0x69, 0x6f, 0x6e, 0x5f, 0x64, 
  0x65, 0x63, 0x6f, 0x64, 0x65, 0x72, 0x2f, 0x64, 0x65, 0x63, 0x5f, 0x67, 
  0x72, 0x75, 0x2f, 0x67, 0x72, 0x75, 0x5f, 0x63, 0x65, 0x6c, 0x6c, 0x5f, 
  0x32, 0x2f, 0x73, 0x70, 0x6c, 0x69, 0x74, 0x5f, 0x36, 0x31, 0x3b, 0x73, 
  0x61, 0x66, 0x65, 0x62, 0x61, 0x6e, 0x64, 0x5f, 0x76, 0x32, 0x5f, 0x64, 
  0x65, 0x70, 0x6c, 0x6f, 0x79, 0x6d, 0x65, 0x6e, 0x74, 0x2f, 0x6d, 0x6f, 
  0x74, 0x69, 0x6f, 0x6e, 0x5f, 0x64, 0x65, 0x63, 0x6f, 0x64, 0x65, 0x72, 
  0x2f, 0x64, 0x65, 0x63, 0x5f, 0x67, 0x72, 0x75, 0x2f, 0x67, 0x72, 0x75, 
  0x5f, 0x63, 0x65, 0x6c, 0x6c, 0x5f, 0x32, 0x2f, 0x73, 0x70, 0x6c, 0x69, 
  0x74, 0x5f, 0x36, 0x32, 0x31, 0x00, 0x00, 0x00, 0x02, 0x00, 0x00, 0x00, 
  0x01, 0x00, 0x00, 0x00, 0x04, 0x00, 0x00, 0x00, 0xbe, 0x8e, 0xfe, 0xff, 
  0x00, 0x00, 0x00, 0x01, 0x18, 0x00, 0x00, 0x00, 0x20, 0x00, 0x00, 0x00, 
  0x40, 0x00, 0x00, 0x00, 0xaa, 0x01, 0x00, 0x00, 0x00, 0x00, 0x00, 0x09, 
  0x00, 0x01, 0x00, 0x00, 0x02, 0x00, 0x00, 0x00, 0xff, 0xff, 0xff, 0xff, 
  0x04, 0x00, 0x00, 0x00, 0xa4, 0x8e, 0xfe, 0xff, 0x08, 0x00, 0x00, 0x00, 
  0x14, 0x00, 0x00, 0x00, 0x01, 0x00, 0x00, 0x00, 0x3d, 0x00, 0x00, 0x00, 
  0x00, 0x00, 0x00, 0x00, 0x00, 0x00, 0x00, 0x00, 0x01, 0x00, 0x00, 0x00, 
  0xf5, 0x9a, 0x42, 0x3d, 0xc4, 0x00, 0x00, 0x00, 0x73, 0x61, 0x66, 0x65, 
  0x62, 0x61, 0x6e, 0x64, 0x5f, 0x76, 0x32, 0x5f, 0x64, 0x65, 0x70, 0x6c, 
  0x6f, 0x79, 0x6d, 0x65, 0x6e, 0x74, 0x2f, 0x6d, 0x6f, 0x74, 0x69, 0x6f, 
  0x6e, 0x5f, 0x64, 0x65, 0x63, 0x6f, 0x64, 0x65, 0x72, 0x2f, 0x64, 0x65, 
  0x63, 0x5f, 0x67, 0x72, 0x75, 0x2f, 0x67, 0x72, 0x75, 0x5f, 0x63, 0x65, 
  0x6c, 0x6c, 0x5f, 0x32, 0x2f, 0x73, 0x70, 0x6c, 0x69, 0x74, 0x5f, 0x36, 
  0x3b, 0x73, 0x61, 0x66, 0x65, 0x62, 0x61, 0x6e, 0x64, 0x5f, 0x76, 0x32, 
  0x5f, 0x64, 0x65, 0x70, 0x6c, 0x6f, 0x79, 0x6d, 0x65, 0x6e, 0x74, 0x2f, 
  0x6d, 0x6f, 0x74, 0x69, 0x6f, 0x6e, 0x5f, 0x64, 0x65, 0x63, 0x6f, 0x64, 
  0x65, 0x72, 0x2f, 0x64, 0x65, 0x63, 0x5f, 0x67, 0x72, 0x75, 0x2f, 0x67, 
  0x72, 0x75, 0x5f, 0x63, 0x65, 0x6c, 0x6c, 0x5f, 0x32, 0x2f, 0x73, 0x70, 
  0x6c, 0x69, 0x74, 0x5f, 0x36, 0x31, 0x3b, 0x73, 0x61, 0x66, 0x65, 0x62, 
  0x61, 0x6e, 0x64, 0x5f, 0x76, 0x32, 0x5f, 0x64, 0x65, 0x70, 0x6c, 0x6f, 
  0x79, 0x6d, 0x65, 0x6e, 0x74, 0x2f, 0x6d, 0x6f, 0x74, 0x69, 0x6f, 0x6e, 
  0x5f, 0x64, 0x65, 0x63, 0x6f, 0x64, 0x65, 0x72, 0x2f, 0x64, 0x65, 0x63, 
  0x5f, 0x67, 0x72, 0x75, 0x2f, 0x67, 0x72, 0x75, 0x5f, 0x63, 0x65, 0x6c, 
  0x6c, 0x5f, 0x32, 0x2f, 0x73, 0x70, 0x6c, 0x69, 0x74, 0x5f, 0x36, 0x32, 
  0x00, 0x00, 0x00, 0x00, 0x02, 0x00, 0x00, 0x00, 0x01, 0x00, 0x00, 0x00, 
  0x04, 0x00, 0x00, 0x00, 0xe6, 0x8f, 0xfe, 0xff, 0x00, 0x00, 0x00, 0x01, 
  0x18, 0x00, 0x00, 0x00, 0x20, 0x00, 0x00, 0x00, 0x40, 0x00, 0x00, 0x00, 
  0xa9, 0x01, 0x00, 0x00, 0x00, 0x00, 0x00, 0x09, 0xc0, 0x00, 0x00, 0x00, 
  0x02, 0x00, 0x00, 0x00, 0xff, 0xff, 0xff, 0xff, 0x0c, 0x00, 0x00, 0x00, 
  0xcc, 0x8f, 0xfe, 0xff, 0x08, 0x00, 0x00, 0x00, 0x14, 0x00, 0x00, 0x00, 
  0x01, 0x00, 0x00, 0x00, 0x3d, 0x00, 0x00, 0x00, 0x00, 0x00, 0x00, 0x00, 
  0x00, 0x00, 0x00, 0x00, 0x01, 0x00, 0x00, 0x00, 0xf5, 0x9a, 0x42, 0x3d, 
  0x84, 0x00, 0x00, 0x00, 0x73, 0x61, 0x66, 0x65, 0x62, 0x61, 0x6e, 0x64, 
  0x5f, 0x76, 0x32, 0x5f, 0x64, 0x65, 0x70, 0x6c, 0x6f, 0x79, 0x6d, 0x65, 
  0x6e, 0x74, 0x2f, 0x6d, 0x6f, 0x74, 0x69, 0x6f, 0x6e, 0x5f, 0x64, 0x65, 
  0x63, 0x6f, 0x64, 0x65, 0x72, 0x2f, 0x64, 0x65, 0x63, 0x5f, 0x67, 0x72, 
  0x75, 0x2f, 0x67, 0x72, 0x75, 0x5f, 0x63, 0x65, 0x6c, 0x6c, 0x5f, 0x32, 
  0x2f, 0x4d, 0x61, 0x74, 0x4d, 0x75, 0x6c, 0x5f, 0x36, 0x3b, 0x73, 0x61, 
  0x66, 0x65, 0x62, 0x61, 0x6e, 0x64, 0x5f, 0x76, 0x32, 0x5f, 0x64, 0x65, 
  0x70, 0x6c, 0x6f, 0x79, 0x6d, 0x65, 0x6e, 0x74, 0x2f, 0x6d, 0x6f, 0x74, 
  0x69, 0x6f, 0x6e, 0x5f, 0x64, 0x65, 0x63, 0x6f, 0x64, 0x65, 0x72, 0x2f, 
  0x64, 0x65, 0x63, 0x5f, 0x67, 0x72, 0x75, 0x2f, 0x67, 0x72, 0x75, 0x5f, 
  0x63, 0x65, 0x6c, 0x6c, 0x5f, 0x32, 0x2f, 0x42, 0x69, 0x61, 0x73, 0x41, 
  0x64, 0x64, 0x5f, 0x36, 0x00, 0x00, 0x00, 0x00, 0x02, 0x00, 0x00, 0x00, 
  0x01, 0x00, 0x00, 0x00, 0x0c, 0x00, 0x00, 0x00, 0xce, 0x90, 0xfe, 0xff, 
  0x00, 0x00, 0x00, 0x01, 0x18, 0x00, 0x00, 0x00, 0x20, 0x00, 0x00, 0x00, 
  0x40, 0x00, 0x00, 0x00, 0xa8, 0x01, 0x00, 0x00, 0x00, 0x00, 0x00, 0x09, 
  0x00, 0x01, 0x00, 0x00, 0x02, 0x00, 0x00, 0x00, 0xff, 0xff, 0xff, 0xff, 
  0x04, 0x00, 0x00, 0x00, 0xb4, 0x90, 0xfe, 0xff, 0x08, 0x00, 0x00, 0x00, 
  0x14, 0x00, 0x00, 0x00, 0x01, 0x00, 0x00, 0x00, 0xea, 0xff, 0xff, 0xff, 
  0xff, 0xff, 0xff, 0xff, 0x00, 0x00, 0x00, 0x00, 0x01, 0x00, 0x00, 0x00, 
  0x09, 0x25, 0xfb, 0x3c, 0xc5, 0x00, 0x00, 0x00, 0x73, 0x61, 0x66, 0x65, 
  0x62, 0x61, 0x6e, 0x64, 0x5f, 0x76, 0x32, 0x5f, 0x64, 0x65, 0x70, 0x6c, 
  0x6f, 0x79, 0x6d, 0x65, 0x6e, 0x74, 0x2f, 0x6d, 0x6f, 0x74, 0x69, 0x6f, 
  0x6e, 0x5f, 0x64, 0x65, 0x63, 0x6f, 0x64, 0x65, 0x72, 0x2f, 0x64, 0x65, 
  0x63, 0x5f, 0x67, 0x72, 0x75, 0x2f, 0x67, 0x72, 0x75, 0x5f, 0x63, 0x65, 
  0x6c, 0x6c, 0x5f, 0x32, 0x2f, 0x73, 0x70, 0x6c, 0x69, 0x74, 0x5f, 0x37, 
  0x3b, 0x73, 0x61, 0x66, 0x65, 0x62, 0x61, 0x6e, 0x64, 0x5f, 0x76, 0x32, 
  0x5f, 0x64, 0x65, 0x70, 0x6c, 0x6f, 0x79, 0x6d, 0x65, 0x6e, 0x74, 0x2f, 
  0x6d, 0x6f, 0x74, 0x69, 0x6f, 0x6e, 0x5f, 0x64, 0x65, 0x63, 0x6f, 0x64, 
  0x65, 0x72, 0x2f, 0x64, 0x65, 0x63, 0x5f, 0x67, 0x72, 0x75, 0x2f, 0x67, 
  0x72, 0x75, 0x5f, 0x63, 0x65, 0x6c, 0x6c, 0x5f, 0x32, 0x2f, 0x73, 0x70, 
  0x6c, 0x69, 0x74, 0x5f, 0x37, 0x31, 0x3b, 0x73, 0x61, 0x66, 0x65, 0x62, 
  0x61, 0x6e, 0x64, 0x5f, 0x76, 0x32, 0x5f, 0x64, 0x65, 0x70, 0x6c, 0x6f, 
  0x79, 0x6d, 0x65, 0x6e, 0x74, 0x2f, 0x6d, 0x6f, 0x74, 0x69, 0x6f, 0x6e, 
  0x5f, 0x64, 0x65, 0x63, 0x6f, 0x64, 0x65, 0x72, 0x2f, 0x64, 0x65, 0x63, 
  0x5f, 0x67, 0x72, 0x75, 0x2f, 0x67, 0x72, 0x75, 0x5f, 0x63, 0x65, 0x6c, 
  0x6c, 0x5f, 0x32, 0x2f, 0x73, 0x70, 0x6c, 0x69, 0x74, 0x5f, 0x37, 0x32, 
  0x32, 0x00, 0x00, 0x00, 0x02, 0x00, 0x00, 0x00, 0x01, 0x00, 0x00, 0x00, 
  0x04, 0x00, 0x00, 0x00, 0xf6, 0x91, 0xfe, 0xff, 0x00, 0x00, 0x00, 0x01, 
  0x18, 0x00, 0x00, 0x00, 0x20, 0x00, 0x00, 0x00, 0x40, 0x00, 0x00, 0x00, 
  0xa7, 0x01, 0x00, 0x00, 0x00, 0x00, 0x00, 0x09, 0x00, 0x01, 0x00, 0x00, 
  0x02, 0x00, 0x00, 0x00, 0xff, 0xff, 0xff, 0xff, 0x04, 0x00, 0x00, 0x00, 
  0xdc, 0x91, 0xfe, 0xff, 0x08, 0x00, 0x00, 0x00, 0x14, 0x00, 0x00, 0x00, 
  0x01, 0x00, 0x00, 0x00, 0xea, 0xff, 0xff, 0xff, 0xff, 0xff, 0xff, 0xff, 
  0x00, 0x00, 0x00, 0x00, 0x01, 0x00, 0x00, 0x00, 0x09, 0x25, 0xfb, 0x3c, 
  0xc5, 0x00, 0x00, 0x00, 0x73, 0x61, 0x66, 0x65, 0x62, 0x61, 0x6e, 0x64, 
  0x5f, 0x76, 0x32, 0x5f, 0x64, 0x65, 0x70, 0x6c, 0x6f, 0x79, 0x6d, 0x65, 
  0x6e, 0x74, 0x2f, 0x6d, 0x6f, 0x74, 0x69, 0x6f, 0x6e, 0x5f, 0x64, 0x65, 
  0x63, 0x6f, 0x64, 0x65, 0x72, 0x2f, 0x64, 0x65, 0x63, 0x5f, 0x67, 0x72, 
  0x75, 0x2f, 0x67, 0x72, 0x75, 0x5f, 0x63, 0x65, 0x6c, 0x6c, 0x5f, 0x32, 
  0x2f, 0x73, 0x70, 0x6c, 0x69, 0x74, 0x5f, 0x37, 0x3b, 0x73, 0x61, 0x66, 
  0x65, 0x62, 0x61, 0x6e, 0x64, 0x5f, 0x76, 0x32, 0x5f, 0x64, 0x65, 0x70, 
  0x6c, 0x6f, 0x79, 0x6d, 0x65, 0x6e, 0x74, 0x2f, 0x6d, 0x6f, 0x74, 0x69, 
  0x6f, 0x6e, 0x5f, 0x64, 0x65, 0x63, 0x6f, 0x64, 0x65, 0x72, 0x2f, 0x64, 
  0x65, 0x63, 0x5f, 0x67, 0x72, 0x75, 0x2f, 0x67, 0x72, 0x75, 0x5f, 0x63, 
  0x65, 0x6c, 0x6c, 0x5f, 0x32, 0x2f, 0x73, 0x70, 0x6c, 0x69, 0x74, 0x5f, 
  0x37, 0x31, 0x3b, 0x73, 0x61, 0x66, 0x65, 0x62, 0x61, 0x6e, 0x64, 0x5f, 
  0x76, 0x32, 0x5f, 0x64, 0x65, 0x70, 0x6c, 0x6f, 0x79, 0x6d, 0x65, 0x6e, 
  0x74, 0x2f, 0x6d, 0x6f, 0x74, 0x69, 0x6f, 0x6e, 0x5f, 0x64, 0x65, 0x63, 
  0x6f, 0x64, 0x65, 0x72, 0x2f, 0x64, 0x65, 0x63, 0x5f, 0x67, 0x72, 0x75, 
  0x2f, 0x67, 0x72, 0x75, 0x5f, 0x63, 0x65, 0x6c, 0x6c, 0x5f, 0x32, 0x2f, 
  0x73, 0x70, 0x6c, 0x69, 0x74, 0x5f, 0x37, 0x32, 0x31, 0x00, 0x00, 0x00, 
  0x02, 0x00, 0x00, 0x00, 0x01, 0x00, 0x00, 0x00, 0x04, 0x00, 0x00, 0x00, 
  0x1e, 0x93, 0xfe, 0xff, 0x00, 0x00, 0x00, 0x01, 0x18, 0x00, 0x00, 0x00, 
  0x20, 0x00, 0x00, 0x00, 0x40, 0x00, 0x00, 0x00, 0xa6, 0x01, 0x00, 0x00, 
  0x00, 0x00, 0x00, 0x09, 0x00, 0x01, 0x00, 0x00, 0x02, 0x00, 0x00, 0x00, 
  0xff, 0xff, 0xff, 0xff, 0x04, 0x00, 0x00, 0x00, 0x04, 0x93, 0xfe, 0xff, 
  0x08, 0x00, 0x00, 0x00, 0x14, 0x00, 0x00, 0x00, 0x01, 0x00, 0x00, 0x00, 
  0xea, 0xff, 0xff, 0xff, 0xff, 0xff, 0xff, 0xff, 0x00, 0x00, 0x00, 0x00, 
  0x01, 0x00, 0x00, 0x00, 0x09, 0x25, 0xfb, 0x3c, 0xc4, 0x00, 0x00, 0x00, 
  0x73, 0x61, 0x66, 0x65, 0x62, 0x61, 0x6e, 0x64, 0x5f, 0x76, 0x32, 0x5f, 
  0x64, 0x65, 0x70, 0x6c, 0x6f, 0x79, 0x6d, 0x65, 0x6e, 0x74, 0x2f, 0x6d, 
  0x6f, 0x74, 0x69, 0x6f, 0x6e, 0x5f, 0x64, 0x65, 0x63, 0x6f, 0x64, 0x65, 
  0x72, 0x2f, 0x64, 0x65, 0x63, 0x5f, 0x67, 0x72, 0x75, 0x2f, 0x67, 0x72, 
  0x75, 0x5f, 0x63, 0x65, 0x6c, 0x6c, 0x5f, 0x32, 0x2f, 0x73, 0x70, 0x6c, 
  0x69, 0x74, 0x5f, 0x37, 0x3b, 0x73, 0x61, 0x66, 0x65, 0x62, 0x61, 0x6e, 
  0x64, 0x5f, 0x76, 0x32, 0x5f, 0x64, 0x65, 0x70, 0x6c, 0x6f, 0x79, 0x6d, 
  0x65, 0x6e, 0x74, 0x2f, 0x6d, 0x6f, 0x74, 0x69, 0x6f, 0x6e, 0x5f, 0x64, 
  0x65, 0x63, 0x6f, 0x64, 0x65, 0x72, 0x2f, 0x64, 0x65, 0x63, 0x5f, 0x67, 
  0x72, 0x75, 0x2f, 0x67, 0x72, 0x75, 0x5f, 0x63, 0x65, 0x6c, 0x6c, 0x5f, 
  0x32, 0x2f, 0x73, 0x70, 0x6c, 0x69, 0x74, 0x5f, 0x37, 0x31, 0x3b, 0x73, 
  0x61, 0x66, 0x65, 0x62, 0x61, 0x6e, 0x64, 0x5f, 0x76, 0x32, 0x5f, 0x64, 
  0x65, 0x70, 0x6c, 0x6f, 0x79, 0x6d, 0x65, 0x6e, 0x74, 0x2f, 0x6d, 0x6f, 
  0x74, 0x69, 0x6f, 0x6e, 0x5f, 0x64, 0x65, 0x63, 0x6f, 0x64, 0x65, 0x72, 
  0x2f, 0x64, 0x65, 0x63, 0x5f, 0x67, 0x72, 0x75, 0x2f, 0x67, 0x72, 0x75, 
  0x5f, 0x63, 0x65, 0x6c, 0x6c, 0x5f, 0x32, 0x2f, 0x73, 0x70, 0x6c, 0x69, 
  0x74, 0x5f, 0x37, 0x32, 0x00, 0x00, 0x00, 0x00, 0x02, 0x00, 0x00, 0x00, 
  0x01, 0x00, 0x00, 0x00, 0x04, 0x00, 0x00, 0x00, 0x46, 0x94, 0xfe, 0xff, 
  0x00, 0x00, 0x00, 0x01, 0x18, 0x00, 0x00, 0x00, 0x20, 0x00, 0x00, 0x00, 
  0x40, 0x00, 0x00, 0x00, 0xa5, 0x01, 0x00, 0x00, 0x00, 0x00, 0x00, 0x09, 
  0xc0, 0x00, 0x00, 0x00, 0x02, 0x00, 0x00, 0x00, 0xff, 0xff, 0xff, 0xff, 
  0x0c, 0x00, 0x00, 0x00, 0x2c, 0x94, 0xfe, 0xff, 0x08, 0x00, 0x00, 0x00, 
  0x14, 0x00, 0x00, 0x00, 0x01, 0x00, 0x00, 0x00, 0xea, 0xff, 0xff, 0xff, 
  0xff, 0xff, 0xff, 0xff, 0x00, 0x00, 0x00, 0x00, 0x01, 0x00, 0x00, 0x00, 
  0x09, 0x25, 0xfb, 0x3c, 0x84, 0x00, 0x00, 0x00, 0x73, 0x61, 0x66, 0x65, 
  0x62, 0x61, 0x6e, 0x64, 0x5f, 0x76, 0x32, 0x5f, 0x64, 0x65, 0x70, 0x6c, 
  0x6f, 0x79, 0x6d, 0x65, 0x6e, 0x74, 0x2f, 0x6d, 0x6f, 0x74, 0x69, 0x6f, 
  0x6e, 0x5f, 0x64, 0x65, 0x63, 0x6f, 0x64, 0x65, 0x72, 0x2f, 0x64, 0x65, 
  0x63, 0x5f, 0x67, 0x72, 0x75, 0x2f, 0x67, 0x72, 0x75, 0x5f, 0x63, 0x65, 
  0x6c, 0x6c, 0x5f, 0x32, 0x2f, 0x4d, 0x61, 0x74, 0x4d, 0x75, 0x6c, 0x5f, 
  0x37, 0x3b, 0x73, 0x61, 0x66, 0x65, 0x62, 0x61, 0x6e, 0x64, 0x5f, 0x76, 
  0x32, 0x5f, 0x64, 0x65, 0x70, 0x6c, 0x6f, 0x79, 0x6d, 0x65, 0x6e, 0x74, 
  0x2f, 0x6d, 0x6f, 0x74, 0x69, 0x6f, 0x6e, 0x5f, 0x64, 0x65, 0x63, 0x6f, 
  0x64, 0x65, 0x72, 0x2f, 0x64, 0x65, 0x63, 0x5f, 0x67, 0x72, 0x75, 0x2f, 
  0x67, 0x72, 0x75, 0x5f, 0x63, 0x65, 0x6c, 0x6c, 0x5f, 0x32, 0x2f, 0x42, 
  0x69, 0x61, 0x73, 0x41, 0x64, 0x64, 0x5f, 0x37, 0x00, 0x00, 0x00, 0x00, 
  0x02, 0x00, 0x00, 0x00, 0x01, 0x00, 0x00, 0x00, 0x0c, 0x00, 0x00, 0x00, 
  0x2e, 0x95, 0xfe, 0xff, 0x00, 0x00, 0x00, 0x01, 0x18, 0x00, 0x00, 0x00, 
  0x20, 0x00, 0x00, 0x00, 0x40, 0x00, 0x00, 0x00, 0xa4, 0x01, 0x00, 0x00, 
  0x00, 0x00, 0x00, 0x09, 0x78, 0x00, 0x00, 0x00, 0x02, 0x00, 0x00, 0x00, 
  0xff, 0xff, 0xff, 0xff, 0x04, 0x00, 0x00, 0x00, 0x14, 0x95, 0xfe, 0xff, 
  0x08, 0x00, 0x00, 0x00, 0x14, 0x00, 0x00, 0x00, 0x01, 0x00, 0x00, 0x00, 
  0x00, 0x00, 0x00, 0x00, 0x00, 0x00, 0x00, 0x00, 0x00, 0x00, 0x00, 0x00, 
  0x01, 0x00, 0x00, 0x00, 0xbf, 0x69, 0x00, 0x3c, 0x3f, 0x00, 0x00, 0x00, 
  0x73, 0x61, 0x66, 0x65, 0x62, 0x61, 0x6e, 0x64, 0x5f, 0x76, 0x32, 0x5f, 
  0x64, 0x65, 0x70, 0x6c, 0x6f, 0x79, 0x6d, 0x65, 0x6e, 0x74, 0x2f, 0x6d, 
  0x6f, 0x74, 0x69, 0x6f, 0x6e, 0x5f, 0x64, 0x65, 0x63, 0x6f, 0x64, 0x65, 
  0x72, 0x2f, 0x64, 0x65, 0x63, 0x5f, 0x67, 0x72, 0x75, 0x2f, 0x67, 0x72, 
  0x75, 0x5f, 0x63, 0x65, 0x6c, 0x6c, 0x5f, 0x32, 0x2f, 0x61, 0x64, 0x64, 
  0x5f, 0x31, 0x31, 0x00, 0x02, 0x00, 0x00, 0x00, 0x01, 0x00, 0x00, 0x00, 
  0x04, 0x00, 0x00, 0x00, 0xce, 0x95, 0xfe, 0xff, 0x00, 0x00, 0x00, 0x01, 
  0x18, 0x00, 0x00, 0x00, 0x20, 0x00, 0x00, 0x00, 0x40, 0x00, 0x00, 0x00, 
  0xa3, 0x01, 0x00, 0x00, 0x00, 0x00, 0x00, 0x09, 0x78, 0x00, 0x00, 0x00, 
  0x02, 0x00, 0x00, 0x00, 0xff, 0xff, 0xff, 0xff, 0x04, 0x00, 0x00, 0x00, 
  0xb4, 0x95, 0xfe, 0xff, 0x08, 0x00, 0x00, 0x00, 0x14, 0x00, 0x00, 0x00, 
  0x01, 0x00, 0x00, 0x00, 0x00, 0x00, 0x00, 0x00, 0x00, 0x00, 0x00, 0x00, 
  0x00, 0x00, 0x00, 0x00, 0x01, 0x00, 0x00, 0x00, 0xe7, 0x5e, 0x00, 0x3c, 
  0x3e, 0x00, 0x00, 0x00, 0x73, 0x61, 0x66, 0x65, 0x62, 0x61, 0x6e, 0x64, 
  0x5f, 0x76, 0x32, 0x5f, 0x64, 0x65, 0x70, 0x6c, 0x6f, 0x79, 0x6d, 0x65, 
  0x6e, 0x74, 0x2f, 0x6d, 0x6f, 0x74, 0x69, 0x6f, 0x6e, 0x5f, 0x64, 0x65, 
  0x63, 0x6f, 0x64, 0x65, 0x72, 0x2f, 0x64, 0x65, 0x63, 0x5f, 0x67, 0x72, 
  0x75, 0x2f, 0x67, 0x72, 0x75, 0x5f, 0x63, 0x65, 0x6c, 0x6c, 0x5f, 0x32, 
  0x2f, 0x6d, 0x75, 0x6c, 0x5f, 0x38, 0x00, 0x00, 0x02, 0x00, 0x00, 0x00, 
  0x01, 0x00, 0x00, 0x00, 0x04, 0x00, 0x00, 0x00, 0x6e, 0x96, 0xfe, 0xff, 
  0x00, 0x00, 0x00, 0x01, 0x18, 0x00, 0x00, 0x00, 0x20, 0x00, 0x00, 0x00, 
  0x40, 0x00, 0x00, 0x00, 0xa2, 0x01, 0x00, 0x00, 0x00, 0x00, 0x00, 0x09, 
  0x78, 0x00, 0x00, 0x00, 0x02, 0x00, 0x00, 0x00, 0xff, 0xff, 0xff, 0xff, 
  0x04, 0x00, 0x00, 0x00, 0x54, 0x96, 0xfe, 0xff, 0x08, 0x00, 0x00, 0x00, 
  0x14, 0x00, 0x00, 0x00, 0x01, 0x00, 0x00, 0x00, 0x00, 0x00, 0x00, 0x00, 
  0x00, 0x00, 0x00, 0x00, 0x00, 0x00, 0x00, 0x00, 0x01, 0x00, 0x00, 0x00, 
  0x00, 0x00, 0x00, 0x3c, 0x3f, 0x00, 0x00, 0x00, 0x73, 0x61, 0x66, 0x65, 
  0x62, 0x61, 0x6e, 0x64, 0x5f, 0x76, 0x32, 0x5f, 0x64, 0x65, 0x70, 0x6c, 
  0x6f, 0x79, 0x6d, 0x65, 0x6e, 0x74, 0x2f, 0x6d, 0x6f, 0x74, 0x69, 0x6f, 
  0x6e, 0x5f, 0x64, 0x65, 0x63, 0x6f, 0x64, 0x65, 0x72, 0x2f, 0x64, 0x65, 
  0x63, 0x5f, 0x67, 0x72, 0x75, 0x2f, 0x67, 0x72, 0x75, 0x5f, 0x63, 0x65, 
  0x6c, 0x6c, 0x5f, 0x32, 0x2f, 0x54, 0x61, 0x6e, 0x68, 0x5f, 0x32, 0x00, 
  0x02, 0x00, 0x00, 0x00, 0x01, 0x00, 0x00, 0x00, 0x04, 0x00, 0x00, 0x00, 
  0x0e, 0x97, 0xfe, 0xff, 0x00, 0x00, 0x00, 0x01, 0x18, 0x00, 0x00, 0x00, 
  0x20, 0x00, 0x00, 0x00, 0x40, 0x00, 0x00, 0x00, 0xa1, 0x01, 0x00, 0x00, 
  0x00, 0x00, 0x00, 0x09, 0x78, 0x00, 0x00, 0x00, 0x02, 0x00, 0x00, 0x00, 
  0xff, 0xff, 0xff, 0xff, 0x04, 0x00, 0x00, 0x00, 0xf4, 0x96, 0xfe, 0xff, 
  0x08, 0x00, 0x00, 0x00, 0x14, 0x00, 0x00, 0x00, 0x01, 0x00, 0x00, 0x00, 
  0x09, 0x00, 0x00, 0x00, 0x00, 0x00, 0x00, 0x00, 0x00, 0x00, 0x00, 0x00, 
  0x01, 0x00, 0x00, 0x00, 0x50, 0xee, 0x02, 0x3d, 0x3f, 0x00, 0x00, 0x00, 
  0x73, 0x61, 0x66, 0x65, 0x62, 0x61, 0x6e, 0x64, 0x5f, 0x76, 0x32, 0x5f, 
  0x64, 0x65, 0x70, 0x6c, 0x6f, 0x79, 0x6d, 0x65, 0x6e, 0x74, 0x2f, 0x6d, 
  0x6f, 0x74, 0x69, 0x6f, 0x6e, 0x5f, 0x64, 0x65, 0x63, 0x6f, 0x64, 0x65, 
  0x72, 0x2f, 0x64, 0x65, 0x63, 0x5f, 0x67, 0x72, 0x75, 0x2f, 0x67, 0x72, 
  0x75, 0x5f, 0x63, 0x65, 0x6c, 0x6c, 0x5f, 0x32, 0x2f, 0x61, 0x64, 0x64, 
  0x5f, 0x31, 0x30, 0x00, 0x02, 0x00, 0x00, 0x00, 0x01, 0x00, 0x00, 0x00, 
  0x04, 0x00, 0x00, 0x00, 0xae, 0x97, 0xfe, 0xff, 0x00, 0x00, 0x00, 0x01, 
  0x18, 0x00, 0x00, 0x00, 0x20, 0x00, 0x00, 0x00, 0x40, 0x00, 0x00, 0x00, 
  0xa0, 0x01, 0x00, 0x00, 0x00, 0x00, 0x00, 0x09, 0x78, 0x00, 0x00, 0x00, 
  0x02, 0x00, 0x00, 0x00, 0xff, 0xff, 0xff, 0xff, 0x04, 0x00, 0x00, 0x00, 
  0x94, 0x97, 0xfe, 0xff, 0x08, 0x00, 0x00, 0x00, 0x14, 0x00, 0x00, 0x00, 
  0x01, 0x00, 0x00, 0x00, 0xba, 0xff, 0xff, 0xff, 0xff, 0xff, 0xff, 0xff, 
  0x00, 0x00, 0x00, 0x00, 0x01, 0x00, 0x00, 0x00, 0xda, 0xb9, 0xe7, 0x3b, 
  0x3e, 0x00, 0x00, 0x00, 0x73, 0x61, 0x66, 0x65, 0x62, 0x61, 0x6e, 0x64, 
  0x5f, 0x76, 0x32, 0x5f, 0x64, 0x65, 0x70, 0x6c, 0x6f, 0x79, 0x6d, 0x65, 
  0x6e, 0x74, 0x2f, 0x6d, 0x6f, 0x74, 0x69, 0x6f, 0x6e, 0x5f, 0x64, 0x65, 
  0x63, 0x6f, 0x64, 0x65, 0x72, 0x2f, 0x64, 0x65, 0x63, 0x5f, 0x67, 0x72, 
  0x75, 0x2f, 0x67, 0x72, 0x75, 0x5f, 0x63, 0x65, 0x6c, 0x6c, 0x5f, 0x32, 
  0x2f, 0x6d, 0x75, 0x6c, 0x5f, 0x36, 0x00, 0x00, 0x02, 0x00, 0x00, 0x00, 
  0x01, 0x00, 0x00, 0x00, 0x04, 0x00, 0x00, 0x00, 0x4e, 0x98, 0xfe, 0xff, 
  0x00, 0x00, 0x00, 0x01, 0x18, 0x00, 0x00, 0x00, 0x20, 0x00, 0x00, 0x00, 
  0x3c, 0x00, 0x00, 0x00, 0x9f, 0x01, 0x00, 0x00, 0x00, 0x00, 0x00, 0x09, 
  0x78, 0x00, 0x00, 0x00, 0x02, 0x00, 0x00, 0x00, 0xff, 0xff, 0xff, 0xff, 
  0x04, 0x00, 0x00, 0x00, 0x34, 0x98, 0xfe, 0xff, 0x08, 0x00, 0x00, 0x00, 
  0x10, 0x00, 0x00, 0x00, 0x01, 0x00, 0x00, 0x00, 0x80, 0xff, 0xff, 0xff, 
  0xff, 0xff, 0xff, 0xff, 0x01, 0x00, 0x00, 0x00, 0x00, 0x00, 0x80, 0x3b, 
  0x42, 0x00, 0x00, 0x00, 0x73, 0x61, 0x66, 0x65, 0x62, 0x61, 0x6e, 0x64, 
  0x5f, 0x76, 0x32, 0x5f, 0x64, 0x65, 0x70, 0x6c, 0x6f, 0x79, 0x6d, 0x65, 
  0x6e, 0x74, 0x2f, 0x6d, 0x6f, 0x74, 0x69, 0x6f, 0x6e, 0x5f, 0x64, 0x65, 
  0x63, 0x6f, 0x64, 0x65, 0x72, 0x2f, 0x64, 0x65, 0x63, 0x5f, 0x67, 0x72, 
  0x75, 0x2f, 0x67, 0x72, 0x75, 0x5f, 0x63, 0x65, 0x6c, 0x6c, 0x5f, 0x32, 
  0x2f, 0x53, 0x69, 0x67, 0x6d, 0x6f, 0x69, 0x64, 0x5f, 0x35, 0x00, 0x00, 
  0x02, 0x00, 0x00, 0x00, 0x01, 0x00, 0x00, 0x00, 0x04, 0x00, 0x00, 0x00, 
  0xee, 0x98, 0xfe, 0xff, 0x00, 0x00, 0x00, 0x01, 0x18, 0x00, 0x00, 0x00, 
  0x20, 0x00, 0x00, 0x00, 0x40, 0x00, 0x00, 0x00, 0x9e, 0x01, 0x00, 0x00, 
  0x00, 0x00, 0x00, 0x09, 0x78, 0x00, 0x00, 0x00, 0x02, 0x00, 0x00, 0x00, 
  0xff, 0xff, 0xff, 0xff, 0x04, 0x00, 0x00, 0x00, 0xd4, 0x98, 0xfe, 0xff, 
  0x08, 0x00, 0x00, 0x00, 0x14, 0x00, 0x00, 0x00, 0x01, 0x00, 0x00, 0x00, 
  0x0d, 0x00, 0x00, 0x00, 0x00, 0x00, 0x00, 0x00, 0x00, 0x00, 0x00, 0x00, 
  0x01, 0x00, 0x00, 0x00, 0xbe, 0x41, 0xce, 0x3c, 0x3e, 0x00, 0x00, 0x00, 
  0x73, 0x61, 0x66, 0x65, 0x62, 0x61, 0x6e, 0x64, 0x5f, 0x76, 0x32, 0x5f, 
  0x64, 0x65, 0x70, 0x6c, 0x6f, 0x79, 0x6d, 0x65, 0x6e, 0x74, 0x2f, 0x6d, 
  0x6f, 0x74, 0x69, 0x6f, 0x6e, 0x5f, 0x64, 0x65, 0x63, 0x6f, 0x64, 0x65, 
  0x72, 0x2f, 0x64, 0x65, 0x63, 0x5f, 0x67, 0x72, 0x75, 0x2f, 0x67, 0x72, 
  0x75, 0x5f, 0x63, 0x65, 0x6c, 0x6c, 0x5f, 0x32, 0x2f, 0x61, 0x64, 0x64, 
  0x5f, 0x39, 0x00, 0x00, 0x02, 0x00, 0x00, 0x00, 0x01, 0x00, 0x00, 0x00, 
  0x04, 0x00, 0x00, 0x00, 0x8e, 0x99, 0xfe, 0xff, 0x00, 0x00, 0x00, 0x01, 
  0x18, 0x00, 0x00, 0x00, 0x20, 0x00, 0x00, 0x00, 0x40, 0x00, 0x00, 0x00, 
  0x9d, 0x01, 0x00, 0x00, 0x00, 0x00, 0x00, 0x09, 0x78, 0x00, 0x00, 0x00, 
  0x02, 0x00, 0x00, 0x00, 0xff, 0xff, 0xff, 0xff, 0x04, 0x00, 0x00, 0x00, 
  0x74, 0x99, 0xfe, 0xff, 0x08, 0x00, 0x00, 0x00, 0x14, 0x00, 0x00, 0x00, 
  0x01, 0x00, 0x00, 0x00, 0x80, 0xff, 0xff, 0xff, 0xff, 0xff, 0xff, 0xff, 
  0x00, 0x00, 0x00, 0x00, 0x01, 0x00, 0x00, 0x00, 0x96, 0x7e, 0x80, 0x3b, 
  0x3e, 0x00, 0x00, 0x00, 0x73, 0x61, 0x66, 0x65, 0x62, 0x61, 0x6e, 0x64, 
  0x5f, 0x76, 0x32, 0x5f, 0x64, 0x65, 0x70, 0x6c, 0x6f, 0x79, 0x6d, 0x65, 
  0x6e, 0x74, 0x2f, 0x6d, 0x6f, 0x74, 0x69, 0x6f, 0x6e, 0x5f, 0x64, 0x65, 
  0x63, 0x6f, 0x64, 0x65, 0x72, 0x2f, 0x64, 0x65, 0x63, 0x5f, 0x67, 0x72, 
  0x75, 0x2f, 0x67, 0x72, 0x75, 0x5f, 0x63, 0x65, 0x6c, 0x6c, 0x5f, 0x32, 
  0x2f, 0x73, 0x75, 0x62, 0x5f, 0x32, 0x00, 0x00, 0x02, 0x00, 0x00, 0x00, 
  0x01, 0x00, 0x00, 0x00, 0x04, 0x00, 0x00, 0x00, 0x2e, 0x9a, 0xfe, 0xff, 
  0x00, 0x00, 0x00, 0x01, 0x18, 0x00, 0x00, 0x00, 0x20, 0x00, 0x00, 0x00, 
  0x40, 0x00, 0x00, 0x00, 0x9c, 0x01, 0x00, 0x00, 0x00, 0x00, 0x00, 0x09, 
  0x78, 0x00, 0x00, 0x00, 0x02, 0x00, 0x00, 0x00, 0xff, 0xff, 0xff, 0xff, 
  0x04, 0x00, 0x00, 0x00, 0x14, 0x9a, 0xfe, 0xff, 0x08, 0x00, 0x00, 0x00, 
  0x14, 0x00, 0x00, 0x00, 0x01, 0x00, 0x00, 0x00, 0x41, 0x00, 0x00, 0x00, 
  0x00, 0x00, 0x00, 0x00, 0x00, 0x00, 0x00, 0x00, 0x01, 0x00, 0x00, 0x00, 
  0x0e, 0xfc, 0xb1, 0x3a, 0x3e, 0x00, 0x00, 0x00, 0x73, 0x61, 0x66, 0x65, 
  0x62, 0x61, 0x6e, 0x64, 0x5f, 0x76, 0x32, 0x5f, 0x64, 0x65, 0x70, 0x6c, 
  0x6f, 0x79, 0x6d, 0x65, 0x6e, 0x74, 0x2f, 0x6d, 0x6f, 0x74, 0x69, 0x6f, 
  0x6e, 0x5f, 0x64, 0x65, 0x63, 0x6f, 0x64, 0x65, 0x72, 0x2f, 0x64, 0x65, 
  0x63, 0x5f, 0x67, 0x72, 0x75, 0x2f, 0x67, 0x72, 0x75, 0x5f, 0x63, 0x65, 
  0x6c, 0x6c, 0x5f, 0x32, 0x2f, 0x6d, 0x75, 0x6c, 0x5f, 0x37, 0x00, 0x00, 
  0x02, 0x00, 0x00, 0x00, 0x01, 0x00, 0x00, 0x00, 0x04, 0x00, 0x00, 0x00, 
  0xce, 0x9a, 0xfe, 0xff, 0x00, 0x00, 0x00, 0x01, 0x18, 0x00, 0x00, 0x00, 
  0x20, 0x00, 0x00, 0x00, 0x3c, 0x00, 0x00, 0x00, 0x9b, 0x01, 0x00, 0x00, 
  0x00, 0x00, 0x00, 0x09, 0x78, 0x00, 0x00, 0x00, 0x02, 0x00, 0x00, 0x00, 
  0xff, 0xff, 0xff, 0xff, 0x04, 0x00, 0x00, 0x00, 0xb4, 0x9a, 0xfe, 0xff, 
  0x08, 0x00, 0x00, 0x00, 0x10, 0x00, 0x00, 0x00, 0x01, 0x00, 0x00, 0x00, 
  0x80, 0xff, 0xff, 0xff, 0xff, 0xff, 0xff, 0xff, 0x01, 0x00, 0x00, 0x00, 
  0x00, 0x00, 0x80, 0x3b, 0x42, 0x00, 0x00, 0x00, 0x73, 0x61, 0x66, 0x65, 
  0x62, 0x61, 0x6e, 0x64, 0x5f, 0x76, 0x32, 0x5f, 0x64, 0x65, 0x70, 0x6c, 
  0x6f, 0x79, 0x6d, 0x65, 0x6e, 0x74, 0x2f, 0x6d, 0x6f, 0x74, 0x69, 0x6f, 
  0x6e, 0x5f, 0x64, 0x65, 0x63, 0x6f, 0x64, 0x65, 0x72, 0x2f, 0x64, 0x65, 
  0x63, 0x5f, 0x67, 0x72, 0x75, 0x2f, 0x67, 0x72, 0x75, 0x5f, 0x63, 0x65, 
  0x6c, 0x6c, 0x5f, 0x32, 0x2f, 0x53, 0x69, 0x67, 0x6d, 0x6f, 0x69, 0x64, 
  0x5f, 0x34, 0x00, 0x00, 0x02, 0x00, 0x00, 0x00, 0x01, 0x00, 0x00, 0x00, 
  0x04, 0x00, 0x00, 0x00, 0x6e, 0x9b, 0xfe, 0xff, 0x00, 0x00, 0x00, 0x01, 
  0x18, 0x00, 0x00, 0x00, 0x20, 0x00, 0x00, 0x00, 0x40, 0x00, 0x00, 0x00, 
  0x9a, 0x01, 0x00, 0x00, 0x00, 0x00, 0x00, 0x09, 0x78, 0x00, 0x00, 0x00, 
  0x02, 0x00, 0x00, 0x00, 0xff, 0xff, 0xff, 0xff, 0x04, 0x00, 0x00, 0x00, 
  0x54, 0x9b, 0xfe, 0xff, 0x08, 0x00, 0x00, 0x00, 0x14, 0x00, 0x00, 0x00, 
  0x01, 0x00, 0x00, 0x00, 0x7f, 0x00, 0x00, 0x00, 0x00, 0x00, 0x00, 0x00, 
  0x00, 0x00, 0x00, 0x00, 0x01, 0x00, 0x00, 0x00, 0x8b, 0x9f, 0x1c, 0x3d, 
  0x3e, 0x00, 0x00, 0x00, 0x73, 0x61, 0x66, 0x65, 0x62, 0x61, 0x6e, 0x64, 
  0x5f, 0x76, 0x32, 0x5f, 0x64, 0x65, 0x70, 0x6c, 0x6f, 0x79, 0x6d, 0x65, 
  0x6e, 0x74, 0x2f, 0x6d, 0x6f, 0x74, 0x69, 0x6f, 0x6e, 0x5f, 0x64, 0x65, 
  0x63, 0x6f, 0x64, 0x65, 0x72, 0x2f, 0x64, 0x65, 0x63, 0x5f, 0x67, 0x72, 
  0x75, 0x2f, 0x67, 0x72, 0x75, 0x5f, 0x63, 0x65, 0x6c, 0x6c, 0x5f, 0x32, 
  0x2f, 0x61, 0x64, 0x64, 0x5f, 0x38, 0x00, 0x00, 0x02, 0x00, 0x00, 0x00, 
  0x01, 0x00, 0x00, 0x00, 0x04, 0x00, 0x00, 0x00, 0x0e, 0x9c, 0xfe, 0xff, 
  0x00, 0x00, 0x00, 0x01, 0x18, 0x00, 0x00, 0x00, 0x20, 0x00, 0x00, 0x00, 
  0x40, 0x00, 0x00, 0x00, 0x99, 0x01, 0x00, 0x00, 0x00, 0x00, 0x00, 0x09, 
  0x00, 0x01, 0x00, 0x00, 0x02, 0x00, 0x00, 0x00, 0xff, 0xff, 0xff, 0xff, 
  0x04, 0x00, 0x00, 0x00, 0xf4, 0x9b, 0xfe, 0xff, 0x08, 0x00, 0x00, 0x00, 
  0x14, 0x00, 0x00, 0x00, 0x01, 0x00, 0x00, 0x00, 0x3d, 0x00, 0x00, 0x00, 
  0x00, 0x00, 0x00, 0x00, 0x00, 0x00, 0x00, 0x00, 0x01, 0x00, 0x00, 0x00, 
  0xf5, 0x9a, 0x42, 0x3d, 0xc5, 0x00, 0x00, 0x00, 0x73, 0x61, 0x66, 0x65, 
  0x62, 0x61, 0x6e, 0x64, 0x5f, 0x76, 0x32, 0x5f, 0x64, 0x65, 0x70, 0x6c, 
  0x6f, 0x79, 0x6d, 0x65, 0x6e, 0x74, 0x2f, 0x6d, 0x6f, 0x74, 0x69, 0x6f, 
  0x6e, 0x5f, 0x64, 0x65, 0x63, 0x6f, 0x64, 0x65, 0x72, 0x2f, 0x64, 0x65, 
  0x63, 0x5f, 0x67, 0x72, 0x75, 0x2f, 0x67, 0x72, 0x75, 0x5f, 0x63, 0x65, 
  0x6c, 0x6c, 0x5f, 0x32, 0x2f, 0x73, 0x70, 0x6c, 0x69, 0x74, 0x5f, 0x34, 
  0x3b, 0x73, 0x61, 0x66, 0x65, 0x62, 0x61, 0x6e, 0x64, 0x5f, 0x76, 0x32, 
  0x5f, 0x64, 0x65, 0x70, 0x6c, 0x6f, 0x79, 0x6d, 0x65, 0x6e, 0x74, 0x2f, 
  0x6d, 0x6f, 0x74, 0x69, 0x6f, 0x6e, 0x5f, 0x64, 0x65, 0x63, 0x6f, 0x64, 
  0x65, 0x72, 0x2f, 0x64, 0x65, 0x63, 0x5f, 0x67, 0x72, 0x75, 0x2f, 0x67, 
  0x72, 0x75, 0x5f, 0x63, 0x65, 0x6c, 0x6c, 0x5f, 0x32, 0x2f, 0x73, 0x70, 
  0x6c, 0x69, 0x74, 0x5f, 0x34, 0x31, 0x3b, 0x73, 0x61, 0x66, 0x65, 0x62, 
  0x61, 0x6e, 0x64, 0x5f, 0x76, 0x32, 0x5f, 0x64, 0x65, 0x70, 0x6c, 0x6f, 
  0x79, 0x6d, 0x65, 0x6e, 0x74, 0x2f, 0x6d, 0x6f, 0x74, 0x69, 0x6f, 0x6e, 
  0x5f, 0x64, 0x65, 0x63, 0x6f, 0x64, 0x65, 0x72, 0x2f, 0x64, 0x65, 0x63, 
  0x5f, 0x67, 0x72, 0x75, 0x2f, 0x67, 0x72, 0x75, 0x5f, 0x63, 0x65, 0x6c, 
  0x6c, 0x5f, 0x32, 0x2f, 0x73, 0x70, 0x6c, 0x69, 0x74, 0x5f, 0x34, 0x32, 
  0x32, 0x00, 0x00, 0x00, 0x02, 0x00, 0x00, 0x00, 0x01, 0x00, 0x00, 0x00, 
  0x04, 0x00, 0x00, 0x00, 0x36, 0x9d, 0xfe, 0xff, 0x00, 0x00, 0x00, 0x01, 
  0x18, 0x00, 0x00, 0x00, 0x20, 0x00, 0x00, 0x00, 0x40, 0x00, 0x00, 0x00, 
  0x98, 0x01, 0x00, 0x00, 0x00, 0x00, 0x00, 0x09, 0x00, 0x01, 0x00, 0x00, 
  0x02, 0x00, 0x00, 0x00, 0xff, 0xff, 0xff, 0xff, 0x04, 0x00, 0x00, 0x00, 
  0x1c, 0x9d, 0xfe, 0xff, 0x08, 0x00, 0x00, 0x00, 0x14, 0x00, 0x00, 0x00, 
  0x01, 0x00, 0x00, 0x00, 0x3d, 0x00, 0x00, 0x00, 0x00, 0x00, 0x00, 0x00, 
  0x00, 0x00, 0x00, 0x00, 0x01, 0x00, 0x00, 0x00, 0xf5, 0x9a, 0x42, 0x3d, 
  0xc5, 0x00, 0x00, 0x00, 0x73, 0x61, 0x66, 0x65, 0x62, 0x61, 0x6e, 0x64, 
  0x5f, 0x76, 0x32, 0x5f, 0x64, 0x65, 0x70, 0x6c, 0x6f, 0x79, 0x6d, 0x65, 
  0x6e, 0x74, 0x2f, 0x6d, 0x6f, 0x74, 0x69, 0x6f, 0x6e, 0x5f, 0x64, 0x65, 
  0x63, 0x6f, 0x64, 0x65, 0x72, 0x2f, 0x64, 0x65, 0x63, 0x5f, 0x67, 0x72, 
  0x75, 0x2f, 0x67, 0x72, 0x75, 0x5f, 0x63, 0x65, 0x6c, 0x6c, 0x5f, 0x32, 
  0x2f, 0x73, 0x70, 0x6c, 0x69, 0x74, 0x5f, 0x34, 0x3b, 0x73, 0x61, 0x66, 
  0x65, 0x62, 0x61, 0x6e, 0x64, 0x5f, 0x76, 0x32, 0x5f, 0x64, 0x65, 0x70, 
  0x6c, 0x6f, 0x79, 0x6d, 0x65, 0x6e, 0x74, 0x2f, 0x6d, 0x6f, 0x74, 0x69, 
  0x6f, 0x6e, 0x5f, 0x64, 0x65, 0x63, 0x6f, 0x64, 0x65, 0x72, 0x2f, 0x64, 
  0x65, 0x63, 0x5f, 0x67, 0x72, 0x75, 0x2f, 0x67, 0x72, 0x75, 0x5f, 0x63, 
  0x65, 0x6c, 0x6c, 0x5f, 0x32, 0x2f, 0x73, 0x70, 0x6c, 0x69, 0x74, 0x5f, 
  0x34, 0x31, 0x3b, 0x73, 0x61, 0x66, 0x65, 0x62, 0x61, 0x6e, 0x64, 0x5f, 
  0x76, 0x32, 0x5f, 0x64, 0x65, 0x70, 0x6c, 0x6f, 0x79, 0x6d, 0x65, 0x6e, 
  0x74, 0x2f, 0x6d, 0x6f, 0x74, 0x69, 0x6f, 0x6e, 0x5f, 0x64, 0x65, 0x63, 
  0x6f, 0x64, 0x65, 0x72, 0x2f, 0x64, 0x65, 0x63, 0x5f, 0x67, 0x72, 0x75, 
  0x2f, 0x67, 0x72, 0x75, 0x5f, 0x63, 0x65, 0x6c, 0x6c, 0x5f, 0x32, 0x2f, 
  0x73, 0x70, 0x6c, 0x69, 0x74, 0x5f, 0x34, 0x32, 0x31, 0x00, 0x00, 0x00, 
  0x02, 0x00, 0x00, 0x00, 0x01, 0x00, 0x00, 0x00, 0x04, 0x00, 0x00, 0x00, 
  0x5e, 0x9e, 0xfe, 0xff, 0x00, 0x00, 0x00, 0x01, 0x18, 0x00, 0x00, 0x00, 
  0x20, 0x00, 0x00, 0x00, 0x40, 0x00, 0x00, 0x00, 0x97, 0x01, 0x00, 0x00, 
  0x00, 0x00, 0x00, 0x09, 0x00, 0x01, 0x00, 0x00, 0x02, 0x00, 0x00, 0x00, 
  0xff, 0xff, 0xff, 0xff, 0x04, 0x00, 0x00, 0x00, 0x44, 0x9e, 0xfe, 0xff, 
  0x08, 0x00, 0x00, 0x00, 0x14, 0x00, 0x00, 0x00, 0x01, 0x00, 0x00, 0x00, 
  0x3d, 0x00, 0x00, 0x00, 0x00, 0x00, 0x00, 0x00, 0x00, 0x00, 0x00, 0x00, 
  0x01, 0x00, 0x00, 0x00, 0xf5, 0x9a, 0x42, 0x3d, 0xc4, 0x00, 0x00, 0x00, 
  0x73, 0x61, 0x66, 0x65, 0x62, 0x61, 0x6e, 0x64, 0x5f, 0x76, 0x32, 0x5f, 
  0x64, 0x65, 0x70, 0x6c, 0x6f, 0x79, 0x6d, 0x65, 0x6e, 0x74, 0x2f, 0x6d, 
  0x6f, 0x74, 0x69, 0x6f, 0x6e, 0x5f, 0x64, 0x65, 0x63, 0x6f, 0x64, 0x65, 
  0x72, 0x2f, 0x64, 0x65, 0x63, 0x5f, 0x67, 0x72, 0x75, 0x2f, 0x67, 0x72, 
  0x75, 0x5f, 0x63, 0x65, 0x6c, 0x6c, 0x5f, 0x32, 0x2f, 0x73, 0x70, 0x6c, 
  0x69, 0x74, 0x5f, 0x34, 0x3b, 0x73, 0x61, 0x66, 0x65, 0x62, 0x61, 0x6e, 
  0x64, 0x5f, 0x76, 0x32, 0x5f, 0x64, 0x65, 0x70, 0x6c, 0x6f, 0x79, 0x6d, 
  0x65, 0x6e, 0x74, 0x2f, 0x6d, 0x6f, 0x74, 0x69, 0x6f, 0x6e, 0x5f, 0x64, 
  0x65, 0x63, 0x6f, 0x64, 0x65, 0x72, 0x2f, 0x64, 0x65, 0x63, 0x5f, 0x67, 
  0x72, 0x75, 0x2f, 0x67, 0x72, 0x75, 0x5f, 0x63, 0x65, 0x6c, 0x6c, 0x5f, 
  0x32, 0x2f, 0x73, 0x70, 0x6c, 0x69, 0x74, 0x5f, 0x34, 0x31, 0x3b, 0x73, 
  0x61, 0x66, 0x65, 0x62, 0x61, 0x6e, 0x64, 0x5f, 0x76, 0x32, 0x5f, 0x64, 
  0x65, 0x70, 0x6c, 0x6f, 0x79, 0x6d, 0x65, 0x6e, 0x74, 0x2f, 0x6d, 0x6f, 
  0x74, 0x69, 0x6f, 0x6e, 0x5f, 0x64, 0x65, 0x63, 0x6f, 0x64, 0x65, 0x72, 
  0x2f, 0x64, 0x65, 0x63, 0x5f, 0x67, 0x72, 0x75, 0x2f, 0x67, 0x72, 0x75, 
  0x5f, 0x63, 0x65, 0x6c, 0x6c, 0x5f, 0x32, 0x2f, 0x73, 0x70, 0x6c, 0x69, 
  0x74, 0x5f, 0x34, 0x32, 0x00, 0x00, 0x00, 0x00, 0x02, 0x00, 0x00, 0x00, 
  0x01, 0x00, 0x00, 0x00, 0x04, 0x00, 0x00, 0x00, 0x86, 0x9f, 0xfe, 0xff, 
  0x00, 0x00, 0x00, 0x01, 0x18, 0x00, 0x00, 0x00, 0x20, 0x00, 0x00, 0x00, 
  0x40, 0x00, 0x00, 0x00, 0x96, 0x01, 0x00, 0x00, 0x00, 0x00, 0x00, 0x09, 
  0xc0, 0x00, 0x00, 0x00, 0x02, 0x00, 0x00, 0x00, 0xff, 0xff, 0xff, 0xff, 
  0x0c, 0x00, 0x00, 0x00, 0x6c, 0x9f, 0xfe, 0xff, 0x08, 0x00, 0x00, 0x00, 
  0x14, 0x00, 0x00, 0x00, 0x01, 0x00, 0x00, 0x00, 0x3d, 0x00, 0x00, 0x00, 
  0x00, 0x00, 0x00, 0x00, 0x00, 0x00, 0x00, 0x00, 0x01, 0x00, 0x00, 0x00, 
  0xf5, 0x9a, 0x42, 0x3d, 0x84, 0x00, 0x00, 0x00, 0x73, 0x61, 0x66, 0x65, 
  0x62, 0x61, 0x6e, 0x64, 0x5f, 0x76, 0x32, 0x5f, 0x64, 0x65, 0x70, 0x6c, 
  0x6f, 0x79, 0x6d, 0x65, 0x6e, 0x74, 0x2f, 0x6d, 0x6f, 0x74, 0x69, 0x6f, 
  0x6e, 0x5f, 0x64, 0x65, 0x63, 0x6f, 0x64, 0x65, 0x72, 0x2f, 0x64, 0x65, 
  0x63, 0x5f, 0x67, 0x72, 0x75, 0x2f, 0x67, 0x72, 0x75, 0x5f, 0x63, 0x65, 
  0x6c, 0x6c, 0x5f, 0x32, 0x2f, 0x4d, 0x61, 0x74, 0x4d, 0x75, 0x6c, 0x5f, 
  0x34, 0x3b, 0x73, 0x61, 0x66, 0x65, 0x62, 0x61, 0x6e, 0x64, 0x5f, 0x76, 
  0x32, 0x5f, 0x64, 0x65, 0x70, 0x6c, 0x6f, 0x79, 0x6d, 0x65, 0x6e, 0x74, 
  0x2f, 0x6d, 0x6f, 0x74, 0x69, 0x6f, 0x6e, 0x5f, 0x64, 0x65, 0x63, 0x6f, 
  0x64, 0x65, 0x72, 0x2f, 0x64, 0x65, 0x63, 0x5f, 0x67, 0x72, 0x75, 0x2f, 
  0x67, 0x72, 0x75, 0x5f, 0x63, 0x65, 0x6c, 0x6c, 0x5f, 0x32, 0x2f, 0x42, 
  0x69, 0x61, 0x73, 0x41, 0x64, 0x64, 0x5f, 0x34, 0x00, 0x00, 0x00, 0x00, 
  0x02, 0x00, 0x00, 0x00, 0x01, 0x00, 0x00, 0x00, 0x0c, 0x00, 0x00, 0x00, 
  0x6e, 0xa0, 0xfe, 0xff, 0x00, 0x00, 0x00, 0x01, 0x18, 0x00, 0x00, 0x00, 
  0x20, 0x00, 0x00, 0x00, 0x40, 0x00, 0x00, 0x00, 0x95, 0x01, 0x00, 0x00, 
  0x00, 0x00, 0x00, 0x09, 0x00, 0x01, 0x00, 0x00, 0x02, 0x00, 0x00, 0x00, 
  0xff, 0xff, 0xff, 0xff, 0x04, 0x00, 0x00, 0x00, 0x54, 0xa0, 0xfe, 0xff, 
  0x08, 0x00, 0x00, 0x00, 0x14, 0x00, 0x00, 0x00, 0x01, 0x00, 0x00, 0x00, 
  0xea, 0xff, 0xff, 0xff, 0xff, 0xff, 0xff, 0xff, 0x00, 0x00, 0x00, 0x00, 
  0x01, 0x00, 0x00, 0x00, 0x70, 0xaa, 0xfa, 0x3c, 0xc5, 0x00, 0x00, 0x00, 
  0x73, 0x61, 0x66, 0x65, 0x62, 0x61, 0x6e, 0x64, 0x5f, 0x76, 0x32, 0x5f, 
  0x64, 0x65, 0x70, 0x6c, 0x6f, 0x79, 0x6d, 0x65, 0x6e, 0x74, 0x2f, 0x6d, 
  0x6f, 0x74, 0x69, 0x6f, 0x6e, 0x5f, 0x64, 0x65, 0x63, 0x6f, 0x64, 0x65, 
  0x72, 0x2f, 0x64, 0x65, 0x63, 0x5f, 0x67, 0x72, 0x75, 0x2f, 0x67, 0x72, 
  0x75, 0x5f, 0x63, 0x65, 0x6c, 0x6c, 0x5f, 0x32, 0x2f, 0x73, 0x70, 0x6c, 
  0x69, 0x74, 0x5f, 0x35, 0x3b, 0x73, 0x61, 0x66, 0x65, 0x62, 0x61, 0x6e, 
  0x64, 0x5f, 0x76, 0x32, 0x5f, 0x64, 0x65, 0x70, 0x6c, 0x6f, 0x79, 0x6d, 
  0x65, 0x6e, 0x74, 0x2f, 0x6d, 0x6f, 0x74, 0x69, 0x6f, 0x6e, 0x5f, 0x64, 
  0x65, 0x63, 0x6f, 0x64, 0x65, 0x72, 0x2f, 0x64, 0x65, 0x63, 0x5f, 0x67, 
  0x72, 0x75, 0x2f, 0x67, 0x72, 0x75, 0x5f, 0x63, 0x65, 0x6c, 0x6c, 0x5f, 
  0x32, 0x2f, 0x73, 0x70, 0x6c, 0x69, 0x74, 0x5f, 0x35, 0x31, 0x3b, 0x73, 
  0x61, 0x66, 0x65, 0x62, 0x61, 0x6e, 0x64, 0x5f, 0x76, 0x32, 0x5f, 0x64, 
  0x65, 0x70, 0x6c, 0x6f, 0x79, 0x6d, 0x65, 0x6e, 0x74, 0x2f, 0x6d, 0x6f, 
  0x74, 0x69, 0x6f, 0x6e, 0x5f, 0x64, 0x65, 0x63, 0x6f, 0x64, 0x65, 0x72, 
  0x2f, 0x64, 0x65, 0x63, 0x5f, 0x67, 0x72, 0x75, 0x2f, 0x67, 0x72, 0x75, 
  0x5f, 0x63, 0x65, 0x6c, 0x6c, 0x5f, 0x32, 0x2f, 0x73, 0x70, 0x6c, 0x69, 
  0x74, 0x5f, 0x35, 0x32, 0x32, 0x00, 0x00, 0x00, 0x02, 0x00, 0x00, 0x00, 
  0x01, 0x00, 0x00, 0x00, 0x04, 0x00, 0x00, 0x00, 0x96, 0xa1, 0xfe, 0xff, 
  0x00, 0x00, 0x00, 0x01, 0x18, 0x00, 0x00, 0x00, 0x20, 0x00, 0x00, 0x00, 
  0x40, 0x00, 0x00, 0x00, 0x94, 0x01, 0x00, 0x00, 0x00, 0x00, 0x00, 0x09, 
  0x00, 0x01, 0x00, 0x00, 0x02, 0x00, 0x00, 0x00, 0xff, 0xff, 0xff, 0xff, 
  0x04, 0x00, 0x00, 0x00, 0x7c, 0xa1, 0xfe, 0xff, 0x08, 0x00, 0x00, 0x00, 
  0x14, 0x00, 0x00, 0x00, 0x01, 0x00, 0x00, 0x00, 0xea, 0xff, 0xff, 0xff, 
  0xff, 0xff, 0xff, 0xff, 0x00, 0x00, 0x00, 0x00, 0x01, 0x00, 0x00, 0x00, 
  0x70, 0xaa, 0xfa, 0x3c, 0xc5, 0x00, 0x00, 0x00, 0x73, 0x61, 0x66, 0x65, 
  0x62, 0x61, 0x6e, 0x64, 0x5f, 0x76, 0x32, 0x5f, 0x64, 0x65, 0x70, 0x6c, 
  0x6f, 0x79, 0x6d, 0x65, 0x6e, 0x74, 0x2f, 0x6d, 0x6f, 0x74, 0x69, 0x6f, 
  0x6e, 0x5f, 0x64, 0x65, 0x63, 0x6f, 0x64, 0x65, 0x72, 0x2f, 0x64, 0x65, 
  0x63, 0x5f, 0x67, 0x72, 0x75, 0x2f, 0x67, 0x72, 0x75, 0x5f, 0x63, 0x65, 
  0x6c, 0x6c, 0x5f, 0x32, 0x2f, 0x73, 0x70, 0x6c, 0x69, 0x74, 0x5f, 0x35, 
  0x3b, 0x73, 0x61, 0x66, 0x65, 0x62, 0x61, 0x6e, 0x64, 0x5f, 0x76, 0x32, 
  0x5f, 0x64, 0x65, 0x70, 0x6c, 0x6f, 0x79, 0x6d, 0x65, 0x6e, 0x74, 0x2f, 
  0x6d, 0x6f, 0x74, 0x69, 0x6f, 0x6e, 0x5f, 0x64, 0x65, 0x63, 0x6f, 0x64, 
  0x65, 0x72, 0x2f, 0x64, 0x65, 0x63, 0x5f, 0x67, 0x72, 0x75, 0x2f, 0x67, 
  0x72, 0x75, 0x5f, 0x63, 0x65, 0x6c, 0x6c, 0x5f, 0x32, 0x2f, 0x73, 0x70, 
  0x6c, 0x69, 0x74, 0x5f, 0x35, 0x31, 0x3b, 0x73, 0x61, 0x66, 0x65, 0x62, 
  0x61, 0x6e, 0x64, 0x5f, 0x76, 0x32, 0x5f, 0x64, 0x65, 0x70, 0x6c, 0x6f, 
  0x79, 0x6d, 0x65, 0x6e, 0x74, 0x2f, 0x6d, 0x6f, 0x74, 0x69, 0x6f, 0x6e, 
  0x5f, 0x64, 0x65, 0x63, 0x6f, 0x64, 0x65, 0x72, 0x2f, 0x64, 0x65, 0x63, 
  0x5f, 0x67, 0x72, 0x75, 0x2f, 0x67, 0x72, 0x75, 0x5f, 0x63, 0x65, 0x6c, 
  0x6c, 0x5f, 0x32, 0x2f, 0x73, 0x70, 0x6c, 0x69, 0x74, 0x5f, 0x35, 0x32, 
  0x31, 0x00, 0x00, 0x00, 0x02, 0x00, 0x00, 0x00, 0x01, 0x00, 0x00, 0x00, 
  0x04, 0x00, 0x00, 0x00, 0xbe, 0xa2, 0xfe, 0xff, 0x00, 0x00, 0x00, 0x01, 
  0x18, 0x00, 0x00, 0x00, 0x20, 0x00, 0x00, 0x00, 0x40, 0x00, 0x00, 0x00, 
  0x93, 0x01, 0x00, 0x00, 0x00, 0x00, 0x00, 0x09, 0x00, 0x01, 0x00, 0x00, 
  0x02, 0x00, 0x00, 0x00, 0xff, 0xff, 0xff, 0xff, 0x04, 0x00, 0x00, 0x00, 
  0xa4, 0xa2, 0xfe, 0xff, 0x08, 0x00, 0x00, 0x00, 0x14, 0x00, 0x00, 0x00, 
  0x01, 0x00, 0x00, 0x00, 0xea, 0xff, 0xff, 0xff, 0xff, 0xff, 0xff, 0xff, 
  0x00, 0x00, 0x00, 0x00, 0x01, 0x00, 0x00, 0x00, 0x70, 0xaa, 0xfa, 0x3c, 
  0xc4, 0x00, 0x00, 0x00, 0x73, 0x61, 0x66, 0x65, 0x62, 0x61, 0x6e, 0x64, 
  0x5f, 0x76, 0x32, 0x5f, 0x64, 0x65, 0x70, 0x6c, 0x6f, 0x79, 0x6d, 0x65, 
  0x6e, 0x74, 0x2f, 0x6d, 0x6f, 0x74, 0x69, 0x6f, 0x6e, 0x5f, 0x64, 0x65, 
  0x63, 0x6f, 0x64, 0x65, 0x72, 0x2f, 0x64, 0x65, 0x63, 0x5f, 0x67, 0x72, 
  0x75, 0x2f, 0x67, 0x72, 0x75, 0x5f, 0x63, 0x65, 0x6c, 0x6c, 0x5f, 0x32, 
  0x2f, 0x73, 0x70, 0x6c, 0x69, 0x74, 0x5f, 0x35, 0x3b, 0x73, 0x61, 0x66, 
  0x65, 0x62, 0x61, 0x6e, 0x64, 0x5f, 0x76, 0x32, 0x5f, 0x64, 0x65, 0x70, 
  0x6c, 0x6f, 0x79, 0x6d, 0x65, 0x6e, 0x74, 0x2f, 0x6d, 0x6f, 0x74, 0x69, 
  0x6f, 0x6e, 0x5f, 0x64, 0x65, 0x63, 0x6f, 0x64, 0x65, 0x72, 0x2f, 0x64, 
  0x65, 0x63, 0x5f, 0x67, 0x72, 0x75, 0x2f, 0x67, 0x72, 0x75, 0x5f, 0x63, 
  0x65, 0x6c, 0x6c, 0x5f, 0x32, 0x2f, 0x73, 0x70, 0x6c, 0x69, 0x74, 0x5f, 
  0x35, 0x31, 0x3b, 0x73, 0x61, 0x66, 0x65, 0x62, 0x61, 0x6e, 0x64, 0x5f, 
  0x76, 0x32, 0x5f, 0x64, 0x65, 0x70, 0x6c, 0x6f, 0x79, 0x6d, 0x65, 0x6e, 
  0x74, 0x2f, 0x6d, 0x6f, 0x74, 0x69, 0x6f, 0x6e, 0x5f, 0x64, 0x65, 0x63, 
  0x6f, 0x64, 0x65, 0x72, 0x2f, 0x64, 0x65, 0x63, 0x5f, 0x67, 0x72, 0x75, 
  0x2f, 0x67, 0x72, 0x75, 0x5f, 0x63, 0x65, 0x6c, 0x6c, 0x5f, 0x32, 0x2f, 
  0x73, 0x70, 0x6c, 0x69, 0x74, 0x5f, 0x35, 0x32, 0x00, 0x00, 0x00, 0x00, 
  0x02, 0x00, 0x00, 0x00, 0x01, 0x00, 0x00, 0x00, 0x04, 0x00, 0x00, 0x00, 
  0xe6, 0xa3, 0xfe, 0xff, 0x00, 0x00, 0x00, 0x01, 0x18, 0x00, 0x00, 0x00, 
  0x20, 0x00, 0x00, 0x00, 0x40, 0x00, 0x00, 0x00, 0x92, 0x01, 0x00, 0x00, 
  0x00, 0x00, 0x00, 0x09, 0xc0, 0x00, 0x00, 0x00, 0x02, 0x00, 0x00, 0x00, 
  0xff, 0xff, 0xff, 0xff, 0x0c, 0x00, 0x00, 0x00, 0xcc, 0xa3, 0xfe, 0xff, 
  0x08, 0x00, 0x00, 0x00, 0x14, 0x00, 0x00, 0x00, 0x01, 0x00, 0x00, 0x00, 
  0xea, 0xff, 0xff, 0xff, 0xff, 0xff, 0xff, 0xff, 0x00, 0x00, 0x00, 0x00, 
  0x01, 0x00, 0x00, 0x00, 0x70, 0xaa, 0xfa, 0x3c, 0x84, 0x00, 0x00, 0x00, 
  0x73, 0x61, 0x66, 0x65, 0x62, 0x61, 0x6e, 0x64, 0x5f, 0x76, 0x32, 0x5f, 
  0x64, 0x65, 0x70, 0x6c, 0x6f, 0x79, 0x6d, 0x65, 0x6e, 0x74, 0x2f, 0x6d, 
  0x6f, 0x74, 0x69, 0x6f, 0x6e, 0x5f, 0x64, 0x65, 0x63, 0x6f, 0x64, 0x65, 
  0x72, 0x2f, 0x64, 0x65, 0x63, 0x5f, 0x67, 0x72, 0x75, 0x2f, 0x67, 0x72, 
  0x75, 0x5f, 0x63, 0x65, 0x6c, 0x6c, 0x5f, 0x32, 0x2f, 0x4d, 0x61, 0x74, 
  0x4d, 0x75, 0x6c, 0x5f, 0x35, 0x3b, 0x73, 0x61, 0x66, 0x65, 0x62, 0x61, 
  0x6e, 0x64, 0x5f, 0x76, 0x32, 0x5f, 0x64, 0x65, 0x70, 0x6c, 0x6f, 0x79, 
  0x6d, 0x65, 0x6e, 0x74, 0x2f, 0x6d, 0x6f, 0x74, 0x69, 0x6f, 0x6e, 0x5f, 
  0x64, 0x65, 0x63, 0x6f, 0x64, 0x65, 0x72, 0x2f, 0x64, 0x65, 0x63, 0x5f, 
  0x67, 0x72, 0x75, 0x2f, 0x67, 0x72, 0x75, 0x5f, 0x63, 0x65, 0x6c, 0x6c, 
  0x5f, 0x32, 0x2f, 0x42, 0x69, 0x61, 0x73, 0x41, 0x64, 0x64, 0x5f, 0x35, 
  0x00, 0x00, 0x00, 0x00, 0x02, 0x00, 0x00, 0x00, 0x01, 0x00, 0x00, 0x00, 
  0x0c, 0x00, 0x00, 0x00, 0xce, 0xa4, 0xfe, 0xff, 0x00, 0x00, 0x00, 0x01, 
  0x18, 0x00, 0x00, 0x00, 0x20, 0x00, 0x00, 0x00, 0x40, 0x00, 0x00, 0x00, 
  0x91, 0x01, 0x00, 0x00, 0x00, 0x00, 0x00, 0x09, 0x78, 0x00, 0x00, 0x00, 
  0x02, 0x00, 0x00, 0x00, 0xff, 0xff, 0xff, 0xff, 0x04, 0x00, 0x00, 0x00, 
  0xb4, 0xa4, 0xfe, 0xff, 0x08, 0x00, 0x00, 0x00, 0x14, 0x00, 0x00, 0x00, 
  0x01, 0x00, 0x00, 0x00, 0x00, 0x00, 0x00, 0x00, 0x00, 0x00, 0x00, 0x00, 
  0x00, 0x00, 0x00, 0x00, 0x01, 0x00, 0x00, 0x00, 0xbf, 0x69, 0x00, 0x3c, 
  0x3e, 0x00, 0x00, 0x00, 0x73, 0x61, 0x66, 0x65, 0x62, 0x61, 0x6e, 0x64, 
  0x5f, 0x76, 0x32, 0x5f, 0x64, 0x65, 0x70, 0x6c, 0x6f, 0x79, 0x6d, 0x65, 
  0x6e, 0x74, 0x2f, 0x6d, 0x6f, 0x74, 0x69, 0x6f, 0x6e, 0x5f, 0x64, 0x65, 
  0x63, 0x6f, 0x64, 0x65, 0x72, 0x2f, 0x64, 0x65, 0x63, 0x5f, 0x67, 0x72, 
  0x75, 0x2f, 0x67, 0x72, 0x75, 0x5f, 0x63, 0x65, 0x6c, 0x6c, 0x5f, 0x32, 
  0x2f, 0x61, 0x64, 0x64, 0x5f, 0x37, 0x00, 0x00, 0x02, 0x00, 0x00, 0x00, 
  0x01, 0x00, 0x00, 0x00, 0x04, 0x00, 0x00, 0x00, 0x6e, 0xa5, 0xfe, 0xff, 
  0x00, 0x00, 0x00, 0x01, 0x18, 0x00, 0x00, 0x00, 0x20, 0x00, 0x00, 0x00, 
  0x40, 0x00, 0x00, 0x00, 0x90, 0x01, 0x00, 0x00, 0x00, 0x00, 0x00, 0x09, 
  0x78, 0x00, 0x00, 0x00, 0x02, 0x00, 0x00, 0x00, 0xff, 0xff, 0xff, 0xff, 
  0x04, 0x00, 0x00, 0x00, 0x54, 0xa5, 0xfe, 0xff, 0x08, 0x00, 0x00, 0x00, 
  0x14, 0x00, 0x00, 0x00, 0x01, 0x00, 0x00, 0x00, 0x00, 0x00, 0x00, 0x00, 
  0x00, 0x00, 0x00, 0x00, 0x00, 0x00, 0x00, 0x00, 0x01, 0x00, 0x00, 0x00, 
  0xd2, 0x5e, 0x00, 0x3c, 0x3e, 0x00, 0x00, 0x00, 0x73, 0x61, 0x66, 0x65, 
  0x62, 0x61, 0x6e, 0x64, 0x5f, 0x76, 0x32, 0x5f, 0x64, 0x65, 0x70, 0x6c, 
  0x6f, 0x79, 0x6d, 0x65, 0x6e, 0x74, 0x2f, 0x6d, 0x6f, 0x74, 0x69, 0x6f, 
  0x6e, 0x5f, 0x64, 0x65, 0x63, 0x6f, 0x64, 0x65, 0x72, 0x2f, 0x64, 0x65, 
  0x63, 0x5f, 0x67, 0x72, 0x75, 0x2f, 0x67, 0x72, 0x75, 0x5f, 0x63, 0x65, 
  0x6c, 0x6c, 0x5f, 0x32, 0x2f, 0x6d, 0x75, 0x6c, 0x5f, 0x35, 0x00, 0x00, 
  0x02, 0x00, 0x00, 0x00, 0x01, 0x00, 0x00, 0x00, 0x04, 0x00, 0x00, 0x00, 
  0x0e, 0xa6, 0xfe, 0xff, 0x00, 0x00, 0x00, 0x01, 0x18, 0x00, 0x00, 0x00, 
  0x20, 0x00, 0x00, 0x00, 0x40, 0x00, 0x00, 0x00, 0x8f, 0x01, 0x00, 0x00, 
  0x00, 0x00, 0x00, 0x09, 0x78, 0x00, 0x00, 0x00, 0x02, 0x00, 0x00, 0x00, 
  0xff, 0xff, 0xff, 0xff, 0x04, 0x00, 0x00, 0x00, 0xf4, 0xa5, 0xfe, 0xff, 
  0x08, 0x00, 0x00, 0x00, 0x14, 0x00, 0x00, 0x00, 0x01, 0x00, 0x00, 0x00, 
  0x00, 0x00, 0x00, 0x00, 0x00, 0x00, 0x00, 0x00, 0x00, 0x00, 0x00, 0x00, 
  0x01, 0x00, 0x00, 0x00, 0x00, 0x00, 0x00, 0x3c, 0x3f, 0x00, 0x00, 0x00, 
  0x73, 0x61, 0x66, 0x65, 0x62, 0x61, 0x6e, 0x64, 0x5f, 0x76, 0x32, 0x5f, 
  0x64, 0x65, 0x70, 0x6c, 0x6f, 0x79, 0x6d, 0x65, 0x6e, 0x74, 0x2f, 0x6d, 
  0x6f, 0x74, 0x69, 0x6f, 0x6e, 0x5f, 0x64, 0x65, 0x63, 0x6f, 0x64, 0x65, 
  0x72, 0x2f, 0x64, 0x65, 0x63, 0x5f, 0x67, 0x72, 0x75, 0x2f, 0x67, 0x72, 
  0x75, 0x5f, 0x63, 0x65, 0x6c, 0x6c, 0x5f, 0x32, 0x2f, 0x54, 0x61, 0x6e, 
  0x68, 0x5f, 0x31, 0x00, 0x02, 0x00, 0x00, 0x00, 0x01, 0x00, 0x00, 0x00, 
  0x04, 0x00, 0x00, 0x00, 0xae, 0xa6, 0xfe, 0xff, 0x00, 0x00, 0x00, 0x01, 
  0x18, 0x00, 0x00, 0x00, 0x20, 0x00, 0x00, 0x00, 0x40, 0x00, 0x00, 0x00, 
  0x8e, 0x01, 0x00, 0x00, 0x00, 0x00, 0x00, 0x09, 0x78, 0x00, 0x00, 0x00, 
  0x02, 0x00, 0x00, 0x00, 0xff, 0xff, 0xff, 0xff, 0x04, 0x00, 0x00, 0x00, 
  0x94, 0xa6, 0xfe, 0xff, 0x08, 0x00, 0x00, 0x00, 0x14, 0x00, 0x00, 0x00, 
  0x01, 0x00, 0x00, 0x00, 0x09, 0x00, 0x00, 0x00, 0x00, 0x00, 0x00, 0x00, 
  0x00, 0x00, 0x00, 0x00, 0x01, 0x00, 0x00, 0x00, 0xe7, 0xea, 0x02, 0x3d, 
  0x3e, 0x00, 0x00, 0x00, 0x73, 0x61, 0x66, 0x65, 0x62, 0x61, 0x6e, 0x64, 
  0x5f, 0x76, 0x32, 0x5f, 0x64, 0x65, 0x70, 0x6c, 0x6f, 0x79, 0x6d, 0x65, 
  0x6e, 0x74, 0x2f, 0x6d, 0x6f, 0x74, 0x69, 0x6f, 0x6e, 0x5f, 0x64, 0x65, 
  0x63, 0x6f, 0x64, 0x65, 0x72, 0x2f, 0x64, 0x65, 0x63, 0x5f, 0x67, 0x72, 
  0x75, 0x2f, 0x67, 0x72, 0x75, 0x5f, 0x63, 0x65, 0x6c, 0x6c, 0x5f, 0x32, 
  0x2f, 0x61, 0x64, 0x64, 0x5f, 0x36, 0x00, 0x00, 0x02, 0x00, 0x00, 0x00, 
  0x01, 0x00, 0x00, 0x00, 0x04, 0x00, 0x00, 0x00, 0x4e, 0xa7, 0xfe, 0xff, 
  0x00, 0x00, 0x00, 0x01, 0x18, 0x00, 0x00, 0x00, 0x20, 0x00, 0x00, 0x00, 
  0x40, 0x00, 0x00, 0x00, 0x8d, 0x01, 0x00, 0x00, 0x00, 0x00, 0x00, 0x09, 
  0x78, 0x00, 0x00, 0x00, 0x02, 0x00, 0x00, 0x00, 0xff, 0xff, 0xff, 0xff, 
  0x04, 0x00, 0x00, 0x00, 0x34, 0xa7, 0xfe, 0xff, 0x08, 0x00, 0x00, 0x00, 
  0x14, 0x00, 0x00, 0x00, 0x01, 0x00, 0x00, 0x00, 0xb1, 0xff, 0xff, 0xff, 
  0xff, 0xff, 0xff, 0xff, 0x00, 0x00, 0x00, 0x00, 0x01, 0x00, 0x00, 0x00, 
  0x1d, 0xe1, 0xd8, 0x3b, 0x3e, 0x00, 0x00, 0x00, 0x73, 0x61, 0x66, 0x65, 
  0x62, 0x61, 0x6e, 0x64, 0x5f, 0x76, 0x32, 0x5f, 0x64, 0x65, 0x70, 0x6c, 
  0x6f, 0x79, 0x6d, 0x65, 0x6e, 0x74, 0x2f, 0x6d, 0x6f, 0x74, 0x69, 0x6f, 
  0x6e, 0x5f, 0x64, 0x65, 0x63, 0x6f, 0x64, 0x65, 0x72, 0x2f, 0x64, 0x65, 
  0x63, 0x5f, 0x67, 0x72, 0x75, 0x2f, 0x67, 0x72, 0x75, 0x5f, 0x63, 0x65, 
  0x6c, 0x6c, 0x5f, 0x32, 0x2f, 0x6d, 0x75, 0x6c, 0x5f, 0x33, 0x00, 0x00, 
  0x02, 0x00, 0x00, 0x00, 0x01, 0x00, 0x00, 0x00, 0x04, 0x00, 0x00, 0x00, 
  0xee, 0xa7, 0xfe, 0xff, 0x00, 0x00, 0x00, 0x01, 0x18, 0x00, 0x00, 0x00, 
  0x20, 0x00, 0x00, 0x00, 0x3c, 0x00, 0x00, 0x00, 0x8c, 0x01, 0x00, 0x00, 
  0x00, 0x00, 0x00, 0x09, 0x78, 0x00, 0x00, 0x00, 0x02, 0x00, 0x00, 0x00, 
  0xff, 0xff, 0xff, 0xff, 0x04, 0x00, 0x00, 0x00, 0xd4, 0xa7, 0xfe, 0xff, 
  0x08, 0x00, 0x00, 0x00, 0x10, 0x00, 0x00, 0x00, 0x01, 0x00, 0x00, 0x00, 
  0x80, 0xff, 0xff, 0xff, 0xff, 0xff, 0xff, 0xff, 0x01, 0x00, 0x00, 0x00, 
  0x00, 0x00, 0x80, 0x3b, 0x42, 0x00, 0x00, 0x00, 0x73, 0x61, 0x66, 0x65, 
  0x62, 0x61, 0x6e, 0x64, 0x5f, 0x76, 0x32, 0x5f, 0x64, 0x65, 0x70, 0x6c, 
  0x6f, 0x79, 0x6d, 0x65, 0x6e, 0x74, 0x2f, 0x6d, 0x6f, 0x74, 0x69, 0x6f, 
  0x6e, 0x5f, 0x64, 0x65, 0x63, 0x6f, 0x64, 0x65, 0x72, 0x2f, 0x64, 0x65, 
  0x63, 0x5f, 0x67, 0x72, 0x75, 0x2f, 0x67, 0x72, 0x75, 0x5f, 0x63, 0x65, 
  0x6c, 0x6c, 0x5f, 0x32, 0x2f, 0x53, 0x69, 0x67, 0x6d, 0x6f, 0x69, 0x64, 
  0x5f, 0x33, 0x00, 0x00, 0x02, 0x00, 0x00, 0x00, 0x01, 0x00, 0x00, 0x00, 
  0x04, 0x00, 0x00, 0x00, 0x8e, 0xa8, 0xfe, 0xff, 0x00, 0x00, 0x00, 0x01, 
  0x18, 0x00, 0x00, 0x00, 0x20, 0x00, 0x00, 0x00, 0x40, 0x00, 0x00, 0x00, 
  0x8b, 0x01, 0x00, 0x00, 0x00, 0x00, 0x00, 0x09, 0x78, 0x00, 0x00, 0x00, 
  0x02, 0x00, 0x00, 0x00, 0xff, 0xff, 0xff, 0xff, 0x04, 0x00, 0x00, 0x00, 
  0x74, 0xa8, 0xfe, 0xff, 0x08, 0x00, 0x00, 0x00, 0x14, 0x00, 0x00, 0x00, 
  0x01, 0x00, 0x00, 0x00, 0x0c, 0x00, 0x00, 0x00, 0x00, 0x00, 0x00, 0x00, 
  0x00, 0x00, 0x00, 0x00, 0x01, 0x00, 0x00, 0x00, 0x41, 0x01, 0xcc, 0x3c, 
  0x3e, 0x00, 0x00, 0x00, 0x73, 0x61, 0x66, 0x65, 0x62, 0x61, 0x6e, 0x64, 
  0x5f, 0x76, 0x32, 0x5f, 0x64, 0x65, 0x70, 0x6c, 0x6f, 0x79, 0x6d, 0x65, 
  0x6e, 0x74, 0x2f, 0x6d, 0x6f, 0x74, 0x69, 0x6f, 0x6e, 0x5f, 0x64, 0x65, 
  0x63, 0x6f, 0x64, 0x65, 0x72, 0x2f, 0x64, 0x65, 0x63, 0x5f, 0x67, 0x72, 
  0x75, 0x2f, 0x67, 0x72, 0x75, 0x5f, 0x63, 0x65, 0x6c, 0x6c, 0x5f, 0x32, 
  0x2f, 0x61, 0x64, 0x64, 0x5f, 0x35, 0x00, 0x00, 0x02, 0x00, 0x00, 0x00, 
  0x01, 0x00, 0x00, 0x00, 0x04, 0x00, 0x00, 0x00, 0x2e, 0xa9, 0xfe, 0xff, 
  0x00, 0x00, 0x00, 0x01, 0x18, 0x00, 0x00, 0x00, 0x20, 0x00, 0x00, 0x00, 
  0x40, 0x00, 0x00, 0x00, 0x8a, 0x01, 0x00, 0x00, 0x00, 0x00, 0x00, 0x09, 
  0x78, 0x00, 0x00, 0x00, 0x02, 0x00, 0x00, 0x00, 0xff, 0xff, 0xff, 0xff, 
  0x04, 0x00, 0x00, 0x00, 0x14, 0xa9, 0xfe, 0xff, 0x08, 0x00, 0x00, 0x00, 
  0x14, 0x00, 0x00, 0x00, 0x01, 0x00, 0x00, 0x00, 0x80, 0xff, 0xff, 0xff, 
  0xff, 0xff, 0xff, 0xff, 0x00, 0x00, 0x00, 0x00, 0x01, 0x00, 0x00, 0x00, 
  0x98, 0x7e, 0x80, 0x3b, 0x3e, 0x00, 0x00, 0x00, 0x73, 0x61, 0x66, 0x65, 
  0x62, 0x61, 0x6e, 0x64, 0x5f, 0x76, 0x32, 0x5f, 0x64, 0x65, 0x70, 0x6c, 
  0x6f, 0x79, 0x6d, 0x65, 0x6e, 0x74, 0x2f, 0x6d, 0x6f, 0x74, 0x69, 0x6f, 
  0x6e, 0x5f, 0x64, 0x65, 0x63, 0x6f, 0x64, 0x65, 0x72, 0x2f, 0x64, 0x65, 
  0x63, 0x5f, 0x67, 0x72, 0x75, 0x2f, 0x67, 0x72, 0x75, 0x5f, 0x63, 0x65, 
  0x6c, 0x6c, 0x5f, 0x32, 0x2f, 0x73, 0x75, 0x62, 0x5f, 0x31, 0x00, 0x00, 
  0x02, 0x00, 0x00, 0x00, 0x01, 0x00, 0x00, 0x00, 0x04, 0x00, 0x00, 0x00, 
  0xce, 0xa9, 0xfe, 0xff, 0x00, 0x00, 0x00, 0x01, 0x18, 0x00, 0x00, 0x00, 
  0x20, 0x00, 0x00, 0x00, 0x40, 0x00, 0x00, 0x00, 0x89, 0x01, 0x00, 0x00, 
  0x00, 0x00, 0x00, 0x09, 0x78, 0x00, 0x00, 0x00, 0x02, 0x00, 0x00, 0x00, 
  0xff, 0xff, 0xff, 0xff, 0x04, 0x00, 0x00, 0x00, 0xb4, 0xa9, 0xfe, 0xff, 
  0x08, 0x00, 0x00, 0x00, 0x14, 0x00, 0x00, 0x00, 0x01, 0x00, 0x00, 0x00, 
  0x4a, 0x00, 0x00, 0x00, 0x00, 0x00, 0x00, 0x00, 0x00, 0x00, 0x00, 0x00, 
  0x01, 0x00, 0x00, 0x00, 0x6d, 0x56, 0x6f, 0x3a, 0x3e, 0x00, 0x00, 0x00, 
  0x73, 0x61, 0x66, 0x65, 0x62, 0x61, 0x6e, 0x64, 0x5f, 0x76, 0x32, 0x5f, 
  0x64, 0x65, 0x70, 0x6c, 0x6f, 0x79, 0x6d, 0x65, 0x6e, 0x74, 0x2f, 0x6d, 
  0x6f, 0x74, 0x69, 0x6f, 0x6e, 0x5f, 0x64, 0x65, 0x63, 0x6f, 0x64, 0x65, 
  0x72, 0x2f, 0x64, 0x65, 0x63, 0x5f, 0x67, 0x72, 0x75, 0x2f, 0x67, 0x72, 
  0x75, 0x5f, 0x63, 0x65, 0x6c, 0x6c, 0x5f, 0x32, 0x2f, 0x6d, 0x75, 0x6c, 
  0x5f, 0x34, 0x00, 0x00, 0x02, 0x00, 0x00, 0x00, 0x01, 0x00, 0x00, 0x00, 
  0x04, 0x00, 0x00, 0x00, 0x6e, 0xaa, 0xfe, 0xff, 0x00, 0x00, 0x00, 0x01, 
  0x18, 0x00, 0x00, 0x00, 0x20, 0x00, 0x00, 0x00, 0x3c, 0x00, 0x00, 0x00, 
  0x88, 0x01, 0x00, 0x00, 0x00, 0x00, 0x00, 0x09, 0x78, 0x00, 0x00, 0x00, 
  0x02, 0x00, 0x00, 0x00, 0xff, 0xff, 0xff, 0xff, 0x04, 0x00, 0x00, 0x00, 
  0x54, 0xaa, 0xfe, 0xff, 0x08, 0x00, 0x00, 0x00, 0x10, 0x00, 0x00, 0x00, 
  0x01, 0x00, 0x00, 0x00, 0x80, 0xff, 0xff, 0xff, 0xff, 0xff, 0xff, 0xff, 
  0x01, 0x00, 0x00, 0x00, 0x00, 0x00, 0x80, 0x3b, 0x42, 0x00, 0x00, 0x00, 
  0x73, 0x61, 0x66, 0x65, 0x62, 0x61, 0x6e, 0x64, 0x5f, 0x76, 0x32, 0x5f, 
  0x64, 0x65, 0x70, 0x6c, 0x6f, 0x79, 0x6d, 0x65, 0x6e, 0x74, 0x2f, 0x6d, 
  0x6f, 0x74, 0x69, 0x6f, 0x6e, 0x5f, 0x64, 0x65, 0x63, 0x6f, 0x64, 0x65, 
  0x72, 0x2f, 0x64, 0x65, 0x63, 0x5f, 0x67, 0x72, 0x75, 0x2f, 0x67, 0x72, 
  0x75, 0x5f, 0x63, 0x65, 0x6c, 0x6c, 0x5f, 0x32, 0x2f, 0x53, 0x69, 0x67, 
  0x6d, 0x6f, 0x69, 0x64, 0x5f, 0x32, 0x00, 0x00, 0x02, 0x00, 0x00, 0x00, 
  0x01, 0x00, 0x00, 0x00, 0x04, 0x00, 0x00, 0x00, 0x0e, 0xab, 0xfe, 0xff, 
  0x00, 0x00, 0x00, 0x01, 0x18, 0x00, 0x00, 0x00, 0x20, 0x00, 0x00, 0x00, 
  0x40, 0x00, 0x00, 0x00, 0x87, 0x01, 0x00, 0x00, 0x00, 0x00, 0x00, 0x09, 
  0x78, 0x00, 0x00, 0x00, 0x02, 0x00, 0x00, 0x00, 0xff, 0xff, 0xff, 0xff, 
  0x04, 0x00, 0x00, 0x00, 0xf4, 0xaa, 0xfe, 0xff, 0x08, 0x00, 0x00, 0x00, 
  0x14, 0x00, 0x00, 0x00, 0x01, 0x00, 0x00, 0x00, 0x7f, 0x00, 0x00, 0x00, 
  0x00, 0x00, 0x00, 0x00, 0x00, 0x00, 0x00, 0x00, 0x01, 0x00, 0x00, 0x00, 
  0xfe, 0xad, 0x1c, 0x3d, 0x3e, 0x00, 0x00, 0x00, 0x73, 0x61, 0x66, 0x65, 
  0x62, 0x61, 0x6e, 0x64, 0x5f, 0x76, 0x32, 0x5f, 0x64, 0x65, 0x70, 0x6c, 
  0x6f, 0x79, 0x6d, 0x65, 0x6e, 0x74, 0x2f, 0x6d, 0x6f, 0x74, 0x69, 0x6f, 
  0x6e, 0x5f, 0x64, 0x65, 0x63, 0x6f, 0x64, 0x65, 0x72, 0x2f, 0x64, 0x65, 
  0x63, 0x5f, 0x67, 0x72, 0x75, 0x2f, 0x67, 0x72, 0x75, 0x5f, 0x63, 0x65, 
  0x6c, 0x6c, 0x5f, 0x32, 0x2f, 0x61, 0x64, 0x64, 0x5f, 0x34, 0x00, 0x00, 
  0x02, 0x00, 0x00, 0x00, 0x01, 0x00, 0x00, 0x00, 0x04, 0x00, 0x00, 0x00, 
  0xae, 0xab, 0xfe, 0xff, 0x00, 0x00, 0x00, 0x01, 0x18, 0x00, 0x00, 0x00, 
  0x20, 0x00, 0x00, 0x00, 0x40, 0x00, 0x00, 0x00, 0x86, 0x01, 0x00, 0x00, 
  0x00, 0x00, 0x00, 0x09, 0x00, 0x01, 0x00, 0x00, 0x02, 0x00, 0x00, 0x00, 
  0xff, 0xff, 0xff, 0xff, 0x04, 0x00, 0x00, 0x00, 0x94, 0xab, 0xfe, 0xff, 
  0x08, 0x00, 0x00, 0x00, 0x14, 0x00, 0x00, 0x00, 0x01, 0x00, 0x00, 0x00, 
  0x3d, 0x00, 0x00, 0x00, 0x00, 0x00, 0x00, 0x00, 0x00, 0x00, 0x00, 0x00, 
  0x01, 0x00, 0x00, 0x00, 0xf5, 0x9a, 0x42, 0x3d, 0xc5, 0x00, 0x00, 0x00, 
  0x73, 0x61, 0x66, 0x65, 0x62, 0x61, 0x6e, 0x64, 0x5f, 0x76, 0x32, 0x5f, 
  0x64, 0x65, 0x70, 0x6c, 0x6f, 0x79, 0x6d, 0x65, 0x6e, 0x74, 0x2f, 0x6d, 
  0x6f, 0x74, 0x69, 0x6f, 0x6e, 0x5f, 0x64, 0x65, 0x63, 0x6f, 0x64, 0x65, 
  0x72, 0x2f, 0x64, 0x65, 0x63, 0x5f, 0x67, 0x72, 0x75, 0x2f, 0x67, 0x72, 
  0x75, 0x5f, 0x63, 0x65, 0x6c, 0x6c, 0x5f, 0x32, 0x2f, 0x73, 0x70, 0x6c, 
  0x69, 0x74, 0x5f, 0x32, 0x3b, 0x73, 0x61, 0x66, 0x65, 0x62, 0x61, 0x6e, 
  0x64, 0x5f, 0x76, 0x32, 0x5f, 0x64, 0x65, 0x70, 0x6c, 0x6f, 0x79, 0x6d, 
  0x65, 0x6e, 0x74, 0x2f, 0x6d, 0x6f, 0x74, 0x69, 0x6f, 0x6e, 0x5f, 0x64, 
  0x65, 0x63, 0x6f, 0x64, 0x65, 0x72, 0x2f, 0x64, 0x65, 0x63, 0x5f, 0x67, 
  0x72, 0x75, 0x2f, 0x67, 0x72, 0x75, 0x5f, 0x63, 0x65, 0x6c, 0x6c, 0x5f, 
  0x32, 0x2f, 0x73, 0x70, 0x6c, 0x69, 0x74, 0x5f, 0x32, 0x31, 0x3b, 0x73, 
  0x61, 0x66, 0x65, 0x62, 0x61, 0x6e, 0x64, 0x5f, 0x76, 0x32, 0x5f, 0x64, 
  0x65, 0x70, 0x6c, 0x6f, 0x79, 0x6d, 0x65, 0x6e, 0x74, 0x2f, 0x6d, 0x6f, 
  0x74, 0x69, 0x6f, 0x6e, 0x5f, 0x64, 0x65, 0x63, 0x6f, 0x64, 0x65, 0x72, 
  0x2f, 0x64, 0x65, 0x63, 0x5f, 0x67, 0x72, 0x75, 0x2f, 0x67, 0x72, 0x75, 
  0x5f, 0x63, 0x65, 0x6c, 0x6c, 0x5f, 0x32, 0x2f, 0x73, 0x70, 0x6c, 0x69, 
  0x74, 0x5f, 0x32, 0x32, 0x32, 0x00, 0x00, 0x00, 0x02, 0x00, 0x00, 0x00, 
  0x01, 0x00, 0x00, 0x00, 0x04, 0x00, 0x00, 0x00, 0xd6, 0xac, 0xfe, 0xff, 
  0x00, 0x00, 0x00, 0x01, 0x18, 0x00, 0x00, 0x00, 0x20, 0x00, 0x00, 0x00, 
  0x40, 0x00, 0x00, 0x00, 0x85, 0x01, 0x00, 0x00, 0x00, 0x00, 0x00, 0x09, 
  0x00, 0x01, 0x00, 0x00, 0x02, 0x00, 0x00, 0x00, 0xff, 0xff, 0xff, 0xff, 
  0x04, 0x00, 0x00, 0x00, 0xbc, 0xac, 0xfe, 0xff, 0x08, 0x00, 0x00, 0x00, 
  0x14, 0x00, 0x00, 0x00, 0x01, 0x00, 0x00, 0x00, 0x3d, 0x00, 0x00, 0x00, 
  0x00, 0x00, 0x00, 0x00, 0x00, 0x00, 0x00, 0x00, 0x01, 0x00, 0x00, 0x00, 
  0xf5, 0x9a, 0x42, 0x3d, 0xc5, 0x00, 0x00, 0x00, 0x73, 0x61, 0x66, 0x65, 
  0x62, 0x61, 0x6e, 0x64, 0x5f, 0x76, 0x32, 0x5f, 0x64, 0x65, 0x70, 0x6c, 
  0x6f, 0x79, 0x6d, 0x65, 0x6e, 0x74, 0x2f, 0x6d, 0x6f, 0x74, 0x69, 0x6f, 
  0x6e, 0x5f, 0x64, 0x65, 0x63, 0x6f, 0x64, 0x65, 0x72, 0x2f, 0x64, 0x65, 
  0x63, 0x5f, 0x67, 0x72, 0x75, 0x2f, 0x67, 0x72, 0x75, 0x5f, 0x63, 0x65, 
  0x6c, 0x6c, 0x5f, 0x32, 0x2f, 0x73, 0x70, 0x6c, 0x69, 0x74, 0x5f, 0x32, 
  0x3b, 0x73, 0x61, 0x66, 0x65, 0x62, 0x61, 0x6e, 0x64, 0x5f, 0x76, 0x32, 
  0x5f, 0x64, 0x65, 0x70, 0x6c, 0x6f, 0x79, 0x6d, 0x65, 0x6e, 0x74, 0x2f, 
  0x6d, 0x6f, 0x74, 0x69, 0x6f, 0x6e, 0x5f, 0x64, 0x65, 0x63, 0x6f, 0x64, 
  0x65, 0x72, 0x2f, 0x64, 0x65, 0x63, 0x5f, 0x67, 0x72, 0x75, 0x2f, 0x67, 
  0x72, 0x75, 0x5f, 0x63, 0x65, 0x6c, 0x6c, 0x5f, 0x32, 0x2f, 0x73, 0x70, 
  0x6c, 0x69, 0x74, 0x5f, 0x32, 0x31, 0x3b, 0x73, 0x61, 0x66, 0x65, 0x62, 
  0x61, 0x6e, 0x64, 0x5f, 0x76, 0x32, 0x5f, 0x64, 0x65, 0x70, 0x6c, 0x6f, 
  0x79, 0x6d, 0x65, 0x6e, 0x74, 0x2f, 0x6d, 0x6f, 0x74, 0x69, 0x6f, 0x6e, 
  0x5f, 0x64, 0x65, 0x63, 0x6f, 0x64, 0x65, 0x72, 0x2f, 0x64, 0x65, 0x63, 
  0x5f, 0x67, 0x72, 0x75, 0x2f, 0x67, 0x72, 0x75, 0x5f, 0x63, 0x65, 0x6c, 
  0x6c, 0x5f, 0x32, 0x2f, 0x73, 0x70, 0x6c, 0x69, 0x74, 0x5f, 0x32, 0x32, 
  0x31, 0x00, 0x00, 0x00, 0x02, 0x00, 0x00, 0x00, 0x01, 0x00, 0x00, 0x00, 
  0x04, 0x00, 0x00, 0x00, 0xfe, 0xad, 0xfe, 0xff, 0x00, 0x00, 0x00, 0x01, 
  0x18, 0x00, 0x00, 0x00, 0x20, 0x00, 0x00, 0x00, 0x40, 0x00, 0x00, 0x00, 
  0x84, 0x01, 0x00, 0x00, 0x00, 0x00, 0x00, 0x09, 0x00, 0x01, 0x00, 0x00, 
  0x02, 0x00, 0x00, 0x00, 0xff, 0xff, 0xff, 0xff, 0x04, 0x00, 0x00, 0x00, 
  0xe4, 0xad, 0xfe, 0xff, 0x08, 0x00, 0x00, 0x00, 0x14, 0x00, 0x00, 0x00, 
  0x01, 0x00, 0x00, 0x00, 0x3d, 0x00, 0x00, 0x00, 0x00, 0x00, 0x00, 0x00, 
  0x00, 0x00, 0x00, 0x00, 0x01, 0x00, 0x00, 0x00, 0xf5, 0x9a, 0x42, 0x3d, 
  0xc4, 0x00, 0x00, 0x00, 0x73, 0x61, 0x66, 0x65, 0x62, 0x61, 0x6e, 0x64, 
  0x5f, 0x76, 0x32, 0x5f, 0x64, 0x65, 0x70, 0x6c, 0x6f, 0x79, 0x6d, 0x65, 
  0x6e, 0x74, 0x2f, 0x6d, 0x6f, 0x74, 0x69, 0x6f, 0x6e, 0x5f, 0x64, 0x65, 
  0x63, 0x6f, 0x64, 0x65, 0x72, 0x2f, 0x64, 0x65, 0x63, 0x5f, 0x67, 0x72, 
  0x75, 0x2f, 0x67, 0x72, 0x75, 0x5f, 0x63, 0x65, 0x6c, 0x6c, 0x5f, 0x32, 
  0x2f, 0x73, 0x70, 0x6c, 0x69, 0x74, 0x5f, 0x32, 0x3b, 0x73, 0x61, 0x66, 
  0x65, 0x62, 0x61, 0x6e, 0x64, 0x5f, 0x76, 0x32, 0x5f, 0x64, 0x65, 0x70, 
  0x6c, 0x6f, 0x79, 0x6d, 0x65, 0x6e, 0x74, 0x2f, 0x6d, 0x6f, 0x74, 0x69, 
  0x6f, 0x6e, 0x5f, 0x64, 0x65, 0x63, 0x6f, 0x64, 0x65, 0x72, 0x2f, 0x64, 
  0x65, 0x63, 0x5f, 0x67, 0x72, 0x75, 0x2f, 0x67, 0x72, 0x75, 0x5f, 0x63, 
  0x65, 0x6c, 0x6c, 0x5f, 0x32, 0x2f, 0x73, 0x70, 0x6c, 0x69, 0x74, 0x5f, 
  0x32, 0x31, 0x3b, 0x73, 0x61, 0x66, 0x65, 0x62, 0x61, 0x6e, 0x64, 0x5f, 
  0x76, 0x32, 0x5f, 0x64, 0x65, 0x70, 0x6c, 0x6f, 0x79, 0x6d, 0x65, 0x6e, 
  0x74, 0x2f, 0x6d, 0x6f, 0x74, 0x69, 0x6f, 0x6e, 0x5f, 0x64, 0x65, 0x63, 
  0x6f, 0x64, 0x65, 0x72, 0x2f, 0x64, 0x65, 0x63, 0x5f, 0x67, 0x72, 0x75, 
  0x2f, 0x67, 0x72, 0x75, 0x5f, 0x63, 0x65, 0x6c, 0x6c, 0x5f, 0x32, 0x2f, 
  0x73, 0x70, 0x6c, 0x69, 0x74, 0x5f, 0x32, 0x32, 0x00, 0x00, 0x00, 0x00, 
  0x02, 0x00, 0x00, 0x00, 0x01, 0x00, 0x00, 0x00, 0x04, 0x00, 0x00, 0x00, 
  0x26, 0xaf, 0xfe, 0xff, 0x00, 0x00, 0x00, 0x01, 0x18, 0x00, 0x00, 0x00, 
  0x20, 0x00, 0x00, 0x00, 0x40, 0x00, 0x00, 0x00, 0x83, 0x01, 0x00, 0x00, 
  0x00, 0x00, 0x00, 0x09, 0xc0, 0x00, 0x00, 0x00, 0x02, 0x00, 0x00, 0x00, 
  0xff, 0xff, 0xff, 0xff, 0x0c, 0x00, 0x00, 0x00, 0x0c, 0xaf, 0xfe, 0xff, 
  0x08, 0x00, 0x00, 0x00, 0x14, 0x00, 0x00, 0x00, 0x01, 0x00, 0x00, 0x00, 
  0x3d, 0x00, 0x00, 0x00, 0x00, 0x00, 0x00, 0x00, 0x00, 0x00, 0x00, 0x00, 
  0x01, 0x00, 0x00, 0x00, 0xf5, 0x9a, 0x42, 0x3d, 0x84, 0x00, 0x00, 0x00, 
  0x73, 0x61, 0x66, 0x65, 0x62, 0x61, 0x6e, 0x64, 0x5f, 0x76, 0x32, 0x5f, 
  0x64, 0x65, 0x70, 0x6c, 0x6f, 0x79, 0x6d, 0x65, 0x6e, 0x74, 0x2f, 0x6d, 
  0x6f, 0x74, 0x69, 0x6f, 0x6e, 0x5f, 0x64, 0x65, 0x63, 0x6f, 0x64, 0x65, 
  0x72, 0x2f, 0x64, 0x65, 0x63, 0x5f, 0x67, 0x72, 0x75, 0x2f, 0x67, 0x72, 
  0x75, 0x5f, 0x63, 0x65, 0x6c, 0x6c, 0x5f, 0x32, 0x2f, 0x4d, 0x61, 0x74, 
  0x4d, 0x75, 0x6c, 0x5f, 0x32, 0x3b, 0x73, 0x61, 0x66, 0x65, 0x62, 0x61, 
  0x6e, 0x64, 0x5f, 0x76, 0x32, 0x5f, 0x64, 0x65, 0x70, 0x6c, 0x6f, 0x79, 
  0x6d, 0x65, 0x6e, 0x74, 0x2f, 0x6d, 0x6f, 0x74, 0x69, 0x6f, 0x6e, 0x5f, 
  0x64, 0x65, 0x63, 0x6f, 0x64, 0x65, 0x72, 0x2f, 0x64, 0x65, 0x63, 0x5f, 
  0x67, 0x72, 0x75, 0x2f, 0x67, 0x72, 0x75, 0x5f, 0x63, 0x65, 0x6c, 0x6c, 
  0x5f, 0x32, 0x2f, 0x42, 0x69, 0x61, 0x73, 0x41, 0x64, 0x64, 0x5f, 0x32, 
  0x00, 0x00, 0x00, 0x00, 0x02, 0x00, 0x00, 0x00, 0x01, 0x00, 0x00, 0x00, 
  0x0c, 0x00, 0x00, 0x00, 0x0e, 0xb0, 0xfe, 0xff, 0x00, 0x00, 0x00, 0x01, 
  0x18, 0x00, 0x00, 0x00, 0x20, 0x00, 0x00, 0x00, 0x3c, 0x00, 0x00, 0x00, 
  0x82, 0x01, 0x00, 0x00, 0x00, 0x00, 0x00, 0x09, 0x00, 0x01, 0x00, 0x00, 
  0x02, 0x00, 0x00, 0x00, 0xff, 0xff, 0xff, 0xff, 0x04, 0x00, 0x00, 0x00, 
  0xf4, 0xaf, 0xfe, 0xff, 0x08, 0x00, 0x00, 0x00, 0x10, 0x00, 0x00, 0x00, 
  0x01, 0x00, 0x00, 0x00, 0x3d, 0x00, 0x00, 0x00, 0x00, 0x00, 0x00, 0x00, 
  0x01, 0x00, 0x00, 0x00, 0xf5, 0x9a, 0x42, 0x3d, 0xc8, 0x00, 0x00, 0x00, 
  0x73, 0x61, 0x66, 0x65, 0x62, 0x61, 0x6e, 0x64, 0x5f, 0x76, 0x32, 0x5f, 
  0x64, 0x65, 0x70, 0x6c, 0x6f, 0x79, 0x6d, 0x65, 0x6e, 0x74, 0x2f, 0x6d, 
  0x6f, 0x74, 0x69, 0x6f, 0x6e, 0x5f, 0x64, 0x65, 0x63, 0x6f, 0x64, 0x65, 
  0x72, 0x2f, 0x64, 0x65, 0x63, 0x5f, 0x67, 0x72, 0x75, 0x2f, 0x67, 0x72, 
  0x75, 0x5f, 0x63, 0x65, 0x6c, 0x6c, 0x5f, 0x32, 0x2f, 0x73, 0x70, 0x6c, 
  0x69, 0x74, 0x5f, 0x31, 0x38, 0x3b, 0x73, 0x61, 0x66, 0x65, 0x62, 0x61, 
  0x6e, 0x64, 0x5f, 0x76, 0x32, 0x5f, 0x64, 0x65, 0x70, 0x6c, 0x6f, 0x79, 
  0x6d, 0x65, 0x6e, 0x74, 0x2f, 0x6d, 0x6f, 0x74, 0x69, 0x6f, 0x6e, 0x5f, 
  0x64, 0x65, 0x63, 0x6f, 0x64, 0x65, 0x72, 0x2f, 0x64, 0x65, 0x63, 0x5f, 
  0x67, 0x72, 0x75, 0x2f, 0x67, 0x72, 0x75, 0x5f, 0x63, 0x65, 0x6c, 0x6c, 
  0x5f, 0x32, 0x2f, 0x73, 0x70, 0x6c, 0x69, 0x74, 0x5f, 0x31, 0x38, 0x31, 
  0x3b, 0x73, 0x61, 0x66, 0x65, 0x62, 0x61, 0x6e, 0x64, 0x5f, 0x76, 0x32, 
  0x5f, 0x64, 0x65, 0x70, 0x6c, 0x6f, 0x79, 0x6d, 0x65, 0x6e, 0x74, 0x2f, 
  0x6d, 0x6f, 0x74, 0x69, 0x6f, 0x6e, 0x5f, 0x64, 0x65, 0x63, 0x6f, 0x64, 
  0x65, 0x72, 0x2f, 0x64, 0x65, 0x63, 0x5f, 0x67, 0x72, 0x75, 0x2f, 0x67, 
  0x72, 0x75, 0x5f, 0x63, 0x65, 0x6c, 0x6c, 0x5f, 0x32, 0x2f, 0x73, 0x70, 
  0x6c, 0x69, 0x74, 0x5f, 0x31, 0x38, 0x32, 0x32, 0x00, 0x00, 0x00, 0x00, 
  0x02, 0x00, 0x00, 0x00, 0x01, 0x00, 0x00, 0x00, 0x04, 0x00, 0x00, 0x00, 
  0x36, 0xb1, 0xfe, 0xff, 0x00, 0x00, 0x00, 0x01, 0x18, 0x00, 0x00, 0x00, 
  0x20, 0x00, 0x00, 0x00, 0x3c, 0x00, 0x00, 0x00, 0x81, 0x01, 0x00, 0x00, 
  0x00, 0x00, 0x00, 0x09, 0x00, 0x01, 0x00, 0x00, 0x02, 0x00, 0x00, 0x00, 
  0xff, 0xff, 0xff, 0xff, 0x04, 0x00, 0x00, 0x00, 0x1c, 0xb1, 0xfe, 0xff, 
  0x08, 0x00, 0x00, 0x00, 0x10, 0x00, 0x00, 0x00, 0x01, 0x00, 0x00, 0x00, 
  0x3d, 0x00, 0x00, 0x00, 0x00, 0x00, 0x00, 0x00, 0x01, 0x00, 0x00, 0x00, 
  0xf5, 0x9a, 0x42, 0x3d, 0xc8, 0x00, 0x00, 0x00, 0x73, 0x61, 0x66, 0x65, 
  0x62, 0x61, 0x6e, 0x64, 0x5f, 0x76, 0x32, 0x5f, 0x64, 0x65, 0x70, 0x6c, 
  0x6f, 0x79, 0x6d, 0x65, 0x6e, 0x74, 0x2f, 0x6d, 0x6f, 0x74, 0x69, 0x6f, 
  0x6e, 0x5f, 0x64, 0x65, 0x63, 0x6f, 0x64, 0x65, 0x72, 0x2f, 0x64, 0x65, 
  0x63, 0x5f, 0x67, 0x72, 0x75, 0x2f, 0x67, 0x72, 0x75, 0x5f, 0x63, 0x65, 
  0x6c, 0x6c, 0x5f, 0x32, 0x2f, 0x73, 0x70, 0x6c, 0x69, 0x74, 0x5f, 0x31, 
  0x38, 0x3b, 0x73, 0x61, 0x66, 0x65, 0x62, 0x61, 0x6e, 0x64, 0x5f, 0x76, 
  0x32, 0x5f, 0x64, 0x65, 0x70, 0x6c, 0x6f, 0x79, 0x6d, 0x65, 0x6e, 0x74, 
  0x2f, 0x6d, 0x6f, 0x74, 0x69, 0x6f, 0x6e, 0x5f, 0x64, 0x65, 0x63, 0x6f, 
  0x64, 0x65, 0x72, 0x2f, 0x64, 0x65, 0x63, 0x5f, 0x67, 0x72, 0x75, 0x2f, 
  0x67, 0x72, 0x75, 0x5f, 0x63, 0x65, 0x6c, 0x6c, 0x5f, 0x32, 0x2f, 0x73, 
  0x70, 0x6c, 0x69, 0x74, 0x5f, 0x31, 0x38, 0x31, 0x3b, 0x73, 0x61, 0x66, 
  0x65, 0x62, 0x61, 0x6e, 0x64, 0x5f, 0x76, 0x32, 0x5f, 0x64, 0x65, 0x70, 
  0x6c, 0x6f, 0x79, 0x6d, 0x65, 0x6e, 0x74, 0x2f, 0x6d, 0x6f, 0x74, 0x69, 
  0x6f, 0x6e, 0x5f, 0x64, 0x65, 0x63, 0x6f, 0x64, 0x65, 0x72, 0x2f, 0x64, 
  0x65, 0x63, 0x5f, 0x67, 0x72, 0x75, 0x2f, 0x67, 0x72, 0x75, 0x5f, 0x63, 
  0x65, 0x6c, 0x6c, 0x5f, 0x32, 0x2f, 0x73, 0x70, 0x6c, 0x69, 0x74, 0x5f, 
  0x31, 0x38, 0x32, 0x31, 0x00, 0x00, 0x00, 0x00, 0x02, 0x00, 0x00, 0x00, 
  0x01, 0x00, 0x00, 0x00, 0x04, 0x00, 0x00, 0x00, 0x5e, 0xb2, 0xfe, 0xff, 
  0x00, 0x00, 0x00, 0x01, 0x18, 0x00, 0x00, 0x00, 0x20, 0x00, 0x00, 0x00, 
  0x40, 0x00, 0x00, 0x00, 0x80, 0x01, 0x00, 0x00, 0x00, 0x00, 0x00, 0x09, 
  0x00, 0x01, 0x00, 0x00, 0x02, 0x00, 0x00, 0x00, 0xff, 0xff, 0xff, 0xff, 
  0x04, 0x00, 0x00, 0x00, 0x44, 0xb2, 0xfe, 0xff, 0x08, 0x00, 0x00, 0x00, 
  0x14, 0x00, 0x00, 0x00, 0x01, 0x00, 0x00, 0x00, 0x3d, 0x00, 0x00, 0x00, 
  0x00, 0x00, 0x00, 0x00, 0x00, 0x00, 0x00, 0x00, 0x01, 0x00, 0x00, 0x00, 
  0xf5, 0x9a, 0x42, 0x3d, 0xc7, 0x00, 0x00, 0x00, 0x73, 0x61, 0x66, 0x65, 
  0x62, 0x61, 0x6e, 0x64, 0x5f, 0x76, 0x32, 0x5f, 0x64, 0x65, 0x70, 0x6c, 
  0x6f, 0x79, 0x6d, 0x65, 0x6e, 0x74, 0x2f, 0x6d, 0x6f, 0x74, 0x69, 0x6f, 
  0x6e, 0x5f, 0x64, 0x65, 0x63, 0x6f, 0x64, 0x65, 0x72, 0x2f, 0x64, 0x65, 
  0x63, 0x5f, 0x67, 0x72, 0x75, 0x2f, 0x67, 0x72, 0x75, 0x5f, 0x63, 0x65, 
  0x6c, 0x6c, 0x5f, 0x32, 0x2f, 0x73, 0x70, 0x6c, 0x69, 0x74, 0x5f, 0x31, 
  0x38, 0x3b, 0x73, 0x61, 0x66, 0x65, 0x62, 0x61, 0x6e, 0x64, 0x5f, 0x76, 
  0x32, 0x5f, 0x64, 0x65, 0x70, 0x6c, 0x6f, 0x79, 0x6d, 0x65, 0x6e, 0x74, 
  0x2f, 0x6d, 0x6f, 0x74, 0x69, 0x6f, 0x6e, 0x5f, 0x64, 0x65, 0x63, 0x6f, 
  0x64, 0x65, 0x72, 0x2f, 0x64, 0x65, 0x63, 0x5f, 0x67, 0x72, 0x75, 0x2f, 
  0x67, 0x72, 0x75, 0x5f, 0x63, 0x65, 0x6c, 0x6c, 0x5f, 0x32, 0x2f, 0x73, 
  0x70, 0x6c, 0x69, 0x74, 0x5f, 0x31, 0x38, 0x31, 0x3b, 0x73, 0x61, 0x66, 
  0x65, 0x62, 0x61, 0x6e, 0x64, 0x5f, 0x76, 0x32, 0x5f, 0x64, 0x65, 0x70, 
  0x6c, 0x6f, 0x79, 0x6d, 0x65, 0x6e, 0x74, 0x2f, 0x6d, 0x6f, 0x74, 0x69, 
  0x6f, 0x6e, 0x5f, 0x64, 0x65, 0x63, 0x6f, 0x64, 0x65, 0x72, 0x2f, 0x64, 
  0x65, 0x63, 0x5f, 0x67, 0x72, 0x75, 0x2f, 0x67, 0x72, 0x75, 0x5f, 0x63, 
  0x65, 0x6c, 0x6c, 0x5f, 0x32, 0x2f, 0x73, 0x70, 0x6c, 0x69, 0x74, 0x5f, 
  0x31, 0x38, 0x32, 0x00, 0x02, 0x00, 0x00, 0x00, 0x01, 0x00, 0x00, 0x00, 
  0x04, 0x00, 0x00, 0x00, 0x86, 0xb3, 0xfe, 0xff, 0x00, 0x00, 0x00, 0x01, 
  0x18, 0x00, 0x00, 0x00, 0x20, 0x00, 0x00, 0x00, 0x40, 0x00, 0x00, 0x00, 
  0x7f, 0x01, 0x00, 0x00, 0x00, 0x00, 0x00, 0x09, 0xc0, 0x00, 0x00, 0x00, 
  0x02, 0x00, 0x00, 0x00, 0xff, 0xff, 0xff, 0xff, 0x0c, 0x00, 0x00, 0x00, 
  0x6c, 0xb3, 0xfe, 0xff, 0x08, 0x00, 0x00, 0x00, 0x14, 0x00, 0x00, 0x00, 
  0x01, 0x00, 0x00, 0x00, 0x3d, 0x00, 0x00, 0x00, 0x00, 0x00, 0x00, 0x00, 
  0x00, 0x00, 0x00, 0x00, 0x01, 0x00, 0x00, 0x00, 0xf5, 0x9a, 0x42, 0x3d, 
  0x86, 0x00, 0x00, 0x00, 0x73, 0x61, 0x66, 0x65, 0x62, 0x61, 0x6e, 0x64, 
  0x5f, 0x76, 0x32, 0x5f, 0x64, 0x65, 0x70, 0x6c, 0x6f, 0x79, 0x6d, 0x65, 
  0x6e, 0x74, 0x2f, 0x6d, 0x6f, 0x74, 0x69, 0x6f, 0x6e, 0x5f, 0x64, 0x65, 
  0x63, 0x6f, 0x64, 0x65, 0x72, 0x2f, 0x64, 0x65, 0x63, 0x5f, 0x67, 0x72, 
  0x75, 0x2f, 0x67, 0x72, 0x75, 0x5f, 0x63, 0x65, 0x6c, 0x6c, 0x5f, 0x32, 
  0x2f, 0x4d, 0x61, 0x74, 0x4d, 0x75, 0x6c, 0x5f, 0x31, 0x38, 0x3b, 0x73, 
  0x61, 0x66, 0x65, 0x62, 0x61, 0x6e, 0x64, 0x5f, 0x76, 0x32, 0x5f, 0x64, 
  0x65, 0x70, 0x6c, 0x6f, 0x79, 0x6d, 0x65, 0x6e, 0x74, 0x2f, 0x6d, 0x6f, 
  0x74, 0x69, 0x6f, 0x6e, 0x5f, 0x64, 0x65, 0x63, 0x6f, 0x64, 0x65, 0x72, 
  0x2f, 0x64, 0x65, 0x63, 0x5f, 0x67, 0x72, 0x75, 0x2f, 0x67, 0x72, 0x75, 
  0x5f, 0x63, 0x65, 0x6c, 0x6c, 0x5f, 0x32, 0x2f, 0x42, 0x69, 0x61, 0x73, 
  0x41, 0x64, 0x64, 0x5f, 0x31, 0x38, 0x00, 0x00, 0x02, 0x00, 0x00, 0x00, 
  0x01, 0x00, 0x00, 0x00, 0x0c, 0x00, 0x00, 0x00, 0x6e, 0xb4, 0xfe, 0xff, 
  0x00, 0x00, 0x00, 0x01, 0x18, 0x00, 0x00, 0x00, 0x20, 0x00, 0x00, 0x00, 
  0x3c, 0x00, 0x00, 0x00, 0x7e, 0x01, 0x00, 0x00, 0x00, 0x00, 0x00, 0x09, 
  0x00, 0x01, 0x00, 0x00, 0x02, 0x00, 0x00, 0x00, 0xff, 0xff, 0xff, 0xff, 
  0x04, 0x00, 0x00, 0x00, 0x54, 0xb4, 0xfe, 0xff, 0x08, 0x00, 0x00, 0x00, 
  0x10, 0x00, 0x00, 0x00, 0x01, 0x00, 0x00, 0x00, 0x3d, 0x00, 0x00, 0x00, 
  0x00, 0x00, 0x00, 0x00, 0x01, 0x00, 0x00, 0x00, 0xf5, 0x9a, 0x42, 0x3d, 
  0xc8, 0x00, 0x00, 0x00, 0x73, 0x61, 0x66, 0x65, 0x62, 0x61, 0x6e, 0x64, 
  0x5f, 0x76, 0x32, 0x5f, 0x64, 0x65, 0x70, 0x6c, 0x6f, 0x79, 0x6d, 0x65, 
  0x6e, 0x74, 0x2f, 0x6d, 0x6f, 0x74, 0x69, 0x6f, 0x6e, 0x5f, 0x64, 0x65, 
  0x63, 0x6f, 0x64, 0x65, 0x72, 0x2f, 0x64, 0x65, 0x63, 0x5f, 0x67, 0x72, 
  0x75, 0x2f, 0x67, 0x72, 0x75, 0x5f, 0x63, 0x65, 0x6c, 0x6c, 0x5f, 0x32, 
  0x2f, 0x73, 0x70, 0x6c, 0x69, 0x74, 0x5f, 0x31, 0x36, 0x3b, 0x73, 0x61, 
  0x66, 0x65, 0x62, 0x61, 0x6e, 0x64, 0x5f, 0x76, 0x32, 0x5f, 0x64, 0x65, 
  0x70, 0x6c, 0x6f, 0x79, 0x6d, 0x65, 0x6e, 0x74, 0x2f, 0x6d, 0x6f, 0x74, 
  0x69, 0x6f, 0x6e, 0x5f, 0x64, 0x65, 0x63, 0x6f, 0x64, 0x65, 0x72, 0x2f, 
  0x64, 0x65, 0x63, 0x5f, 0x67, 0x72, 0x75, 0x2f, 0x67, 0x72, 0x75, 0x5f, 
  0x63, 0x65, 0x6c, 0x6c, 0x5f, 0x32, 0x2f, 0x73, 0x70, 0x6c, 0x69, 0x74, 
  0x5f, 0x31, 0x36, 0x31, 0x3b, 0x73, 0x61, 0x66, 0x65, 0x62, 0x61, 0x6e, 
  0x64, 0x5f, 0x76, 0x32, 0x5f, 0x64, 0x65, 0x70, 0x6c, 0x6f, 0x79, 0x6d, 
  0x65, 0x6e, 0x74, 0x2f, 0x6d, 0x6f, 0x74, 0x69, 0x6f, 0x6e, 0x5f, 0x64, 
  0x65, 0x63, 0x6f, 0x64, 0x65, 0x72, 0x2f, 0x64, 0x65, 0x63, 0x5f, 0x67, 
  0x72, 0x75, 0x2f, 0x67, 0x72, 0x75, 0x5f, 0x63, 0x65, 0x6c, 0x6c, 0x5f, 
  0x32, 0x2f, 0x73, 0x70, 0x6c, 0x69, 0x74, 0x5f, 0x31, 0x36, 0x32, 0x32, 
  0x00, 0x00, 0x00, 0x00, 0x02, 0x00, 0x00, 0x00, 0x01, 0x00, 0x00, 0x00, 
  0x04, 0x00, 0x00, 0x00, 0x96, 0xb5, 0xfe, 0xff, 0x00, 0x00, 0x00, 0x01, 
  0x18, 0x00, 0x00, 0x00, 0x20, 0x00, 0x00, 0x00, 0x3c, 0x00, 0x00, 0x00, 
  0x7d, 0x01, 0x00, 0x00, 0x00, 0x00, 0x00, 0x09, 0x00, 0x01, 0x00, 0x00, 
  0x02, 0x00, 0x00, 0x00, 0xff, 0xff, 0xff, 0xff, 0x04, 0x00, 0x00, 0x00, 
  0x7c, 0xb5, 0xfe, 0xff, 0x08, 0x00, 0x00, 0x00, 0x10, 0x00, 0x00, 0x00, 
  0x01, 0x00, 0x00, 0x00, 0x3d, 0x00, 0x00, 0x00, 0x00, 0x00, 0x00, 0x00, 
  0x01, 0x00, 0x00, 0x00, 0xf5, 0x9a, 0x42, 0x3d, 0xc8, 0x00, 0x00, 0x00, 
  0x73, 0x61, 0x66, 0x65, 0x62, 0x61, 0x6e, 0x64, 0x5f, 0x76, 0x32, 0x5f, 
  0x64, 0x65, 0x70, 0x6c, 0x6f, 0x79, 0x6d, 0x65, 0x6e, 0x74, 0x2f, 0x6d, 
  0x6f, 0x74, 0x69, 0x6f, 0x6e, 0x5f, 0x64, 0x65, 0x63, 0x6f, 0x64, 0x65, 
  0x72, 0x2f, 0x64, 0x65, 0x63, 0x5f, 0x67, 0x72, 0x75, 0x2f, 0x67, 0x72, 
  0x75, 0x5f, 0x63, 0x65, 0x6c, 0x6c, 0x5f, 0x32, 0x2f, 0x73, 0x70, 0x6c, 
  0x69, 0x74, 0x5f, 0x31, 0x36, 0x3b, 0x73, 0x61, 0x66, 0x65, 0x62, 0x61, 
  0x6e, 0x64, 0x5f, 0x76, 0x32, 0x5f, 0x64, 0x65, 0x70, 0x6c, 0x6f, 0x79, 
  0x6d, 0x65, 0x6e, 0x74, 0x2f, 0x6d, 0x6f, 0x74, 0x69, 0x6f, 0x6e, 0x5f, 
  0x64, 0x65, 0x63, 0x6f, 0x64, 0x65, 0x72, 0x2f, 0x64, 0x65, 0x63, 0x5f, 
  0x67, 0x72, 0x75, 0x2f, 0x67, 0x72, 0x75, 0x5f, 0x63, 0x65, 0x6c, 0x6c, 
  0x5f, 0x32, 0x2f, 0x73, 0x70, 0x6c, 0x69, 0x74, 0x5f, 0x31, 0x36, 0x31, 
  0x3b, 0x73, 0x61, 0x66, 0x65, 0x62, 0x61, 0x6e, 0x64, 0x5f, 0x76, 0x32, 
  0x5f, 0x64, 0x65, 0x70, 0x6c, 0x6f, 0x79, 0x6d, 0x65, 0x6e, 0x74, 0x2f, 
  0x6d, 0x6f, 0x74, 0x69, 0x6f, 0x6e, 0x5f, 0x64, 0x65, 0x63, 0x6f, 0x64, 
  0x65, 0x72, 0x2f, 0x64, 0x65, 0x63, 0x5f, 0x67, 0x72, 0x75, 0x2f, 0x67, 
  0x72, 0x75, 0x5f, 0x63, 0x65, 0x6c, 0x6c, 0x5f, 0x32, 0x2f, 0x73, 0x70, 
  0x6c, 0x69, 0x74, 0x5f, 0x31, 0x36, 0x32, 0x31, 0x00, 0x00, 0x00, 0x00, 
  0x02, 0x00, 0x00, 0x00, 0x01, 0x00, 0x00, 0x00, 0x04, 0x00, 0x00, 0x00, 
  0xbe, 0xb6, 0xfe, 0xff, 0x00, 0x00, 0x00, 0x01, 0x18, 0x00, 0x00, 0x00, 
  0x20, 0x00, 0x00, 0x00, 0x40, 0x00, 0x00, 0x00, 0x7c, 0x01, 0x00, 0x00, 
  0x00, 0x00, 0x00, 0x09, 0x00, 0x01, 0x00, 0x00, 0x02, 0x00, 0x00, 0x00, 
  0xff, 0xff, 0xff, 0xff, 0x04, 0x00, 0x00, 0x00, 0xa4, 0xb6, 0xfe, 0xff, 
  0x08, 0x00, 0x00, 0x00, 0x14, 0x00, 0x00, 0x00, 0x01, 0x00, 0x00, 0x00, 
  0x3d, 0x00, 0x00, 0x00, 0x00, 0x00, 0x00, 0x00, 0x00, 0x00, 0x00, 0x00, 
  0x01, 0x00, 0x00, 0x00, 0xf5, 0x9a, 0x42, 0x3d, 0xc7, 0x00, 0x00, 0x00, 
  0x73, 0x61, 0x66, 0x65, 0x62, 0x61, 0x6e, 0x64, 0x5f, 0x76, 0x32, 0x5f, 
  0x64, 0x65, 0x70, 0x6c, 0x6f, 0x79, 0x6d, 0x65, 0x6e, 0x74, 0x2f, 0x6d, 
  0x6f, 0x74, 0x69, 0x6f, 0x6e, 0x5f, 0x64, 0x65, 0x63, 0x6f, 0x64, 0x65, 
  0x72, 0x2f, 0x64, 0x65, 0x63, 0x5f, 0x67, 0x72, 0x75, 0x2f, 0x67, 0x72, 
  0x75, 0x5f, 0x63, 0x65, 0x6c, 0x6c, 0x5f, 0x32, 0x2f, 0x73, 0x70, 0x6c, 
  0x69, 0x74, 0x5f, 0x31, 0x36, 0x3b, 0x73, 0x61, 0x66, 0x65, 0x62, 0x61, 
  0x6e, 0x64, 0x5f, 0x76, 0x32, 0x5f, 0x64, 0x65, 0x70, 0x6c, 0x6f, 0x79, 
  0x6d, 0x65, 0x6e, 0x74, 0x2f, 0x6d, 0x6f, 0x74, 0x69, 0x6f, 0x6e, 0x5f, 
  0x64, 0x65, 0x63, 0x6f, 0x64, 0x65, 0x72, 0x2f, 0x64, 0x65, 0x63, 0x5f, 
  0x67, 0x72, 0x75, 0x2f, 0x67, 0x72, 0x75, 0x5f, 0x63, 0x65, 0x6c, 0x6c, 
  0x5f, 0x32, 0x2f, 0x73, 0x70, 0x6c, 0x69, 0x74, 0x5f, 0x31, 0x36, 0x31, 
  0x3b, 0x73, 0x61, 0x66, 0x65, 0x62, 0x61, 0x6e, 0x64, 0x5f, 0x76, 0x32, 
  0x5f, 0x64, 0x65, 0x70, 0x6c, 0x6f, 0x79, 0x6d, 0x65, 0x6e, 0x74, 0x2f, 
  0x6d, 0x6f, 0x74, 0x69, 0x6f, 0x6e, 0x5f, 0x64, 0x65, 0x63, 0x6f, 0x64, 
  0x65, 0x72, 0x2f, 0x64, 0x65, 0x63, 0x5f, 0x67, 0x72, 0x75, 0x2f, 0x67, 
  0x72, 0x75, 0x5f, 0x63, 0x65, 0x6c, 0x6c, 0x5f, 0x32, 0x2f, 0x73, 0x70, 
  0x6c, 0x69, 0x74, 0x5f, 0x31, 0x36, 0x32, 0x00, 0x02, 0x00, 0x00, 0x00, 
  0x01, 0x00, 0x00, 0x00, 0x04, 0x00, 0x00, 0x00, 0xe6, 0xb7, 0xfe, 0xff, 
  0x00, 0x00, 0x00, 0x01, 0x18, 0x00, 0x00, 0x00, 0x20, 0x00, 0x00, 0x00, 
  0x40, 0x00, 0x00, 0x00, 0x7b, 0x01, 0x00, 0x00, 0x00, 0x00, 0x00, 0x09, 
  0xc0, 0x00, 0x00, 0x00, 0x02, 0x00, 0x00, 0x00, 0xff, 0xff, 0xff, 0xff, 
  0x0c, 0x00, 0x00, 0x00, 0xcc, 0xb7, 0xfe, 0xff, 0x08, 0x00, 0x00, 0x00, 
  0x14, 0x00, 0x00, 0x00, 0x01, 0x00, 0x00, 0x00, 0x3d, 0x00, 0x00, 0x00, 
  0x00, 0x00, 0x00, 0x00, 0x00, 0x00, 0x00, 0x00, 0x01, 0x00, 0x00, 0x00, 
  0xf5, 0x9a, 0x42, 0x3d, 0x86, 0x00, 0x00, 0x00, 0x73, 0x61, 0x66, 0x65, 
  0x62, 0x61, 0x6e, 0x64, 0x5f, 0x76, 0x32, 0x5f, 0x64, 0x65, 0x70, 0x6c, 
  0x6f, 0x79, 0x6d, 0x65, 0x6e, 0x74, 0x2f, 0x6d, 0x6f, 0x74, 0x69, 0x6f, 
  0x6e, 0x5f, 0x64, 0x65, 0x63, 0x6f, 0x64, 0x65, 0x72, 0x2f, 0x64, 0x65, 
  0x63, 0x5f, 0x67, 0x72, 0x75, 0x2f, 0x67, 0x72, 0x75, 0x5f, 0x63, 0x65, 
  0x6c, 0x6c, 0x5f, 0x32, 0x2f, 0x4d, 0x61, 0x74, 0x4d, 0x75, 0x6c, 0x5f, 
  0x31, 0x36, 0x3b, 0x73, 0x61, 0x66, 0x65, 0x62, 0x61, 0x6e, 0x64, 0x5f, 
  0x76, 0x32, 0x5f, 0x64, 0x65, 0x70, 0x6c, 0x6f, 0x79, 0x6d, 0x65, 0x6e, 
  0x74, 0x2f, 0x6d, 0x6f, 0x74, 0x69, 0x6f, 0x6e, 0x5f, 0x64, 0x65, 0x63, 
  0x6f, 0x64, 0x65, 0x72, 0x2f, 0x64, 0x65, 0x63, 0x5f, 0x67, 0x72, 0x75, 
  0x2f, 0x67, 0x72, 0x75, 0x5f, 0x63, 0x65, 0x6c, 0x6c, 0x5f, 0x32, 0x2f, 
  0x42, 0x69, 0x61, 0x73, 0x41, 0x64, 0x64, 0x5f, 0x31, 0x36, 0x00, 0x00, 
  0x02, 0x00, 0x00, 0x00, 0x01, 0x00, 0x00, 0x00, 0x0c, 0x00, 0x00, 0x00, 
  0xce, 0xb8, 0xfe, 0xff, 0x00, 0x00, 0x00, 0x01, 0x18, 0x00, 0x00, 0x00, 
  0x20, 0x00, 0x00, 0x00, 0x3c, 0x00, 0x00, 0x00, 0x7a, 0x01, 0x00, 0x00, 
  0x00, 0x00, 0x00, 0x09, 0x00, 0x01, 0x00, 0x00, 0x02, 0x00, 0x00, 0x00, 
  0xff, 0xff, 0xff, 0xff, 0x04, 0x00, 0x00, 0x00, 0xb4, 0xb8, 0xfe, 0xff, 
  0x08, 0x00, 0x00, 0x00, 0x10, 0x00, 0x00, 0x00, 0x01, 0x00, 0x00, 0x00, 
  0x3d, 0x00, 0x00, 0x00, 0x00, 0x00, 0x00, 0x00, 0x01, 0x00, 0x00, 0x00, 
  0xf5, 0x9a, 0x42, 0x3d, 0xc8, 0x00, 0x00, 0x00, 0x73, 0x61, 0x66, 0x65, 
  0x62, 0x61, 0x6e, 0x64, 0x5f, 0x76, 0x32, 0x5f, 0x64, 0x65, 0x70, 0x6c, 
  0x6f, 0x79, 0x6d, 0x65, 0x6e, 0x74, 0x2f, 0x6d, 0x6f, 0x74, 0x69, 0x6f, 
  0x6e, 0x5f, 0x64, 0x65, 0x63, 0x6f, 0x64, 0x65, 0x72, 0x2f, 0x64, 0x65, 
  0x63, 0x5f, 0x67, 0x72, 0x75, 0x2f, 0x67, 0x72, 0x75, 0x5f, 0x63, 0x65, 
  0x6c, 0x6c, 0x5f, 0x32, 0x2f, 0x73, 0x70, 0x6c, 0x69, 0x74, 0x5f, 0x31, 
  0x34, 0x3b, 0x73, 0x61, 0x66, 0x65, 0x62, 0x61, 0x6e, 0x64, 0x5f, 0x76, 
  0x32, 0x5f, 0x64, 0x65, 0x70, 0x6c, 0x6f, 0x79, 0x6d, 0x65, 0x6e, 0x74, 
  0x2f, 0x6d, 0x6f, 0x74, 0x69, 0x6f, 0x6e, 0x5f, 0x64, 0x65, 0x63, 0x6f, 
  0x64, 0x65, 0x72, 0x2f, 0x64, 0x65, 0x63, 0x5f, 0x67, 0x72, 0x75, 0x2f, 
  0x67, 0x72, 0x75, 0x5f, 0x63, 0x65, 0x6c, 0x6c, 0x5f, 0x32, 0x2f, 0x73, 
  0x70, 0x6c, 0x69, 0x74, 0x5f, 0x31, 0x34, 0x31, 0x3b, 0x73, 0x61, 0x66, 
  0x65, 0x62, 0x61, 0x6e, 0x64, 0x5f, 0x76, 0x32, 0x5f, 0x64, 0x65, 0x70, 
  0x6c, 0x6f, 0x79, 0x6d, 0x65, 0x6e, 0x74, 0x2f, 0x6d, 0x6f, 0x74, 0x69, 
  0x6f, 0x6e, 0x5f, 0x64, 0x65, 0x63, 0x6f, 0x64, 0x65, 0x72, 0x2f, 0x64, 
  0x65, 0x63, 0x5f, 0x67, 0x72, 0x75, 0x2f, 0x67, 0x72, 0x75, 0x5f, 0x63, 
  0x65, 0x6c, 0x6c, 0x5f, 0x32, 0x2f, 0x73, 0x70, 0x6c, 0x69, 0x74, 0x5f, 
  0x31, 0x34, 0x32, 0x32, 0x00, 0x00, 0x00, 0x00, 0x02, 0x00, 0x00, 0x00, 
  0x01, 0x00, 0x00, 0x00, 0x04, 0x00, 0x00, 0x00, 0xf6, 0xb9, 0xfe, 0xff, 
  0x00, 0x00, 0x00, 0x01, 0x18, 0x00, 0x00, 0x00, 0x20, 0x00, 0x00, 0x00, 
  0x3c, 0x00, 0x00, 0x00, 0x79, 0x01, 0x00, 0x00, 0x00, 0x00, 0x00, 0x09, 
  0x00, 0x01, 0x00, 0x00, 0x02, 0x00, 0x00, 0x00, 0xff, 0xff, 0xff, 0xff, 
  0x04, 0x00, 0x00, 0x00, 0xdc, 0xb9, 0xfe, 0xff, 0x08, 0x00, 0x00, 0x00, 
  0x10, 0x00, 0x00, 0x00, 0x01, 0x00, 0x00, 0x00, 0x3d, 0x00, 0x00, 0x00, 
  0x00, 0x00, 0x00, 0x00, 0x01, 0x00, 0x00, 0x00, 0xf5, 0x9a, 0x42, 0x3d, 
  0xc8, 0x00, 0x00, 0x00, 0x73, 0x61, 0x66, 0x65, 0x62, 0x61, 0x6e, 0x64, 
  0x5f, 0x76, 0x32, 0x5f, 0x64, 0x65, 0x70, 0x6c, 0x6f, 0x79, 0x6d, 0x65, 
  0x6e, 0x74, 0x2f, 0x6d, 0x6f, 0x74, 0x69, 0x6f, 0x6e, 0x5f, 0x64, 0x65, 
  0x63, 0x6f, 0x64, 0x65, 0x72, 0x2f, 0x64, 0x65, 0x63, 0x5f, 0x67, 0x72, 
  0x75, 0x2f, 0x67, 0x72, 0x75, 0x5f, 0x63, 0x65, 0x6c, 0x6c, 0x5f, 0x32, 
  0x2f, 0x73, 0x70, 0x6c, 0x69, 0x74, 0x5f, 0x31, 0x34, 0x3b, 0x73, 0x61, 
  0x66, 0x65, 0x62, 0x61, 0x6e, 0x64, 0x5f, 0x76, 0x32, 0x5f, 0x64, 0x65, 
  0x70, 0x6c, 0x6f, 0x79, 0x6d, 0x65, 0x6e, 0x74, 0x2f, 0x6d, 0x6f, 0x74, 
  0x69, 0x6f, 0x6e, 0x5f, 0x64, 0x65, 0x63, 0x6f, 0x64, 0x65, 0x72, 0x2f, 
  0x64, 0x65, 0x63, 0x5f, 0x67, 0x72, 0x75, 0x2f, 0x67, 0x72, 0x75, 0x5f, 
  0x63, 0x65, 0x6c, 0x6c, 0x5f, 0x32, 0x2f, 0x73, 0x70, 0x6c, 0x69, 0x74, 
  0x5f, 0x31, 0x34, 0x31, 0x3b, 0x73, 0x61, 0x66, 0x65, 0x62, 0x61, 0x6e, 
  0x64, 0x5f, 0x76, 0x32, 0x5f, 0x64, 0x65, 0x70, 0x6c, 0x6f, 0x79, 0x6d, 
  0x65, 0x6e, 0x74, 0x2f, 0x6d, 0x6f, 0x74, 0x69, 0x6f, 0x6e, 0x5f, 0x64, 
  0x65, 0x63, 0x6f, 0x64, 0x65, 0x72, 0x2f, 0x64, 0x65, 0x63, 0x5f, 0x67, 
  0x72, 0x75, 0x2f, 0x67, 0x72, 0x75, 0x5f, 0x63, 0x65, 0x6c, 0x6c, 0x5f, 
  0x32, 0x2f, 0x73, 0x70, 0x6c, 0x69, 0x74, 0x5f, 0x31, 0x34, 0x32, 0x31, 
  0x00, 0x00, 0x00, 0x00, 0x02, 0x00, 0x00, 0x00, 0x01, 0x00, 0x00, 0x00, 
  0x04, 0x00, 0x00, 0x00, 0x1e, 0xbb, 0xfe, 0xff, 0x00, 0x00, 0x00, 0x01, 
  0x18, 0x00, 0x00, 0x00, 0x20, 0x00, 0x00, 0x00, 0x40, 0x00, 0x00, 0x00, 
  0x78, 0x01, 0x00, 0x00, 0x00, 0x00, 0x00, 0x09, 0x00, 0x01, 0x00, 0x00, 
  0x02, 0x00, 0x00, 0x00, 0xff, 0xff, 0xff, 0xff, 0x04, 0x00, 0x00, 0x00, 
  0x04, 0xbb, 0xfe, 0xff, 0x08, 0x00, 0x00, 0x00, 0x14, 0x00, 0x00, 0x00, 
  0x01, 0x00, 0x00, 0x00, 0x3d, 0x00, 0x00, 0x00, 0x00, 0x00, 0x00, 0x00, 
  0x00, 0x00, 0x00, 0x00, 0x01, 0x00, 0x00, 0x00, 0xf5, 0x9a, 0x42, 0x3d, 
  0xc7, 0x00, 0x00, 0x00, 0x73, 0x61, 0x66, 0x65, 0x62, 0x61, 0x6e, 0x64, 
  0x5f, 0x76, 0x32, 0x5f, 0x64, 0x65, 0x70, 0x6c, 0x6f, 0x79, 0x6d, 0x65, 
  0x6e, 0x74, 0x2f, 0x6d, 0x6f, 0x74, 0x69, 0x6f, 0x6e, 0x5f, 0x64, 0x65, 
  0x63, 0x6f, 0x64, 0x65, 0x72, 0x2f, 0x64, 0x65, 0x63, 0x5f, 0x67, 0x72, 
  0x75, 0x2f, 0x67, 0x72, 0x75, 0x5f, 0x63, 0x65, 0x6c, 0x6c, 0x5f, 0x32, 
  0x2f, 0x73, 0x70, 0x6c, 0x69, 0x74, 0x5f, 0x31, 0x34, 0x3b, 0x73, 0x61, 
  0x66, 0x65, 0x62, 0x61, 0x6e, 0x64, 0x5f, 0x76, 0x32, 0x5f, 0x64, 0x65, 
  0x70, 0x6c, 0x6f, 0x79, 0x6d, 0x65, 0x6e, 0x74, 0x2f, 0x6d, 0x6f, 0x74, 
  0x69, 0x6f, 0x6e, 0x5f, 0x64, 0x65, 0x63, 0x6f, 0x64, 0x65, 0x72, 0x2f, 
  0x64, 0x65, 0x63, 0x5f, 0x67, 0x72, 0x75, 0x2f, 0x67, 0x72, 0x75, 0x5f, 
  0x63, 0x65, 0x6c, 0x6c, 0x5f, 0x32, 0x2f, 0x73, 0x70, 0x6c, 0x69, 0x74, 
  0x5f, 0x31, 0x34, 0x31, 0x3b, 0x73, 0x61, 0x66, 0x65, 0x62, 0x61, 0x6e, 
  0x64, 0x5f, 0x76, 0x32, 0x5f, 0x64, 0x65, 0x70, 0x6c, 0x6f, 0x79, 0x6d, 
  0x65, 0x6e, 0x74, 0x2f, 0x6d, 0x6f, 0x74, 0x69, 0x6f, 0x6e, 0x5f, 0x64, 
  0x65, 0x63, 0x6f, 0x64, 0x65, 0x72, 0x2f, 0x64, 0x65, 0x63, 0x5f, 0x67, 
  0x72, 0x75, 0x2f, 0x67, 0x72, 0x75, 0x5f, 0x63, 0x65, 0x6c, 0x6c, 0x5f, 
  0x32, 0x2f, 0x73, 0x70, 0x6c, 0x69, 0x74, 0x5f, 0x31, 0x34, 0x32, 0x00, 
  0x02, 0x00, 0x00, 0x00, 0x01, 0x00, 0x00, 0x00, 0x04, 0x00, 0x00, 0x00, 
  0x46, 0xbc, 0xfe, 0xff, 0x00, 0x00, 0x00, 0x01, 0x18, 0x00, 0x00, 0x00, 
  0x20, 0x00, 0x00, 0x00, 0x40, 0x00, 0x00, 0x00, 0x77, 0x01, 0x00, 0x00, 
  0x00, 0x00, 0x00, 0x09, 0xc0, 0x00, 0x00, 0x00, 0x02, 0x00, 0x00, 0x00, 
  0xff, 0xff, 0xff, 0xff, 0x0c, 0x00, 0x00, 0x00, 0x2c, 0xbc, 0xfe, 0xff, 
  0x08, 0x00, 0x00, 0x00, 0x14, 0x00, 0x00, 0x00, 0x01, 0x00, 0x00, 0x00, 
  0x3d, 0x00, 0x00, 0x00, 0x00, 0x00, 0x00, 0x00, 0x00, 0x00, 0x00, 0x00, 
  0x01, 0x00, 0x00, 0x00, 0xf5, 0x9a, 0x42, 0x3d, 0x86, 0x00, 0x00, 0x00, 
  0x73, 0x61, 0x66, 0x65, 0x62, 0x61, 0x6e, 0x64, 0x5f, 0x76, 0x32, 0x5f, 
  0x64, 0x65, 0x70, 0x6c, 0x6f, 0x79, 0x6d, 0x65, 0x6e, 0x74, 0x2f, 0x6d, 
  0x6f, 0x74, 0x69, 0x6f, 0x6e, 0x5f, 0x64, 0x65, 0x63, 0x6f, 0x64, 0x65, 
  0x72, 0x2f, 0x64, 0x65, 0x63, 0x5f, 0x67, 0x72, 0x75, 0x2f, 0x67, 0x72, 
  0x75, 0x5f, 0x63, 0x65, 0x6c, 0x6c, 0x5f, 0x32, 0x2f, 0x4d, 0x61, 0x74, 
  0x4d, 0x75, 0x6c, 0x5f, 0x31, 0x34, 0x3b, 0x73, 0x61, 0x66, 0x65, 0x62, 
  0x61, 0x6e, 0x64, 0x5f, 0x76, 0x32, 0x5f, 0x64, 0x65, 0x70, 0x6c, 0x6f, 
  0x79, 0x6d, 0x65, 0x6e, 0x74, 0x2f, 0x6d, 0x6f, 0x74, 0x69, 0x6f, 0x6e, 
  0x5f, 0x64, 0x65, 0x63, 0x6f, 0x64, 0x65, 0x72, 0x2f, 0x64, 0x65, 0x63, 
  0x5f, 0x67, 0x72, 0x75, 0x2f, 0x67, 0x72, 0x75, 0x5f, 0x63, 0x65, 0x6c, 
  0x6c, 0x5f, 0x32, 0x2f, 0x42, 0x69, 0x61, 0x73, 0x41, 0x64, 0x64, 0x5f, 
  0x31, 0x34, 0x00, 0x00, 0x02, 0x00, 0x00, 0x00, 0x01, 0x00, 0x00, 0x00, 
  0x0c, 0x00, 0x00, 0x00, 0x2e, 0xbd, 0xfe, 0xff, 0x00, 0x00, 0x00, 0x01, 
  0x18, 0x00, 0x00, 0x00, 0x20, 0x00, 0x00, 0x00, 0x3c, 0x00, 0x00, 0x00, 
  0x76, 0x01, 0x00, 0x00, 0x00, 0x00, 0x00, 0x09, 0x00, 0x01, 0x00, 0x00, 
  0x02, 0x00, 0x00, 0x00, 0xff, 0xff, 0xff, 0xff, 0x04, 0x00, 0x00, 0x00, 
  0x14, 0xbd, 0xfe, 0xff, 0x08, 0x00, 0x00, 0x00, 0x10, 0x00, 0x00, 0x00, 
  0x01, 0x00, 0x00, 0x00, 0x3d, 0x00, 0x00, 0x00, 0x00, 0x00, 0x00, 0x00, 
  0x01, 0x00, 0x00, 0x00, 0xf5, 0x9a, 0x42, 0x3d, 0xc9, 0x00, 0x00, 0x00, 
  0x73, 0x61, 0x66, 0x65, 0x62, 0x61, 0x6e, 0x64, 0x5f, 0x76, 0x32, 0x5f, 
  0x64, 0x65, 0x70, 0x6c, 0x6f, 0x79, 0x6d, 0x65, 0x6e, 0x74, 0x2f, 0x6d, 
  0x6f, 0x74, 0x69, 0x6f, 0x6e, 0x5f, 0x64, 0x65, 0x63, 0x6f, 0x64, 0x65, 
  0x72, 0x2f, 0x64, 0x65, 0x63, 0x5f, 0x67, 0x72, 0x75, 0x2f, 0x67, 0x72, 
  0x75, 0x5f, 0x63, 0x65, 0x6c, 0x6c, 0x5f, 0x32, 0x2f, 0x73, 0x70, 0x6c, 
  0x69, 0x74, 0x5f, 0x31, 0x32, 0x31, 0x3b, 0x73, 0x61, 0x66, 0x65, 0x62, 
  0x61, 0x6e, 0x64, 0x5f, 0x76, 0x32, 0x5f, 0x64, 0x65, 0x70, 0x6c, 0x6f, 
  0x79, 0x6d, 0x65, 0x6e, 0x74, 0x2f, 0x6d, 0x6f, 0x74, 0x69, 0x6f, 0x6e, 
  0x5f, 0x64, 0x65, 0x63, 0x6f, 0x64, 0x65, 0x72, 0x2f, 0x64, 0x65, 0x63, 
  0x5f, 0x67, 0x72, 0x75, 0x2f, 0x67, 0x72, 0x75, 0x5f, 0x63, 0x65, 0x6c, 
  0x6c, 0x5f, 0x32, 0x2f, 0x73, 0x70, 0x6c, 0x69, 0x74, 0x5f, 0x31, 0x32, 
  0x32, 0x3b, 0x73, 0x61, 0x66, 0x65, 0x62, 0x61, 0x6e, 0x64, 0x5f, 0x76, 
  0x32, 0x5f, 0x64, 0x65, 0x70, 0x6c, 0x6f, 0x79, 0x6d, 0x65, 0x6e, 0x74, 
  0x2f, 0x6d, 0x6f, 0x74, 0x69, 0x6f, 0x6e, 0x5f, 0x64, 0x65, 0x63, 0x6f, 
  0x64, 0x65, 0x72, 0x2f, 0x64, 0x65, 0x63, 0x5f, 0x67, 0x72, 0x75, 0x2f, 
  0x67, 0x72, 0x75, 0x5f, 0x63, 0x65, 0x6c, 0x6c, 0x5f, 0x32, 0x2f, 0x73, 
  0x70, 0x6c, 0x69, 0x74, 0x5f, 0x31, 0x32, 0x33, 0x32, 0x00, 0x00, 0x00, 
  0x02, 0x00, 0x00, 0x00, 0x01, 0x00, 0x00, 0x00, 0x04, 0x00, 0x00, 0x00, 
  0x56, 0xbe, 0xfe, 0xff, 0x00, 0x00, 0x00, 0x01, 0x18, 0x00, 0x00, 0x00, 
  0x20, 0x00, 0x00, 0x00, 0x3c, 0x00, 0x00, 0x00, 0x75, 0x01, 0x00, 0x00, 
  0x00, 0x00, 0x00, 0x09, 0x00, 0x01, 0x00, 0x00, 0x02, 0x00, 0x00, 0x00, 
  0xff, 0xff, 0xff, 0xff, 0x04, 0x00, 0x00, 0x00, 0x3c, 0xbe, 0xfe, 0xff, 
  0x08, 0x00, 0x00, 0x00, 0x10, 0x00, 0x00, 0x00, 0x01, 0x00, 0x00, 0x00, 
  0x3d, 0x00, 0x00, 0x00, 0x00, 0x00, 0x00, 0x00, 0x01, 0x00, 0x00, 0x00, 
  0xf5, 0x9a, 0x42, 0x3d, 0xc9, 0x00, 0x00, 0x00, 0x73, 0x61, 0x66, 0x65, 
  0x62, 0x61, 0x6e, 0x64, 0x5f, 0x76, 0x32, 0x5f, 0x64, 0x65, 0x70, 0x6c, 
  0x6f, 0x79, 0x6d, 0x65, 0x6e, 0x74, 0x2f, 0x6d, 0x6f, 0x74, 0x69, 0x6f, 
  0x6e, 0x5f, 0x64, 0x65, 0x63, 0x6f, 0x64, 0x65, 0x72, 0x2f, 0x64, 0x65, 
  0x63, 0x5f, 0x67, 0x72, 0x75, 0x2f, 0x67, 0x72, 0x75, 0x5f, 0x63, 0x65, 
  0x6c, 0x6c, 0x5f, 0x32, 0x2f, 0x73, 0x70, 0x6c, 0x69, 0x74, 0x5f, 0x31, 
  0x32, 0x31, 0x3b, 0x73, 0x61, 0x66, 0x65, 0x62, 0x61, 0x6e, 0x64, 0x5f, 
  0x76, 0x32, 0x5f, 0x64, 0x65, 0x70, 0x6c, 0x6f, 0x79, 0x6d, 0x65, 0x6e, 
  0x74, 0x2f, 0x6d, 0x6f, 0x74, 0x69, 0x6f, 0x6e, 0x5f, 0x64, 0x65, 0x63, 
  0x6f, 0x64, 0x65, 0x72, 0x2f, 0x64, 0x65, 0x63, 0x5f, 0x67, 0x72, 0x75, 
  0x2f, 0x67, 0x72, 0x75, 0x5f, 0x63, 0x65, 0x6c, 0x6c, 0x5f, 0x32, 0x2f, 
  0x73, 0x70, 0x6c, 0x69, 0x74, 0x5f, 0x31, 0x32, 0x32, 0x3b, 0x73, 0x61, 
  0x66, 0x65, 0x62, 0x61, 0x6e, 0x64, 0x5f, 0x76, 0x32, 0x5f, 0x64, 0x65, 
  0x70, 0x6c, 0x6f, 0x79, 0x6d, 0x65, 0x6e, 0x74, 0x2f, 0x6d, 0x6f, 0x74, 
  0x69, 0x6f, 0x6e, 0x5f, 0x64, 0x65, 0x63, 0x6f, 0x64, 0x65, 0x72, 0x2f, 
  0x64, 0x65, 0x63, 0x5f, 0x67, 0x72, 0x75, 0x2f, 0x67, 0x72, 0x75, 0x5f, 
  0x63, 0x65, 0x6c, 0x6c, 0x5f, 0x32, 0x2f, 0x73, 0x70, 0x6c, 0x69, 0x74, 
  0x5f, 0x31, 0x32, 0x33, 0x31, 0x00, 0x00, 0x00, 0x02, 0x00, 0x00, 0x00, 
  0x01, 0x00, 0x00, 0x00, 0x04, 0x00, 0x00, 0x00, 0x7e, 0xbf, 0xfe, 0xff, 
  0x00, 0x00, 0x00, 0x01, 0x18, 0x00, 0x00, 0x00, 0x20, 0x00, 0x00, 0x00, 
  0x3c, 0x00, 0x00, 0x00, 0x74, 0x01, 0x00, 0x00, 0x00, 0x00, 0x00, 0x09, 
  0x00, 0x01, 0x00, 0x00, 0x02, 0x00, 0x00, 0x00, 0xff, 0xff, 0xff, 0xff, 
  0x04, 0x00, 0x00, 0x00, 0x64, 0xbf, 0xfe, 0xff, 0x08, 0x00, 0x00, 0x00, 
  0x10, 0x00, 0x00, 0x00, 0x01, 0x00, 0x00, 0x00, 0x3d, 0x00, 0x00, 0x00, 
  0x00, 0x00, 0x00, 0x00, 0x01, 0x00, 0x00, 0x00, 0xf5, 0x9a, 0x42, 0x3d, 
  0xc8, 0x00, 0x00, 0x00, 0x73, 0x61, 0x66, 0x65, 0x62, 0x61, 0x6e, 0x64, 
  0x5f, 0x76, 0x32, 0x5f, 0x64, 0x65, 0x70, 0x6c, 0x6f, 0x79, 0x6d, 0x65, 
  0x6e, 0x74, 0x2f, 0x6d, 0x6f, 0x74, 0x69, 0x6f, 0x6e, 0x5f, 0x64, 0x65, 
  0x63, 0x6f, 0x64, 0x65, 0x72, 0x2f, 0x64, 0x65, 0x63, 0x5f, 0x67, 0x72, 
  0x75, 0x2f, 0x67, 0x72, 0x75, 0x5f, 0x63, 0x65, 0x6c, 0x6c, 0x5f, 0x32, 
  0x2f, 0x73, 0x70, 0x6c, 0x69, 0x74, 0x5f, 0x31, 0x32, 0x31, 0x3b, 0x73, 
  0x61, 0x66, 0x65, 0x62, 0x61, 0x6e, 0x64, 0x5f, 0x76, 0x32, 0x5f, 0x64, 
  0x65, 0x70, 0x6c, 0x6f, 0x79, 0x6d, 0x65, 0x6e, 0x74, 0x2f, 0x6d, 0x6f, 
  0x74, 0x69, 0x6f, 0x6e, 0x5f, 0x64, 0x65, 0x63, 0x6f, 0x64, 0x65, 0x72, 
  0x2f, 0x64, 0x65, 0x63, 0x5f, 0x67, 0x72, 0x75, 0x2f, 0x67, 0x72, 0x75, 
  0x5f, 0x63, 0x65, 0x6c, 0x6c, 0x5f, 0x32, 0x2f, 0x73, 0x70, 0x6c, 0x69, 
  0x74, 0x5f, 0x31, 0x32, 0x32, 0x3b, 0x73, 0x61, 0x66, 0x65, 0x62, 0x61, 
  0x6e, 0x64, 0x5f, 0x76, 0x32, 0x5f, 0x64, 0x65, 0x70, 0x6c, 0x6f, 0x79, 
  0x6d, 0x65, 0x6e, 0x74, 0x2f, 0x6d, 0x6f, 0x74, 0x69, 0x6f, 0x6e, 0x5f, 
  0x64, 0x65, 0x63, 0x6f, 0x64, 0x65, 0x72, 0x2f, 0x64, 0x65, 0x63, 0x5f, 
  0x67, 0x72, 0x75, 0x2f, 0x67, 0x72, 0x75, 0x5f, 0x63, 0x65, 0x6c, 0x6c, 
  0x5f, 0x32, 0x2f, 0x73, 0x70, 0x6c, 0x69, 0x74, 0x5f, 0x31, 0x32, 0x33, 
  0x00, 0x00, 0x00, 0x00, 0x02, 0x00, 0x00, 0x00, 0x01, 0x00, 0x00, 0x00, 
  0x04, 0x00, 0x00, 0x00, 0xa6, 0xc0, 0xfe, 0xff, 0x00, 0x00, 0x00, 0x01, 
  0x18, 0x00, 0x00, 0x00, 0x20, 0x00, 0x00, 0x00, 0x40, 0x00, 0x00, 0x00, 
  0x73, 0x01, 0x00, 0x00, 0x00, 0x00, 0x00, 0x09, 0xc0, 0x00, 0x00, 0x00, 
  0x02, 0x00, 0x00, 0x00, 0xff, 0xff, 0xff, 0xff, 0x0c, 0x00, 0x00, 0x00, 
  0x8c, 0xc0, 0xfe, 0xff, 0x08, 0x00, 0x00, 0x00, 0x14, 0x00, 0x00, 0x00, 
  0x01, 0x00, 0x00, 0x00, 0x3d, 0x00, 0x00, 0x00, 0x00, 0x00, 0x00, 0x00, 
  0x00, 0x00, 0x00, 0x00, 0x01, 0x00, 0x00, 0x00, 0xf5, 0x9a, 0x42, 0x3d, 
  0x86, 0x00, 0x00, 0x00, 0x73, 0x61, 0x66, 0x65, 0x62, 0x61, 0x6e, 0x64, 
  0x5f, 0x76, 0x32, 0x5f, 0x64, 0x65, 0x70, 0x6c, 0x6f, 0x79, 0x6d, 0x65, 
  0x6e, 0x74, 0x2f, 0x6d, 0x6f, 0x74, 0x69, 0x6f, 0x6e, 0x5f, 0x64, 0x65, 
  0x63, 0x6f, 0x64, 0x65, 0x72, 0x2f, 0x64, 0x65, 0x63, 0x5f, 0x67, 0x72, 
  0x75, 0x2f, 0x67, 0x72, 0x75, 0x5f, 0x63, 0x65, 0x6c, 0x6c, 0x5f, 0x32, 
  0x2f, 0x4d, 0x61, 0x74, 0x4d, 0x75, 0x6c, 0x5f, 0x31, 0x32, 0x3b, 0x73, 
  0x61, 0x66, 0x65, 0x62, 0x61, 0x6e, 0x64, 0x5f, 0x76, 0x32, 0x5f, 0x64, 
  0x65, 0x70, 0x6c, 0x6f, 0x79, 0x6d, 0x65, 0x6e, 0x74, 0x2f, 0x6d, 0x6f, 
  0x74, 0x69, 0x6f, 0x6e, 0x5f, 0x64, 0x65, 0x63, 0x6f, 0x64, 0x65, 0x72, 
  0x2f, 0x64, 0x65, 0x63, 0x5f, 0x67, 0x72, 0x75, 0x2f, 0x67, 0x72, 0x75, 
  0x5f, 0x63, 0x65, 0x6c, 0x6c, 0x5f, 0x32, 0x2f, 0x42, 0x69, 0x61, 0x73, 
  0x41, 0x64, 0x64, 0x5f, 0x31, 0x32, 0x00, 0x00, 0x02, 0x00, 0x00, 0x00, 
  0x01, 0x00, 0x00, 0x00, 0x0c, 0x00, 0x00, 0x00, 0x8e, 0xc1, 0xfe, 0xff, 
  0x00, 0x00, 0x00, 0x01, 0x18, 0x00, 0x00, 0x00, 0x20, 0x00, 0x00, 0x00, 
  0x3c, 0x00, 0x00, 0x00, 0x72, 0x01, 0x00, 0x00, 0x00, 0x00, 0x00, 0x09, 
  0x00, 0x01, 0x00, 0x00, 0x02, 0x00, 0x00, 0x00, 0xff, 0xff, 0xff, 0xff, 
  0x04, 0x00, 0x00, 0x00, 0x74, 0xc1, 0xfe, 0xff, 0x08, 0x00, 0x00, 0x00, 
  0x10, 0x00, 0x00, 0x00, 0x01, 0x00, 0x00, 0x00, 0x3d, 0x00, 0x00, 0x00, 
  0x00, 0x00, 0x00, 0x00, 0x01, 0x00, 0x00, 0x00, 0xf5, 0x9a, 0x42, 0x3d, 
  0xc8, 0x00, 0x00, 0x00, 0x73, 0x61, 0x66, 0x65, 0x62, 0x61, 0x6e, 0x64, 
  0x5f, 0x76, 0x32, 0x5f, 0x64, 0x65, 0x70, 0x6c, 0x6f, 0x79, 0x6d, 0x65, 
  0x6e, 0x74, 0x2f, 0x6d, 0x6f, 0x74, 0x69, 0x6f, 0x6e, 0x5f, 0x64, 0x65, 
  0x63, 0x6f, 0x64, 0x65, 0x72, 0x2f, 0x64, 0x65, 0x63, 0x5f, 0x67, 0x72, 
  0x75, 0x2f, 0x67, 0x72, 0x75, 0x5f, 0x63, 0x65, 0x6c, 0x6c, 0x5f, 0x32, 
  0x2f, 0x73, 0x70, 0x6c, 0x69, 0x74, 0x5f, 0x31, 0x30, 0x3b, 0x73, 0x61, 
  0x66, 0x65, 0x62, 0x61, 0x6e, 0x64, 0x5f, 0x76, 0x32, 0x5f, 0x64, 0x65, 
  0x70, 0x6c, 0x6f, 0x79, 0x6d, 0x65, 0x6e, 0x74, 0x2f, 0x6d, 0x6f, 0x74, 
  0x69, 0x6f, 0x6e, 0x5f, 0x64, 0x65, 0x63, 0x6f, 0x64, 0x65, 0x72, 0x2f, 
  0x64, 0x65, 0x63, 0x5f, 0x67, 0x72, 0x75, 0x2f, 0x67, 0x72, 0x75, 0x5f, 
  0x63, 0x65, 0x6c, 0x6c, 0x5f, 0x32, 0x2f, 0x73, 0x70, 0x6c, 0x69, 0x74, 
  0x5f, 0x31, 0x30, 0x31, 0x3b, 0x73, 0x61, 0x66, 0x65, 0x62, 0x61, 0x6e, 
  0x64, 0x5f, 0x76, 0x32, 0x5f, 0x64, 0x65, 0x70, 0x6c, 0x6f, 0x79, 0x6d, 
  0x65, 0x6e, 0x74, 0x2f, 0x6d, 0x6f, 0x74, 0x69, 0x6f, 0x6e, 0x5f, 0x64, 
  0x65, 0x63, 0x6f, 0x64, 0x65, 0x72, 0x2f, 0x64, 0x65, 0x63, 0x5f, 0x67, 
  0x72, 0x75, 0x2f, 0x67, 0x72, 0x75, 0x5f, 0x63, 0x65, 0x6c, 0x6c, 0x5f, 
  0x32, 0x2f, 0x73, 0x70, 0x6c, 0x69, 0x74, 0x5f, 0x31, 0x30, 0x32, 0x32, 
  0x00, 0x00, 0x00, 0x00, 0x02, 0x00, 0x00, 0x00, 0x01, 0x00, 0x00, 0x00, 
  0x04, 0x00, 0x00, 0x00, 0xb6, 0xc2, 0xfe, 0xff, 0x00, 0x00, 0x00, 0x01, 
  0x18, 0x00, 0x00, 0x00, 0x20, 0x00, 0x00, 0x00, 0x3c, 0x00, 0x00, 0x00, 
  0x71, 0x01, 0x00, 0x00, 0x00, 0x00, 0x00, 0x09, 0x00, 0x01, 0x00, 0x00, 
  0x02, 0x00, 0x00, 0x00, 0xff, 0xff, 0xff, 0xff, 0x04, 0x00, 0x00, 0x00, 
  0x9c, 0xc2, 0xfe, 0xff, 0x08, 0x00, 0x00, 0x00, 0x10, 0x00, 0x00, 0x00, 
  0x01, 0x00, 0x00, 0x00, 0x3d, 0x00, 0x00, 0x00, 0x00, 0x00, 0x00, 0x00, 
  0x01, 0x00, 0x00, 0x00, 0xf5, 0x9a, 0x42, 0x3d, 0xc8, 0x00, 0x00, 0x00, 
  0x73, 0x61, 0x66, 0x65, 0x62, 0x61, 0x6e, 0x64, 0x5f, 0x76, 0x32, 0x5f, 
  0x64, 0x65, 0x70, 0x6c, 0x6f, 0x79, 0x6d, 0x65, 0x6e, 0x74, 0x2f, 0x6d, 
  0x6f, 0x74, 0x69, 0x6f, 0x6e, 0x5f, 0x64, 0x65, 0x63, 0x6f, 0x64, 0x65, 
  0x72, 0x2f, 0x64, 0x65, 0x63, 0x5f, 0x67, 0x72, 0x75, 0x2f, 0x67, 0x72, 
  0x75, 0x5f, 0x63, 0x65, 0x6c, 0x6c, 0x5f, 0x32, 0x2f, 0x73, 0x70, 0x6c, 
  0x69, 0x74, 0x5f, 0x31, 0x30, 0x3b, 0x73, 0x61, 0x66, 0x65, 0x62, 0x61, 
  0x6e, 0x64, 0x5f, 0x76, 0x32, 0x5f, 0x64, 0x65, 0x70, 0x6c, 0x6f, 0x79, 
  0x6d, 0x65, 0x6e, 0x74, 0x2f, 0x6d, 0x6f, 0x74, 0x69, 0x6f, 0x6e, 0x5f, 
  0x64, 0x65, 0x63, 0x6f, 0x64, 0x65, 0x72, 0x2f, 0x64, 0x65, 0x63, 0x5f, 
  0x67, 0x72, 0x75, 0x2f, 0x67, 0x72, 0x75, 0x5f, 0x63, 0x65, 0x6c, 0x6c, 
  0x5f, 0x32, 0x2f, 0x73, 0x70, 0x6c, 0x69, 0x74, 0x5f, 0x31, 0x30, 0x31, 
  0x3b, 0x73, 0x61, 0x66, 0x65, 0x62, 0x61, 0x6e, 0x64, 0x5f, 0x76, 0x32, 
  0x5f, 0x64, 0x65, 0x70, 0x6c, 0x6f, 0x79, 0x6d, 0x65, 0x6e, 0x74, 0x2f, 
  0x6d, 0x6f, 0x74, 0x69, 0x6f, 0x6e, 0x5f, 0x64, 0x65, 0x63, 0x6f, 0x64, 
  0x65, 0x72, 0x2f, 0x64, 0x65, 0x63, 0x5f, 0x67, 0x72, 0x75, 0x2f, 0x67, 
  0x72, 0x75, 0x5f, 0x63, 0x65, 0x6c, 0x6c, 0x5f, 0x32, 0x2f, 0x73, 0x70, 
  0x6c, 0x69, 0x74, 0x5f, 0x31, 0x30, 0x32, 0x31, 0x00, 0x00, 0x00, 0x00, 
  0x02, 0x00, 0x00, 0x00, 0x01, 0x00, 0x00, 0x00, 0x04, 0x00, 0x00, 0x00, 
  0xde, 0xc3, 0xfe, 0xff, 0x00, 0x00, 0x00, 0x01, 0x18, 0x00, 0x00, 0x00, 
  0x20, 0x00, 0x00, 0x00, 0x40, 0x00, 0x00, 0x00, 0x70, 0x01, 0x00, 0x00, 
  0x00, 0x00, 0x00, 0x09, 0x00, 0x01, 0x00, 0x00, 0x02, 0x00, 0x00, 0x00, 
  0xff, 0xff, 0xff, 0xff, 0x04, 0x00, 0x00, 0x00, 0xc4, 0xc3, 0xfe, 0xff, 
  0x08, 0x00, 0x00, 0x00, 0x14, 0x00, 0x00, 0x00, 0x01, 0x00, 0x00, 0x00, 
  0x3d, 0x00, 0x00, 0x00, 0x00, 0x00, 0x00, 0x00, 0x00, 0x00, 0x00, 0x00, 
  0x01, 0x00, 0x00, 0x00, 0xf5, 0x9a, 0x42, 0x3d, 0xc7, 0x00, 0x00, 0x00, 
  0x73, 0x61, 0x66, 0x65, 0x62, 0x61, 0x6e, 0x64, 0x5f, 0x76, 0x32, 0x5f, 
  0x64, 0x65, 0x70, 0x6c, 0x6f, 0x79, 0x6d, 0x65, 0x6e, 0x74, 0x2f, 0x6d, 
  0x6f, 0x74, 0x69, 0x6f, 0x6e, 0x5f, 0x64, 0x65, 0x63, 0x6f, 0x64, 0x65, 
  0x72, 0x2f, 0x64, 0x65, 0x63, 0x5f, 0x67, 0x72, 0x75, 0x2f, 0x67, 0x72, 
  0x75, 0x5f, 0x63, 0x65, 0x6c, 0x6c, 0x5f, 0x32, 0x2f, 0x73, 0x70, 0x6c, 
  0x69, 0x74, 0x5f, 0x31, 0x30, 0x3b, 0x73, 0x61, 0x66, 0x65, 0x62, 0x61, 
  0x6e, 0x64, 0x5f, 0x76, 0x32, 0x5f, 0x64, 0x65, 0x70, 0x6c, 0x6f, 0x79, 
  0x6d, 0x65, 0x6e, 0x74, 0x2f, 0x6d, 0x6f, 0x74, 0x69, 0x6f, 0x6e, 0x5f, 
  0x64, 0x65, 0x63, 0x6f, 0x64, 0x65, 0x72, 0x2f, 0x64, 0x65, 0x63, 0x5f, 
  0x67, 0x72, 0x75, 0x2f, 0x67, 0x72, 0x75, 0x5f, 0x63, 0x65, 0x6c, 0x6c, 
  0x5f, 0x32, 0x2f, 0x73, 0x70, 0x6c, 0x69, 0x74, 0x5f, 0x31, 0x30, 0x31, 
  0x3b, 0x73, 0x61, 0x66, 0x65, 0x62, 0x61, 0x6e, 0x64, 0x5f, 0x76, 0x32, 
  0x5f, 0x64, 0x65, 0x70, 0x6c, 0x6f, 0x79, 0x6d, 0x65, 0x6e, 0x74, 0x2f, 
  0x6d, 0x6f, 0x74, 0x69, 0x6f, 0x6e, 0x5f, 0x64, 0x65, 0x63, 0x6f, 0x64, 
  0x65, 0x72, 0x2f, 0x64, 0x65, 0x63, 0x5f, 0x67, 0x72, 0x75, 0x2f, 0x67, 
  0x72, 0x75, 0x5f, 0x63, 0x65, 0x6c, 0x6c, 0x5f, 0x32, 0x2f, 0x73, 0x70, 
  0x6c, 0x69, 0x74, 0x5f, 0x31, 0x30, 0x32, 0x00, 0x02, 0x00, 0x00, 0x00, 
  0x01, 0x00, 0x00, 0x00, 0x04, 0x00, 0x00, 0x00, 0x06, 0xc5, 0xfe, 0xff, 
  0x00, 0x00, 0x00, 0x01, 0x18, 0x00, 0x00, 0x00, 0x20, 0x00, 0x00, 0x00, 
  0x40, 0x00, 0x00, 0x00, 0x6f, 0x01, 0x00, 0x00, 0x00, 0x00, 0x00, 0x09, 
  0xc0, 0x00, 0x00, 0x00, 0x02, 0x00, 0x00, 0x00, 0xff, 0xff, 0xff, 0xff, 
  0x0c, 0x00, 0x00, 0x00, 0xec, 0xc4, 0xfe, 0xff, 0x08, 0x00, 0x00, 0x00, 
  0x14, 0x00, 0x00, 0x00, 0x01, 0x00, 0x00, 0x00, 0x3d, 0x00, 0x00, 0x00, 
  0x00, 0x00, 0x00, 0x00, 0x00, 0x00, 0x00, 0x00, 0x01, 0x00, 0x00, 0x00, 
  0xf5, 0x9a, 0x42, 0x3d, 0x86, 0x00, 0x00, 0x00, 0x73, 0x61, 0x66, 0x65, 
  0x62, 0x61, 0x6e, 0x64, 0x5f, 0x76, 0x32, 0x5f, 0x64, 0x65, 0x70, 0x6c, 
  0x6f, 0x79, 0x6d, 0x65, 0x6e, 0x74, 0x2f, 0x6d, 0x6f, 0x74, 0x69, 0x6f, 
  0x6e, 0x5f, 0x64, 0x65, 0x63, 0x6f, 0x64, 0x65, 0x72, 0x2f, 0x64, 0x65, 
  0x63, 0x5f, 0x67, 0x72, 0x75, 0x2f, 0x67, 0x72, 0x75, 0x5f, 0x63, 0x65, 
  0x6c, 0x6c, 0x5f, 0x32, 0x2f, 0x4d, 0x61, 0x74, 0x4d, 0x75, 0x6c, 0x5f, 
  0x31, 0x30, 0x3b, 0x73, 0x61, 0x66, 0x65, 0x62, 0x61, 0x6e, 0x64, 0x5f, 
  0x76, 0x32, 0x5f, 0x64, 0x65, 0x70, 0x6c, 0x6f, 0x79, 0x6d, 0x65, 0x6e, 
  0x74, 0x2f, 0x6d, 0x6f, 0x74, 0x69, 0x6f, 0x6e, 0x5f, 0x64, 0x65, 0x63, 
  0x6f, 0x64, 0x65, 0x72, 0x2f, 0x64, 0x65, 0x63, 0x5f, 0x67, 0x72, 0x75, 
  0x2f, 0x67, 0x72, 0x75, 0x5f, 0x63, 0x65, 0x6c, 0x6c, 0x5f, 0x32, 0x2f, 
  0x42, 0x69, 0x61, 0x73, 0x41, 0x64, 0x64, 0x5f, 0x31, 0x30, 0x00, 0x00, 
  0x02, 0x00, 0x00, 0x00, 0x01, 0x00, 0x00, 0x00, 0x0c, 0x00, 0x00, 0x00, 
  0xee, 0xc5, 0xfe, 0xff, 0x00, 0x00, 0x00, 0x01, 0x18, 0x00, 0x00, 0x00, 
  0x20, 0x00, 0x00, 0x00, 0x40, 0x00, 0x00, 0x00, 0x6e, 0x01, 0x00, 0x00, 
  0x00, 0x00, 0x00, 0x09, 0x00, 0x01, 0x00, 0x00, 0x02, 0x00, 0x00, 0x00, 
  0xff, 0xff, 0xff, 0xff, 0x04, 0x00, 0x00, 0x00, 0xd4, 0xc5, 0xfe, 0xff, 
  0x08, 0x00, 0x00, 0x00, 0x14, 0x00, 0x00, 0x00, 0x01, 0x00, 0x00, 0x00, 
  0xeb, 0xff, 0xff, 0xff, 0xff, 0xff, 0xff, 0xff, 0x00, 0x00, 0x00, 0x00, 
  0x01, 0x00, 0x00, 0x00, 0xdb, 0x73, 0xf9, 0x3c, 0xc5, 0x00, 0x00, 0x00, 
  0x73, 0x61, 0x66, 0x65, 0x62, 0x61, 0x6e, 0x64, 0x5f, 0x76, 0x32, 0x5f, 
  0x64, 0x65, 0x70, 0x6c, 0x6f, 0x79, 0x6d, 0x65, 0x6e, 0x74, 0x2f, 0x6d, 
  0x6f, 0x74, 0x69, 0x6f, 0x6e, 0x5f, 0x64, 0x65, 0x63, 0x6f, 0x64, 0x65, 
  0x72, 0x2f, 0x64, 0x65, 0x63, 0x5f, 0x67, 0x72, 0x75, 0x2f, 0x67, 0x72, 
  0x75, 0x5f, 0x63, 0x65, 0x6c, 0x6c, 0x5f, 0x32, 0x2f, 0x73, 0x70, 0x6c, 
  0x69, 0x74, 0x5f, 0x33, 0x3b, 0x73, 0x61, 0x66, 0x65, 0x62, 0x61, 0x6e, 
  0x64, 0x5f, 0x76, 0x32, 0x5f, 0x64, 0x65, 0x70, 0x6c, 0x6f, 0x79, 0x6d, 
  0x65, 0x6e, 0x74, 0x2f, 0x6d, 0x6f, 0x74, 0x69, 0x6f, 0x6e, 0x5f, 0x64, 
  0x65, 0x63, 0x6f, 0x64, 0x65, 0x72, 0x2f, 0x64, 0x65, 0x63, 0x5f, 0x67, 
  0x72, 0x75, 0x2f, 0x67, 0x72, 0x75, 0x5f, 0x63, 0x65, 0x6c, 0x6c, 0x5f, 
  0x32, 0x2f, 0x73, 0x70, 0x6c, 0x69, 0x74, 0x5f, 0x33, 0x31, 0x3b, 0x73, 
  0x61, 0x66, 0x65, 0x62, 0x61, 0x6e, 0x64, 0x5f, 0x76, 0x32, 0x5f, 0x64, 
  0x65, 0x70, 0x6c, 0x6f, 0x79, 0x6d, 0x65, 0x6e, 0x74, 0x2f, 0x6d, 0x6f, 
  0x74, 0x69, 0x6f, 0x6e, 0x5f, 0x64, 0x65, 0x63, 0x6f, 0x64, 0x65, 0x72, 
  0x2f, 0x64, 0x65, 0x63, 0x5f, 0x67, 0x72, 0x75, 0x2f, 0x67, 0x72, 0x75, 
  0x5f, 0x63, 0x65, 0x6c, 0x6c, 0x5f, 0x32, 0x2f, 0x73, 0x70, 0x6c, 0x69, 
  0x74, 0x5f, 0x33, 0x32, 0x32, 0x00, 0x00, 0x00, 0x02, 0x00, 0x00, 0x00, 
  0x01, 0x00, 0x00, 0x00, 0x04, 0x00, 0x00, 0x00, 0x16, 0xc7, 0xfe, 0xff, 
  0x00, 0x00, 0x00, 0x01, 0x18, 0x00, 0x00, 0x00, 0x20, 0x00, 0x00, 0x00, 
  0x40, 0x00, 0x00, 0x00, 0x6d, 0x01, 0x00, 0x00, 0x00, 0x00, 0x00, 0x09, 
  0x00, 0x01, 0x00, 0x00, 0x02, 0x00, 0x00, 0x00, 0xff, 0xff, 0xff, 0xff, 
  0x04, 0x00, 0x00, 0x00, 0xfc, 0xc6, 0xfe, 0xff, 0x08, 0x00, 0x00, 0x00, 
  0x14, 0x00, 0x00, 0x00, 0x01, 0x00, 0x00, 0x00, 0xeb, 0xff, 0xff, 0xff, 
  0xff, 0xff, 0xff, 0xff, 0x00, 0x00, 0x00, 0x00, 0x01, 0x00, 0x00, 0x00, 
  0xdb, 0x73, 0xf9, 0x3c, 0xc5, 0x00, 0x00, 0x00, 0x73, 0x61, 0x66, 0x65, 
  0x62, 0x61, 0x6e, 0x64, 0x5f, 0x76, 0x32, 0x5f, 0x64, 0x65, 0x70, 0x6c, 
  0x6f, 0x79, 0x6d, 0x65, 0x6e, 0x74, 0x2f, 0x6d, 0x6f, 0x74, 0x69, 0x6f, 
  0x6e, 0x5f, 0x64, 0x65, 0x63, 0x6f, 0x64, 0x65, 0x72, 0x2f, 0x64, 0x65, 
  0x63, 0x5f, 0x67, 0x72, 0x75, 0x2f, 0x67, 0x72, 0x75, 0x5f, 0x63, 0x65, 
  0x6c, 0x6c, 0x5f, 0x32, 0x2f, 0x73, 0x70, 0x6c, 0x69, 0x74, 0x5f, 0x33, 
  0x3b, 0x73, 0x61, 0x66, 0x65, 0x62, 0x61, 0x6e, 0x64, 0x5f, 0x76, 0x32, 
  0x5f, 0x64, 0x65, 0x70, 0x6c, 0x6f, 0x79, 0x6d, 0x65, 0x6e, 0x74, 0x2f, 
  0x6d, 0x6f, 0x74, 0x69, 0x6f, 0x6e, 0x5f, 0x64, 0x65, 0x63, 0x6f, 0x64, 
  0x65, 0x72, 0x2f, 0x64, 0x65, 0x63, 0x5f, 0x67, 0x72, 0x75, 0x2f, 0x67, 
  0x72, 0x75, 0x5f, 0x63, 0x65, 0x6c, 0x6c, 0x5f, 0x32, 0x2f, 0x73, 0x70, 
  0x6c, 0x69, 0x74, 0x5f, 0x33, 0x31, 0x3b, 0x73, 0x61, 0x66, 0x65, 0x62, 
  0x61, 0x6e, 0x64, 0x5f, 0x76, 0x32, 0x5f, 0x64, 0x65, 0x70, 0x6c, 0x6f, 
  0x79, 0x6d, 0x65, 0x6e, 0x74, 0x2f, 0x6d, 0x6f, 0x74, 0x69, 0x6f, 0x6e, 
  0x5f, 0x64, 0x65, 0x63, 0x6f, 0x64, 0x65, 0x72, 0x2f, 0x64, 0x65, 0x63, 
  0x5f, 0x67, 0x72, 0x75, 0x2f, 0x67, 0x72, 0x75, 0x5f, 0x63, 0x65, 0x6c, 
  0x6c, 0x5f, 0x32, 0x2f, 0x73, 0x70, 0x6c, 0x69, 0x74, 0x5f, 0x33, 0x32, 
  0x31, 0x00, 0x00, 0x00, 0x02, 0x00, 0x00, 0x00, 0x01, 0x00, 0x00, 0x00, 
  0x04, 0x00, 0x00, 0x00, 0x3e, 0xc8, 0xfe, 0xff, 0x00, 0x00, 0x00, 0x01, 
  0x18, 0x00, 0x00, 0x00, 0x20, 0x00, 0x00, 0x00, 0x40, 0x00, 0x00, 0x00, 
  0x6c, 0x01, 0x00, 0x00, 0x00, 0x00, 0x00, 0x09, 0x00, 0x01, 0x00, 0x00, 
  0x02, 0x00, 0x00, 0x00, 0xff, 0xff, 0xff, 0xff, 0x04, 0x00, 0x00, 0x00, 
  0x24, 0xc8, 0xfe, 0xff, 0x08, 0x00, 0x00, 0x00, 0x14, 0x00, 0x00, 0x00, 
  0x01, 0x00, 0x00, 0x00, 0xeb, 0xff, 0xff, 0xff, 0xff, 0xff, 0xff, 0xff, 
  0x00, 0x00, 0x00, 0x00, 0x01, 0x00, 0x00, 0x00, 0xdb, 0x73, 0xf9, 0x3c, 
  0xc4, 0x00, 0x00, 0x00, 0x73, 0x61, 0x66, 0x65, 0x62, 0x61, 0x6e, 0x64, 
  0x5f, 0x76, 0x32, 0x5f, 0x64, 0x65, 0x70, 0x6c, 0x6f, 0x79, 0x6d, 0x65, 
  0x6e, 0x74, 0x2f, 0x6d, 0x6f, 0x74, 0x69, 0x6f, 0x6e, 0x5f, 0x64, 0x65, 
  0x63, 0x6f, 0x64, 0x65, 0x72, 0x2f, 0x64, 0x65, 0x63, 0x5f, 0x67, 0x72, 
  0x75, 0x2f, 0x67, 0x72, 0x75, 0x5f, 0x63, 0x65, 0x6c, 0x6c, 0x5f, 0x32, 
  0x2f, 0x73, 0x70, 0x6c, 0x69, 0x74, 0x5f, 0x33, 0x3b, 0x73, 0x61, 0x66, 
  0x65, 0x62, 0x61, 0x6e, 0x64, 0x5f, 0x76, 0x32, 0x5f, 0x64, 0x65, 0x70, 
  0x6c, 0x6f, 0x79, 0x6d, 0x65, 0x6e, 0x74, 0x2f, 0x6d, 0x6f, 0x74, 0x69, 
  0x6f, 0x6e, 0x5f, 0x64, 0x65, 0x63, 0x6f, 0x64, 0x65, 0x72, 0x2f, 0x64, 
  0x65, 0x63, 0x5f, 0x67, 0x72, 0x75, 0x2f, 0x67, 0x72, 0x75, 0x5f, 0x63, 
  0x65, 0x6c, 0x6c, 0x5f, 0x32, 0x2f, 0x73, 0x70, 0x6c, 0x69, 0x74, 0x5f, 
  0x33, 0x31, 0x3b, 0x73, 0x61, 0x66, 0x65, 0x62, 0x61, 0x6e, 0x64, 0x5f, 
  0x76, 0x32, 0x5f, 0x64, 0x65, 0x70, 0x6c, 0x6f, 0x79, 0x6d, 0x65, 0x6e, 
  0x74, 0x2f, 0x6d, 0x6f, 0x74, 0x69, 0x6f, 0x6e, 0x5f, 0x64, 0x65, 0x63, 
  0x6f, 0x64, 0x65, 0x72, 0x2f, 0x64, 0x65, 0x63, 0x5f, 0x67, 0x72, 0x75, 
  0x2f, 0x67, 0x72, 0x75, 0x5f, 0x63, 0x65, 0x6c, 0x6c, 0x5f, 0x32, 0x2f, 
  0x73, 0x70, 0x6c, 0x69, 0x74, 0x5f, 0x33, 0x32, 0x00, 0x00, 0x00, 0x00, 
  0x02, 0x00, 0x00, 0x00, 0x01, 0x00, 0x00, 0x00, 0x04, 0x00, 0x00, 0x00, 
  0x66, 0xc9, 0xfe, 0xff, 0x00, 0x00, 0x00, 0x01, 0x18, 0x00, 0x00, 0x00, 
  0x20, 0x00, 0x00, 0x00, 0x40, 0x00, 0x00, 0x00, 0x6b, 0x01, 0x00, 0x00, 
  0x00, 0x00, 0x00, 0x09, 0xc0, 0x00, 0x00, 0x00, 0x02, 0x00, 0x00, 0x00, 
  0xff, 0xff, 0xff, 0xff, 0x0c, 0x00, 0x00, 0x00, 0x4c, 0xc9, 0xfe, 0xff, 
  0x08, 0x00, 0x00, 0x00, 0x14, 0x00, 0x00, 0x00, 0x01, 0x00, 0x00, 0x00, 
  0xeb, 0xff, 0xff, 0xff, 0xff, 0xff, 0xff, 0xff, 0x00, 0x00, 0x00, 0x00, 
  0x01, 0x00, 0x00, 0x00, 0xdb, 0x73, 0xf9, 0x3c, 0x84, 0x00, 0x00, 0x00, 
  0x73, 0x61, 0x66, 0x65, 0x62, 0x61, 0x6e, 0x64, 0x5f, 0x76, 0x32, 0x5f, 
  0x64, 0x65, 0x70, 0x6c, 0x6f, 0x79, 0x6d, 0x65, 0x6e, 0x74, 0x2f, 0x6d, 
  0x6f, 0x74, 0x69, 0x6f, 0x6e, 0x5f, 0x64, 0x65, 0x63, 0x6f, 0x64, 0x65, 
  0x72, 0x2f, 0x64, 0x65, 0x63, 0x5f, 0x67, 0x72, 0x75, 0x2f, 0x67, 0x72, 
  0x75, 0x5f, 0x63, 0x65, 0x6c, 0x6c, 0x5f, 0x32, 0x2f, 0x4d, 0x61, 0x74, 
  0x4d, 0x75, 0x6c, 0x5f, 0x33, 0x3b, 0x73, 0x61, 0x66, 0x65, 0x62, 0x61, 
  0x6e, 0x64, 0x5f, 0x76, 0x32, 0x5f, 0x64, 0x65, 0x70, 0x6c, 0x6f, 0x79, 
  0x6d, 0x65, 0x6e, 0x74, 0x2f, 0x6d, 0x6f, 0x74, 0x69, 0x6f, 0x6e, 0x5f, 
  0x64, 0x65, 0x63, 0x6f, 0x64, 0x65, 0x72, 0x2f, 0x64, 0x65, 0x63, 0x5f, 
  0x67, 0x72, 0x75, 0x2f, 0x67, 0x72, 0x75, 0x5f, 0x63, 0x65, 0x6c, 0x6c, 
  0x5f, 0x32, 0x2f, 0x42, 0x69, 0x61, 0x73, 0x41, 0x64, 0x64, 0x5f, 0x33, 
  0x00, 0x00, 0x00, 0x00, 0x02, 0x00, 0x00, 0x00, 0x01, 0x00, 0x00, 0x00, 
  0x0c, 0x00, 0x00, 0x00, 0x4e, 0xca, 0xfe, 0xff, 0x00, 0x00, 0x00, 0x01, 
  0x18, 0x00, 0x00, 0x00, 0x20, 0x00, 0x00, 0x00, 0x40, 0x00, 0x00, 0x00, 
  0x6a, 0x01, 0x00, 0x00, 0x00, 0x00, 0x00, 0x09, 0x78, 0x00, 0x00, 0x00, 
  0x02, 0x00, 0x00, 0x00, 0xff, 0xff, 0xff, 0xff, 0x04, 0x00, 0x00, 0x00, 
  0x34, 0xca, 0xfe, 0xff, 0x08, 0x00, 0x00, 0x00, 0x14, 0x00, 0x00, 0x00, 
  0x01, 0x00, 0x00, 0x00, 0x00, 0x00, 0x00, 0x00, 0x00, 0x00, 0x00, 0x00, 
  0x00, 0x00, 0x00, 0x00, 0x01, 0x00, 0x00, 0x00, 0xbf, 0x69, 0x00, 0x3c, 
  0x3e, 0x00, 0x00, 0x00, 0x73, 0x61, 0x66, 0x65, 0x62, 0x61, 0x6e, 0x64, 
  0x5f, 0x76, 0x32, 0x5f, 0x64, 0x65, 0x70, 0x6c, 0x6f, 0x79, 0x6d, 0x65, 
  0x6e, 0x74, 0x2f, 0x6d, 0x6f, 0x74, 0x69, 0x6f, 0x6e, 0x5f, 0x64, 0x65, 
  0x63, 0x6f, 0x64, 0x65, 0x72, 0x2f, 0x64, 0x65, 0x63, 0x5f, 0x67, 0x72, 
  0x75, 0x2f, 0x67, 0x72, 0x75, 0x5f, 0x63, 0x65, 0x6c, 0x6c, 0x5f, 0x32, 
  0x2f, 0x61, 0x64, 0x64, 0x5f, 0x33, 0x00, 0x00, 0x02, 0x00, 0x00, 0x00, 
  0x01, 0x00, 0x00, 0x00, 0x04, 0x00, 0x00, 0x00, 0xee, 0xca, 0xfe, 0xff, 
  0x00, 0x00, 0x00, 0x01, 0x18, 0x00, 0x00, 0x00, 0x20, 0x00, 0x00, 0x00, 
  0x40, 0x00, 0x00, 0x00, 0x69, 0x01, 0x00, 0x00, 0x00, 0x00, 0x00, 0x09, 
  0x78, 0x00, 0x00, 0x00, 0x02, 0x00, 0x00, 0x00, 0xff, 0xff, 0xff, 0xff, 
  0x04, 0x00, 0x00, 0x00, 0xd4, 0xca, 0xfe, 0xff, 0x08, 0x00, 0x00, 0x00, 
  0x14, 0x00, 0x00, 0x00, 0x01, 0x00, 0x00, 0x00, 0x00, 0x00, 0x00, 0x00, 
  0x00, 0x00, 0x00, 0x00, 0x00, 0x00, 0x00, 0x00, 0x01, 0x00, 0x00, 0x00, 
  0x2f, 0x1c, 0x00, 0x3c, 0x3e, 0x00, 0x00, 0x00, 0x73, 0x61, 0x66, 0x65, 
  0x62, 0x61, 0x6e, 0x64, 0x5f, 0x76, 0x32, 0x5f, 0x64, 0x65, 0x70, 0x6c, 
  0x6f, 0x79, 0x6d, 0x65, 0x6e, 0x74, 0x2f, 0x6d, 0x6f, 0x74, 0x69, 0x6f, 
  0x6e, 0x5f, 0x64, 0x65, 0x63, 0x6f, 0x64, 0x65, 0x72, 0x2f, 0x64, 0x65, 
  0x63, 0x5f, 0x67, 0x72, 0x75, 0x2f, 0x67, 0x72, 0x75, 0x5f, 0x63, 0x65, 
  0x6c, 0x6c, 0x5f, 0x32, 0x2f, 0x6d, 0x75, 0x6c, 0x5f, 0x32, 0x00, 0x00, 
  0x02, 0x00, 0x00, 0x00, 0x01, 0x00, 0x00, 0x00, 0x04, 0x00, 0x00, 0x00, 
  0x8e, 0xcb, 0xfe, 0xff, 0x00, 0x00, 0x00, 0x01, 0x18, 0x00, 0x00, 0x00, 
  0x20, 0x00, 0x00, 0x00, 0x40, 0x00, 0x00, 0x00, 0x68, 0x01, 0x00, 0x00, 
  0x00, 0x00, 0x00, 0x09, 0x78, 0x00, 0x00, 0x00, 0x02, 0x00, 0x00, 0x00, 
  0xff, 0xff, 0xff, 0xff, 0x04, 0x00, 0x00, 0x00, 0x74, 0xcb, 0xfe, 0xff, 
  0x08, 0x00, 0x00, 0x00, 0x14, 0x00, 0x00, 0x00, 0x01, 0x00, 0x00, 0x00, 
  0x00, 0x00, 0x00, 0x00, 0x00, 0x00, 0x00, 0x00, 0x00, 0x00, 0x00, 0x00, 
  0x01, 0x00, 0x00, 0x00, 0x00, 0x00, 0x00, 0x3c, 0x3d, 0x00, 0x00, 0x00, 
  0x73, 0x61, 0x66, 0x65, 0x62, 0x61, 0x6e, 0x64, 0x5f, 0x76, 0x32, 0x5f, 
  0x64, 0x65, 0x70, 0x6c, 0x6f, 0x79, 0x6d, 0x65, 0x6e, 0x74, 0x2f, 0x6d, 
  0x6f, 0x74, 0x69, 0x6f, 0x6e, 0x5f, 0x64, 0x65, 0x63, 0x6f, 0x64, 0x65, 
  0x72, 0x2f, 0x64, 0x65, 0x63, 0x5f, 0x67, 0x72, 0x75, 0x2f, 0x67, 0x72, 
  0x75, 0x5f, 0x63, 0x65, 0x6c, 0x6c, 0x5f, 0x32, 0x2f, 0x54, 0x61, 0x6e, 
  0x68, 0x00, 0x00, 0x00, 0x02, 0x00, 0x00, 0x00, 0x01, 0x00, 0x00, 0x00, 
  0x04, 0x00, 0x00, 0x00, 0x2e, 0xcc, 0xfe, 0xff, 0x00, 0x00, 0x00, 0x01, 
  0x18, 0x00, 0x00, 0x00, 0x20, 0x00, 0x00, 0x00, 0x40, 0x00, 0x00, 0x00, 
  0x67, 0x01, 0x00, 0x00, 0x00, 0x00, 0x00, 0x09, 0x78, 0x00, 0x00, 0x00, 
  0x02, 0x00, 0x00, 0x00, 0xff, 0xff, 0xff, 0xff, 0x04, 0x00, 0x00, 0x00, 
  0x14, 0xcc, 0xfe, 0xff, 0x08, 0x00, 0x00, 0x00, 0x14, 0x00, 0x00, 0x00, 
  0x01, 0x00, 0x00, 0x00, 0x13, 0x00, 0x00, 0x00, 0x00, 0x00, 0x00, 0x00, 
  0x00, 0x00, 0x00, 0x00, 0x01, 0x00, 0x00, 0x00, 0xd9, 0xd9, 0xec, 0x3c, 
  0x3e, 0x00, 0x00, 0x00, 0x73, 0x61, 0x66, 0x65, 0x62, 0x61, 0x6e, 0x64, 
  0x5f, 0x76, 0x32, 0x5f, 0x64, 0x65, 0x70, 0x6c, 0x6f, 0x79, 0x6d, 0x65, 
  0x6e, 0x74, 0x2f, 0x6d, 0x6f, 0x74, 0x69, 0x6f, 0x6e, 0x5f, 0x64, 0x65, 
  0x63, 0x6f, 0x64, 0x65, 0x72, 0x2f, 0x64, 0x65, 0x63, 0x5f, 0x67, 0x72, 
  0x75, 0x2f, 0x67, 0x72, 0x75, 0x5f, 0x63, 0x65, 0x6c, 0x6c, 0x5f, 0x32, 
  0x2f, 0x61, 0x64, 0x64, 0x5f, 0x32, 0x00, 0x00, 0x02, 0x00, 0x00, 0x00, 
  0x01, 0x00, 0x00, 0x00, 0x04, 0x00, 0x00, 0x00, 0xce, 0xcc, 0xfe, 0xff, 
  0x00, 0x00, 0x00, 0x01, 0x18, 0x00, 0x00, 0x00, 0x20, 0x00, 0x00, 0x00, 
  0x40, 0x00, 0x00, 0x00, 0x66, 0x01, 0x00, 0x00, 0x00, 0x00, 0x00, 0x09, 
  0x78, 0x00, 0x00, 0x00, 0x02, 0x00, 0x00, 0x00, 0xff, 0xff, 0xff, 0xff, 
  0x04, 0x00, 0x00, 0x00, 0xb4, 0xcc, 0xfe, 0xff, 0x08, 0x00, 0x00, 0x00, 
  0x14, 0x00, 0x00, 0x00, 0x01, 0x00, 0x00, 0x00, 0xf6, 0xff, 0xff, 0xff, 
  0xff, 0xff, 0xff, 0xff, 0x00, 0x00, 0x00, 0x00, 0x01, 0x00, 0x00, 0x00, 
  0xab, 0x26, 0x28, 0x3a, 0x3c, 0x00, 0x00, 0x00, 0x73, 0x61, 0x66, 0x65, 
  0x62, 0x61, 0x6e, 0x64, 0x5f, 0x76, 0x32, 0x5f, 0x64, 0x65, 0x70, 0x6c, 
  0x6f, 0x79, 0x6d, 0x65, 0x6e, 0x74, 0x2f, 0x6d, 0x6f, 0x74, 0x69, 0x6f, 
  0x6e, 0x5f, 0x64, 0x65, 0x63, 0x6f, 0x64, 0x65, 0x72, 0x2f, 0x64, 0x65, 
  0x63, 0x5f, 0x67, 0x72, 0x75, 0x2f, 0x67, 0x72, 0x75, 0x5f, 0x63, 0x65, 
  0x6c, 0x6c, 0x5f, 0x32, 0x2f, 0x6d, 0x75, 0x6c, 0x00, 0x00, 0x00, 0x00, 
  0x02, 0x00, 0x00, 0x00, 0x01, 0x00, 0x00, 0x00, 0x04, 0x00, 0x00, 0x00, 
  0x6e, 0xcd, 0xfe, 0xff, 0x00, 0x00, 0x00, 0x01, 0x18, 0x00, 0x00, 0x00, 
  0x20, 0x00, 0x00, 0x00, 0x3c, 0x00, 0x00, 0x00, 0x65, 0x01, 0x00, 0x00, 
  0x00, 0x00, 0x00, 0x09, 0x78, 0x00, 0x00, 0x00, 0x02, 0x00, 0x00, 0x00, 
  0xff, 0xff, 0xff, 0xff, 0x04, 0x00, 0x00, 0x00, 0x54, 0xcd, 0xfe, 0xff, 
  0x08, 0x00, 0x00, 0x00, 0x10, 0x00, 0x00, 0x00, 0x01, 0x00, 0x00, 0x00, 
  0x80, 0xff, 0xff, 0xff, 0xff, 0xff, 0xff, 0xff, 0x01, 0x00, 0x00, 0x00, 
  0x00, 0x00, 0x80, 0x3b, 0x42, 0x00, 0x00, 0x00, 0x73, 0x61, 0x66, 0x65, 
  0x62, 0x61, 0x6e, 0x64, 0x5f, 0x76, 0x32, 0x5f, 0x64, 0x65, 0x70, 0x6c, 
  0x6f, 0x79, 0x6d, 0x65, 0x6e, 0x74, 0x2f, 0x6d, 0x6f, 0x74, 0x69, 0x6f, 
  0x6e, 0x5f, 0x64, 0x65, 0x63, 0x6f, 0x64, 0x65, 0x72, 0x2f, 0x64, 0x65, 
  0x63, 0x5f, 0x67, 0x72, 0x75, 0x2f, 0x67, 0x72, 0x75, 0x5f, 0x63, 0x65, 
  0x6c, 0x6c, 0x5f, 0x32, 0x2f, 0x53, 0x69, 0x67, 0x6d, 0x6f, 0x69, 0x64, 
  0x5f, 0x31, 0x00, 0x00, 0x02, 0x00, 0x00, 0x00, 0x01, 0x00, 0x00, 0x00, 
  0x04, 0x00, 0x00, 0x00, 0x0e, 0xce, 0xfe, 0xff, 0x00, 0x00, 0x00, 0x01, 
  0x18, 0x00, 0x00, 0x00, 0x20, 0x00, 0x00, 0x00, 0x40, 0x00, 0x00, 0x00, 
  0x64, 0x01, 0x00, 0x00, 0x00, 0x00, 0x00, 0x09, 0x78, 0x00, 0x00, 0x00, 
  0x02, 0x00, 0x00, 0x00, 0xff, 0xff, 0xff, 0xff, 0x04, 0x00, 0x00, 0x00, 
  0xf4, 0xcd, 0xfe, 0xff, 0x08, 0x00, 0x00, 0x00, 0x14, 0x00, 0x00, 0x00, 
  0x01, 0x00, 0x00, 0x00, 0x32, 0x00, 0x00, 0x00, 0x00, 0x00, 0x00, 0x00, 
  0x00, 0x00, 0x00, 0x00, 0x01, 0x00, 0x00, 0x00, 0xc5, 0x46, 0x8a, 0x3c, 
  0x3e, 0x00, 0x00, 0x00, 0x73, 0x61, 0x66, 0x65, 0x62, 0x61, 0x6e, 0x64, 
  0x5f, 0x76, 0x32, 0x5f, 0x64, 0x65, 0x70, 0x6c, 0x6f, 0x79, 0x6d, 0x65, 
  0x6e, 0x74, 0x2f, 0x6d, 0x6f, 0x74, 0x69, 0x6f, 0x6e, 0x5f, 0x64, 0x65, 
  0x63, 0x6f, 0x64, 0x65, 0x72, 0x2f, 0x64, 0x65, 0x63, 0x5f, 0x67, 0x72, 
  0x75, 0x2f, 0x67, 0x72, 0x75, 0x5f, 0x63, 0x65, 0x6c, 0x6c, 0x5f, 0x32, 
  0x2f, 0x61, 0x64, 0x64, 0x5f, 0x31, 0x00, 0x00, 0x02, 0x00, 0x00, 0x00, 
  0x01, 0x00, 0x00, 0x00, 0x04, 0x00, 0x00, 0x00, 0xae, 0xce, 0xfe, 0xff, 
  0x00, 0x00, 0x00, 0x01, 0x18, 0x00, 0x00, 0x00, 0x20, 0x00, 0x00, 0x00, 
  0x40, 0x00, 0x00, 0x00, 0x63, 0x01, 0x00, 0x00, 0x00, 0x00, 0x00, 0x09, 
  0x78, 0x00, 0x00, 0x00, 0x02, 0x00, 0x00, 0x00, 0xff, 0xff, 0xff, 0xff, 
  0x04, 0x00, 0x00, 0x00, 0x94, 0xce, 0xfe, 0xff, 0x08, 0x00, 0x00, 0x00, 
  0x14, 0x00, 0x00, 0x00, 0x01, 0x00, 0x00, 0x00, 0x80, 0xff, 0xff, 0xff, 
  0xff, 0xff, 0xff, 0xff, 0x00, 0x00, 0x00, 0x00, 0x01, 0x00, 0x00, 0x00, 
  0x2f, 0x7e, 0x80, 0x3b, 0x3c, 0x00, 0x00, 0x00, 0x73, 0x61, 0x66, 0x65, 
  0x62, 0x61, 0x6e, 0x64, 0x5f, 0x76, 0x32, 0x5f, 0x64, 0x65, 0x70, 0x6c, 
  0x6f, 0x79, 0x6d, 0x65, 0x6e, 0x74, 0x2f, 0x6d, 0x6f, 0x74, 0x69, 0x6f, 
  0x6e, 0x5f, 0x64, 0x65, 0x63, 0x6f, 0x64, 0x65, 0x72, 0x2f, 0x64, 0x65, 
  0x63, 0x5f, 0x67, 0x72, 0x75, 0x2f, 0x67, 0x72, 0x75, 0x5f, 0x63, 0x65, 
  0x6c, 0x6c, 0x5f, 0x32, 0x2f, 0x73, 0x75, 0x62, 0x00, 0x00, 0x00, 0x00, 
  0x02, 0x00, 0x00, 0x00, 0x01, 0x00, 0x00, 0x00, 0x04, 0x00, 0x00, 0x00, 
  0x4e, 0xcf, 0xfe, 0xff, 0x00, 0x00, 0x00, 0x01, 0x18, 0x00, 0x00, 0x00, 
  0x20, 0x00, 0x00, 0x00, 0x40, 0x00, 0x00, 0x00, 0x62, 0x01, 0x00, 0x00, 
  0x00, 0x00, 0x00, 0x09, 0x78, 0x00, 0x00, 0x00, 0x02, 0x00, 0x00, 0x00, 
  0xff, 0xff, 0xff, 0xff, 0x04, 0x00, 0x00, 0x00, 0x34, 0xcf, 0xfe, 0xff, 
  0x08, 0x00, 0x00, 0x00, 0x14, 0x00, 0x00, 0x00, 0x01, 0x00, 0x00, 0x00, 
  0x00, 0x00, 0x00, 0x00, 0x00, 0x00, 0x00, 0x00, 0x00, 0x00, 0x00, 0x00, 
  0x01, 0x00, 0x00, 0x00, 0x7b, 0xbe, 0x06, 0x32, 0x3e, 0x00, 0x00, 0x00, 
  0x73, 0x61, 0x66, 0x65, 0x62, 0x61, 0x6e, 0x64, 0x5f, 0x76, 0x32, 0x5f, 
  0x64, 0x65, 0x70, 0x6c, 0x6f, 0x79, 0x6d, 0x65, 0x6e, 0x74, 0x2f, 0x6d, 
  0x6f, 0x74, 0x69, 0x6f, 0x6e, 0x5f, 0x64, 0x65, 0x63, 0x6f, 0x64, 0x65, 
  0x72, 0x2f, 0x64, 0x65, 0x63, 0x5f, 0x67, 0x72, 0x75, 0x2f, 0x67, 0x72, 
  0x75, 0x5f, 0x63, 0x65, 0x6c, 0x6c, 0x5f, 0x32, 0x2f, 0x6d, 0x75, 0x6c, 
  0x5f, 0x31, 0x00, 0x00, 0x02, 0x00, 0x00, 0x00, 0x01, 0x00, 0x00, 0x00, 
  0x04, 0x00, 0x00, 0x00, 0xee, 0xcf, 0xfe, 0xff, 0x00, 0x00, 0x00, 0x01, 
  0x18, 0x00, 0x00, 0x00, 0x20, 0x00, 0x00, 0x00, 0x3c, 0x00, 0x00, 0x00, 
  0x61, 0x01, 0x00, 0x00, 0x00, 0x00, 0x00, 0x09, 0x78, 0x00, 0x00, 0x00, 
  0x02, 0x00, 0x00, 0x00, 0xff, 0xff, 0xff, 0xff, 0x04, 0x00, 0x00, 0x00, 
  0xd4, 0xcf, 0xfe, 0xff, 0x08, 0x00, 0x00, 0x00, 0x10, 0x00, 0x00, 0x00, 
  0x01, 0x00, 0x00, 0x00, 0x80, 0xff, 0xff, 0xff, 0xff, 0xff, 0xff, 0xff, 
  0x01, 0x00, 0x00, 0x00, 0x00, 0x00, 0x80, 0x3b, 0x40, 0x00, 0x00, 0x00, 
  0x73, 0x61, 0x66, 0x65, 0x62, 0x61, 0x6e, 0x64, 0x5f, 0x76, 0x32, 0x5f, 
  0x64, 0x65, 0x70, 0x6c, 0x6f, 0x79, 0x6d, 0x65, 0x6e, 0x74, 0x2f, 0x6d, 
  0x6f, 0x74, 0x69, 0x6f, 0x6e, 0x5f, 0x64, 0x65, 0x63, 0x6f, 0x64, 0x65, 
  0x72, 0x2f, 0x64, 0x65, 0x63, 0x5f, 0x67, 0x72, 0x75, 0x2f, 0x67, 0x72, 
  0x75, 0x5f, 0x63, 0x65, 0x6c, 0x6c, 0x5f, 0x32, 0x2f, 0x53, 0x69, 0x67, 
  0x6d, 0x6f, 0x69, 0x64, 0x00, 0x00, 0x00, 0x00, 0x02, 0x00, 0x00, 0x00, 
  0x01, 0x00, 0x00, 0x00, 0x04, 0x00, 0x00, 0x00, 0x8e, 0xd0, 0xfe, 0xff, 
  0x00, 0x00, 0x00, 0x01, 0x18, 0x00, 0x00, 0x00, 0x20, 0x00, 0x00, 0x00, 
  0x40, 0x00, 0x00, 0x00, 0x60, 0x01, 0x00, 0x00, 0x00, 0x00, 0x00, 0x09, 
  0x78, 0x00, 0x00, 0x00, 0x02, 0x00, 0x00, 0x00, 0xff, 0xff, 0xff, 0xff, 
  0x04, 0x00, 0x00, 0x00, 0x74, 0xd0, 0xfe, 0xff, 0x08, 0x00, 0x00, 0x00, 
  0x14, 0x00, 0x00, 0x00, 0x01, 0x00, 0x00, 0x00, 0x72, 0x00, 0x00, 0x00, 
  0x00, 0x00, 0x00, 0x00, 0x00, 0x00, 0x00, 0x00, 0x01, 0x00, 0x00, 0x00, 
  0x57, 0xf3, 0x21, 0x3d, 0x3c, 0x00, 0x00, 0x00, 0x73, 0x61, 0x66, 0x65, 
  0x62, 0x61, 0x6e, 0x64, 0x5f, 0x76, 0x32, 0x5f, 0x64, 0x65, 0x70, 0x6c, 
  0x6f, 0x79, 0x6d, 0x65, 0x6e, 0x74, 0x2f, 0x6d, 0x6f, 0x74, 0x69, 0x6f, 
  0x6e, 0x5f, 0x64, 0x65, 0x63, 0x6f, 0x64, 0x65, 0x72, 0x2f, 0x64, 0x65, 
  0x63, 0x5f, 0x67, 0x72, 0x75, 0x2f, 0x67, 0x72, 0x75, 0x5f, 0x63, 0x65, 
  0x6c, 0x6c, 0x5f, 0x32, 0x2f, 0x61, 0x64, 0x64, 0x00, 0x00, 0x00, 0x00, 
  0x02, 0x00, 0x00, 0x00, 0x01, 0x00, 0x00, 0x00, 0x04, 0x00, 0x00, 0x00, 
  0x2e, 0xd1, 0xfe, 0xff, 0x00, 0x00, 0x00, 0x01, 0x18, 0x00, 0x00, 0x00, 
  0x20, 0x00, 0x00, 0x00, 0x40, 0x00, 0x00, 0x00, 0x5f, 0x01, 0x00, 0x00, 
  0x00, 0x00, 0x00, 0x09, 0xf8, 0x00, 0x00, 0x00, 0x02, 0x00, 0x00, 0x00, 
  0xff, 0xff, 0xff, 0xff, 0x04, 0x00, 0x00, 0x00, 0x14, 0xd1, 0xfe, 0xff, 
  0x08, 0x00, 0x00, 0x00, 0x14, 0x00, 0x00, 0x00, 0x01, 0x00, 0x00, 0x00, 
  0x3d, 0x00, 0x00, 0x00, 0x00, 0x00, 0x00, 0x00, 0x00, 0x00, 0x00, 0x00, 
  0x01, 0x00, 0x00, 0x00, 0xf5, 0x9a, 0x42, 0x3d, 0xbf, 0x00, 0x00, 0x00, 
  0x73, 0x61, 0x66, 0x65, 0x62, 0x61, 0x6e, 0x64, 0x5f, 0x76, 0x32, 0x5f, 
  0x64, 0x65, 0x70, 0x6c, 0x6f, 0x79, 0x6d, 0x65, 0x6e, 0x74, 0x2f, 0x6d, 
  0x6f, 0x74, 0x69, 0x6f, 0x6e, 0x5f, 0x64, 0x65, 0x63, 0x6f, 0x64, 0x65, 
  0x72, 0x2f, 0x64, 0x65, 0x63, 0x5f, 0x67, 0x72, 0x75, 0x2f, 0x67, 0x72, 
  0x75, 0x5f, 0x63, 0x65, 0x6c, 0x6c, 0x5f, 0x32, 0x2f, 0x73, 0x70, 0x6c, 
  0x69, 0x74, 0x3b, 0x73, 0x61, 0x66, 0x65, 0x62, 0x61, 0x6e, 0x64, 0x5f, 
  0x76, 0x32, 0x5f, 0x64, 0x65, 0x70, 0x6c, 0x6f, 0x79, 0x6d, 0x65, 0x6e, 
  0x74, 0x2f, 0x6d, 0x6f, 0x74, 0x69, 0x6f, 0x6e, 0x5f, 0x64, 0x65, 0x63, 
  0x6f, 0x64, 0x65, 0x72, 0x2f, 0x64, 0x65, 0x63, 0x5f, 0x67, 0x72, 0x75, 
  0x2f, 0x67, 0x72, 0x75, 0x5f, 0x63, 0x65, 0x6c, 0x6c, 0x5f, 0x32, 0x2f, 
  0x73, 0x70, 0x6c, 0x69, 0x74, 0x31, 0x3b, 0x73, 0x61, 0x66, 0x65, 0x62, 
  0x61, 0x6e, 0x64, 0x5f, 0x76, 0x32, 0x5f, 0x64, 0x65, 0x70, 0x6c, 0x6f, 
  0x79, 0x6d, 0x65, 0x6e, 0x74, 0x2f, 0x6d, 0x6f, 0x74, 0x69, 0x6f, 0x6e, 
  0x5f, 0x64, 0x65, 0x63, 0x6f, 0x64, 0x65, 0x72, 0x2f, 0x64, 0x65, 0x63, 
  0x5f, 0x67, 0x72, 0x75, 0x2f, 0x67, 0x72, 0x75, 0x5f, 0x63, 0x65, 0x6c, 
  0x6c, 0x5f, 0x32, 0x2f, 0x73, 0x70, 0x6c, 0x69, 0x74, 0x32, 0x32, 0x00, 
  0x02, 0x00, 0x00, 0x00, 0x01, 0x00, 0x00, 0x00, 0x04, 0x00, 0x00, 0x00, 
  0x4e, 0xd2, 0xfe, 0xff, 0x00, 0x00, 0x00, 0x01, 0x18, 0x00, 0x00, 0x00, 
  0x20, 0x00, 0x00, 0x00, 0x40, 0x00, 0x00, 0x00, 0x5e, 0x01, 0x00, 0x00, 
  0x00, 0x00, 0x00, 0x09, 0xf8, 0x00, 0x00, 0x00, 0x02, 0x00, 0x00, 0x00, 
  0xff, 0xff, 0xff, 0xff, 0x04, 0x00, 0x00, 0x00, 0x34, 0xd2, 0xfe, 0xff, 
  0x08, 0x00, 0x00, 0x00, 0x14, 0x00, 0x00, 0x00, 0x01, 0x00, 0x00, 0x00, 
  0x3d, 0x00, 0x00, 0x00, 0x00, 0x00, 0x00, 0x00, 0x00, 0x00, 0x00, 0x00, 
  0x01, 0x00, 0x00, 0x00, 0xf5, 0x9a, 0x42, 0x3d, 0xbf, 0x00, 0x00, 0x00, 
  0x73, 0x61, 0x66, 0x65, 0x62, 0x61, 0x6e, 0x64, 0x5f, 0x76, 0x32, 0x5f, 
  0x64, 0x65, 0x70, 0x6c, 0x6f, 0x79, 0x6d, 0x65, 0x6e, 0x74, 0x2f, 0x6d, 
  0x6f, 0x74, 0x69, 0x6f, 0x6e, 0x5f, 0x64, 0x65, 0x63, 0x6f, 0x64, 0x65, 
  0x72, 0x2f, 0x64, 0x65, 0x63, 0x5f, 0x67, 0x72, 0x75, 0x2f, 0x67, 0x72, 
  0x75, 0x5f, 0x63, 0x65, 0x6c, 0x6c, 0x5f, 0x32, 0x2f, 0x73, 0x70, 0x6c, 
  0x69, 0x74, 0x3b, 0x73, 0x61, 0x66, 0x65, 0x62, 0x61, 0x6e, 0x64, 0x5f, 
  0x76, 0x32, 0x5f, 0x64, 0x65, 0x70, 0x6c, 0x6f, 0x79, 0x6d, 0x65, 0x6e, 
  0x74, 0x2f, 0x6d, 0x6f, 0x74, 0x69, 0x6f, 0x6e, 0x5f, 0x64, 0x65, 0x63, 
  0x6f, 0x64, 0x65, 0x72, 0x2f, 0x64, 0x65, 0x63, 0x5f, 0x67, 0x72, 0x75, 
  0x2f, 0x67, 0x72, 0x75, 0x5f, 0x63, 0x65, 0x6c, 0x6c, 0x5f, 0x32, 0x2f, 
  0x73, 0x70, 0x6c, 0x69, 0x74, 0x31, 0x3b, 0x73, 0x61, 0x66, 0x65, 0x62, 
  0x61, 0x6e, 0x64, 0x5f, 0x76, 0x32, 0x5f, 0x64, 0x65, 0x70, 0x6c, 0x6f, 
  0x79, 0x6d, 0x65, 0x6e, 0x74, 0x2f, 0x6d, 0x6f, 0x74, 0x69, 0x6f, 0x6e, 
  0x5f, 0x64, 0x65, 0x63, 0x6f, 0x64, 0x65, 0x72, 0x2f, 0x64, 0x65, 0x63, 
  0x5f, 0x67, 0x72, 0x75, 0x2f, 0x67, 0x72, 0x75, 0x5f, 0x63, 0x65, 0x6c, 
  0x6c, 0x5f, 0x32, 0x2f, 0x73, 0x70, 0x6c, 0x69, 0x74, 0x32, 0x31, 0x00, 
  0x02, 0x00, 0x00, 0x00, 0x01, 0x00, 0x00, 0x00, 0x04, 0x00, 0x00, 0x00, 
  0x6e, 0xd3, 0xfe, 0xff, 0x00, 0x00, 0x00, 0x01, 0x18, 0x00, 0x00, 0x00, 
  0x20, 0x00, 0x00, 0x00, 0x40, 0x00, 0x00, 0x00, 0x5d, 0x01, 0x00, 0x00, 
  0x00, 0x00, 0x00, 0x09, 0xf8, 0x00, 0x00, 0x00, 0x02, 0x00, 0x00, 0x00, 
  0xff, 0xff, 0xff, 0xff, 0x04, 0x00, 0x00, 0x00, 0x54, 0xd3, 0xfe, 0xff, 
  0x08, 0x00, 0x00, 0x00, 0x14, 0x00, 0x00, 0x00, 0x01, 0x00, 0x00, 0x00, 
  0x3d, 0x00, 0x00, 0x00, 0x00, 0x00, 0x00, 0x00, 0x00, 0x00, 0x00, 0x00, 
  0x01, 0x00, 0x00, 0x00, 0xf5, 0x9a, 0x42, 0x3d, 0xbe, 0x00, 0x00, 0x00, 
  0x73, 0x61, 0x66, 0x65, 0x62, 0x61, 0x6e, 0x64, 0x5f, 0x76, 0x32, 0x5f, 
  0x64, 0x65, 0x70, 0x6c, 0x6f, 0x79, 0x6d, 0x65, 0x6e, 0x74, 0x2f, 0x6d, 
  0x6f, 0x74, 0x69, 0x6f, 0x6e, 0x5f, 0x64, 0x65, 0x63, 0x6f, 0x64, 0x65, 
  0x72, 0x2f, 0x64, 0x65, 0x63, 0x5f, 0x67, 0x72, 0x75, 0x2f, 0x67, 0x72, 
  0x75, 0x5f, 0x63, 0x65, 0x6c, 0x6c, 0x5f, 0x32, 0x2f, 0x73, 0x70, 0x6c, 
  0x69, 0x74, 0x3b, 0x73, 0x61, 0x66, 0x65, 0x62, 0x61, 0x6e, 0x64, 0x5f, 
  0x76, 0x32, 0x5f, 0x64, 0x65, 0x70, 0x6c, 0x6f, 0x79, 0x6d, 0x65, 0x6e, 
  0x74, 0x2f, 0x6d, 0x6f, 0x74, 0x69, 0x6f, 0x6e, 0x5f, 0x64, 0x65, 0x63, 
  0x6f, 0x64, 0x65, 0x72, 0x2f, 0x64, 0x65, 0x63, 0x5f, 0x67, 0x72, 0x75, 
  0x2f, 0x67, 0x72, 0x75, 0x5f, 0x63, 0x65, 0x6c, 0x6c, 0x5f, 0x32, 0x2f, 
  0x73, 0x70, 0x6c, 0x69, 0x74, 0x31, 0x3b, 0x73, 0x61, 0x66, 0x65, 0x62, 
  0x61, 0x6e, 0x64, 0x5f, 0x76, 0x32, 0x5f, 0x64, 0x65, 0x70, 0x6c, 0x6f, 
  0x79, 0x6d, 0x65, 0x6e, 0x74, 0x2f, 0x6d, 0x6f, 0x74, 0x69, 0x6f, 0x6e, 
  0x5f, 0x64, 0x65, 0x63, 0x6f, 0x64, 0x65, 0x72, 0x2f, 0x64, 0x65, 0x63, 
  0x5f, 0x67, 0x72, 0x75, 0x2f, 0x67, 0x72, 0x75, 0x5f, 0x63, 0x65, 0x6c, 
  0x6c, 0x5f, 0x32, 0x2f, 0x73, 0x70, 0x6c, 0x69, 0x74, 0x32, 0x00, 0x00, 
  0x02, 0x00, 0x00, 0x00, 0x01, 0x00, 0x00, 0x00, 0x04, 0x00, 0x00, 0x00, 
  0x8e, 0xd4, 0xfe, 0xff, 0x00, 0x00, 0x00, 0x01, 0x18, 0x00, 0x00, 0x00, 
  0x20, 0x00, 0x00, 0x00, 0x3c, 0x00, 0x00, 0x00, 0x5c, 0x01, 0x00, 0x00, 
  0x00, 0x00, 0x00, 0x09, 0xb8, 0x00, 0x00, 0x00, 0x02, 0x00, 0x00, 0x00, 
  0xff, 0xff, 0xff, 0xff, 0x0c, 0x00, 0x00, 0x00, 0x74, 0xd4, 0xfe, 0xff, 
  0x08, 0x00, 0x00, 0x00, 0x10, 0x00, 0x00, 0x00, 0x01, 0x00, 0x00, 0x00, 
  0x3d, 0x00, 0x00, 0x00, 0x00, 0x00, 0x00, 0x00, 0x01, 0x00, 0x00, 0x00, 
  0xf5, 0x9a, 0x42, 0x3d, 0x80, 0x00, 0x00, 0x00, 0x73, 0x61, 0x66, 0x65, 
  0x62, 0x61, 0x6e, 0x64, 0x5f, 0x76, 0x32, 0x5f, 0x64, 0x65, 0x70, 0x6c, 
  0x6f, 0x79, 0x6d, 0x65, 0x6e, 0x74, 0x2f, 0x6d, 0x6f, 0x74, 0x69, 0x6f, 
  0x6e, 0x5f, 0x64, 0x65, 0x63, 0x6f, 0x64, 0x65, 0x72, 0x2f, 0x64, 0x65, 
  0x63, 0x5f, 0x67, 0x72, 0x75, 0x2f, 0x67, 0x72, 0x75, 0x5f, 0x63, 0x65, 
  0x6c, 0x6c, 0x5f, 0x32, 0x2f, 0x4d, 0x61, 0x74, 0x4d, 0x75, 0x6c, 0x3b, 
  0x73, 0x61, 0x66, 0x65, 0x62, 0x61, 0x6e, 0x64, 0x5f, 0x76, 0x32, 0x5f, 
  0x64, 0x65, 0x70, 0x6c, 0x6f, 0x79, 0x6d, 0x65, 0x6e, 0x74, 0x2f, 0x6d, 
  0x6f, 0x74, 0x69, 0x6f, 0x6e, 0x5f, 0x64, 0x65, 0x63, 0x6f, 0x64, 0x65, 
  0x72, 0x2f, 0x64, 0x65, 0x63, 0x5f, 0x67, 0x72, 0x75, 0x2f, 0x67, 0x72, 
  0x75, 0x5f, 0x63, 0x65, 0x6c, 0x6c, 0x5f, 0x32, 0x2f, 0x42, 0x69, 0x61, 
  0x73, 0x41, 0x64, 0x64, 0x00, 0x00, 0x00, 0x00, 0x02, 0x00, 0x00, 0x00, 
  0x01, 0x00, 0x00, 0x00, 0x0c, 0x00, 0x00, 0x00, 0x6e, 0xd5, 0xfe, 0xff, 
  0x00, 0x00, 0x00, 0x01, 0x18, 0x00, 0x00, 0x00, 0x20, 0x00, 0x00, 0x00, 
  0x40, 0x00, 0x00, 0x00, 0x5b, 0x01, 0x00, 0x00, 0x00, 0x00, 0x00, 0x09, 
  0x60, 0x02, 0x00, 0x00, 0x02, 0x00, 0x00, 0x00, 0xff, 0xff, 0xff, 0xff, 
  0x10, 0x00, 0x00, 0x00, 0x54, 0xd5, 0xfe, 0xff, 0x08, 0x00, 0x00, 0x00, 
  0x14, 0x00, 0x00, 0x00, 0x01, 0x00, 0x00, 0x00, 0x80, 0xff, 0xff, 0xff, 
  0xff, 0xff, 0xff, 0xff, 0x00, 0x00, 0x00, 0x00, 0x01, 0x00, 0x00, 0x00, 
  0xca, 0xa1, 0xed, 0x3b, 0x25, 0x02, 0x00, 0x00, 0x73, 0x61, 0x66, 0x65, 
  0x62, 0x61, 0x6e, 0x64, 0x5f, 0x76, 0x32, 0x5f, 0x64, 0x65, 0x70, 0x6c, 
  0x6f, 0x79, 0x6d, 0x65, 0x6e, 0x74, 0x2f, 0x6d, 0x6f, 0x74, 0x69, 0x6f, 
  0x6e, 0x5f, 0x64, 0x65, 0x63, 0x6f, 0x64, 0x65, 0x72, 0x2f, 0x64, 0x65, 
  0x63, 0x5f, 0x67, 0x72, 0x75, 0x2f, 0x75, 0x6e, 0x73, 0x74, 0x61, 0x63, 
  0x6b, 0x3b, 0x73, 0x61, 0x66, 0x65, 0x62, 0x61, 0x6e, 0x64, 0x5f, 0x76, 
  0x32, 0x5f, 0x64, 0x65, 0x70, 0x6c, 0x6f, 0x79, 0x6d, 0x65, 0x6e, 0x74, 
  0x2f, 0x6d, 0x6f, 0x74, 0x69, 0x6f, 0x6e, 0x5f, 0x64, 0x65, 0x63, 0x6f, 
  0x64, 0x65, 0x72, 0x2f, 0x64, 0x65, 0x63, 0x5f, 0x67, 0x72, 0x75, 0x2f, 
  0x75, 0x6e, 0x73, 0x74, 0x61, 0x63, 0x6b, 0x31, 0x3b, 0x73, 0x61, 0x66, 
  0x65, 0x62, 0x61, 0x6e, 0x64, 0x5f, 0x76, 0x32, 0x5f, 0x64, 0x65, 0x70, 
  0x6c, 0x6f, 0x79, 0x6d, 0x65, 0x6e, 0x74, 0x2f, 0x6d, 0x6f, 0x74, 0x69, 
  0x6f, 0x6e, 0x5f, 0x64, 0x65, 0x63, 0x6f, 0x64, 0x65, 0x72, 0x2f, 0x64, 
  0x65, 0x63, 0x5f, 0x67, 0x72, 0x75, 0x2f, 0x75, 0x6e, 0x73, 0x74, 0x61, 
  0x63, 0x6b, 0x32, 0x3b, 0x73, 0x61, 0x66, 0x65, 0x62, 0x61, 0x6e, 0x64, 
  0x5f, 0x76, 0x32, 0x5f, 0x64, 0x65, 0x70, 0x6c, 0x6f, 0x79, 0x6d, 0x65, 
  0x6e, 0x74, 0x2f, 0x6d, 0x6f, 0x74, 0x69, 0x6f, 0x6e, 0x5f, 0x64, 0x65, 
  0x63, 0x6f, 0x64, 0x65, 0x72, 0x2f, 0x64, 0x65, 0x63, 0x5f, 0x67, 0x72, 
  0x75, 0x2f, 0x75, 0x6e, 0x73, 0x74, 0x61, 0x63, 0x6b, 0x33, 0x3b, 0x73, 
  0x61, 0x66, 0x65, 0x62, 0x61, 0x6e, 0x64, 0x5f, 0x76, 0x32, 0x5f, 0x64, 
  0x65, 0x70, 0x6c, 0x6f, 0x79, 0x6d, 0x65, 0x6e, 0x74, 0x2f, 0x6d, 0x6f, 
  0x74, 0x69, 0x6f, 0x6e, 0x5f, 0x64, 0x65, 0x63, 0x6f, 0x64, 0x65, 0x72, 
  0x2f, 0x64, 0x65, 0x63, 0x5f, 0x67, 0x72, 0x75, 0x2f, 0x75, 0x6e, 0x73, 
  0x74, 0x61, 0x63, 0x6b, 0x34, 0x3b, 0x73, 0x61, 0x66, 0x65, 0x62, 0x61, 
  0x6e, 0x64, 0x5f, 0x76, 0x32, 0x5f, 0x64, 0x65, 0x70, 0x6c, 0x6f, 0x79, 
  0x6d, 0x65, 0x6e, 0x74, 0x2f, 0x6d, 0x6f, 0x74, 0x69, 0x6f, 0x6e, 0x5f, 
  0x64, 0x65, 0x63, 0x6f, 0x64, 0x65, 0x72, 0x2f, 0x64, 0x65, 0x63, 0x5f, 
  0x67, 0x72, 0x75, 0x2f, 0x75, 0x6e, 0x73, 0x74, 0x61, 0x63, 0x6b, 0x35, 
  0x3b, 0x73, 0x61, 0x66, 0x65, 0x62, 0x61, 0x6e, 0x64, 0x5f, 0x76, 0x32, 
  0x5f, 0x64, 0x65, 0x70, 0x6c, 0x6f, 0x79, 0x6d, 0x65, 0x6e, 0x74, 0x2f, 
  0x6d, 0x6f, 0x74, 0x69, 0x6f, 0x6e, 0x5f, 0x64, 0x65, 0x63, 0x6f, 0x64, 
  0x65, 0x72, 0x2f, 0x64, 0x65, 0x63, 0x5f, 0x67, 0x72, 0x75, 0x2f, 0x75, 
  0x6e, 0x73, 0x74, 0x61, 0x63, 0x6b, 0x36, 0x3b, 0x73, 0x61, 0x66, 0x65, 
  0x62, 0x61, 0x6e, 0x64, 0x5f, 0x76, 0x32, 0x5f, 0x64, 0x65, 0x70, 0x6c, 
  0x6f, 0x79, 0x6d, 0x65, 0x6e, 0x74, 0x2f, 0x6d, 0x6f, 0x74, 0x69, 0x6f, 
  0x6e, 0x5f, 0x64, 0x65, 0x63, 0x6f, 0x64, 0x65, 0x72, 0x2f, 0x64, 0x65, 
  0x63, 0x5f, 0x67, 0x72, 0x75, 0x2f, 0x75, 0x6e, 0x73, 0x74, 0x61, 0x63, 
  0x6b, 0x37, 0x3b, 0x73, 0x61, 0x66, 0x65, 0x62, 0x61, 0x6e, 0x64, 0x5f, 
  0x76, 0x32, 0x5f, 0x64, 0x65, 0x70, 0x6c, 0x6f, 0x79, 0x6d, 0x65, 0x6e, 
  0x74, 0x2f, 0x6d, 0x6f, 0x74, 0x69, 0x6f, 0x6e, 0x5f, 0x64, 0x65, 0x63, 
  0x6f, 0x64, 0x65, 0x72, 0x2f, 0x64, 0x65, 0x63, 0x5f, 0x67, 0x72, 0x75, 
  0x2f, 0x75, 0x6e, 0x73, 0x74, 0x61, 0x63, 0x6b, 0x38, 0x3b, 0x73, 0x61, 
  0x66, 0x65, 0x62, 0x61, 0x6e, 0x64, 0x5f, 0x76, 0x32, 0x5f, 0x64, 0x65, 
  0x70, 0x6c, 0x6f, 0x79, 0x6d, 0x65, 0x6e, 0x74, 0x2f, 0x6d, 0x6f, 0x74, 
  0x69, 0x6f, 0x6e, 0x5f, 0x64, 0x65, 0x63, 0x6f, 0x64, 0x65, 0x72, 0x2f, 
  0x64, 0x65, 0x63, 0x5f, 0x67, 0x72, 0x75, 0x2f, 0x75, 0x6e, 0x73, 0x74, 
  0x61, 0x63, 0x6b, 0x39, 0x39, 0x00, 0x00, 0x00, 0x02, 0x00, 0x00, 0x00, 
  0x01, 0x00, 0x00, 0x00, 0x10, 0x00, 0x00, 0x00, 0xf6, 0xd7, 0xfe, 0xff, 
  0x00, 0x00, 0x00, 0x01, 0x18, 0x00, 0x00, 0x00, 0x20, 0x00, 0x00, 0x00, 
  0x40, 0x00, 0x00, 0x00, 0x5a, 0x01, 0x00, 0x00, 0x00, 0x00, 0x00, 0x09, 
  0x60, 0x02, 0x00, 0x00, 0x02, 0x00, 0x00, 0x00, 0xff, 0xff, 0xff, 0xff, 
  0x10, 0x00, 0x00, 0x00, 0xdc, 0xd7, 0xfe, 0xff, 0x08, 0x00, 0x00, 0x00, 
  0x14, 0x00, 0x00, 0x00, 0x01, 0x00, 0x00, 0x00, 0x80, 0xff, 0xff, 0xff, 
  0xff, 0xff, 0xff, 0xff, 0x00, 0x00, 0x00, 0x00, 0x01, 0x00, 0x00, 0x00, 
  0xca, 0xa1, 0xed, 0x3b, 0x25, 0x02, 0x00, 0x00, 0x73, 0x61, 0x66, 0x65, 
  0x62, 0x61, 0x6e, 0x64, 0x5f, 0x76, 0x32, 0x5f, 0x64, 0x65, 0x70, 0x6c, 
  0x6f, 0x79, 0x6d, 0x65, 0x6e, 0x74, 0x2f, 0x6d, 0x6f, 0x74, 0x69, 0x6f, 
  0x6e, 0x5f, 0x64, 0x65, 0x63, 0x6f, 0x64, 0x65, 0x72, 0x2f, 0x64, 0x65, 
  0x63, 0x5f, 0x67, 0x72, 0x75, 0x2f, 0x75, 0x6e, 0x73, 0x74, 0x61, 0x63, 
  0x6b, 0x3b, 0x73, 0x61, 0x66, 0x65, 0x62, 0x61, 0x6e, 0x64, 0x5f, 0x76, 
  0x32, 0x5f, 0x64, 0x65, 0x70, 0x6c, 0x6f, 0x79, 0x6d, 0x65, 0x6e, 0x74, 
  0x2f, 0x6d, 0x6f, 0x74, 0x69, 0x6f, 0x6e, 0x5f, 0x64, 0x65, 0x63, 0x6f, 
  0x64, 0x65, 0x72, 0x2f, 0x64, 0x65, 0x63, 0x5f, 0x67, 0x72, 0x75, 0x2f, 
  0x75, 0x6e, 0x73, 0x74, 0x61, 0x63, 0x6b, 0x31, 0x3b, 0x73, 0x61, 0x66, 
  0x65, 0x62, 0x61, 0x6e, 0x64, 0x5f, 0x76, 0x32, 0x5f, 0x64, 0x65, 0x70, 
  0x6c, 0x6f, 0x79, 0x6d, 0x65, 0x6e, 0x74, 0x2f, 0x6d, 0x6f, 0x74, 0x69, 
  0x6f, 0x6e, 0x5f, 0x64, 0x65, 0x63, 0x6f, 0x64, 0x65, 0x72, 0x2f, 0x64, 
  0x65, 0x63, 0x5f, 0x67, 0x72, 0x75, 0x2f, 0x75, 0x6e, 0x73, 0x74, 0x61, 
  0x63, 0x6b, 0x32, 0x3b, 0x73, 0x61, 0x66, 0x65, 0x62, 0x61, 0x6e, 0x64, 
  0x5f, 0x76, 0x32, 0x5f, 0x64, 0x65, 0x70, 0x6c, 0x6f, 0x79, 0x6d, 0x65, 
  0x6e, 0x74, 0x2f, 0x6d, 0x6f, 0x74, 0x69, 0x6f, 0x6e, 0x5f, 0x64, 0x65, 
  0x63, 0x6f, 0x64, 0x65, 0x72, 0x2f, 0x64, 0x65, 0x63, 0x5f, 0x67, 0x72, 
  0x75, 0x2f, 0x75, 0x6e, 0x73, 0x74, 0x61, 0x63, 0x6b, 0x33, 0x3b, 0x73, 
  0x61, 0x66, 0x65, 0x62, 0x61, 0x6e, 0x64, 0x5f, 0x76, 0x32, 0x5f, 0x64, 
  0x65, 0x70, 0x6c, 0x6f, 0x79, 0x6d, 0x65, 0x6e, 0x74, 0x2f, 0x6d, 0x6f, 
  0x74, 0x69, 0x6f, 0x6e, 0x5f, 0x64, 0x65, 0x63, 0x6f, 0x64, 0x65, 0x72, 
  0x2f, 0x64, 0x65, 0x63, 0x5f, 0x67, 0x72, 0x75, 0x2f, 0x75, 0x6e, 0x73, 
  0x74, 0x61, 0x63, 0x6b, 0x34, 0x3b, 0x73, 0x61, 0x66, 0x65, 0x62, 0x61, 
  0x6e, 0x64, 0x5f, 0x76, 0x32, 0x5f, 0x64, 0x65, 0x70, 0x6c, 0x6f, 0x79, 
  0x6d, 0x65, 0x6e, 0x74, 0x2f, 0x6d, 0x6f, 0x74, 0x69, 0x6f, 0x6e, 0x5f, 
  0x64, 0x65, 0x63, 0x6f, 0x64, 0x65, 0x72, 0x2f, 0x64, 0x65, 0x63, 0x5f, 
  0x67, 0x72, 0x75, 0x2f, 0x75, 0x6e, 0x73, 0x74, 0x61, 0x63, 0x6b, 0x35, 
  0x3b, 0x73, 0x61, 0x66, 0x65, 0x62, 0x61, 0x6e, 0x64, 0x5f, 0x76, 0x32, 
  0x5f, 0x64, 0x65, 0x70, 0x6c, 0x6f, 0x79, 0x6d, 0x65, 0x6e, 0x74, 0x2f, 
  0x6d, 0x6f, 0x74, 0x69, 0x6f, 0x6e, 0x5f, 0x64, 0x65, 0x63, 0x6f, 0x64, 
  0x65, 0x72, 0x2f, 0x64, 0x65, 0x63, 0x5f, 0x67, 0x72, 0x75, 0x2f, 0x75, 
  0x6e, 0x73, 0x74, 0x61, 0x63, 0x6b, 0x36, 0x3b, 0x73, 0x61, 0x66, 0x65, 
  0x62, 0x61, 0x6e, 0x64, 0x5f, 0x76, 0x32, 0x5f, 0x64, 0x65, 0x70, 0x6c, 
  0x6f, 0x79, 0x6d, 0x65, 0x6e, 0x74, 0x2f, 0x6d, 0x6f, 0x74, 0x69, 0x6f, 
  0x6e, 0x5f, 0x64, 0x65, 0x63, 0x6f, 0x64, 0x65, 0x72, 0x2f, 0x64, 0x65, 
  0x63, 0x5f, 0x67, 0x72, 0x75, 0x2f, 0x75, 0x6e, 0x73, 0x74, 0x61, 0x63, 
  0x6b, 0x37, 0x3b, 0x73, 0x61, 0x66, 0x65, 0x62, 0x61, 0x6e, 0x64, 0x5f, 
  0x76, 0x32, 0x5f, 0x64, 0x65, 0x70, 0x6c, 0x6f, 0x79, 0x6d, 0x65, 0x6e, 
  0x74, 0x2f, 0x6d, 0x6f, 0x74, 0x69, 0x6f, 0x6e, 0x5f, 0x64, 0x65, 0x63, 
  0x6f, 0x64, 0x65, 0x72, 0x2f, 0x64, 0x65, 0x63, 0x5f, 0x67, 0x72, 0x75, 
  0x2f, 0x75, 0x6e, 0x73, 0x74, 0x61, 0x63, 0x6b, 0x38, 0x3b, 0x73, 0x61, 
  0x66, 0x65, 0x62, 0x61, 0x6e, 0x64, 0x5f, 0x76, 0x32, 0x5f, 0x64, 0x65, 
  0x70, 0x6c, 0x6f, 0x79, 0x6d, 0x65, 0x6e, 0x74, 0x2f, 0x6d, 0x6f, 0x74, 
  0x69, 0x6f, 0x6e, 0x5f, 0x64, 0x65, 0x63, 0x6f, 0x64, 0x65, 0x72, 0x2f, 
  0x64, 0x65, 0x63, 0x5f, 0x67, 0x72, 0x75, 0x2f, 0x75, 0x6e, 0x73, 0x74, 
  0x61, 0x63, 0x6b, 0x39, 0x38, 0x00, 0x00, 0x00, 0x02, 0x00, 0x00, 0x00, 
  0x01, 0x00, 0x00, 0x00, 0x10, 0x00, 0x00, 0x00, 0x7e, 0xda, 0xfe, 0xff, 
  0x00, 0x00, 0x00, 0x01, 0x18, 0x00, 0x00, 0x00, 0x20, 0x00, 0x00, 0x00, 
  0x40, 0x00, 0x00, 0x00, 0x59, 0x01, 0x00, 0x00, 0x00, 0x00, 0x00, 0x09, 
  0x60, 0x02, 0x00, 0x00, 0x02, 0x00, 0x00, 0x00, 0xff, 0xff, 0xff, 0xff, 
  0x10, 0x00, 0x00, 0x00, 0x64, 0xda, 0xfe, 0xff, 0x08, 0x00, 0x00, 0x00, 
  0x14, 0x00, 0x00, 0x00, 0x01, 0x00, 0x00, 0x00, 0x80, 0xff, 0xff, 0xff, 
  0xff, 0xff, 0xff, 0xff, 0x00, 0x00, 0x00, 0x00, 0x01, 0x00, 0x00, 0x00, 
  0xca, 0xa1, 0xed, 0x3b, 0x25, 0x02, 0x00, 0x00, 0x73, 0x61, 0x66, 0x65, 
  0x62, 0x61, 0x6e, 0x64, 0x5f, 0x76, 0x32, 0x5f, 0x64, 0x65, 0x70, 0x6c, 
  0x6f, 0x79, 0x6d, 0x65, 0x6e, 0x74, 0x2f, 0x6d, 0x6f, 0x74, 0x69, 0x6f, 
  0x6e, 0x5f, 0x64, 0x65, 0x63, 0x6f, 0x64, 0x65, 0x72, 0x2f, 0x64, 0x65, 
  0x63, 0x5f, 0x67, 0x72, 0x75, 0x2f, 0x75, 0x6e, 0x73, 0x74, 0x61, 0x63, 
  0x6b, 0x3b, 0x73, 0x61, 0x66, 0x65, 0x62, 0x61, 0x6e, 0x64, 0x5f, 0x76, 
  0x32, 0x5f, 0x64, 0x65, 0x70, 0x6c, 0x6f, 0x79, 0x6d, 0x65, 0x6e, 0x74, 
  0x2f, 0x6d, 0x6f, 0x74, 0x69, 0x6f, 0x6e, 0x5f, 0x64, 0x65, 0x63, 0x6f, 
  0x64, 0x65, 0x72, 0x2f, 0x64, 0x65, 0x63, 0x5f, 0x67, 0x72, 0x75, 0x2f, 
  0x75, 0x6e, 0x73, 0x74, 0x61, 0x63, 0x6b, 0x31, 0x3b, 0x73, 0x61, 0x66, 
  0x65, 0x62, 0x61, 0x6e, 0x64, 0x5f, 0x76, 0x32, 0x5f, 0x64, 0x65, 0x70, 
  0x6c, 0x6f, 0x79, 0x6d, 0x65, 0x6e, 0x74, 0x2f, 0x6d, 0x6f, 0x74, 0x69, 
  0x6f, 0x6e, 0x5f, 0x64, 0x65, 0x63, 0x6f, 0x64, 0x65, 0x72, 0x2f, 0x64, 
  0x65, 0x63, 0x5f, 0x67, 0x72, 0x75, 0x2f, 0x75, 0x6e, 0x73, 0x74, 0x61, 
  0x63, 0x6b, 0x32, 0x3b, 0x73, 0x61, 0x66, 0x65, 0x62, 0x61, 0x6e, 0x64, 
  0x5f, 0x76, 0x32, 0x5f, 0x64, 0x65, 0x70, 0x6c, 0x6f, 0x79, 0x6d, 0x65, 
  0x6e, 0x74, 0x2f, 0x6d, 0x6f, 0x74, 0x69, 0x6f, 0x6e, 0x5f, 0x64, 0x65, 
  0x63, 0x6f, 0x64, 0x65, 0x72, 0x2f, 0x64, 0x65, 0x63, 0x5f, 0x67, 0x72, 
  0x75, 0x2f, 0x75, 0x6e, 0x73, 0x74, 0x61, 0x63, 0x6b, 0x33, 0x3b, 0x73, 
  0x61, 0x66, 0x65, 0x62, 0x61, 0x6e, 0x64, 0x5f, 0x76, 0x32, 0x5f, 0x64, 
  0x65, 0x70, 0x6c, 0x6f, 0x79, 0x6d, 0x65, 0x6e, 0x74, 0x2f, 0x6d, 0x6f, 
  0x74, 0x69, 0x6f, 0x6e, 0x5f, 0x64, 0x65, 0x63, 0x6f, 0x64, 0x65, 0x72, 
  0x2f, 0x64, 0x65, 0x63, 0x5f, 0x67, 0x72, 0x75, 0x2f, 0x75, 0x6e, 0x73, 
  0x74, 0x61, 0x63, 0x6b, 0x34, 0x3b, 0x73, 0x61, 0x66, 0x65, 0x62, 0x61, 
  0x6e, 0x64, 0x5f, 0x76, 0x32, 0x5f, 0x64, 0x65, 0x70, 0x6c, 0x6f, 0x79, 
  0x6d, 0x65, 0x6e, 0x74, 0x2f, 0x6d, 0x6f, 0x74, 0x69, 0x6f, 0x6e, 0x5f, 
  0x64, 0x65, 0x63, 0x6f, 0x64, 0x65, 0x72, 0x2f, 0x64, 0x65, 0x63, 0x5f, 
  0x67, 0x72, 0x75, 0x2f, 0x75, 0x6e, 0x73, 0x74, 0x61, 0x63, 0x6b, 0x35, 
  0x3b, 0x73, 0x61, 0x66, 0x65, 0x62, 0x61, 0x6e, 0x64, 0x5f, 0x76, 0x32, 
  0x5f, 0x64, 0x65, 0x70, 0x6c, 0x6f, 0x79, 0x6d, 0x65, 0x6e, 0x74, 0x2f, 
  0x6d, 0x6f, 0x74, 0x69, 0x6f, 0x6e, 0x5f, 0x64, 0x65, 0x63, 0x6f, 0x64, 
  0x65, 0x72, 0x2f, 0x64, 0x65, 0x63, 0x5f, 0x67, 0x72, 0x75, 0x2f, 0x75, 
  0x6e, 0x73, 0x74, 0x61, 0x63, 0x6b, 0x36, 0x3b, 0x73, 0x61, 0x66, 0x65, 
  0x62, 0x61, 0x6e, 0x64, 0x5f, 0x76, 0x32, 0x5f, 0x64, 0x65, 0x70, 0x6c, 
  0x6f, 0x79, 0x6d, 0x65, 0x6e, 0x74, 0x2f, 0x6d, 0x6f, 0x74, 0x69, 0x6f, 
  0x6e, 0x5f, 0x64, 0x65, 0x63, 0x6f, 0x64, 0x65, 0x72, 0x2f, 0x64, 0x65, 
  0x63, 0x5f, 0x67, 0x72, 0x75, 0x2f, 0x75, 0x6e, 0x73, 0x74, 0x61, 0x63, 
  0x6b, 0x37, 0x3b, 0x73, 0x61, 0x66, 0x65, 0x62, 0x61, 0x6e, 0x64, 0x5f, 
  0x76, 0x32, 0x5f, 0x64, 0x65, 0x70, 0x6c, 0x6f, 0x79, 0x6d, 0x65, 0x6e, 
  0x74, 0x2f, 0x6d, 0x6f, 0x74, 0x69, 0x6f, 0x6e, 0x5f, 0x64, 0x65, 0x63, 
  0x6f, 0x64, 0x65, 0x72, 0x2f, 0x64, 0x65, 0x63, 0x5f, 0x67, 0x72, 0x75, 
  0x2f, 0x75, 0x6e, 0x73, 0x74, 0x61, 0x63, 0x6b, 0x38, 0x3b, 0x73, 0x61, 
  0x66, 0x65, 0x62, 0x61, 0x6e, 0x64, 0x5f, 0x76, 0x32, 0x5f, 0x64, 0x65, 
  0x70, 0x6c, 0x6f, 0x79, 0x6d, 0x65, 0x6e, 0x74, 0x2f, 0x6d, 0x6f, 0x74, 
  0x69, 0x6f, 0x6e, 0x5f, 0x64, 0x65, 0x63, 0x6f, 0x64, 0x65, 0x72, 0x2f, 
  0x64, 0x65, 0x63, 0x5f, 0x67, 0x72, 0x75, 0x2f, 0x75, 0x6e, 0x73, 0x74, 
  0x61, 0x63, 0x6b, 0x39, 0x37, 0x00, 0x00, 0x00, 0x02, 0x00, 0x00, 0x00, 
  0x01, 0x00, 0x00, 0x00, 0x10, 0x00, 0x00, 0x00, 0x06, 0xdd, 0xfe, 0xff, 
  0x00, 0x00, 0x00, 0x01, 0x18, 0x00, 0x00, 0x00, 0x20, 0x00, 0x00, 0x00, 
  0x40, 0x00, 0x00, 0x00, 0x58, 0x01, 0x00, 0x00, 0x00, 0x00, 0x00, 0x09, 
  0x60, 0x02, 0x00, 0x00, 0x02, 0x00, 0x00, 0x00, 0xff, 0xff, 0xff, 0xff, 
  0x10, 0x00, 0x00, 0x00, 0xec, 0xdc, 0xfe, 0xff, 0x08, 0x00, 0x00, 0x00, 
  0x14, 0x00, 0x00, 0x00, 0x01, 0x00, 0x00, 0x00, 0x80, 0xff, 0xff, 0xff, 
  0xff, 0xff, 0xff, 0xff, 0x00, 0x00, 0x00, 0x00, 0x01, 0x00, 0x00, 0x00, 
  0xca, 0xa1, 0xed, 0x3b, 0x25, 0x02, 0x00, 0x00, 0x73, 0x61, 0x66, 0x65, 
  0x62, 0x61, 0x6e, 0x64, 0x5f, 0x76, 0x32, 0x5f, 0x64, 0x65, 0x70, 0x6c, 
  0x6f, 0x79, 0x6d, 0x65, 0x6e, 0x74, 0x2f, 0x6d, 0x6f, 0x74, 0x69, 0x6f, 
  0x6e, 0x5f, 0x64, 0x65, 0x63, 0x6f, 0x64, 0x65, 0x72, 0x2f, 0x64, 0x65, 
  0x63, 0x5f, 0x67, 0x72, 0x75, 0x2f, 0x75, 0x6e, 0x73, 0x74, 0x61, 0x63, 
  0x6b, 0x3b, 0x73, 0x61, 0x66, 0x65, 0x62, 0x61, 0x6e, 0x64, 0x5f, 0x76, 
  0x32, 0x5f, 0x64, 0x65, 0x70, 0x6c, 0x6f, 0x79, 0x6d, 0x65, 0x6e, 0x74, 
  0x2f, 0x6d, 0x6f, 0x74, 0x69, 0x6f, 0x6e, 0x5f, 0x64, 0x65, 0x63, 0x6f, 
  0x64, 0x65, 0x72, 0x2f, 0x64, 0x65, 0x63, 0x5f, 0x67, 0x72, 0x75, 0x2f, 
  0x75, 0x6e, 0x73, 0x74, 0x61, 0x63, 0x6b, 0x31, 0x3b, 0x73, 0x61, 0x66, 
  0x65, 0x62, 0x61, 0x6e, 0x64, 0x5f, 0x76, 0x32, 0x5f, 0x64, 0x65, 0x70, 
  0x6c, 0x6f, 0x79, 0x6d, 0x65, 0x6e, 0x74, 0x2f, 0x6d, 0x6f, 0x74, 0x69, 
  0x6f, 0x6e, 0x5f, 0x64, 0x65, 0x63, 0x6f, 0x64, 0x65, 0x72, 0x2f, 0x64, 
  0x65, 0x63, 0x5f, 0x67, 0x72, 0x75, 0x2f, 0x75, 0x6e, 0x73, 0x74, 0x61, 
  0x63, 0x6b, 0x32, 0x3b, 0x73, 0x61, 0x66, 0x65, 0x62, 0x61, 0x6e, 0x64, 
  0x5f, 0x76, 0x32, 0x5f, 0x64, 0x65, 0x70, 0x6c, 0x6f, 0x79, 0x6d, 0x65, 
  0x6e, 0x74, 0x2f, 0x6d, 0x6f, 0x74, 0x69, 0x6f, 0x6e, 0x5f, 0x64, 0x65, 
  0x63, 0x6f, 0x64, 0x65, 0x72, 0x2f, 0x64, 0x65, 0x63, 0x5f, 0x67, 0x72, 
  0x75, 0x2f, 0x75, 0x6e, 0x73, 0x74, 0x61, 0x63, 0x6b, 0x33, 0x3b, 0x73, 
  0x61, 0x66, 0x65, 0x62, 0x61, 0x6e, 0x64, 0x5f, 0x76, 0x32, 0x5f, 0x64, 
  0x65, 0x70, 0x6c, 0x6f, 0x79, 0x6d, 0x65, 0x6e, 0x74, 0x2f, 0x6d, 0x6f, 
  0x74, 0x69, 0x6f, 0x6e, 0x5f, 0x64, 0x65, 0x63, 0x6f, 0x64, 0x65, 0x72, 
  0x2f, 0x64, 0x65, 0x63, 0x5f, 0x67, 0x72, 0x75, 0x2f, 0x75, 0x6e, 0x73, 
  0x74, 0x61, 0x63, 0x6b, 0x34, 0x3b, 0x73, 0x61, 0x66, 0x65, 0x62, 0x61, 
  0x6e, 0x64, 0x5f, 0x76, 0x32, 0x5f, 0x64, 0x65, 0x70, 0x6c, 0x6f, 0x79, 
  0x6d, 0x65, 0x6e, 0x74, 0x2f, 0x6d, 0x6f, 0x74, 0x69, 0x6f, 0x6e, 0x5f, 
  0x64, 0x65, 0x63, 0x6f, 0x64, 0x65, 0x72, 0x2f, 0x64, 0x65, 0x63, 0x5f, 
  0x67, 0x72, 0x75, 0x2f, 0x75, 0x6e, 0x73, 0x74, 0x61, 0x63, 0x6b, 0x35, 
  0x3b, 0x73, 0x61, 0x66, 0x65, 0x62, 0x61, 0x6e, 0x64, 0x5f, 0x76, 0x32, 
  0x5f, 0x64, 0x65, 0x70, 0x6c, 0x6f, 0x79, 0x6d, 0x65, 0x6e, 0x74, 0x2f, 
  0x6d, 0x6f, 0x74, 0x69, 0x6f, 0x6e, 0x5f, 0x64, 0x65, 0x63, 0x6f, 0x64, 
  0x65, 0x72, 0x2f, 0x64, 0x65, 0x63, 0x5f, 0x67, 0x72, 0x75, 0x2f, 0x75, 
  0x6e, 0x73, 0x74, 0x61, 0x63, 0x6b, 0x36, 0x3b, 0x73, 0x61, 0x66, 0x65, 
  0x62, 0x61, 0x6e, 0x64, 0x5f, 0x76, 0x32, 0x5f, 0x64, 0x65, 0x70, 0x6c, 
  0x6f, 0x79, 0x6d, 0x65, 0x6e, 0x74, 0x2f, 0x6d, 0x6f, 0x74, 0x69, 0x6f, 
  0x6e, 0x5f, 0x64, 0x65, 0x63, 0x6f, 0x64, 0x65, 0x72, 0x2f, 0x64, 0x65, 
  0x63, 0x5f, 0x67, 0x72, 0x75, 0x2f, 0x75, 0x6e, 0x73, 0x74, 0x61, 0x63, 
  0x6b, 0x37, 0x3b, 0x73, 0x61, 0x66, 0x65, 0x62, 0x61, 0x6e, 0x64, 0x5f, 
  0x76, 0x32, 0x5f, 0x64, 0x65, 0x70, 0x6c, 0x6f, 0x79, 0x6d, 0x65, 0x6e, 
  0x74, 0x2f, 0x6d, 0x6f, 0x74, 0x69, 0x6f, 0x6e, 0x5f, 0x64, 0x65, 0x63, 
  0x6f, 0x64, 0x65, 0x72, 0x2f, 0x64, 0x65, 0x63, 0x5f, 0x67, 0x72, 0x75, 
  0x2f, 0x75, 0x6e, 0x73, 0x74, 0x61, 0x63, 0x6b, 0x38, 0x3b, 0x73, 0x61, 
  0x66, 0x65, 0x62, 0x61, 0x6e, 0x64, 0x5f, 0x76, 0x32, 0x5f, 0x64, 0x65, 
  0x70, 0x6c, 0x6f, 0x79, 0x6d, 0x65, 0x6e, 0x74, 0x2f, 0x6d, 0x6f, 0x74, 
  0x69, 0x6f, 0x6e, 0x5f, 0x64, 0x65, 0x63, 0x6f, 0x64, 0x65, 0x72, 0x2f, 
  0x64, 0x65, 0x63, 0x5f, 0x67, 0x72, 0x75, 0x2f, 0x75, 0x6e, 0x73, 0x74, 
  0x61, 0x63, 0x6b, 0x39, 0x36, 0x00, 0x00, 0x00, 0x02, 0x00, 0x00, 0x00, 
  0x01, 0x00, 0x00, 0x00, 0x10, 0x00, 0x00, 0x00, 0x8e, 0xdf, 0xfe, 0xff, 
  0x00, 0x00, 0x00, 0x01, 0x18, 0x00, 0x00, 0x00, 0x20, 0x00, 0x00, 0x00, 
  0x40, 0x00, 0x00, 0x00, 0x57, 0x01, 0x00, 0x00, 0x00, 0x00, 0x00, 0x09, 
  0x60, 0x02, 0x00, 0x00, 0x02, 0x00, 0x00, 0x00, 0xff, 0xff, 0xff, 0xff, 
  0x10, 0x00, 0x00, 0x00, 0x74, 0xdf, 0xfe, 0xff, 0x08, 0x00, 0x00, 0x00, 
  0x14, 0x00, 0x00, 0x00, 0x01, 0x00, 0x00, 0x00, 0x80, 0xff, 0xff, 0xff, 
  0xff, 0xff, 0xff, 0xff, 0x00, 0x00, 0x00, 0x00, 0x01, 0x00, 0x00, 0x00, 
  0xca, 0xa1, 0xed, 0x3b, 0x25, 0x02, 0x00, 0x00, 0x73, 0x61, 0x66, 0x65, 
  0x62, 0x61, 0x6e, 0x64, 0x5f, 0x76, 0x32, 0x5f, 0x64, 0x65, 0x70, 0x6c, 
  0x6f, 0x79, 0x6d, 0x65, 0x6e, 0x74, 0x2f, 0x6d, 0x6f, 0x74, 0x69, 0x6f, 
  0x6e, 0x5f, 0x64, 0x65, 0x63, 0x6f, 0x64, 0x65, 0x72, 0x2f, 0x64, 0x65, 
  0x63, 0x5f, 0x67, 0x72, 0x75, 0x2f, 0x75, 0x6e, 0x73, 0x74, 0x61, 0x63, 
  0x6b, 0x3b, 0x73, 0x61, 0x66, 0x65, 0x62, 0x61, 0x6e, 0x64, 0x5f, 0x76, 
  0x32, 0x5f, 0x64, 0x65, 0x70, 0x6c, 0x6f, 0x79, 0x6d, 0x65, 0x6e, 0x74, 
  0x2f, 0x6d, 0x6f, 0x74, 0x69, 0x6f, 0x6e, 0x5f, 0x64, 0x65, 0x63, 0x6f, 
  0x64, 0x65, 0x72, 0x2f, 0x64, 0x65, 0x63, 0x5f, 0x67, 0x72, 0x75, 0x2f, 
  0x75, 0x6e, 0x73, 0x74, 0x61, 0x63, 0x6b, 0x31, 0x3b, 0x73, 0x61, 0x66, 
  0x65, 0x62, 0x61, 0x6e, 0x64, 0x5f, 0x76, 0x32, 0x5f, 0x64, 0x65, 0x70, 
  0x6c, 0x6f, 0x79, 0x6d, 0x65, 0x6e, 0x74, 0x2f, 0x6d, 0x6f, 0x74, 0x69, 
  0x6f, 0x6e, 0x5f, 0x64, 0x65, 0x63, 0x6f, 0x64, 0x65, 0x72, 0x2f, 0x64, 
  0x65, 0x63, 0x5f, 0x67, 0x72, 0x75, 0x2f, 0x75, 0x6e, 0x73, 0x74, 0x61, 
  0x63, 0x6b, 0x32, 0x3b, 0x73, 0x61, 0x66, 0x65, 0x62, 0x61, 0x6e, 0x64, 
  0x5f, 0x76, 0x32, 0x5f, 0x64, 0x65, 0x70, 0x6c, 0x6f, 0x79, 0x6d, 0x65, 
  0x6e, 0x74, 0x2f, 0x6d, 0x6f, 0x74, 0x69, 0x6f, 0x6e, 0x5f, 0x64, 0x65, 
  0x63, 0x6f, 0x64, 0x65, 0x72, 0x2f, 0x64, 0x65, 0x63, 0x5f, 0x67, 0x72, 
  0x75, 0x2f, 0x75, 0x6e, 0x73, 0x74, 0x61, 0x63, 0x6b, 0x33, 0x3b, 0x73, 
  0x61, 0x66, 0x65, 0x62, 0x61, 0x6e, 0x64, 0x5f, 0x76, 0x32, 0x5f, 0x64, 
  0x65, 0x70, 0x6c, 0x6f, 0x79, 0x6d, 0x65, 0x6e, 0x74, 0x2f, 0x6d, 0x6f, 
  0x74, 0x69, 0x6f, 0x6e, 0x5f, 0x64, 0x65, 0x63, 0x6f, 0x64, 0x65, 0x72, 
  0x2f, 0x64, 0x65, 0x63, 0x5f, 0x67, 0x72, 0x75, 0x2f, 0x75, 0x6e, 0x73, 
  0x74, 0x61, 0x63, 0x6b, 0x34, 0x3b, 0x73, 0x61, 0x66, 0x65, 0x62, 0x61, 
  0x6e, 0x64, 0x5f, 0x76, 0x32, 0x5f, 0x64, 0x65, 0x70, 0x6c, 0x6f, 0x79, 
  0x6d, 0x65, 0x6e, 0x74, 0x2f, 0x6d, 0x6f, 0x74, 0x69, 0x6f, 0x6e, 0x5f, 
  0x64, 0x65, 0x63, 0x6f, 0x64, 0x65, 0x72, 0x2f, 0x64, 0x65, 0x63, 0x5f, 
  0x67, 0x72, 0x75, 0x2f, 0x75, 0x6e, 0x73, 0x74, 0x61, 0x63, 0x6b, 0x35, 
  0x3b, 0x73, 0x61, 0x66, 0x65, 0x62, 0x61, 0x6e, 0x64, 0x5f, 0x76, 0x32, 
  0x5f, 0x64, 0x65, 0x70, 0x6c, 0x6f, 0x79, 0x6d, 0x65, 0x6e, 0x74, 0x2f, 
  0x6d, 0x6f, 0x74, 0x69, 0x6f, 0x6e, 0x5f, 0x64, 0x65, 0x63, 0x6f, 0x64, 
  0x65, 0x72, 0x2f, 0x64, 0x65, 0x63, 0x5f, 0x67, 0x72, 0x75, 0x2f, 0x75, 
  0x6e, 0x73, 0x74, 0x61, 0x63, 0x6b, 0x36, 0x3b, 0x73, 0x61, 0x66, 0x65, 
  0x62, 0x61, 0x6e, 0x64, 0x5f, 0x76, 0x32, 0x5f, 0x64, 0x65, 0x70, 0x6c, 
  0x6f, 0x79, 0x6d, 0x65, 0x6e, 0x74, 0x2f, 0x6d, 0x6f, 0x74, 0x69, 0x6f, 
  0x6e, 0x5f, 0x64, 0x65, 0x63, 0x6f, 0x64, 0x65, 0x72, 0x2f, 0x64, 0x65, 
  0x63, 0x5f, 0x67, 0x72, 0x75, 0x2f, 0x75, 0x6e, 0x73, 0x74, 0x61, 0x63, 
  0x6b, 0x37, 0x3b, 0x73, 0x61, 0x66, 0x65, 0x62, 0x61, 0x6e, 0x64, 0x5f, 
  0x76, 0x32, 0x5f, 0x64, 0x65, 0x70, 0x6c, 0x6f, 0x79, 0x6d, 0x65, 0x6e, 
  0x74, 0x2f, 0x6d, 0x6f, 0x74, 0x69, 0x6f, 0x6e, 0x5f, 0x64, 0x65, 0x63, 
  0x6f, 0x64, 0x65, 0x72, 0x2f, 0x64, 0x65, 0x63, 0x5f, 0x67, 0x72, 0x75, 
  0x2f, 0x75, 0x6e, 0x73, 0x74, 0x61, 0x63, 0x6b, 0x38, 0x3b, 0x73, 0x61, 
  0x66, 0x65, 0x62, 0x61, 0x6e, 0x64, 0x5f, 0x76, 0x32, 0x5f, 0x64, 0x65, 
  0x70, 0x6c, 0x6f, 0x79, 0x6d, 0x65, 0x6e, 0x74, 0x2f, 0x6d, 0x6f, 0x74, 
  0x69, 0x6f, 0x6e, 0x5f, 0x64, 0x65, 0x63, 0x6f, 0x64, 0x65, 0x72, 0x2f, 
  0x64, 0x65, 0x63, 0x5f, 0x67, 0x72, 0x75, 0x2f, 0x75, 0x6e, 0x73, 0x74, 
  0x61, 0x63, 0x6b, 0x39, 0x35, 0x00, 0x00, 0x00, 0x02, 0x00, 0x00, 0x00, 
  0x01, 0x00, 0x00, 0x00, 0x10, 0x00, 0x00, 0x00, 0x16, 0xe2, 0xfe, 0xff, 
  0x00, 0x00, 0x00, 0x01, 0x18, 0x00, 0x00, 0x00, 0x20, 0x00, 0x00, 0x00, 
  0x40, 0x00, 0x00, 0x00, 0x56, 0x01, 0x00, 0x00, 0x00, 0x00, 0x00, 0x09, 
  0x60, 0x02, 0x00, 0x00, 0x02, 0x00, 0x00, 0x00, 0xff, 0xff, 0xff, 0xff, 
  0x10, 0x00, 0x00, 0x00, 0xfc, 0xe1, 0xfe, 0xff, 0x08, 0x00, 0x00, 0x00, 
  0x14, 0x00, 0x00, 0x00, 0x01, 0x00, 0x00, 0x00, 0x80, 0xff, 0xff, 0xff, 
  0xff, 0xff, 0xff, 0xff, 0x00, 0x00, 0x00, 0x00, 0x01, 0x00, 0x00, 0x00, 
  0xca, 0xa1, 0xed, 0x3b, 0x25, 0x02, 0x00, 0x00, 0x73, 0x61, 0x66, 0x65, 
  0x62, 0x61, 0x6e, 0x64, 0x5f, 0x76, 0x32, 0x5f, 0x64, 0x65, 0x70, 0x6c, 
  0x6f, 0x79, 0x6d, 0x65, 0x6e, 0x74, 0x2f, 0x6d, 0x6f, 0x74, 0x69, 0x6f, 
  0x6e, 0x5f, 0x64, 0x65, 0x63, 0x6f, 0x64, 0x65, 0x72, 0x2f, 0x64, 0x65, 
  0x63, 0x5f, 0x67, 0x72, 0x75, 0x2f, 0x75, 0x6e, 0x73, 0x74, 0x61, 0x63, 
  0x6b, 0x3b, 0x73, 0x61, 0x66, 0x65, 0x62, 0x61, 0x6e, 0x64, 0x5f, 0x76, 
  0x32, 0x5f, 0x64, 0x65, 0x70, 0x6c, 0x6f, 0x79, 0x6d, 0x65, 0x6e, 0x74, 
  0x2f, 0x6d, 0x6f, 0x74, 0x69, 0x6f, 0x6e, 0x5f, 0x64, 0x65, 0x63, 0x6f, 
  0x64, 0x65, 0x72, 0x2f, 0x64, 0x65, 0x63, 0x5f, 0x67, 0x72, 0x75, 0x2f, 
  0x75, 0x6e, 0x73, 0x74, 0x61, 0x63, 0x6b, 0x31, 0x3b, 0x73, 0x61, 0x66, 
  0x65, 0x62, 0x61, 0x6e, 0x64, 0x5f, 0x76, 0x32, 0x5f, 0x64, 0x65, 0x70, 
  0x6c, 0x6f, 0x79, 0x6d, 0x65, 0x6e, 0x74, 0x2f, 0x6d, 0x6f, 0x74, 0x69, 
  0x6f, 0x6e, 0x5f, 0x64, 0x65, 0x63, 0x6f, 0x64, 0x65, 0x72, 0x2f, 0x64, 
  0x65, 0x63, 0x5f, 0x67, 0x72, 0x75, 0x2f, 0x75, 0x6e, 0x73, 0x74, 0x61, 
  0x63, 0x6b, 0x32, 0x3b, 0x73, 0x61, 0x66, 0x65, 0x62, 0x61, 0x6e, 0x64, 
  0x5f, 0x76, 0x32, 0x5f, 0x64, 0x65, 0x70, 0x6c, 0x6f, 0x79, 0x6d, 0x65, 
  0x6e, 0x74, 0x2f, 0x6d, 0x6f, 0x74, 0x69, 0x6f, 0x6e, 0x5f, 0x64, 0x65, 
  0x63, 0x6f, 0x64, 0x65, 0x72, 0x2f, 0x64, 0x65, 0x63, 0x5f, 0x67, 0x72, 
  0x75, 0x2f, 0x75, 0x6e, 0x73, 0x74, 0x61, 0x63, 0x6b, 0x33, 0x3b, 0x73, 
  0x61, 0x66, 0x65, 0x62, 0x61, 0x6e, 0x64, 0x5f, 0x76, 0x32, 0x5f, 0x64, 
  0x65, 0x70, 0x6c, 0x6f, 0x79, 0x6d, 0x65, 0x6e, 0x74, 0x2f, 0x6d, 0x6f, 
  0x74, 0x69, 0x6f, 0x6e, 0x5f, 0x64, 0x65, 0x63, 0x6f, 0x64, 0x65, 0x72, 
  0x2f, 0x64, 0x65, 0x63, 0x5f, 0x67, 0x72, 0x75, 0x2f, 0x75, 0x6e, 0x73, 
  0x74, 0x61, 0x63, 0x6b, 0x34, 0x3b, 0x73, 0x61, 0x66, 0x65, 0x62, 0x61, 
  0x6e, 0x64, 0x5f, 0x76, 0x32, 0x5f, 0x64, 0x65, 0x70, 0x6c, 0x6f, 0x79, 
  0x6d, 0x65, 0x6e, 0x74, 0x2f, 0x6d, 0x6f, 0x74, 0x69, 0x6f, 0x6e, 0x5f, 
  0x64, 0x65, 0x63, 0x6f, 0x64, 0x65, 0x72, 0x2f, 0x64, 0x65, 0x63, 0x5f, 
  0x67, 0x72, 0x75, 0x2f, 0x75, 0x6e, 0x73, 0x74, 0x61, 0x63, 0x6b, 0x35, 
  0x3b, 0x73, 0x61, 0x66, 0x65, 0x62, 0x61, 0x6e, 0x64, 0x5f, 0x76, 0x32, 
  0x5f, 0x64, 0x65, 0x70, 0x6c, 0x6f, 0x79, 0x6d, 0x65, 0x6e, 0x74, 0x2f, 
  0x6d, 0x6f, 0x74, 0x69, 0x6f, 0x6e, 0x5f, 0x64, 0x65, 0x63, 0x6f, 0x64, 
  0x65, 0x72, 0x2f, 0x64, 0x65, 0x63, 0x5f, 0x67, 0x72, 0x75, 0x2f, 0x75, 
  0x6e, 0x73, 0x74, 0x61, 0x63, 0x6b, 0x36, 0x3b, 0x73, 0x61, 0x66, 0x65, 
  0x62, 0x61, 0x6e, 0x64, 0x5f, 0x76, 0x32, 0x5f, 0x64, 0x65, 0x70, 0x6c, 
  0x6f, 0x79, 0x6d, 0x65, 0x6e, 0x74, 0x2f, 0x6d, 0x6f, 0x74, 0x69, 0x6f, 
  0x6e, 0x5f, 0x64, 0x65, 0x63, 0x6f, 0x64, 0x65, 0x72, 0x2f, 0x64, 0x65, 
  0x63, 0x5f, 0x67, 0x72, 0x75, 0x2f, 0x75, 0x6e, 0x73, 0x74, 0x61, 0x63, 
  0x6b, 0x37, 0x3b, 0x73, 0x61, 0x66, 0x65, 0x62, 0x61, 0x6e, 0x64, 0x5f, 
  0x76, 0x32, 0x5f, 0x64, 0x65, 0x70, 0x6c, 0x6f, 0x79, 0x6d, 0x65, 0x6e, 
  0x74, 0x2f, 0x6d, 0x6f, 0x74, 0x69, 0x6f, 0x6e, 0x5f, 0x64, 0x65, 0x63, 
  0x6f, 0x64, 0x65, 0x72, 0x2f, 0x64, 0x65, 0x63, 0x5f, 0x67, 0x72, 0x75, 
  0x2f, 0x75, 0x6e, 0x73, 0x74, 0x61, 0x63, 0x6b, 0x38, 0x3b, 0x73, 0x61, 
  0x66, 0x65, 0x62, 0x61, 0x6e, 0x64, 0x5f, 0x76, 0x32, 0x5f, 0x64, 0x65, 
  0x70, 0x6c, 0x6f, 0x79, 0x6d, 0x65, 0x6e, 0x74, 0x2f, 0x6d, 0x6f, 0x74, 
  0x69, 0x6f, 0x6e, 0x5f, 0x64, 0x65, 0x63, 0x6f, 0x64, 0x65, 0x72, 0x2f, 
  0x64, 0x65, 0x63, 0x5f, 0x67, 0x72, 0x75, 0x2f, 0x75, 0x6e, 0x73, 0x74, 
  0x61, 0x63, 0x6b, 0x39, 0x34, 0x00, 0x00, 0x00, 0x02, 0x00, 0x00, 0x00, 
  0x01, 0x00, 0x00, 0x00, 0x10, 0x00, 0x00, 0x00, 0x9e, 0xe4, 0xfe, 0xff, 
  0x00, 0x00, 0x00, 0x01, 0x18, 0x00, 0x00, 0x00, 0x20, 0x00, 0x00, 0x00, 
  0x40, 0x00, 0x00, 0x00, 0x55, 0x01, 0x00, 0x00, 0x00, 0x00, 0x00, 0x09, 
  0x60, 0x02, 0x00, 0x00, 0x02, 0x00, 0x00, 0x00, 0xff, 0xff, 0xff, 0xff, 
  0x10, 0x00, 0x00, 0x00, 0x84, 0xe4, 0xfe, 0xff, 0x08, 0x00, 0x00, 0x00, 
  0x14, 0x00, 0x00, 0x00, 0x01, 0x00, 0x00, 0x00, 0x80, 0xff, 0xff, 0xff, 
  0xff, 0xff, 0xff, 0xff, 0x00, 0x00, 0x00, 0x00, 0x01, 0x00, 0x00, 0x00, 
  0xca, 0xa1, 0xed, 0x3b, 0x25, 0x02, 0x00, 0x00, 0x73, 0x61, 0x66, 0x65, 
  0x62, 0x61, 0x6e, 0x64, 0x5f, 0x76, 0x32, 0x5f, 0x64, 0x65, 0x70, 0x6c, 
  0x6f, 0x79, 0x6d, 0x65, 0x6e, 0x74, 0x2f, 0x6d, 0x6f, 0x74, 0x69, 0x6f, 
  0x6e, 0x5f, 0x64, 0x65, 0x63, 0x6f, 0x64, 0x65, 0x72, 0x2f, 0x64, 0x65, 
  0x63, 0x5f, 0x67, 0x72, 0x75, 0x2f, 0x75, 0x6e, 0x73, 0x74, 0x61, 0x63, 
  0x6b, 0x3b, 0x73, 0x61, 0x66, 0x65, 0x62, 0x61, 0x6e, 0x64, 0x5f, 0x76, 
  0x32, 0x5f, 0x64, 0x65, 0x70, 0x6c, 0x6f, 0x79, 0x6d, 0x65, 0x6e, 0x74, 
  0x2f, 0x6d, 0x6f, 0x74, 0x69, 0x6f, 0x6e, 0x5f, 0x64, 0x65, 0x63, 0x6f, 
  0x64, 0x65, 0x72, 0x2f, 0x64, 0x65, 0x63, 0x5f, 0x67, 0x72, 0x75, 0x2f, 
  0x75, 0x6e, 0x73, 0x74, 0x61, 0x63, 0x6b, 0x31, 0x3b, 0x73, 0x61, 0x66, 
  0x65, 0x62, 0x61, 0x6e, 0x64, 0x5f, 0x76, 0x32, 0x5f, 0x64, 0x65, 0x70, 
  0x6c, 0x6f, 0x79, 0x6d, 0x65, 0x6e, 0x74, 0x2f, 0x6d, 0x6f, 0x74, 0x69, 
  0x6f, 0x6e, 0x5f, 0x64, 0x65, 0x63, 0x6f, 0x64, 0x65, 0x72, 0x2f, 0x64, 
  0x65, 0x63, 0x5f, 0x67, 0x72, 0x75, 0x2f, 0x75, 0x6e, 0x73, 0x74, 0x61, 
  0x63, 0x6b, 0x32, 0x3b, 0x73, 0x61, 0x66, 0x65, 0x62, 0x61, 0x6e, 0x64, 
  0x5f, 0x76, 0x32, 0x5f, 0x64, 0x65, 0x70, 0x6c, 0x6f, 0x79, 0x6d, 0x65, 
  0x6e, 0x74, 0x2f, 0x6d, 0x6f, 0x74, 0x69, 0x6f, 0x6e, 0x5f, 0x64, 0x65, 
  0x63, 0x6f, 0x64, 0x65, 0x72, 0x2f, 0x64, 0x65, 0x63, 0x5f, 0x67, 0x72, 
  0x75, 0x2f, 0x75, 0x6e, 0x73, 0x74, 0x61, 0x63, 0x6b, 0x33, 0x3b, 0x73, 
  0x61, 0x66, 0x65, 0x62, 0x61, 0x6e, 0x64, 0x5f, 0x76, 0x32, 0x5f, 0x64, 
  0x65, 0x70, 0x6c, 0x6f, 0x79, 0x6d, 0x65, 0x6e, 0x74, 0x2f, 0x6d, 0x6f, 
  0x74, 0x69, 0x6f, 0x6e, 0x5f, 0x64, 0x65, 0x63, 0x6f, 0x64, 0x65, 0x72, 
  0x2f, 0x64, 0x65, 0x63, 0x5f, 0x67, 0x72, 0x75, 0x2f, 0x75, 0x6e, 0x73, 
  0x74, 0x61, 0x63, 0x6b, 0x34, 0x3b, 0x73, 0x61, 0x66, 0x65, 0x62, 0x61, 
  0x6e, 0x64, 0x5f, 0x76, 0x32, 0x5f, 0x64, 0x65, 0x70, 0x6c, 0x6f, 0x79, 
  0x6d, 0x65, 0x6e, 0x74, 0x2f, 0x6d, 0x6f, 0x74, 0x69, 0x6f, 0x6e, 0x5f, 
  0x64, 0x65, 0x63, 0x6f, 0x64, 0x65, 0x72, 0x2f, 0x64, 0x65, 0x63, 0x5f, 
  0x67, 0x72, 0x75, 0x2f, 0x75, 0x6e, 0x73, 0x74, 0x61, 0x63, 0x6b, 0x35, 
  0x3b, 0x73, 0x61, 0x66, 0x65, 0x62, 0x61, 0x6e, 0x64, 0x5f, 0x76, 0x32, 
  0x5f, 0x64, 0x65, 0x70, 0x6c, 0x6f, 0x79, 0x6d, 0x65, 0x6e, 0x74, 0x2f, 
  0x6d, 0x6f, 0x74, 0x69, 0x6f, 0x6e, 0x5f, 0x64, 0x65, 0x63, 0x6f, 0x64, 
  0x65, 0x72, 0x2f, 0x64, 0x65, 0x63, 0x5f, 0x67, 0x72, 0x75, 0x2f, 0x75, 
  0x6e, 0x73, 0x74, 0x61, 0x63, 0x6b, 0x36, 0x3b, 0x73, 0x61, 0x66, 0x65, 
  0x62, 0x61, 0x6e, 0x64, 0x5f, 0x76, 0x32, 0x5f, 0x64, 0x65, 0x70, 0x6c, 
  0x6f, 0x79, 0x6d, 0x65, 0x6e, 0x74, 0x2f, 0x6d, 0x6f, 0x74, 0x69, 0x6f, 
  0x6e, 0x5f, 0x64, 0x65, 0x63, 0x6f, 0x64, 0x65, 0x72, 0x2f, 0x64, 0x65, 
  0x63, 0x5f, 0x67, 0x72, 0x75, 0x2f, 0x75, 0x6e, 0x73, 0x74, 0x61, 0x63, 
  0x6b, 0x37, 0x3b, 0x73, 0x61, 0x66, 0x65, 0x62, 0x61, 0x6e, 0x64, 0x5f, 
  0x76, 0x32, 0x5f, 0x64, 0x65, 0x70, 0x6c, 0x6f, 0x79, 0x6d, 0x65, 0x6e, 
  0x74, 0x2f, 0x6d, 0x6f, 0x74, 0x69, 0x6f, 0x6e, 0x5f, 0x64, 0x65, 0x63, 
  0x6f, 0x64, 0x65, 0x72, 0x2f, 0x64, 0x65, 0x63, 0x5f, 0x67, 0x72, 0x75, 
  0x2f, 0x75, 0x6e, 0x73, 0x74, 0x61, 0x63, 0x6b, 0x38, 0x3b, 0x73, 0x61, 
  0x66, 0x65, 0x62, 0x61, 0x6e, 0x64, 0x5f, 0x76, 0x32, 0x5f, 0x64, 0x65, 
  0x70, 0x6c, 0x6f, 0x79, 0x6d, 0x65, 0x6e, 0x74, 0x2f, 0x6d, 0x6f, 0x74, 
  0x69, 0x6f, 0x6e, 0x5f, 0x64, 0x65, 0x63, 0x6f, 0x64, 0x65, 0x72, 0x2f, 
  0x64, 0x65, 0x63, 0x5f, 0x67, 0x72, 0x75, 0x2f, 0x75, 0x6e, 0x73, 0x74, 
  0x61, 0x63, 0x6b, 0x39, 0x33, 0x00, 0x00, 0x00, 0x02, 0x00, 0x00, 0x00, 
  0x01, 0x00, 0x00, 0x00, 0x10, 0x00, 0x00, 0x00, 0x26, 0xe7, 0xfe, 0xff, 
  0x00, 0x00, 0x00, 0x01, 0x18, 0x00, 0x00, 0x00, 0x20, 0x00, 0x00, 0x00, 
  0x40, 0x00, 0x00, 0x00, 0x54, 0x01, 0x00, 0x00, 0x00, 0x00, 0x00, 0x09, 
  0x60, 0x02, 0x00, 0x00, 0x02, 0x00, 0x00, 0x00, 0xff, 0xff, 0xff, 0xff, 
  0x10, 0x00, 0x00, 0x00, 0x0c, 0xe7, 0xfe, 0xff, 0x08, 0x00, 0x00, 0x00, 
  0x14, 0x00, 0x00, 0x00, 0x01, 0x00, 0x00, 0x00, 0x80, 0xff, 0xff, 0xff, 
  0xff, 0xff, 0xff, 0xff, 0x00, 0x00, 0x00, 0x00, 0x01, 0x00, 0x00, 0x00, 
  0xca, 0xa1, 0xed, 0x3b, 0x25, 0x02, 0x00, 0x00, 0x73, 0x61, 0x66, 0x65, 
  0x62, 0x61, 0x6e, 0x64, 0x5f, 0x76, 0x32, 0x5f, 0x64, 0x65, 0x70, 0x6c, 
  0x6f, 0x79, 0x6d, 0x65, 0x6e, 0x74, 0x2f, 0x6d, 0x6f, 0x74, 0x69, 0x6f, 
  0x6e, 0x5f, 0x64, 0x65, 0x63, 0x6f, 0x64, 0x65, 0x72, 0x2f, 0x64, 0x65, 
  0x63, 0x5f, 0x67, 0x72, 0x75, 0x2f, 0x75, 0x6e, 0x73, 0x74, 0x61, 0x63, 
  0x6b, 0x3b, 0x73, 0x61, 0x66, 0x65, 0x62, 0x61, 0x6e, 0x64, 0x5f, 0x76, 
  0x32, 0x5f, 0x64, 0x65, 0x70, 0x6c, 0x6f, 0x79, 0x6d, 0x65, 0x6e, 0x74, 
  0x2f, 0x6d, 0x6f, 0x74, 0x69, 0x6f, 0x6e, 0x5f, 0x64, 0x65, 0x63, 0x6f, 
  0x64, 0x65, 0x72, 0x2f, 0x64, 0x65, 0x63, 0x5f, 0x67, 0x72, 0x75, 0x2f, 
  0x75, 0x6e, 0x73, 0x74, 0x61, 0x63, 0x6b, 0x31, 0x3b, 0x73, 0x61, 0x66, 
  0x65, 0x62, 0x61, 0x6e, 0x64, 0x5f, 0x76, 0x32, 0x5f, 0x64, 0x65, 0x70, 
  0x6c, 0x6f, 0x79, 0x6d, 0x65, 0x6e, 0x74, 0x2f, 0x6d, 0x6f, 0x74, 0x69, 
  0x6f, 0x6e, 0x5f, 0x64, 0x65, 0x63, 0x6f, 0x64, 0x65, 0x72, 0x2f, 0x64, 
  0x65, 0x63, 0x5f, 0x67, 0x72, 0x75, 0x2f, 0x75, 0x6e, 0x73, 0x74, 0x61, 
  0x63, 0x6b, 0x32, 0x3b, 0x73, 0x61, 0x66, 0x65, 0x62, 0x61, 0x6e, 0x64, 
  0x5f, 0x76, 0x32, 0x5f, 0x64, 0x65, 0x70, 0x6c, 0x6f, 0x79, 0x6d, 0x65, 
  0x6e, 0x74, 0x2f, 0x6d, 0x6f, 0x74, 0x69, 0x6f, 0x6e, 0x5f, 0x64, 0x65, 
  0x63, 0x6f, 0x64, 0x65, 0x72, 0x2f, 0x64, 0x65, 0x63, 0x5f, 0x67, 0x72, 
  0x75, 0x2f, 0x75, 0x6e, 0x73, 0x74, 0x61, 0x63, 0x6b, 0x33, 0x3b, 0x73, 
  0x61, 0x66, 0x65, 0x62, 0x61, 0x6e, 0x64, 0x5f, 0x76, 0x32, 0x5f, 0x64, 
  0x65, 0x70, 0x6c, 0x6f, 0x79, 0x6d, 0x65, 0x6e, 0x74, 0x2f, 0x6d, 0x6f, 
  0x74, 0x69, 0x6f, 0x6e, 0x5f, 0x64, 0x65, 0x63, 0x6f, 0x64, 0x65, 0x72, 
  0x2f, 0x64, 0x65, 0x63, 0x5f, 0x67, 0x72, 0x75, 0x2f, 0x75, 0x6e, 0x73, 
  0x74, 0x61, 0x63, 0x6b, 0x34, 0x3b, 0x73, 0x61, 0x66, 0x65, 0x62, 0x61, 
  0x6e, 0x64, 0x5f, 0x76, 0x32, 0x5f, 0x64, 0x65, 0x70, 0x6c, 0x6f, 0x79, 
  0x6d, 0x65, 0x6e, 0x74, 0x2f, 0x6d, 0x6f, 0x74, 0x69, 0x6f, 0x6e, 0x5f, 
  0x64, 0x65, 0x63, 0x6f, 0x64, 0x65, 0x72, 0x2f, 0x64, 0x65, 0x63, 0x5f, 
  0x67, 0x72, 0x75, 0x2f, 0x75, 0x6e, 0x73, 0x74, 0x61, 0x63, 0x6b, 0x35, 
  0x3b, 0x73, 0x61, 0x66, 0x65, 0x62, 0x61, 0x6e, 0x64, 0x5f, 0x76, 0x32, 
  0x5f, 0x64, 0x65, 0x70, 0x6c, 0x6f, 0x79, 0x6d, 0x65, 0x6e, 0x74, 0x2f, 
  0x6d, 0x6f, 0x74, 0x69, 0x6f, 0x6e, 0x5f, 0x64, 0x65, 0x63, 0x6f, 0x64, 
  0x65, 0x72, 0x2f, 0x64, 0x65, 0x63, 0x5f, 0x67, 0x72, 0x75, 0x2f, 0x75, 
  0x6e, 0x73, 0x74, 0x61, 0x63, 0x6b, 0x36, 0x3b, 0x73, 0x61, 0x66, 0x65, 
  0x62, 0x61, 0x6e, 0x64, 0x5f, 0x76, 0x32, 0x5f, 0x64, 0x65, 0x70, 0x6c, 
  0x6f, 0x79, 0x6d, 0x65, 0x6e, 0x74, 0x2f, 0x6d, 0x6f, 0x74, 0x69, 0x6f, 
  0x6e, 0x5f, 0x64, 0x65, 0x63, 0x6f, 0x64, 0x65, 0x72, 0x2f, 0x64, 0x65, 
  0x63, 0x5f, 0x67, 0x72, 0x75, 0x2f, 0x75, 0x6e, 0x73, 0x74, 0x61, 0x63, 
  0x6b, 0x37, 0x3b, 0x73, 0x61, 0x66, 0x65, 0x62, 0x61, 0x6e, 0x64, 0x5f, 
  0x76, 0x32, 0x5f, 0x64, 0x65, 0x70, 0x6c, 0x6f, 0x79, 0x6d, 0x65, 0x6e, 
  0x74, 0x2f, 0x6d, 0x6f, 0x74, 0x69, 0x6f, 0x6e, 0x5f, 0x64, 0x65, 0x63, 
  0x6f, 0x64, 0x65, 0x72, 0x2f, 0x64, 0x65, 0x63, 0x5f, 0x67, 0x72, 0x75, 
  0x2f, 0x75, 0x6e, 0x73, 0x74, 0x61, 0x63, 0x6b, 0x38, 0x3b, 0x73, 0x61, 
  0x66, 0x65, 0x62, 0x61, 0x6e, 0x64, 0x5f, 0x76, 0x32, 0x5f, 0x64, 0x65, 
  0x70, 0x6c, 0x6f, 0x79, 0x6d, 0x65, 0x6e, 0x74, 0x2f, 0x6d, 0x6f, 0x74, 
  0x69, 0x6f, 0x6e, 0x5f, 0x64, 0x65, 0x63, 0x6f, 0x64, 0x65, 0x72, 0x2f, 
  0x64, 0x65, 0x63, 0x5f, 0x67, 0x72, 0x75, 0x2f, 0x75, 0x6e, 0x73, 0x74, 
  0x61, 0x63, 0x6b, 0x39, 0x32, 0x00, 0x00, 0x00, 0x02, 0x00, 0x00, 0x00, 
  0x01, 0x00, 0x00, 0x00, 0x10, 0x00, 0x00, 0x00, 0xae, 0xe9, 0xfe, 0xff, 
  0x00, 0x00, 0x00, 0x01, 0x18, 0x00, 0x00, 0x00, 0x20, 0x00, 0x00, 0x00, 
  0x40, 0x00, 0x00, 0x00, 0x53, 0x01, 0x00, 0x00, 0x00, 0x00, 0x00, 0x09, 
  0x60, 0x02, 0x00, 0x00, 0x02, 0x00, 0x00, 0x00, 0xff, 0xff, 0xff, 0xff, 
  0x10, 0x00, 0x00, 0x00, 0x94, 0xe9, 0xfe, 0xff, 0x08, 0x00, 0x00, 0x00, 
  0x14, 0x00, 0x00, 0x00, 0x01, 0x00, 0x00, 0x00, 0x80, 0xff, 0xff, 0xff, 
  0xff, 0xff, 0xff, 0xff, 0x00, 0x00, 0x00, 0x00, 0x01, 0x00, 0x00, 0x00, 
  0xca, 0xa1, 0xed, 0x3b, 0x25, 0x02, 0x00, 0x00, 0x73, 0x61, 0x66, 0x65, 
  0x62, 0x61, 0x6e, 0x64, 0x5f, 0x76, 0x32, 0x5f, 0x64, 0x65, 0x70, 0x6c, 
  0x6f, 0x79, 0x6d, 0x65, 0x6e, 0x74, 0x2f, 0x6d, 0x6f, 0x74, 0x69, 0x6f, 
  0x6e, 0x5f, 0x64, 0x65, 0x63, 0x6f, 0x64, 0x65, 0x72, 0x2f, 0x64, 0x65, 
  0x63, 0x5f, 0x67, 0x72, 0x75, 0x2f, 0x75, 0x6e, 0x73, 0x74, 0x61, 0x63, 
  0x6b, 0x3b, 0x73, 0x61, 0x66, 0x65, 0x62, 0x61, 0x6e, 0x64, 0x5f, 0x76, 
  0x32, 0x5f, 0x64, 0x65, 0x70, 0x6c, 0x6f, 0x79, 0x6d, 0x65, 0x6e, 0x74, 
  0x2f, 0x6d, 0x6f, 0x74, 0x69, 0x6f, 0x6e, 0x5f, 0x64, 0x65, 0x63, 0x6f, 
  0x64, 0x65, 0x72, 0x2f, 0x64, 0x65, 0x63, 0x5f, 0x67, 0x72, 0x75, 0x2f, 
  0x75, 0x6e, 0x73, 0x74, 0x61, 0x63, 0x6b, 0x31, 0x3b, 0x73, 0x61, 0x66, 
  0x65, 0x62, 0x61, 0x6e, 0x64, 0x5f, 0x76, 0x32, 0x5f, 0x64, 0x65, 0x70, 
  0x6c, 0x6f, 0x79, 0x6d, 0x65, 0x6e, 0x74, 0x2f, 0x6d, 0x6f, 0x74, 0x69, 
  0x6f, 0x6e, 0x5f, 0x64, 0x65, 0x63, 0x6f, 0x64, 0x65, 0x72, 0x2f, 0x64, 
  0x65, 0x63, 0x5f, 0x67, 0x72, 0x75, 0x2f, 0x75, 0x6e, 0x73, 0x74, 0x61, 
  0x63, 0x6b, 0x32, 0x3b, 0x73, 0x61, 0x66, 0x65, 0x62, 0x61, 0x6e, 0x64, 
  0x5f, 0x76, 0x32, 0x5f, 0x64, 0x65, 0x70, 0x6c, 0x6f, 0x79, 0x6d, 0x65, 
  0x6e, 0x74, 0x2f, 0x6d, 0x6f, 0x74, 0x69, 0x6f, 0x6e, 0x5f, 0x64, 0x65, 
  0x63, 0x6f, 0x64, 0x65, 0x72, 0x2f, 0x64, 0x65, 0x63, 0x5f, 0x67, 0x72, 
  0x75, 0x2f, 0x75, 0x6e, 0x73, 0x74, 0x61, 0x63, 0x6b, 0x33, 0x3b, 0x73, 
  0x61, 0x66, 0x65, 0x62, 0x61, 0x6e, 0x64, 0x5f, 0x76, 0x32, 0x5f, 0x64, 
  0x65, 0x70, 0x6c, 0x6f, 0x79, 0x6d, 0x65, 0x6e, 0x74, 0x2f, 0x6d, 0x6f, 
  0x74, 0x69, 0x6f, 0x6e, 0x5f, 0x64, 0x65, 0x63, 0x6f, 0x64, 0x65, 0x72, 
  0x2f, 0x64, 0x65, 0x63, 0x5f, 0x67, 0x72, 0x75, 0x2f, 0x75, 0x6e, 0x73, 
  0x74, 0x61, 0x63, 0x6b, 0x34, 0x3b, 0x73, 0x61, 0x66, 0x65, 0x62, 0x61, 
  0x6e, 0x64, 0x5f, 0x76, 0x32, 0x5f, 0x64, 0x65, 0x70, 0x6c, 0x6f, 0x79, 
  0x6d, 0x65, 0x6e, 0x74, 0x2f, 0x6d, 0x6f, 0x74, 0x69, 0x6f, 0x6e, 0x5f, 
  0x64, 0x65, 0x63, 0x6f, 0x64, 0x65, 0x72, 0x2f, 0x64, 0x65, 0x63, 0x5f, 
  0x67, 0x72, 0x75, 0x2f, 0x75, 0x6e, 0x73, 0x74, 0x61, 0x63, 0x6b, 0x35, 
  0x3b, 0x73, 0x61, 0x66, 0x65, 0x62, 0x61, 0x6e, 0x64, 0x5f, 0x76, 0x32, 
  0x5f, 0x64, 0x65, 0x70, 0x6c, 0x6f, 0x79, 0x6d, 0x65, 0x6e, 0x74, 0x2f, 
  0x6d, 0x6f, 0x74, 0x69, 0x6f, 0x6e, 0x5f, 0x64, 0x65, 0x63, 0x6f, 0x64, 
  0x65, 0x72, 0x2f, 0x64, 0x65, 0x63, 0x5f, 0x67, 0x72, 0x75, 0x2f, 0x75, 
  0x6e, 0x73, 0x74, 0x61, 0x63, 0x6b, 0x36, 0x3b, 0x73, 0x61, 0x66, 0x65, 
  0x62, 0x61, 0x6e, 0x64, 0x5f, 0x76, 0x32, 0x5f, 0x64, 0x65, 0x70, 0x6c, 
  0x6f, 0x79, 0x6d, 0x65, 0x6e, 0x74, 0x2f, 0x6d, 0x6f, 0x74, 0x69, 0x6f, 
  0x6e, 0x5f, 0x64, 0x65, 0x63, 0x6f, 0x64, 0x65, 0x72, 0x2f, 0x64, 0x65, 
  0x63, 0x5f, 0x67, 0x72, 0x75, 0x2f, 0x75, 0x6e, 0x73, 0x74, 0x61, 0x63, 
  0x6b, 0x37, 0x3b, 0x73, 0x61, 0x66, 0x65, 0x62, 0x61, 0x6e, 0x64, 0x5f, 
  0x76, 0x32, 0x5f, 0x64, 0x65, 0x70, 0x6c, 0x6f, 0x79, 0x6d, 0x65, 0x6e, 
  0x74, 0x2f, 0x6d, 0x6f, 0x74, 0x69, 0x6f, 0x6e, 0x5f, 0x64, 0x65, 0x63, 
  0x6f, 0x64, 0x65, 0x72, 0x2f, 0x64, 0x65, 0x63, 0x5f, 0x67, 0x72, 0x75, 
  0x2f, 0x75, 0x6e, 0x73, 0x74, 0x61, 0x63, 0x6b, 0x38, 0x3b, 0x73, 0x61, 
  0x66, 0x65, 0x62, 0x61, 0x6e, 0x64, 0x5f, 0x76, 0x32, 0x5f, 0x64, 0x65, 
  0x70, 0x6c, 0x6f, 0x79, 0x6d, 0x65, 0x6e, 0x74, 0x2f, 0x6d, 0x6f, 0x74, 
  0x69, 0x6f, 0x6e, 0x5f, 0x64, 0x65, 0x63, 0x6f, 0x64, 0x65, 0x72, 0x2f, 
  0x64, 0x65, 0x63, 0x5f, 0x67, 0x72, 0x75, 0x2f, 0x75, 0x6e, 0x73, 0x74, 
  0x61, 0x63, 0x6b, 0x39, 0x31, 0x00, 0x00, 0x00, 0x02, 0x00, 0x00, 0x00, 
  0x01, 0x00, 0x00, 0x00, 0x10, 0x00, 0x00, 0x00, 0x36, 0xec, 0xfe, 0xff, 
  0x00, 0x00, 0x00, 0x01, 0x18, 0x00, 0x00, 0x00, 0x20, 0x00, 0x00, 0x00, 
  0x3c, 0x00, 0x00, 0x00, 0x52, 0x01, 0x00, 0x00, 0x00, 0x00, 0x00, 0x09, 
  0x5c, 0x02, 0x00, 0x00, 0x02, 0x00, 0x00, 0x00, 0xff, 0xff, 0xff, 0xff, 
  0x10, 0x00, 0x00, 0x00, 0x1c, 0xec, 0xfe, 0xff, 0x08, 0x00, 0x00, 0x00, 
  0x10, 0x00, 0x00, 0x00, 0x01, 0x00, 0x00, 0x00, 0x80, 0xff, 0xff, 0xff, 
  0xff, 0xff, 0xff, 0xff, 0x01, 0x00, 0x00, 0x00, 0xca, 0xa1, 0xed, 0x3b, 
  0x24, 0x02, 0x00, 0x00, 0x73, 0x61, 0x66, 0x65, 0x62, 0x61, 0x6e, 0x64, 
  0x5f, 0x76, 0x32, 0x5f, 0x64, 0x65, 0x70, 0x6c, 0x6f, 0x79, 0x6d, 0x65, 
  0x6e, 0x74, 0x2f, 0x6d, 0x6f, 0x74, 0x69, 0x6f, 0x6e, 0x5f, 0x64, 0x65, 
  0x63, 0x6f, 0x64, 0x65, 0x72, 0x2f, 0x64, 0x65, 0x63, 0x5f, 0x67, 0x72, 
  0x75, 0x2f, 0x75, 0x6e, 0x73, 0x74, 0x61, 0x63, 0x6b, 0x3b, 0x73, 0x61, 
  0x66, 0x65, 0x62, 0x61, 0x6e, 0x64, 0x5f, 0x76, 0x32, 0x5f, 0x64, 0x65, 
  0x70, 0x6c, 0x6f, 0x79, 0x6d, 0x65, 0x6e, 0x74, 0x2f, 0x6d, 0x6f, 0x74, 
  0x69, 0x6f, 0x6e, 0x5f, 0x64, 0x65, 0x63, 0x6f, 0x64, 0x65, 0x72, 0x2f, 
  0x64, 0x65, 0x63, 0x5f, 0x67, 0x72, 0x75, 0x2f, 0x75, 0x6e, 0x73, 0x74, 
  0x61, 0x63, 0x6b, 0x31, 0x3b, 0x73, 0x61, 0x66, 0x65, 0x62, 0x61, 0x6e, 
  0x64, 0x5f, 0x76, 0x32, 0x5f, 0x64, 0x65, 0x70, 0x6c, 0x6f, 0x79, 0x6d, 
  0x65, 0x6e, 0x74, 0x2f, 0x6d, 0x6f, 0x74, 0x69, 0x6f, 0x6e, 0x5f, 0x64, 
  0x65, 0x63, 0x6f, 0x64, 0x65, 0x72, 0x2f, 0x64, 0x65, 0x63, 0x5f, 0x67, 
  0x72, 0x75, 0x2f, 0x75, 0x6e, 0x73, 0x74, 0x61, 0x63, 0x6b, 0x32, 0x3b, 
  0x73, 0x61, 0x66, 0x65, 0x62, 0x61, 0x6e, 0x64, 0x5f, 0x76, 0x32, 0x5f, 
  0x64, 0x65, 0x70, 0x6c, 0x6f, 0x79, 0x6d, 0x65, 0x6e, 0x74, 0x2f, 0x6d, 
  0x6f, 0x74, 0x69, 0x6f, 0x6e, 0x5f, 0x64, 0x65, 0x63, 0x6f, 0x64, 0x65, 
  0x72, 0x2f, 0x64, 0x65, 0x63, 0x5f, 0x67, 0x72, 0x75, 0x2f, 0x75, 0x6e, 
  0x73, 0x74, 0x61, 0x63, 0x6b, 0x33, 0x3b, 0x73, 0x61, 0x66, 0x65, 0x62, 
  0x61, 0x6e, 0x64, 0x5f, 0x76, 0x32, 0x5f, 0x64, 0x65, 0x70, 0x6c, 0x6f, 
  0x79, 0x6d, 0x65, 0x6e, 0x74, 0x2f, 0x6d, 0x6f, 0x74, 0x69, 0x6f, 0x6e, 
  0x5f, 0x64, 0x65, 0x63, 0x6f, 0x64, 0x65, 0x72, 0x2f, 0x64, 0x65, 0x63, 
  0x5f, 0x67, 0x72, 0x75, 0x2f, 0x75, 0x6e, 0x73, 0x74, 0x61, 0x63, 0x6b, 
  0x34, 0x3b, 0x73, 0x61, 0x66, 0x65, 0x62, 0x61, 0x6e, 0x64, 0x5f, 0x76, 
  0x32, 0x5f, 0x64, 0x65, 0x70, 0x6c, 0x6f, 0x79, 0x6d, 0x65, 0x6e, 0x74, 
  0x2f, 0x6d, 0x6f, 0x74, 0x69, 0x6f, 0x6e, 0x5f, 0x64, 0x65, 0x63, 0x6f, 
  0x64, 0x65, 0x72, 0x2f, 0x64, 0x65, 0x63, 0x5f, 0x67, 0x72, 0x75, 0x2f, 
  0x75, 0x6e, 0x73, 0x74, 0x61, 0x63, 0x6b, 0x35, 0x3b, 0x73, 0x61, 0x66, 
  0x65, 0x62, 0x61, 0x6e, 0x64, 0x5f, 0x76, 0x32, 0x5f, 0x64, 0x65, 0x70, 
  0x6c, 0x6f, 0x79, 0x6d, 0x65, 0x6e, 0x74, 0x2f, 0x6d, 0x6f, 0x74, 0x69, 
  0x6f, 0x6e, 0x5f, 0x64, 0x65, 0x63, 0x6f, 0x64, 0x65, 0x72, 0x2f, 0x64, 
  0x65, 0x63, 0x5f, 0x67, 0x72, 0x75, 0x2f, 0x75, 0x6e, 0x73, 0x74, 0x61, 
  0x63, 0x6b, 0x36, 0x3b, 0x73, 0x61, 0x66, 0x65, 0x62, 0x61, 0x6e, 0x64, 
  0x5f, 0x76, 0x32, 0x5f, 0x64, 0x65, 0x70, 0x6c, 0x6f, 0x79, 0x6d, 0x65, 
  0x6e, 0x74, 0x2f, 0x6d, 0x6f, 0x74, 0x69, 0x6f, 0x6e, 0x5f, 0x64, 0x65, 
  0x63, 0x6f, 0x64, 0x65, 0x72, 0x2f, 0x64, 0x65, 0x63, 0x5f, 0x67, 0x72, 
  0x75, 0x2f, 0x75, 0x6e, 0x73, 0x74, 0x61, 0x63, 0x6b, 0x37, 0x3b, 0x73, 
  0x61, 0x66, 0x65, 0x62, 0x61, 0x6e, 0x64, 0x5f, 0x76, 0x32, 0x5f, 0x64, 
  0x65, 0x70, 0x6c, 0x6f, 0x79, 0x6d, 0x65, 0x6e, 0x74, 0x2f, 0x6d, 0x6f, 
  0x74, 0x69, 0x6f, 0x6e, 0x5f, 0x64, 0x65, 0x63, 0x6f, 0x64, 0x65, 0x72, 
  0x2f, 0x64, 0x65, 0x63, 0x5f, 0x67, 0x72, 0x75, 0x2f, 0x75, 0x6e, 0x73, 
  0x74, 0x61, 0x63, 0x6b, 0x38, 0x3b, 0x73, 0x61, 0x66, 0x65, 0x62, 0x61, 
  0x6e, 0x64, 0x5f, 0x76, 0x32, 0x5f, 0x64, 0x65, 0x70, 0x6c, 0x6f, 0x79, 
  0x6d, 0x65, 0x6e, 0x74, 0x2f, 0x6d, 0x6f, 0x74, 0x69, 0x6f, 0x6e, 0x5f, 
  0x64, 0x65, 0x63, 0x6f, 0x64, 0x65, 0x72, 0x2f, 0x64, 0x65, 0x63, 0x5f, 
  0x67, 0x72, 0x75, 0x2f, 0x75, 0x6e, 0x73, 0x74, 0x61, 0x63, 0x6b, 0x39, 
  0x00, 0x00, 0x00, 0x00, 0x02, 0x00, 0x00, 0x00, 0x01, 0x00, 0x00, 0x00, 
  0x10, 0x00, 0x00, 0x00, 0xba, 0xee, 0xfe, 0xff, 0x00, 0x00, 0x00, 0x01, 
  0x18, 0x00, 0x00, 0x00, 0x24, 0x00, 0x00, 0x00, 0x40, 0x00, 0x00, 0x00, 
  0x51, 0x01, 0x00, 0x00, 0x00, 0x00, 0x00, 0x09, 0x70, 0x00, 0x00, 0x00, 
  0x03, 0x00, 0x00, 0x00, 0x0a, 0x00, 0x00, 0x00, 0xff, 0xff, 0xff, 0xff, 
  0x10, 0x00, 0x00, 0x00, 0xa4, 0xee, 0xfe, 0xff, 0x08, 0x00, 0x00, 0x00, 
  0x10, 0x00, 0x00, 0x00, 0x01, 0x00, 0x00, 0x00, 0x80, 0xff, 0xff, 0xff, 
  0xff, 0xff, 0xff, 0xff, 0x01, 0x00, 0x00, 0x00, 0xca, 0xa1, 0xed, 0x3b, 
  0x37, 0x00, 0x00, 0x00, 0x73, 0x61, 0x66, 0x65, 0x62, 0x61, 0x6e, 0x64, 
  0x5f, 0x76, 0x32, 0x5f, 0x64, 0x65, 0x70, 0x6c, 0x6f, 0x79, 0x6d, 0x65, 
  0x6e, 0x74, 0x2f, 0x6d, 0x6f, 0x74, 0x69, 0x6f, 0x6e, 0x5f, 0x64, 0x65, 
  0x63, 0x6f, 0x64, 0x65, 0x72, 0x2f, 0x64, 0x65, 0x63, 0x5f, 0x67, 0x72, 
  0x75, 0x2f, 0x74, 0x72, 0x61, 0x6e, 0x73, 0x70, 0x6f, 0x73, 0x65, 0x00, 
  0x03, 0x00, 0x00, 0x00, 0x0a, 0x00, 0x00, 0x00, 0x01, 0x00, 0x00, 0x00, 
  0x10, 0x00, 0x00, 0x00, 0x56, 0xef, 0xfe, 0xff, 0x00, 0x00, 0x00, 0x01, 
  0x18, 0x00, 0x00, 0x00, 0x20, 0x00, 0x00, 0x00, 0x40, 0x00, 0x00, 0x00, 
  0x50, 0x01, 0x00, 0x00, 0x00, 0x00, 0x00, 0x09, 0x00, 0x01, 0x00, 0x00, 
  0x02, 0x00, 0x00, 0x00, 0xff, 0xff, 0xff, 0xff, 0x04, 0x00, 0x00, 0x00, 
  0x3c, 0xef, 0xfe, 0xff, 0x08, 0x00, 0x00, 0x00, 0x14, 0x00, 0x00, 0x00, 
  0x01, 0x00, 0x00, 0x00, 0x56, 0x00, 0x00, 0x00, 0x00, 0x00, 0x00, 0x00, 
  0x00, 0x00, 0x00, 0x00, 0x01, 0x00, 0x00, 0x00, 0x1c, 0x8a, 0x32, 0x3b, 
  0xc5, 0x00, 0x00, 0x00, 0x73, 0x61, 0x66, 0x65, 0x62, 0x61, 0x6e, 0x64, 
  0x5f, 0x76, 0x32, 0x5f, 0x64, 0x65, 0x70, 0x6c, 0x6f, 0x79, 0x6d, 0x65, 
  0x6e, 0x74, 0x2f, 0x6d, 0x6f, 0x74, 0x69, 0x6f, 0x6e, 0x5f, 0x64, 0x65, 
  0x63, 0x6f, 0x64, 0x65, 0x72, 0x2f, 0x64, 0x65, 0x63, 0x5f, 0x67, 0x72, 
  0x75, 0x2f, 0x67, 0x72, 0x75, 0x5f, 0x63, 0x65, 0x6c, 0x6c, 0x5f, 0x32, 
  0x2f, 0x73, 0x70, 0x6c, 0x69, 0x74, 0x5f, 0x31, 0x3b, 0x73, 0x61, 0x66, 
  0x65, 0x62, 0x61, 0x6e, 0x64, 0x5f, 0x76, 0x32, 0x5f, 0x64, 0x65, 0x70, 
  0x6c, 0x6f, 0x79, 0x6d, 0x65, 0x6e, 0x74, 0x2f, 0x6d, 0x6f, 0x74, 0x69, 
  0x6f, 0x6e, 0x5f, 0x64, 0x65, 0x63, 0x6f, 0x64, 0x65, 0x72, 0x2f, 0x64, 
  0x65, 0x63, 0x5f, 0x67, 0x72, 0x75, 0x2f, 0x67, 0x72, 0x75, 0x5f, 0x63, 
  0x65, 0x6c, 0x6c, 0x5f, 0x32, 0x2f, 0x73, 0x70, 0x6c, 0x69, 0x74, 0x5f, 
  0x31, 0x31, 0x3b, 0x73, 0x61, 0x66, 0x65, 0x62, 0x61, 0x6e, 0x64, 0x5f, 
  0x76, 0x32, 0x5f, 0x64, 0x65, 0x70, 0x6c, 0x6f, 0x79, 0x6d, 0x65, 0x6e, 
  0x74, 0x2f, 0x6d, 0x6f, 0x74, 0x69, 0x6f, 0x6e, 0x5f, 0x64, 0x65, 0x63, 
  0x6f, 0x64, 0x65, 0x72, 0x2f, 0x64, 0x65, 0x63, 0x5f, 0x67, 0x72, 0x75, 
  0x2f, 0x67, 0x72, 0x75, 0x5f, 0x63, 0x65, 0x6c, 0x6c, 0x5f, 0x32, 0x2f, 
  0x73, 0x70, 0x6c, 0x69, 0x74, 0x5f, 0x31, 0x32, 0x32, 0x00, 0x00, 0x00, 
  0x02, 0x00, 0x00, 0x00, 0x01, 0x00, 0x00, 0x00, 0x04, 0x00, 0x00, 0x00, 
  0x7e, 0xf0, 0xfe, 0xff, 0x00, 0x00, 0x00, 0x01, 0x18, 0x00, 0x00, 0x00, 
  0x20, 0x00, 0x00, 0x00, 0x40, 0x00, 0x00, 0x00, 0x4f, 0x01, 0x00, 0x00, 
  0x00, 0x00, 0x00, 0x09, 0x00, 0x01, 0x00, 0x00, 0x02, 0x00, 0x00, 0x00, 
  0xff, 0xff, 0xff, 0xff, 0x04, 0x00, 0x00, 0x00, 0x64, 0xf0, 0xfe, 0xff, 
  0x08, 0x00, 0x00, 0x00, 0x14, 0x00, 0x00, 0x00, 0x01, 0x00, 0x00, 0x00, 
  0x56, 0x00, 0x00, 0x00, 0x00, 0x00, 0x00, 0x00, 0x00, 0x00, 0x00, 0x00, 
  0x01, 0x00, 0x00, 0x00, 0x1c, 0x8a, 0x32, 0x3b, 0xc5, 0x00, 0x00, 0x00, 
  0x73, 0x61, 0x66, 0x65, 0x62, 0x61, 0x6e, 0x64, 0x5f, 0x76, 0x32, 0x5f, 
  0x64, 0x65, 0x70, 0x6c, 0x6f, 0x79, 0x6d, 0x65, 0x6e, 0x74, 0x2f, 0x6d, 
  0x6f, 0x74, 0x69, 0x6f, 0x6e, 0x5f, 0x64, 0x65, 0x63, 0x6f, 0x64, 0x65, 
  0x72, 0x2f, 0x64, 0x65, 0x63, 0x5f, 0x67, 0x72, 0x75, 0x2f, 0x67, 0x72, 
  0x75, 0x5f, 0x63, 0x65, 0x6c, 0x6c, 0x5f, 0x32, 0x2f, 0x73, 0x70, 0x6c, 
  0x69, 0x74, 0x5f, 0x31, 0x3b, 0x73, 0x61, 0x66, 0x65, 0x62, 0x61, 0x6e, 
  0x64, 0x5f, 0x76, 0x32, 0x5f, 0x64, 0x65, 0x70, 0x6c, 0x6f, 0x79, 0x6d, 
  0x65, 0x6e, 0x74, 0x2f, 0x6d, 0x6f, 0x74, 0x69, 0x6f, 0x6e, 0x5f, 0x64, 
  0x65, 0x63, 0x6f, 0x64, 0x65, 0x72, 0x2f, 0x64, 0x65, 0x63, 0x5f, 0x67, 
  0x72, 0x75, 0x2f, 0x67, 0x72, 0x75, 0x5f, 0x63, 0x65, 0x6c, 0x6c, 0x5f, 
  0x32, 0x2f, 0x73, 0x70, 0x6c, 0x69, 0x74, 0x5f, 0x31, 0x31, 0x3b, 0x73, 
  0x61, 0x66, 0x65, 0x62, 0x61, 0x6e, 0x64, 0x5f, 0x76, 0x32, 0x5f, 0x64, 
  0x65, 0x70, 0x6c, 0x6f, 0x79, 0x6d, 0x65, 0x6e, 0x74, 0x2f, 0x6d, 0x6f, 
  0x74, 0x69, 0x6f, 0x6e, 0x5f, 0x64, 0x65, 0x63, 0x6f, 0x64, 0x65, 0x72, 
  0x2f, 0x64, 0x65, 0x63, 0x5f, 0x67, 0x72, 0x75, 0x2f, 0x67, 0x72, 0x75, 
  0x5f, 0x63, 0x65, 0x6c, 0x6c, 0x5f, 0x32, 0x2f, 0x73, 0x70, 0x6c, 0x69, 
  0x74, 0x5f, 0x31, 0x32, 0x31, 0x00, 0x00, 0x00, 0x02, 0x00, 0x00, 0x00, 
  0x01, 0x00, 0x00, 0x00, 0x04, 0x00, 0x00, 0x00, 0xa6, 0xf1, 0xfe, 0xff, 
  0x00, 0x00, 0x00, 0x01, 0x18, 0x00, 0x00, 0x00, 0x20, 0x00, 0x00, 0x00, 
  0x40, 0x00, 0x00, 0x00, 0x4e, 0x01, 0x00, 0x00, 0x00, 0x00, 0x00, 0x09, 
  0x00, 0x01, 0x00, 0x00, 0x02, 0x00, 0x00, 0x00, 0xff, 0xff, 0xff, 0xff, 
  0x04, 0x00, 0x00, 0x00, 0x8c, 0xf1, 0xfe, 0xff, 0x08, 0x00, 0x00, 0x00, 
  0x14, 0x00, 0x00, 0x00, 0x01, 0x00, 0x00, 0x00, 0x56, 0x00, 0x00, 0x00, 
  0x00, 0x00, 0x00, 0x00, 0x00, 0x00, 0x00, 0x00, 0x01, 0x00, 0x00, 0x00, 
  0x1c, 0x8a, 0x32, 0x3b, 0xc4, 0x00, 0x00, 0x00, 0x73, 0x61, 0x66, 0x65, 
  0x62, 0x61, 0x6e, 0x64, 0x5f, 0x76, 0x32, 0x5f, 0x64, 0x65, 0x70, 0x6c, 
  0x6f, 0x79, 0x6d, 0x65, 0x6e, 0x74, 0x2f, 0x6d, 0x6f, 0x74, 0x69, 0x6f, 
  0x6e, 0x5f, 0x64, 0x65, 0x63, 0x6f, 0x64, 0x65, 0x72, 0x2f, 0x64, 0x65, 
  0x63, 0x5f, 0x67, 0x72, 0x75, 0x2f, 0x67, 0x72, 0x75, 0x5f, 0x63, 0x65, 
  0x6c, 0x6c, 0x5f, 0x32, 0x2f, 0x73, 0x70, 0x6c, 0x69, 0x74, 0x5f, 0x31, 
  0x3b, 0x73, 0x61, 0x66, 0x65, 0x62, 0x61, 0x6e, 0x64, 0x5f, 0x76, 0x32, 
  0x5f, 0x64, 0x65, 0x70, 0x6c, 0x6f, 0x79, 0x6d, 0x65, 0x6e, 0x74, 0x2f, 
  0x6d, 0x6f, 0x74, 0x69, 0x6f, 0x6e, 0x5f, 0x64, 0x65, 0x63, 0x6f, 0x64, 
  0x65, 0x72, 0x2f, 0x64, 0x65, 0x63, 0x5f, 0x67, 0x72, 0x75, 0x2f, 0x67, 
  0x72, 0x75, 0x5f, 0x63, 0x65, 0x6c, 0x6c, 0x5f, 0x32, 0x2f, 0x73, 0x70, 
  0x6c, 0x69, 0x74, 0x5f, 0x31, 0x31, 0x3b, 0x73, 0x61, 0x66, 0x65, 0x62, 
  0x61, 0x6e, 0x64, 0x5f, 0x76, 0x32, 0x5f, 0x64, 0x65, 0x70, 0x6c, 0x6f, 
  0x79, 0x6d, 0x65, 0x6e, 0x74, 0x2f, 0x6d, 0x6f, 0x74, 0x69, 0x6f, 0x6e, 
  0x5f, 0x64, 0x65, 0x63, 0x6f, 0x64, 0x65, 0x72, 0x2f, 0x64, 0x65, 0x63, 
  0x5f, 0x67, 0x72, 0x75, 0x2f, 0x67, 0x72, 0x75, 0x5f, 0x63, 0x65, 0x6c, 
  0x6c, 0x5f, 0x32, 0x2f, 0x73, 0x70, 0x6c, 0x69, 0x74, 0x5f, 0x31, 0x32, 
  0x00, 0x00, 0x00, 0x00, 0x02, 0x00, 0x00, 0x00, 0x01, 0x00, 0x00, 0x00, 
  0x04, 0x00, 0x00, 0x00, 0xce, 0xf2, 0xfe, 0xff, 0x00, 0x00, 0x00, 0x01, 
  0x18, 0x00, 0x00, 0x00, 0x20, 0x00, 0x00, 0x00, 0x40, 0x00, 0x00, 0x00, 
  0x4d, 0x01, 0x00, 0x00, 0x00, 0x00, 0x00, 0x09, 0xc0, 0x00, 0x00, 0x00, 
  0x02, 0x00, 0x00, 0x00, 0xff, 0xff, 0xff, 0xff, 0x0c, 0x00, 0x00, 0x00, 
  0xb4, 0xf2, 0xfe, 0xff, 0x08, 0x00, 0x00, 0x00, 0x14, 0x00, 0x00, 0x00, 
  0x01, 0x00, 0x00, 0x00, 0x56, 0x00, 0x00, 0x00, 0x00, 0x00, 0x00, 0x00, 
  0x00, 0x00, 0x00, 0x00, 0x01, 0x00, 0x00, 0x00, 0x1c, 0x8a, 0x32, 0x3b, 
  0x84, 0x00, 0x00, 0x00, 0x73, 0x61, 0x66, 0x65, 0x62, 0x61, 0x6e, 0x64, 
  0x5f, 0x76, 0x32, 0x5f, 0x64, 0x65, 0x70, 0x6c, 0x6f, 0x79, 0x6d, 0x65, 
  0x6e, 0x74, 0x2f, 0x6d, 0x6f, 0x74, 0x69, 0x6f, 0x6e, 0x5f, 0x64, 0x65, 
  0x63, 0x6f, 0x64, 0x65, 0x72, 0x2f, 0x64, 0x65, 0x63, 0x5f, 0x67, 0x72, 
  0x75, 0x2f, 0x67, 0x72, 0x75, 0x5f, 0x63, 0x65, 0x6c, 0x6c, 0x5f, 0x32, 
  0x2f, 0x4d, 0x61, 0x74, 0x4d, 0x75, 0x6c, 0x5f, 0x31, 0x3b, 0x73, 0x61, 
  0x66, 0x65, 0x62, 0x61, 0x6e, 0x64, 0x5f, 0x76, 0x32, 0x5f, 0x64, 0x65, 
  0x70, 0x6c, 0x6f, 0x79, 0x6d, 0x65, 0x6e, 0x74, 0x2f, 0x6d, 0x6f, 0x74, 
  0x69, 0x6f, 0x6e, 0x5f, 0x64, 0x65, 0x63, 0x6f, 0x64, 0x65, 0x72, 0x2f, 
  0x64, 0x65, 0x63, 0x5f, 0x67, 0x72, 0x75, 0x2f, 0x67, 0x72, 0x75, 0x5f, 
  0x63, 0x65, 0x6c, 0x6c, 0x5f, 0x32, 0x2f, 0x42, 0x69, 0x61, 0x73, 0x41, 
  0x64, 0x64, 0x5f, 0x31, 0x00, 0x00, 0x00, 0x00, 0x02, 0x00, 0x00, 0x00, 
  0x01, 0x00, 0x00, 0x00, 0x0c, 0x00, 0x00, 0x00, 0xb6, 0xf3, 0xfe, 0xff, 
  0x00, 0x00, 0x00, 0x01, 0x18, 0x00, 0x00, 0x00, 0x20, 0x00, 0x00, 0x00, 
  0x3c, 0x00, 0x00, 0x00, 0x4c, 0x01, 0x00, 0x00, 0x00, 0x00, 0x00, 0x09, 
  0x68, 0x00, 0x00, 0x00, 0x02, 0x00, 0x00, 0x00, 0xff, 0xff, 0xff, 0xff, 
  0x04, 0x00, 0x00, 0x00, 0x9c, 0xf3, 0xfe, 0xff, 0x08, 0x00, 0x00, 0x00, 
  0x10, 0x00, 0x00, 0x00, 0x01, 0x00, 0x00, 0x00, 0x00, 0x00, 0x00, 0x00, 
  0x00, 0x00, 0x00, 0x00, 0x01, 0x00, 0x00, 0x00, 0x7b, 0xbe, 0x06, 0x32, 
  0x33, 0x00, 0x00, 0x00, 0x73, 0x61, 0x66, 0x65, 0x62, 0x61, 0x6e, 0x64, 
  0x5f, 0x76, 0x32, 0x5f, 0x64, 0x65, 0x70, 0x6c, 0x6f, 0x79, 0x6d, 0x65, 
  0x6e, 0x74, 0x2f, 0x6d, 0x6f, 0x74, 0x69, 0x6f, 0x6e, 0x5f, 0x64, 0x65, 
  0x63, 0x6f, 0x64, 0x65, 0x72, 0x2f, 0x64, 0x65, 0x63, 0x5f, 0x67, 0x72, 
  0x75, 0x2f, 0x7a, 0x65, 0x72, 0x6f, 0x73, 0x00, 0x02, 0x00, 0x00, 0x00, 
  0x01, 0x00, 0x00, 0x00, 0x04, 0x00, 0x00, 0x00, 0x3a, 0xf5, 0xfe, 0xff, 
  0x00, 0x00, 0x00, 0x01, 0x14, 0x00, 0x00, 0x00, 0x14, 0x00, 0x00, 0x00, 
  0x4b, 0x01, 0x00, 0x00, 0x00, 0x00, 0x00, 0x02, 0x48, 0x00, 0x00, 0x00, 
  0x24, 0xf5, 0xfe, 0xff, 0x3a, 0x00, 0x00, 0x00, 0x73, 0x61, 0x66, 0x65, 
  0x62, 0x61, 0x6e, 0x64, 0x5f, 0x76, 0x32, 0x5f, 0x64, 0x65, 0x70, 0x6c, 
  0x6f, 0x79, 0x6d, 0x65, 0x6e, 0x74, 0x2f, 0x6d, 0x6f, 0x74, 0x69, 0x6f, 
  0x6e, 0x5f, 0x64, 0x65, 0x63, 0x6f, 0x64, 0x65, 0x72, 0x2f, 0x64, 0x65, 
  0x63, 0x5f, 0x67, 0x72, 0x75, 0x2f, 0x7a, 0x65, 0x72, 0x6f, 0x73, 0x2f, 
  0x70, 0x61, 0x63, 0x6b, 0x65, 0x64, 0x00, 0x00, 0x01, 0x00, 0x00, 0x00, 
  0x02, 0x00, 0x00, 0x00, 0xa2, 0xf5, 0xfe, 0xff, 0x00, 0x00, 0x00, 0x01, 
  0x14, 0x00, 0x00, 0x00, 0x14, 0x00, 0x00, 0x00, 0x4a, 0x01, 0x00, 0x00, 
  0x00, 0x00, 0x00, 0x02, 0x48, 0x00, 0x00, 0x00, 0x8c, 0xf5, 0xfe, 0xff, 
  0x3b, 0x00, 0x00, 0x00, 0x73, 0x61, 0x66, 0x65, 0x62, 0x61, 0x6e, 0x64, 
  0x5f, 0x76, 0x32, 0x5f, 0x64, 0x65, 0x70, 0x6c, 0x6f, 0x79, 0x6d, 0x65, 
  0x6e, 0x74, 0x2f, 0x6d, 0x6f, 0x74, 0x69, 0x6f, 0x6e, 0x5f, 0x64, 0x65, 
  0x63, 0x6f, 0x64, 0x65, 0x72, 0x2f, 0x64, 0x65, 0x63, 0x5f, 0x67, 0x72, 
  0x75, 0x2f, 0x73, 0x74, 0x72, 0x69, 0x64, 0x65, 0x64, 0x5f, 0x73, 0x6c, 
  0x69, 0x63, 0x65, 0x00, 0x00, 0x00, 0x00, 0x00, 0x06, 0xf6, 0xfe, 0xff, 
  0x00, 0x00, 0x00, 0x01, 0x14, 0x00, 0x00, 0x00, 0x14, 0x00, 0x00, 0x00, 
  0x49, 0x01, 0x00, 0x00, 0x00, 0x00, 0x00, 0x02, 0x40, 0x00, 0x00, 0x00, 
  0xf0, 0xf5, 0xfe, 0xff, 0x33, 0x00, 0x00, 0x00, 0x73, 0x61, 0x66, 0x65, 
  0x62, 0x61, 0x6e, 0x64, 0x5f, 0x76, 0x32, 0x5f, 0x64, 0x65, 0x70, 0x6c, 
  0x6f, 0x79, 0x6d, 0x65, 0x6e, 0x74, 0x2f, 0x6d, 0x6f, 0x74, 0x69, 0x6f, 
  0x6e, 0x5f, 0x64, 0x65, 0x63, 0x6f, 0x64, 0x65, 0x72, 0x2f, 0x64, 0x65, 
  0x63, 0x5f, 0x67, 0x72, 0x75, 0x2f, 0x53, 0x68, 0x61, 0x70, 0x65, 0x00, 
  0x01, 0x00, 0x00, 0x00, 0x03, 0x00, 0x00, 0x00, 0x72, 0xf5, 0xfe, 0xff, 
  0x00, 0x00, 0x00, 0x01, 0x18, 0x00, 0x00, 0x00, 0x24, 0x00, 0x00, 0x00, 
  0x44, 0x00, 0x00, 0x00, 0x48, 0x01, 0x00, 0x00, 0x00, 0x00, 0x00, 0x09, 
  0x74, 0x00, 0x00, 0x00, 0x03, 0x00, 0x00, 0x00, 0xff, 0xff, 0xff, 0xff, 
  0x0a, 0x00, 0x00, 0x00, 0x10, 0x00, 0x00, 0x00, 0x5c, 0xf5, 0xfe, 0xff, 
  0x08, 0x00, 0x00, 0x00, 0x14, 0x00, 0x00, 0x00, 0x01, 0x00, 0x00, 0x00, 
  0x80, 0xff, 0xff, 0xff, 0xff, 0xff, 0xff, 0xff, 0x00, 0x00, 0x00, 0x00, 
  0x01, 0x00, 0x00, 0x00, 0xca, 0xa1, 0xed, 0x3b, 0x35, 0x00, 0x00, 0x00, 
  0x73, 0x61, 0x66, 0x65, 0x62, 0x61, 0x6e, 0x64, 0x5f, 0x76, 0x32, 0x5f, 
  0x64, 0x65, 0x70, 0x6c, 0x6f, 0x79, 0x6d, 0x65, 0x6e, 0x74, 0x2f, 0x6d, 
  0x6f, 0x74, 0x69, 0x6f, 0x6e, 0x5f, 0x64, 0x65, 0x63, 0x6f, 0x64, 0x65, 
  0x72, 0x2f, 0x64, 0x65, 0x63, 0x5f, 0x72, 0x65, 0x70, 0x65, 0x61, 0x74, 
  0x2f, 0x54, 0x69, 0x6c, 0x65, 0x00, 0x00, 0x00, 0x03, 0x00, 0x00, 0x00, 
  0x01, 0x00, 0x00, 0x00, 0x0a, 0x00, 0x00, 0x00, 0x10, 0x00, 0x00, 0x00, 
  0x12, 0xf6, 0xfe, 0xff, 0x00, 0x00, 0x00, 0x01, 0x18, 0x00, 0x00, 0x00, 
  0x24, 0x00, 0x00, 0x00, 0x44, 0x00, 0x00, 0x00, 0x47, 0x01, 0x00, 0x00, 
  0x00, 0x00, 0x00, 0x09, 0x78, 0x00, 0x00, 0x00, 0x03, 0x00, 0x00, 0x00, 
  0xff, 0xff, 0xff, 0xff, 0x01, 0x00, 0x00, 0x00, 0x10, 0x00, 0x00, 0x00, 
  0xfc, 0xf5, 0xfe, 0xff, 0x08, 0x00, 0x00, 0x00, 0x14, 0x00, 0x00, 0x00, 
  0x01, 0x00, 0x00, 0x00, 0x80, 0xff, 0xff, 0xff, 0xff, 0xff, 0xff, 0xff, 
  0x00, 0x00, 0x00, 0x00, 0x01, 0x00, 0x00, 0x00, 0xca, 0xa1, 0xed, 0x3b, 
  0x3b, 0x00, 0x00, 0x00, 0x73, 0x61, 0x66, 0x65, 0x62, 0x61, 0x6e, 0x64, 
  0x5f, 0x76, 0x32, 0x5f, 0x64, 0x65, 0x70, 0x6c, 0x6f, 0x79, 0x6d, 0x65, 
  0x6e, 0x74, 0x2f, 0x6d, 0x6f, 0x74, 0x69, 0x6f, 0x6e, 0x5f, 0x64, 0x65, 
  0x63, 0x6f, 0x64, 0x65, 0x72, 0x2f, 0x64, 0x65, 0x63, 0x5f, 0x72, 0x65, 
  0x70, 0x65, 0x61, 0x74, 0x2f, 0x45, 0x78, 0x70, 0x61, 0x6e, 0x64, 0x44, 
  0x69, 0x6d, 0x73, 0x00, 0x03, 0x00, 0x00, 0x00, 0x01, 0x00, 0x00, 0x00, 
  0x01, 0x00, 0x00, 0x00, 0x10, 0x00, 0x00, 0x00, 0xb6, 0xf6, 0xfe, 0xff, 
  0x00, 0x00, 0x00, 0x01, 0x18, 0x00, 0x00, 0x00, 0x20, 0x00, 0x00, 0x00, 
  0x3c, 0x00, 0x00, 0x00, 0x46, 0x01, 0x00, 0x00, 0x00, 0x00, 0x00, 0x09, 
  0xd8, 0x00, 0x00, 0x00, 0x02, 0x00, 0x00, 0x00, 0xff, 0xff, 0xff, 0xff, 
  0x10, 0x00, 0x00, 0x00, 0x9c, 0xf6, 0xfe, 0xff, 0x08, 0x00, 0x00, 0x00, 
  0x10, 0x00, 0x00, 0x00, 0x01, 0x00, 0x00, 0x00, 0x80, 0xff, 0xff, 0xff, 
  0xff, 0xff, 0xff, 0xff, 0x01, 0x00, 0x00, 0x00, 0xca, 0xa1, 0xed, 0x3b, 
  0xa3, 0x00, 0x00, 0x00, 0x73, 0x61, 0x66, 0x65, 0x62, 0x61, 0x6e, 0x64, 
  0x5f, 0x76, 0x32, 0x5f, 0x64, 0x65, 0x70, 0x6c, 0x6f, 0x79, 0x6d, 0x65, 
  0x6e, 0x74, 0x2f, 0x6d, 0x6f, 0x74, 0x69, 0x6f, 0x6e, 0x5f, 0x64, 0x65, 
  0x63, 0x6f, 0x64, 0x65, 0x72, 0x2f, 0x64, 0x65, 0x63, 0x5f, 0x64, 0x65, 
  0x6e, 0x73, 0x65, 0x2f, 0x4d, 0x61, 0x74, 0x4d, 0x75, 0x6c, 0x3b, 0x73, 
  0x61, 0x66, 0x65, 0x62, 0x61, 0x6e, 0x64, 0x5f, 0x76, 0x32, 0x5f, 0x64, 
  0x65, 0x70, 0x6c, 0x6f, 0x79, 0x6d, 0x65, 0x6e, 0x74, 0x2f, 0x6d, 0x6f, 
  0x74, 0x69, 0x6f, 0x6e, 0x5f, 0x64, 0x65, 0x63, 0x6f, 0x64, 0x65, 0x72, 
  0x2f, 0x64, 0x65, 0x63, 0x5f, 0x64, 0x65, 0x6e, 0x73, 0x65, 0x2f, 0x52, 
  0x65, 0x6c, 0x75, 0x3b, 0x73, 0x61, 0x66, 0x65, 0x62, 0x61, 0x6e, 0x64, 
  0x5f, 0x76, 0x32, 0x5f, 0x64, 0x65, 0x70, 0x6c, 0x6f, 0x79, 0x6d, 0x65, 
  0x6e, 0x74, 0x2f, 0x6d, 0x6f, 0x74, 0x69, 0x6f, 0x6e, 0x5f, 0x64, 0x65, 
  0x63, 0x6f, 0x64, 0x65, 0x72, 0x2f, 0x64, 0x65, 0x63, 0x5f, 0x64, 0x65, 
  0x6e, 0x73, 0x65, 0x2f, 0x42, 0x69, 0x61, 0x73, 0x41, 0x64, 0x64, 0x00, 
  0x02, 0x00, 0x00, 0x00, 0x01, 0x00, 0x00, 0x00, 0x10, 0x00, 0x00, 0x00, 
  0xb6, 0xf7, 0xfe, 0xff, 0x00, 0x00, 0x00, 0x01, 0x18, 0x00, 0x00, 0x00, 
  0x20, 0x00, 0x00, 0x00, 0x3c, 0x00, 0x00, 0x00, 0x45, 0x01, 0x00, 0x00, 
  0x00, 0x00, 0x00, 0x09, 0x60, 0x00, 0x00, 0x00, 0x02, 0x00, 0x00, 0x00, 
  0xff, 0xff, 0xff, 0xff, 0x14, 0x00, 0x00, 0x00, 0x9c, 0xf7, 0xfe, 0xff, 
  0x08, 0x00, 0x00, 0x00, 0x10, 0x00, 0x00, 0x00, 0x01, 0x00, 0x00, 0x00, 
  0xa3, 0xff, 0xff, 0xff, 0xff, 0xff, 0xff, 0xff, 0x01, 0x00, 0x00, 0x00, 
  0x0c, 0x3e, 0x8b, 0x3c, 0x2a, 0x00, 0x00, 0x00, 0x73, 0x61, 0x66, 0x65, 
  0x62, 0x61, 0x6e, 0x64, 0x5f, 0x76, 0x32, 0x5f, 0x64, 0x65, 0x70, 0x6c, 
  0x6f, 0x79, 0x6d, 0x65, 0x6e, 0x74, 0x2f, 0x66, 0x75, 0x73, 0x65, 0x64, 
  0x5f, 0x6c, 0x61, 0x74, 0x65, 0x6e, 0x74, 0x2f, 0x63, 0x6f, 0x6e, 0x63, 
  0x61, 0x74, 0x00, 0x00, 0x02, 0x00, 0x00, 0x00, 0x01, 0x00, 0x00, 0x00, 
  0x14, 0x00, 0x00, 0x00, 0x3e, 0xf8, 0xfe, 0xff, 0x00, 0x00, 0x00, 0x01, 
  0x18, 0x00, 0x00, 0x00, 0x20, 0x00, 0x00, 0x00, 0x3c, 0x00, 0x00, 0x00, 
  0x44, 0x01, 0x00, 0x00, 0x00, 0x00, 0x00, 0x09, 0x50, 0x00, 0x00, 0x00, 
  0x02, 0x00, 0x00, 0x00, 0xff, 0xff, 0xff, 0xff, 0x10, 0x00, 0x00, 0x00, 
  0x24, 0xf8, 0xfe, 0xff, 0x08, 0x00, 0x00, 0x00, 0x10, 0x00, 0x00, 0x00, 
  0x01, 0x00, 0x00, 0x00, 0xa3, 0xff, 0xff, 0xff, 0xff, 0xff, 0xff, 0xff, 
  0x01, 0x00, 0x00, 0x00, 0x0c, 0x3e, 0x8b, 0x3c, 0x19, 0x00, 0x00, 0x00, 
  0x53, 0x74, 0x61, 0x74, 0x65, 0x66, 0x75, 0x6c, 0x50, 0x61, 0x72, 0x74, 
  0x69, 0x74, 0x69, 0x6f, 0x6e, 0x65, 0x64, 0x43, 0x61, 0x6c, 0x6c, 0x3a, 
  0x30, 0x00, 0x00, 0x00, 0x02, 0x00, 0x00, 0x00, 0x01, 0x00, 0x00, 0x00, 
  0x10, 0x00, 0x00, 0x00, 0xb6, 0xf8, 0xfe, 0xff, 0x00, 0x00, 0x00, 0x01, 
  0x18, 0x00, 0x00, 0x00, 0x20, 0x00, 0x00, 0x00, 0x3c, 0x00, 0x00, 0x00, 
  0x43, 0x01, 0x00, 0x00, 0x00, 0x00, 0x00, 0x09, 0x50, 0x00, 0x00, 0x00, 
  0x02, 0x00, 0x00, 0x00, 0xff, 0xff, 0xff, 0xff, 0x10, 0x00, 0x00, 0x00, 
  0x9c, 0xf8, 0xfe, 0xff, 0x08, 0x00, 0x00, 0x00, 0x10, 0x00, 0x00, 0x00, 
  0x01, 0x00, 0x00, 0x00, 0x00, 0x00, 0x00, 0x00, 0x00, 0x00, 0x00, 0x00, 
  0x01, 0x00, 0x00, 0x00, 0x00, 0x00, 0x00, 0x3c, 0x1a, 0x00, 0x00, 0x00, 
  0x53, 0x74, 0x61, 0x74, 0x65, 0x66, 0x75, 0x6c, 0x50, 0x61, 0x72, 0x74, 
  0x69, 0x74, 0x69, 0x6f, 0x6e, 0x65, 0x64, 0x43, 0x61, 0x6c, 0x6c, 0x3a, 
  0x30, 0x31, 0x00, 0x00, 0x02, 0x00, 0x00, 0x00, 0x01, 0x00, 0x00, 0x00, 
  0x10, 0x00, 0x00, 0x00, 0x2e, 0xf9, 0xfe, 0xff, 0x00, 0x00, 0x00, 0x01, 
  0x18, 0x00, 0x00, 0x00, 0x20, 0x00, 0x00, 0x00, 0x40, 0x00, 0x00, 0x00, 
  0x42, 0x01, 0x00, 0x00, 0x00, 0x00, 0x00, 0x09, 0xb0, 0x00, 0x00, 0x00, 
  0x02, 0x00, 0x00, 0x00, 0xff, 0xff, 0xff, 0xff, 0x10, 0x00, 0x00, 0x00, 
  0x14, 0xf9, 0xfe, 0xff, 0x08, 0x00, 0x00, 0x00, 0x14, 0x00, 0x00, 0x00, 
  0x01, 0x00, 0x00, 0x00, 0x0f, 0x00, 0x00, 0x00, 0x00, 0x00, 0x00, 0x00, 
  0x00, 0x00, 0x00, 0x00, 0x01, 0x00, 0x00, 0x00, 0x77, 0xdb, 0xc6, 0x39, 
  0x76, 0x00, 0x00, 0x00, 0x73, 0x61, 0x66, 0x65, 0x62, 0x61, 0x6e, 0x64, 
  0x5f, 0x76, 0x32, 0x5f, 0x64, 0x65, 0x70, 0x6c, 0x6f, 0x79, 0x6d, 0x65, 
  0x6e, 0x74, 0x2f, 0x6d, 0x6f, 0x74, 0x69, 0x6f, 0x6e, 0x5f, 0x65, 0x6e, 
  0x63, 0x6f, 0x64, 0x65, 0x72, 0x2f, 0x65, 0x6e, 0x63, 0x5f, 0x73, 0x65, 
  0x71, 0x5f, 0x64, 0x65, 0x6e, 0x73, 0x65, 0x2f, 0x4d, 0x61, 0x74, 0x4d, 
  0x75, 0x6c, 0x3b, 0x73, 0x61, 0x66, 0x65, 0x62, 0x61, 0x6e, 0x64, 0x5f, 
  0x76, 0x32, 0x5f, 0x64, 0x65, 0x70, 0x6c, 0x6f, 0x79, 0x6d, 0x65, 0x6e, 
  0x74, 0x2f, 0x6d, 0x6f, 0x74, 0x69, 0x6f, 0x6e, 0x5f, 0x65, 0x6e, 0x63, 
  0x6f, 0x64, 0x65, 0x72, 0x2f, 0x65, 0x6e, 0x63, 0x5f, 0x73, 0x65, 0x71, 
  0x5f, 0x64, 0x65, 0x6e, 0x73, 0x65, 0x2f, 0x42, 0x69, 0x61, 0x73, 0x41, 
  0x64, 0x64, 0x00, 0x00, 0x02, 0x00, 0x00, 0x00, 0x01, 0x00, 0x00, 0x00, 
  0x10, 0x00, 0x00, 0x00, 0x06, 0xfa, 0xfe, 0xff, 0x00, 0x00, 0x00, 0x01, 
  0x18, 0x00, 0x00, 0x00, 0x20, 0x00, 0x00, 0x00, 0x40, 0x00, 0x00, 0x00, 
  0x41, 0x01, 0x00, 0x00, 0x00, 0x00, 0x00, 0x09, 0x80, 0x00, 0x00, 0x00, 
  0x02, 0x00, 0x00, 0x00, 0xff, 0xff, 0xff, 0xff, 0x04, 0x00, 0x00, 0x00, 
  0xec, 0xf9, 0xfe, 0xff, 0x08, 0x00, 0x00, 0x00, 0x14, 0x00, 0x00, 0x00, 
  0x01, 0x00, 0x00, 0x00, 0xec, 0xff, 0xff, 0xff, 0xff, 0xff, 0xff, 0xff, 
  0x00, 0x00, 0x00, 0x00, 0x01, 0x00, 0x00, 0x00, 0x45, 0x03, 0xad, 0x3a, 
  0x44, 0x00, 0x00, 0x00, 0x73, 0x61, 0x66, 0x65, 0x62, 0x61, 0x6e, 0x64, 
  0x5f, 0x76, 0x32, 0x5f, 0x64, 0x65, 0x70, 0x6c, 0x6f, 0x79, 0x6d, 0x65, 
  0x6e, 0x74, 0x2f, 0x6d, 0x6f, 0x74, 0x69, 0x6f, 0x6e, 0x5f, 0x65, 0x6e, 
  0x63, 0x6f, 0x64, 0x65, 0x72, 0x2f, 0x65, 0x6e, 0x63, 0x5f, 0x73, 0x65, 
  0x71, 0x5f, 0x67, 0x72, 0x75, 0x32, 0x2f, 0x67, 0x72, 0x75, 0x5f, 0x63, 
  0x65, 0x6c, 0x6c, 0x5f, 0x31, 0x2f, 0x61, 0x64, 0x64, 0x5f, 0x31, 0x39, 
  0x00, 0x00, 0x00, 0x00, 0x02, 0x00, 0x00, 0x00, 0x01, 0x00, 0x00, 0x00, 
  0x04, 0x00, 0x00, 0x00, 0xae, 0xfa, 0xfe, 0xff, 0x00, 0x00, 0x00, 0x01, 
  0x18, 0x00, 0x00, 0x00, 0x20, 0x00, 0x00, 0x00, 0x40, 0x00, 0x00, 0x00, 
  0x40, 0x01, 0x00, 0x00, 0x00, 0x00, 0x00, 0x09, 0x80, 0x00, 0x00, 0x00, 
  0x02, 0x00, 0x00, 0x00, 0xff, 0xff, 0xff, 0xff, 0x04, 0x00, 0x00, 0x00, 
  0x94, 0xfa, 0xfe, 0xff, 0x08, 0x00, 0x00, 0x00, 0x14, 0x00, 0x00, 0x00, 
  0x01, 0x00, 0x00, 0x00, 0xdf, 0xff, 0xff, 0xff, 0xff, 0xff, 0xff, 0xff, 
  0x00, 0x00, 0x00, 0x00, 0x01, 0x00, 0x00, 0x00, 0x12, 0x94, 0x3e, 0x3a, 
  0x44, 0x00, 0x00, 0x00, 0x73, 0x61, 0x66, 0x65, 0x62, 0x61, 0x6e, 0x64, 
  0x5f, 0x76, 0x32, 0x5f, 0x64, 0x65, 0x70, 0x6c, 0x6f, 0x79, 0x6d, 0x65, 
  0x6e, 0x74, 0x2f, 0x6d, 0x6f, 0x74, 0x69, 0x6f, 0x6e, 0x5f, 0x65, 0x6e, 
  0x63, 0x6f, 0x64, 0x65, 0x72, 0x2f, 0x65, 0x6e, 0x63, 0x5f, 0x73, 0x65, 
  0x71, 0x5f, 0x67, 0x72, 0x75, 0x32, 0x2f, 0x67, 0x72, 0x75, 0x5f, 0x63, 
  0x65, 0x6c, 0x6c, 0x5f, 0x31, 0x2f, 0x6d, 0x75, 0x6c, 0x5f, 0x31, 0x34, 
  0x00, 0x00, 0x00, 0x00, 0x02, 0x00, 0x00, 0x00, 0x01, 0x00, 0x00, 0x00, 
  0x04, 0x00, 0x00, 0x00, 0x56, 0xfb, 0xfe, 0xff, 0x00, 0x00, 0x00, 0x01, 
  0x18, 0x00, 0x00, 0x00, 0x20, 0x00, 0x00, 0x00, 0x40, 0x00, 0x00, 0x00, 
  0x3f, 0x01, 0x00, 0x00, 0x00, 0x00, 0x00, 0x09, 0x80, 0x00, 0x00, 0x00, 
  0x02, 0x00, 0x00, 0x00, 0xff, 0xff, 0xff, 0xff, 0x04, 0x00, 0x00, 0x00, 
  0x3c, 0xfb, 0xfe, 0xff, 0x08, 0x00, 0x00, 0x00, 0x14, 0x00, 0x00, 0x00, 
  0x01, 0x00, 0x00, 0x00, 0x00, 0x00, 0x00, 0x00, 0x00, 0x00, 0x00, 0x00, 
  0x00, 0x00, 0x00, 0x00, 0x01, 0x00, 0x00, 0x00, 0x00, 0x00, 0x00, 0x3c, 
  0x44, 0x00, 0x00, 0x00, 0x73, 0x61, 0x66, 0x65, 0x62, 0x61, 0x6e, 0x64, 
  0x5f, 0x76, 0x32, 0x5f, 0x64, 0x65, 0x70, 0x6c, 0x6f, 0x79, 0x6d, 0x65, 
  0x6e, 0x74, 0x2f, 0x6d, 0x6f, 0x74, 0x69, 0x6f, 0x6e, 0x5f, 0x65, 0x6e, 
  0x63, 0x6f, 0x64, 0x65, 0x72, 0x2f, 0x65, 0x6e, 0x63, 0x5f, 0x73, 0x65, 
  0x71, 0x5f, 0x67, 0x72, 0x75, 0x32, 0x2f, 0x67, 0x72, 0x75, 0x5f, 0x63, 
  0x65, 0x6c, 0x6c, 0x5f, 0x31, 0x2f, 0x54, 0x61, 0x6e, 0x68, 0x5f, 0x34, 
  0x00, 0x00, 0x00, 0x00, 0x02, 0x00, 0x00, 0x00, 0x01, 0x00, 0x00, 0x00, 
  0x04, 0x00, 0x00, 0x00, 0xfe, 0xfb, 0xfe, 0xff, 0x00, 0x00, 0x00, 0x01, 
  0x18, 0x00, 0x00, 0x00, 0x20, 0x00, 0x00, 0x00, 0x40, 0x00, 0x00, 0x00, 
  0x3e, 0x01, 0x00, 0x00, 0x00, 0x00, 0x00, 0x09, 0x80, 0x00, 0x00, 0x00, 
  0x02, 0x00, 0x00, 0x00, 0xff, 0xff, 0xff, 0xff, 0x04, 0x00, 0x00, 0x00, 
  0xe4, 0xfb, 0xfe, 0xff, 0x08, 0x00, 0x00, 0x00, 0x14, 0x00, 0x00, 0x00, 
  0x01, 0x00, 0x00, 0x00, 0xef, 0xff, 0xff, 0xff, 0xff, 0xff, 0xff, 0xff, 
  0x00, 0x00, 0x00, 0x00, 0x01, 0x00, 0x00, 0x00, 0x24, 0xf2, 0xc7, 0x3a, 
  0x44, 0x00, 0x00, 0x00, 0x73, 0x61, 0x66, 0x65, 0x62, 0x61, 0x6e, 0x64, 
  0x5f, 0x76, 0x32, 0x5f, 0x64, 0x65, 0x70, 0x6c, 0x6f, 0x79, 0x6d, 0x65, 
  0x6e, 0x74, 0x2f, 0x6d, 0x6f, 0x74, 0x69, 0x6f, 0x6e, 0x5f, 0x65, 0x6e, 
  0x63, 0x6f, 0x64, 0x65, 0x72, 0x2f, 0x65, 0x6e, 0x63, 0x5f, 0x73, 0x65, 
  0x71, 0x5f, 0x67, 0x72, 0x75, 0x32, 0x2f, 0x67, 0x72, 0x75, 0x5f, 0x63, 
  0x65, 0x6c, 0x6c, 0x5f, 0x31, 0x2f, 0x61, 0x64, 0x64, 0x5f, 0x31, 0x38, 
  0x00, 0x00, 0x00, 0x00, 0x02, 0x00, 0x00, 0x00, 0x01, 0x00, 0x00, 0x00, 
  0x04, 0x00, 0x00, 0x00, 0xa6, 0xfc, 0xfe, 0xff, 0x00, 0x00, 0x00, 0x01, 
  0x18, 0x00, 0x00, 0x00, 0x20, 0x00, 0x00, 0x00, 0x40, 0x00, 0x00, 0x00, 
  0x3d, 0x01, 0x00, 0x00, 0x00, 0x00, 0x00, 0x09, 0x80, 0x00, 0x00, 0x00, 
  0x02, 0x00, 0x00, 0x00, 0xff, 0xff, 0xff, 0xff, 0x04, 0x00, 0x00, 0x00, 
  0x8c, 0xfc, 0xfe, 0xff, 0x08, 0x00, 0x00, 0x00, 0x14, 0x00, 0x00, 0x00, 
  0x01, 0x00, 0x00, 0x00, 0xce, 0xff, 0xff, 0xff, 0xff, 0xff, 0xff, 0xff, 
  0x00, 0x00, 0x00, 0x00, 0x01, 0x00, 0x00, 0x00, 0x54, 0x87, 0x02, 0x3a, 
  0x44, 0x00, 0x00, 0x00, 0x73, 0x61, 0x66, 0x65, 0x62, 0x61, 0x6e, 0x64, 
  0x5f, 0x76, 0x32, 0x5f, 0x64, 0x65, 0x70, 0x6c, 0x6f, 0x79, 0x6d, 0x65, 
  0x6e, 0x74, 0x2f, 0x6d, 0x6f, 0x74, 0x69, 0x6f, 0x6e, 0x5f, 0x65, 0x6e, 
  0x63, 0x6f, 0x64, 0x65, 0x72, 0x2f, 0x65, 0x6e, 0x63, 0x5f, 0x73, 0x65, 
  0x71, 0x5f, 0x67, 0x72, 0x75, 0x32, 0x2f, 0x67, 0x72, 0x75, 0x5f, 0x63, 
  0x65, 0x6c, 0x6c, 0x5f, 0x31, 0x2f, 0x6d, 0x75, 0x6c, 0x5f, 0x31, 0x32, 
  0x00, 0x00, 0x00, 0x00, 0x02, 0x00, 0x00, 0x00, 0x01, 0x00, 0x00, 0x00, 
  0x04, 0x00, 0x00, 0x00, 0x4e, 0xfd, 0xfe, 0xff, 0x00, 0x00, 0x00, 0x01, 
  0x18, 0x00, 0x00, 0x00, 0x20, 0x00, 0x00, 0x00, 0x40, 0x00, 0x00, 0x00, 
  0x3c, 0x01, 0x00, 0x00, 0x00, 0x00, 0x00, 0x09, 0x80, 0x00, 0x00, 0x00, 
  0x02, 0x00, 0x00, 0x00, 0xff, 0xff, 0xff, 0xff, 0x04, 0x00, 0x00, 0x00, 
  0x34, 0xfd, 0xfe, 0xff, 0x08, 0x00, 0x00, 0x00, 0x14, 0x00, 0x00, 0x00, 
  0x01, 0x00, 0x00, 0x00, 0x80, 0xff, 0xff, 0xff, 0xff, 0xff, 0xff, 0xff, 
  0x00, 0x00, 0x00, 0x00, 0x01, 0x00, 0x00, 0x00, 0x00, 0x00, 0x80, 0x3b, 
  0x47, 0x00, 0x00, 0x00, 0x73, 0x61, 0x66, 0x65, 0x62, 0x61, 0x6e, 0x64, 
  0x5f, 0x76, 0x32, 0x5f, 0x64, 0x65, 0x70, 0x6c, 0x6f, 0x79, 0x6d, 0x65, 
  0x6e, 0x74, 0x2f, 0x6d, 0x6f, 0x74, 0x69, 0x6f, 0x6e, 0x5f, 0x65, 0x6e, 
  0x63, 0x6f, 0x64, 0x65, 0x72, 0x2f, 0x65, 0x6e, 0x63, 0x5f, 0x73, 0x65, 
  0x71, 0x5f, 0x67, 0x72, 0x75, 0x32, 0x2f, 0x67, 0x72, 0x75, 0x5f, 0x63, 
  0x65, 0x6c, 0x6c, 0x5f, 0x31, 0x2f, 0x53, 0x69, 0x67, 0x6d, 0x6f, 0x69, 
  0x64, 0x5f, 0x39, 0x00, 0x02, 0x00, 0x00, 0x00, 0x01, 0x00, 0x00, 0x00, 
  0x04, 0x00, 0x00, 0x00, 0xf6, 0xfd, 0xfe, 0xff, 0x00, 0x00, 0x00, 0x01, 
  0x18, 0x00, 0x00, 0x00, 0x20, 0x00, 0x00, 0x00, 0x40, 0x00, 0x00, 0x00, 
  0x3b, 0x01, 0x00, 0x00, 0x00, 0x00, 0x00, 0x09, 0x80, 0x00, 0x00, 0x00, 
  0x02, 0x00, 0x00, 0x00, 0xff, 0xff, 0xff, 0xff, 0x04, 0x00, 0x00, 0x00, 
  0xdc, 0xfd, 0xfe, 0xff, 0x08, 0x00, 0x00, 0x00, 0x14, 0x00, 0x00, 0x00, 
  0x01, 0x00, 0x00, 0x00, 0x01, 0x00, 0x00, 0x00, 0x00, 0x00, 0x00, 0x00, 
  0x00, 0x00, 0x00, 0x00, 0x01, 0x00, 0x00, 0x00, 0x1f, 0x49, 0x95, 0x3b, 
  0x44, 0x00, 0x00, 0x00, 0x73, 0x61, 0x66, 0x65, 0x62, 0x61, 0x6e, 0x64, 
  0x5f, 0x76, 0x32, 0x5f, 0x64, 0x65, 0x70, 0x6c, 0x6f, 0x79, 0x6d, 0x65, 
  0x6e, 0x74, 0x2f, 0x6d, 0x6f, 0x74, 0x69, 0x6f, 0x6e, 0x5f, 0x65, 0x6e, 
  0x63, 0x6f, 0x64, 0x65, 0x72, 0x2f, 0x65, 0x6e, 0x63, 0x5f, 0x73, 0x65, 
  0x71, 0x5f, 0x67, 0x72, 0x75, 0x32, 0x2f, 0x67, 0x72, 0x75, 0x5f, 0x63, 
  0x65, 0x6c, 0x6c, 0x5f, 0x31, 0x2f, 0x61, 0x64, 0x64, 0x5f, 0x31, 0x37, 
  0x00, 0x00, 0x00, 0x00, 0x02, 0x00, 0x00, 0x00, 0x01, 0x00, 0x00, 0x00, 
  0x04, 0x00, 0x00, 0x00, 0x9e, 0xfe, 0xfe, 0xff, 0x00, 0x00, 0x00, 0x01, 
  0x18, 0x00, 0x00, 0x00, 0x20, 0x00, 0x00, 0x00, 0x3c, 0x00, 0x00, 0x00, 
  0x3a, 0x01, 0x00, 0x00, 0x00, 0x00, 0x00, 0x09, 0x78, 0x00, 0x00, 0x00, 
  0x02, 0x00, 0x00, 0x00, 0xff, 0xff, 0xff, 0xff, 0x04, 0x00, 0x00, 0x00, 
  0x84, 0xfe, 0xfe, 0xff, 0x08, 0x00, 0x00, 0x00, 0x10, 0x00, 0x00, 0x00, 
  0x01, 0x00, 0x00, 0x00, 0x80, 0xff, 0xff, 0xff, 0xff, 0xff, 0xff, 0xff, 
  0x01, 0x00, 0x00, 0x00, 0x50, 0x2d, 0x0d, 0x3b, 0x43, 0x00, 0x00, 0x00, 
  0x73, 0x61, 0x66, 0x65, 0x62, 0x61, 0x6e, 0x64, 0x5f, 0x76, 0x32, 0x5f, 
  0x64, 0x65, 0x70, 0x6c, 0x6f, 0x79, 0x6d, 0x65, 0x6e, 0x74, 0x2f, 0x6d, 
  0x6f, 0x74, 0x69, 0x6f, 0x6e, 0x5f, 0x65, 0x6e, 0x63, 0x6f, 0x64, 0x65, 
  0x72, 0x2f, 0x65, 0x6e, 0x63, 0x5f, 0x73, 0x65, 0x71, 0x5f, 0x67, 0x72, 
  0x75, 0x32, 0x2f, 0x67, 0x72, 0x75, 0x5f, 0x63, 0x65, 0x6c, 0x6c, 0x5f, 
  0x31, 0x2f, 0x73, 0x75, 0x62, 0x5f, 0x34, 0x00, 0x02, 0x00, 0x00, 0x00, 
  0x01, 0x00, 0x00, 0x00, 0x04, 0x00, 0x00, 0x00, 0x3e, 0xff, 0xfe, 0xff, 
  0x00, 0x00, 0x00, 0x01, 0x18, 0x00, 0x00, 0x00, 0x20, 0x00, 0x00, 0x00, 
  0x40, 0x00, 0x00, 0x00, 0x39, 0x01, 0x00, 0x00, 0x00, 0x00, 0x00, 0x09, 
  0x80, 0x00, 0x00, 0x00, 0x02, 0x00, 0x00, 0x00, 0xff, 0xff, 0xff, 0xff, 
  0x04, 0x00, 0x00, 0x00, 0x24, 0xff, 0xfe, 0xff, 0x08, 0x00, 0x00, 0x00, 
  0x14, 0x00, 0x00, 0x00, 0x01, 0x00, 0x00, 0x00, 0xfd, 0xff, 0xff, 0xff, 
  0xff, 0xff, 0xff, 0xff, 0x00, 0x00, 0x00, 0x00, 0x01, 0x00, 0x00, 0x00, 
  0x78, 0x72, 0x1b, 0x3a, 0x44, 0x00, 0x00, 0x00, 0x73, 0x61, 0x66, 0x65, 
  0x62, 0x61, 0x6e, 0x64, 0x5f, 0x76, 0x32, 0x5f, 0x64, 0x65, 0x70, 0x6c, 
  0x6f, 0x79, 0x6d, 0x65, 0x6e, 0x74, 0x2f, 0x6d, 0x6f, 0x74, 0x69, 0x6f, 
  0x6e, 0x5f, 0x65, 0x6e, 0x63, 0x6f, 0x64, 0x65, 0x72, 0x2f, 0x65, 0x6e, 
  0x63, 0x5f, 0x73, 0x65, 0x71, 0x5f, 0x67, 0x72, 0x75, 0x32, 0x2f, 0x67, 
  0x72, 0x75, 0x5f, 0x63, 0x65, 0x6c, 0x6c, 0x5f, 0x31, 0x2f, 0x6d, 0x75, 
  0x6c, 0x5f, 0x31, 0x33, 0x00, 0x00, 0x00, 0x00, 0x02, 0x00, 0x00, 0x00, 
  0x01, 0x00, 0x00, 0x00, 0x04, 0x00, 0x00, 0x00, 0xe6, 0xff, 0xfe, 0xff, 
  0x00, 0x00, 0x00, 0x01, 0x18, 0x00, 0x00, 0x00, 0x20, 0x00, 0x00, 0x00, 
  0x40, 0x00, 0x00, 0x00, 0x38, 0x01, 0x00, 0x00, 0x00, 0x00, 0x00, 0x09, 
  0x80, 0x00, 0x00, 0x00, 0x02, 0x00, 0x00, 0x00, 0xff, 0xff, 0xff, 0xff, 
  0x04, 0x00, 0x00, 0x00, 0xcc, 0xff, 0xfe, 0xff, 0x08, 0x00, 0x00, 0x00, 
  0x14, 0x00, 0x00, 0x00, 0x01, 0x00, 0x00, 0x00, 0x80, 0xff, 0xff, 0xff, 
  0xff, 0xff, 0xff, 0xff, 0x00, 0x00, 0x00, 0x00, 0x01, 0x00, 0x00, 0x00, 
  0x00, 0x00, 0x80, 0x3b, 0x47, 0x00, 0x00, 0x00, 0x73, 0x61, 0x66, 0x65, 
  0x62, 0x61, 0x6e, 0x64, 0x5f, 0x76, 0x32, 0x5f, 0x64, 0x65, 0x70, 0x6c, 
  0x6f, 0x79, 0x6d, 0x65, 0x6e, 0x74, 0x2f, 0x6d, 0x6f, 0x74, 0x69, 0x6f, 
  0x6e, 0x5f, 0x65, 0x6e, 0x63, 0x6f, 0x64, 0x65, 0x72, 0x2f, 0x65, 0x6e, 
  0x63, 0x5f, 0x73, 0x65, 0x71, 0x5f, 0x67, 0x72, 0x75, 0x32, 0x2f, 0x67, 
  0x72, 0x75, 0x5f, 0x63, 0x65, 0x6c, 0x6c, 0x5f, 0x31, 0x2f, 0x53, 0x69, 
  0x67, 0x6d, 0x6f, 0x69, 0x64, 0x5f, 0x38, 0x00, 0x02, 0x00, 0x00, 0x00, 
  0x01, 0x00, 0x00, 0x00, 0x04, 0x00, 0x00, 0x00, 0x8e, 0x00, 0xff, 0xff, 
  0x00, 0x00, 0x00, 0x01, 0x18, 0x00, 0x00, 0x00, 0x20, 0x00, 0x00, 0x00, 
  0x40, 0x00, 0x00, 0x00, 0x37, 0x01, 0x00, 0x00, 0x00, 0x00, 0x00, 0x09, 
  0x80, 0x00, 0x00, 0x00, 0x02, 0x00, 0x00, 0x00, 0xff, 0xff, 0xff, 0xff, 
  0x04, 0x00, 0x00, 0x00, 0x74, 0x00, 0xff, 0xff, 0x08, 0x00, 0x00, 0x00, 
  0x14, 0x00, 0x00, 0x00, 0x01, 0x00, 0x00, 0x00, 0xbd, 0xff, 0xff, 0xff, 
  0xff, 0xff, 0xff, 0xff, 0x00, 0x00, 0x00, 0x00, 0x01, 0x00, 0x00, 0x00, 
  0x30, 0xf1, 0x55, 0x3b, 0x44, 0x00, 0x00, 0x00, 0x73, 0x61, 0x66, 0x65, 
  0x62, 0x61, 0x6e, 0x64, 0x5f, 0x76, 0x32, 0x5f, 0x64, 0x65, 0x70, 0x6c, 
  0x6f, 0x79, 0x6d, 0x65, 0x6e, 0x74, 0x2f, 0x6d, 0x6f, 0x74, 0x69, 0x6f, 
  0x6e, 0x5f, 0x65, 0x6e, 0x63, 0x6f, 0x64, 0x65, 0x72, 0x2f, 0x65, 0x6e, 
  0x63, 0x5f, 0x73, 0x65, 0x71, 0x5f, 0x67, 0x72, 0x75, 0x32, 0x2f, 0x67, 
  0x72, 0x75, 0x5f, 0x63, 0x65, 0x6c, 0x6c, 0x5f, 0x31, 0x2f, 0x61, 0x64, 
  0x64, 0x5f, 0x31, 0x36, 0x00, 0x00, 0x00, 0x00, 0x02, 0x00, 0x00, 0x00, 
  0x01, 0x00, 0x00, 0x00, 0x04, 0x00, 0x00, 0x00, 0x36, 0x01, 0xff, 0xff, 
  0x00, 0x00, 0x00, 0x01, 0x18, 0x00, 0x00, 0x00, 0x20, 0x00, 0x00, 0x00, 
  0x40, 0x00, 0x00, 0x00, 0x36, 0x01, 0x00, 0x00, 0x00, 0x00, 0x00, 0x09, 
  0x10, 0x01, 0x00, 0x00, 0x02, 0x00, 0x00, 0x00, 0xff, 0xff, 0xff, 0xff, 
  0x04, 0x00, 0x00, 0x00, 0x1c, 0x01, 0xff, 0xff, 0x08, 0x00, 0x00, 0x00, 
  0x14, 0x00, 0x00, 0x00, 0x01, 0x00, 0x00, 0x00, 0xff, 0xff, 0xff, 0xff, 
  0xff, 0xff, 0xff, 0xff, 0x00, 0x00, 0x00, 0x00, 0x01, 0x00, 0x00, 0x00, 
  0xa3, 0x92, 0x3e, 0x3b, 0xd4, 0x00, 0x00, 0x00, 0x73, 0x61, 0x66, 0x65, 
  0x62, 0x61, 0x6e, 0x64, 0x5f, 0x76, 0x32, 0x5f, 0x64, 0x65, 0x70, 0x6c, 
  0x6f, 0x79, 0x6d, 0x65, 0x6e, 0x74, 0x2f, 0x6d, 0x6f, 0x74, 0x69, 0x6f, 
  0x6e, 0x5f, 0x65, 0x6e, 0x63, 0x6f, 0x64, 0x65, 0x72, 0x2f, 0x65, 0x6e, 
  0x63, 0x5f, 0x73, 0x65, 0x71, 0x5f, 0x67, 0x72, 0x75, 0x32, 0x2f, 0x67, 
  0x72, 0x75, 0x5f, 0x63, 0x65, 0x6c, 0x6c, 0x5f, 0x31, 0x2f, 0x73, 0x70, 
  0x6c, 0x69, 0x74, 0x5f, 0x38, 0x3b, 0x73, 0x61, 0x66, 0x65, 0x62, 0x61, 
  0x6e, 0x64, 0x5f, 0x76, 0x32, 0x5f, 0x64, 0x65, 0x70, 0x6c, 0x6f, 0x79, 
  0x6d, 0x65, 0x6e, 0x74, 0x2f, 0x6d, 0x6f, 0x74, 0x69, 0x6f, 0x6e, 0x5f, 
  0x65, 0x6e, 0x63, 0x6f, 0x64, 0x65, 0x72, 0x2f, 0x65, 0x6e, 0x63, 0x5f, 
  0x73, 0x65, 0x71, 0x5f, 0x67, 0x72, 0x75, 0x32, 0x2f, 0x67, 0x72, 0x75, 
  0x5f, 0x63, 0x65, 0x6c, 0x6c, 0x5f, 0x31, 0x2f, 0x73, 0x70, 0x6c, 0x69, 
  0x74, 0x5f, 0x38, 0x31, 0x3b, 0x73, 0x61, 0x66, 0x65, 0x62, 0x61, 0x6e, 
  0x64, 0x5f, 0x76, 0x32, 0x5f, 0x64, 0x65, 0x70, 0x6c, 0x6f, 0x79, 0x6d, 
  0x65, 0x6e, 0x74, 0x2f, 0x6d, 0x6f, 0x74, 0x69, 0x6f, 0x6e, 0x5f, 0x65, 
  0x6e, 0x63, 0x6f, 0x64, 0x65, 0x72, 0x2f, 0x65, 0x6e, 0x63, 0x5f, 0x73, 
  0x65, 0x71, 0x5f, 0x67, 0x72, 0x75, 0x32, 0x2f, 0x67, 0x72, 0x75, 0x5f, 
  0x63, 0x65, 0x6c, 0x6c, 0x5f, 0x31, 0x2f, 0x73, 0x70, 0x6c, 0x69, 0x74, 
  0x5f, 0x38, 0x32, 0x32, 0x00, 0x00, 0x00, 0x00, 0x02, 0x00, 0x00, 0x00, 
  0x01, 0x00, 0x00, 0x00, 0x04, 0x00, 0x00, 0x00, 0x6e, 0x02, 0xff, 0xff, 
  0x00, 0x00, 0x00, 0x01, 0x18, 0x00, 0x00, 0x00, 0x20, 0x00, 0x00, 0x00, 
  0x40, 0x00, 0x00, 0x00, 0x35, 0x01, 0x00, 0x00, 0x00, 0x00, 0x00, 0x09, 
  0x10, 0x01, 0x00, 0x00, 0x02, 0x00, 0x00, 0x00, 0xff, 0xff, 0xff, 0xff, 
  0x04, 0x00, 0x00, 0x00, 0x54, 0x02, 0xff, 0xff, 0x08, 0x00, 0x00, 0x00, 
  0x14, 0x00, 0x00, 0x00, 0x01, 0x00, 0x00, 0x00, 0xff, 0xff, 0xff, 0xff, 
  0xff, 0xff, 0xff, 0xff, 0x00, 0x00, 0x00, 0x00, 0x01, 0x00, 0x00, 0x00, 
  0xa3, 0x92, 0x3e, 0x3b, 0xd4, 0x00, 0x00, 0x00, 0x73, 0x61, 0x66, 0x65, 
  0x62, 0x61, 0x6e, 0x64, 0x5f, 0x76, 0x32, 0x5f, 0x64, 0x65, 0x70, 0x6c, 
  0x6f, 0x79, 0x6d, 0x65, 0x6e, 0x74, 0x2f, 0x6d, 0x6f, 0x74, 0x69, 0x6f, 
  0x6e, 0x5f, 0x65, 0x6e, 0x63, 0x6f, 0x64, 0x65, 0x72, 0x2f, 0x65, 0x6e, 
  0x63, 0x5f, 0x73, 0x65, 0x71, 0x5f, 0x67, 0x72, 0x75, 0x32, 0x2f, 0x67, 
  0x72, 0x75, 0x5f, 0x63, 0x65, 0x6c, 0x6c, 0x5f, 0x31, 0x2f, 0x73, 0x70, 
  0x6c, 0x69, 0x74, 0x5f, 0x38, 0x3b, 0x73, 0x61, 0x66, 0x65, 0x62, 0x61, 
  0x6e, 0x64, 0x5f, 0x76, 0x32, 0x5f, 0x64, 0x65, 0x70, 0x6c, 0x6f, 0x79, 
  0x6d, 0x65, 0x6e, 0x74, 0x2f, 0x6d, 0x6f, 0x74, 0x69, 0x6f, 0x6e, 0x5f, 
  0x65, 0x6e, 0x63, 0x6f, 0x64, 0x65, 0x72, 0x2f, 0x65, 0x6e, 0x63, 0x5f, 
  0x73, 0x65, 0x71, 0x5f, 0x67, 0x72, 0x75, 0x32, 0x2f, 0x67, 0x72, 0x75, 
  0x5f, 0x63, 0x65, 0x6c, 0x6c, 0x5f, 0x31, 0x2f, 0x73, 0x70, 0x6c, 0x69, 
  0x74, 0x5f, 0x38, 0x31, 0x3b, 0x73, 0x61, 0x66, 0x65, 0x62, 0x61, 0x6e, 
  0x64, 0x5f, 0x76, 0x32, 0x5f, 0x64, 0x65, 0x70, 0x6c, 0x6f, 0x79, 0x6d, 
  0x65, 0x6e, 0x74, 0x2f, 0x6d, 0x6f, 0x74, 0x69, 0x6f, 0x6e, 0x5f, 0x65, 
  0x6e, 0x63, 0x6f, 0x64, 0x65, 0x72, 0x2f, 0x65, 0x6e, 0x63, 0x5f, 0x73, 
  0x65, 0x71, 0x5f, 0x67, 0x72, 0x75, 0x32, 0x2f, 0x67, 0x72, 0x75, 0x5f, 
  0x63, 0x65, 0x6c, 0x6c, 0x5f, 0x31, 0x2f, 0x73, 0x70, 0x6c, 0x69, 0x74, 
  0x5f, 0x38, 0x32, 0x31, 0x00, 0x00, 0x00, 0x00, 0x02, 0x00, 0x00, 0x00, 
  0x01, 0x00, 0x00, 0x00, 0x04, 0x00, 0x00, 0x00, 0xa6, 0x03, 0xff, 0xff, 
  0x00, 0x00, 0x00, 0x01, 0x18, 0x00, 0x00, 0x00, 0x20, 0x00, 0x00, 0x00, 
  0x3c, 0x00, 0x00, 0x00, 0x34, 0x01, 0x00, 0x00, 0x00, 0x00, 0x00, 0x09, 
  0x08, 0x01, 0x00, 0x00, 0x02, 0x00, 0x00, 0x00, 0xff, 0xff, 0xff, 0xff, 
  0x04, 0x00, 0x00, 0x00, 0x8c, 0x03, 0xff, 0xff, 0x08, 0x00, 0x00, 0x00, 
  0x10, 0x00, 0x00, 0x00, 0x01, 0x00, 0x00, 0x00, 0xff, 0xff, 0xff, 0xff, 
  0xff, 0xff, 0xff, 0xff, 0x01, 0x00, 0x00, 0x00, 0xa3, 0x92, 0x3e, 0x3b, 
  0xd3, 0x00, 0x00, 0x00, 0x73, 0x61, 0x66, 0x65, 0x62, 0x61, 0x6e, 0x64, 
  0x5f, 0x76, 0x32, 0x5f, 0x64, 0x65, 0x70, 0x6c, 0x6f, 0x79, 0x6d, 0x65, 
  0x6e, 0x74, 0x2f, 0x6d, 0x6f, 0x74, 0x69, 0x6f, 0x6e, 0x5f, 0x65, 0x6e, 
  0x63, 0x6f, 0x64, 0x65, 0x72, 0x2f, 0x65, 0x6e, 0x63, 0x5f, 0x73, 0x65, 
  0x71, 0x5f, 0x67, 0x72, 0x75, 0x32, 0x2f, 0x67, 0x72, 0x75, 0x5f, 0x63, 
  0x65, 0x6c, 0x6c, 0x5f, 0x31, 0x2f, 0x73, 0x70, 0x6c, 0x69, 0x74, 0x5f, 
  0x38, 0x3b, 0x73, 0x61, 0x66, 0x65, 0x62, 0x61, 0x6e, 0x64, 0x5f, 0x76, 
  0x32, 0x5f, 0x64, 0x65, 0x70, 0x6c, 0x6f, 0x79, 0x6d, 0x65, 0x6e, 0x74, 
  0x2f, 0x6d, 0x6f, 0x74, 0x69, 0x6f, 0x6e, 0x5f, 0x65, 0x6e, 0x63, 0x6f, 
  0x64, 0x65, 0x72, 0x2f, 0x65, 0x6e, 0x63, 0x5f, 0x73, 0x65, 0x71, 0x5f, 
  0x67, 0x72, 0x75, 0x32, 0x2f, 0x67, 0x72, 0x75, 0x5f, 0x63, 0x65, 0x6c, 
  0x6c, 0x5f, 0x31, 0x2f, 0x73, 0x70, 0x6c, 0x69, 0x74, 0x5f, 0x38, 0x31, 
  0x3b, 0x73, 0x61, 0x66, 0x65, 0x62, 0x61, 0x6e, 0x64, 0x5f, 0x76, 0x32, 
  0x5f, 0x64, 0x65, 0x70, 0x6c, 0x6f, 0x79, 0x6d, 0x65, 0x6e, 0x74, 0x2f, 
  0x6d, 0x6f, 0x74, 0x69, 0x6f, 0x6e, 0x5f, 0x65, 0x6e, 0x63, 0x6f, 0x64, 
  0x65, 0x72, 0x2f, 0x65, 0x6e, 0x63, 0x5f, 0x73, 0x65, 0x71, 0x5f, 0x67, 
  0x72, 0x75, 0x32, 0x2f, 0x67, 0x72, 0x75, 0x5f, 0x63, 0x65, 0x6c, 0x6c, 
  0x5f, 0x31, 0x2f, 0x73, 0x70, 0x6c, 0x69, 0x74, 0x5f, 0x38, 0x32, 0x00, 
  0x02, 0x00, 0x00, 0x00, 0x01, 0x00, 0x00, 0x00, 0x04, 0x00, 0x00, 0x00, 
  0xd6, 0x04, 0xff, 0xff, 0x00, 0x00, 0x00, 0x01, 0x18, 0x00, 0x00, 0x00, 
  0x20, 0x00, 0x00, 0x00, 0x40, 0x00, 0x00, 0x00, 0x33, 0x01, 0x00, 0x00, 
  0x00, 0x00, 0x00, 0x09, 0xc8, 0x00, 0x00, 0x00, 0x02, 0x00, 0x00, 0x00, 
  0xff, 0xff, 0xff, 0xff, 0x0c, 0x00, 0x00, 0x00, 0xbc, 0x04, 0xff, 0xff, 
  0x08, 0x00, 0x00, 0x00, 0x14, 0x00, 0x00, 0x00, 0x01, 0x00, 0x00, 0x00, 
  0xff, 0xff, 0xff, 0xff, 0xff, 0xff, 0xff, 0xff, 0x00, 0x00, 0x00, 0x00, 
  0x01, 0x00, 0x00, 0x00, 0xa3, 0x92, 0x3e, 0x3b, 0x8e, 0x00, 0x00, 0x00, 
  0x73, 0x61, 0x66, 0x65, 0x62, 0x61, 0x6e, 0x64, 0x5f, 0x76, 0x32, 0x5f, 
  0x64, 0x65, 0x70, 0x6c, 0x6f, 0x79, 0x6d, 0x65, 0x6e, 0x74, 0x2f, 0x6d, 
  0x6f, 0x74, 0x69, 0x6f, 0x6e, 0x5f, 0x65, 0x6e, 0x63, 0x6f, 0x64, 0x65, 
  0x72, 0x2f, 0x65, 0x6e, 0x63, 0x5f, 0x73, 0x65, 0x71, 0x5f, 0x67, 0x72, 
  0x75, 0x32, 0x2f, 0x67, 0x72, 0x75, 0x5f, 0x63, 0x65, 0x6c, 0x6c, 0x5f, 
  0x31, 0x2f, 0x4d, 0x61, 0x74, 0x4d, 0x75, 0x6c, 0x5f, 0x38, 0x3b, 0x73, 
  0x61, 0x66, 0x65, 0x62, 0x61, 0x6e, 0x64, 0x5f, 0x76, 0x32, 0x5f, 0x64, 
  0x65, 0x70, 0x6c, 0x6f, 0x79, 0x6d, 0x65, 0x6e, 0x74, 0x2f, 0x6d, 0x6f, 
  0x74, 0x69, 0x6f, 0x6e, 0x5f, 0x65, 0x6e, 0x63, 0x6f, 0x64, 0x65, 0x72, 
  0x2f, 0x65, 0x6e, 0x63, 0x5f, 0x73, 0x65, 0x71, 0x5f, 0x67, 0x72, 0x75, 
  0x32, 0x2f, 0x67, 0x72, 0x75, 0x5f, 0x63, 0x65, 0x6c, 0x6c, 0x5f, 0x31, 
  0x2f, 0x42, 0x69, 0x61, 0x73, 0x41, 0x64, 0x64, 0x5f, 0x38, 0x00, 0x00, 
  0x02, 0x00, 0x00, 0x00, 0x01, 0x00, 0x00, 0x00, 0x0c, 0x00, 0x00, 0x00, 
  0xc6, 0x05, 0xff, 0xff, 0x00, 0x00, 0x00, 0x01, 0x18, 0x00, 0x00, 0x00, 
  0x20, 0x00, 0x00, 0x00, 0x40, 0x00, 0x00, 0x00, 0x32, 0x01, 0x00, 0x00, 
  0x00, 0x00, 0x00, 0x09, 0x10, 0x01, 0x00, 0x00, 0x02, 0x00, 0x00, 0x00, 
  0xff, 0xff, 0xff, 0xff, 0x04, 0x00, 0x00, 0x00, 0xac, 0x05, 0xff, 0xff, 
  0x08, 0x00, 0x00, 0x00, 0x14, 0x00, 0x00, 0x00, 0x01, 0x00, 0x00, 0x00, 
  0xf9, 0xff, 0xff, 0xff, 0xff, 0xff, 0xff, 0xff, 0x00, 0x00, 0x00, 0x00, 
  0x01, 0x00, 0x00, 0x00, 0xe6, 0x33, 0x02, 0x3b, 0xd4, 0x00, 0x00, 0x00, 
  0x73, 0x61, 0x66, 0x65, 0x62, 0x61, 0x6e, 0x64, 0x5f, 0x76, 0x32, 0x5f, 
  0x64, 0x65, 0x70, 0x6c, 0x6f, 0x79, 0x6d, 0x65, 0x6e, 0x74, 0x2f, 0x6d, 
  0x6f, 0x74, 0x69, 0x6f, 0x6e, 0x5f, 0x65, 0x6e, 0x63, 0x6f, 0x64, 0x65, 
  0x72, 0x2f, 0x65, 0x6e, 0x63, 0x5f, 0x73, 0x65, 0x71, 0x5f, 0x67, 0x72, 
  0x75, 0x32, 0x2f, 0x67, 0x72, 0x75, 0x5f, 0x63, 0x65, 0x6c, 0x6c, 0x5f, 
  0x31, 0x2f, 0x73, 0x70, 0x6c, 0x69, 0x74, 0x5f, 0x39, 0x3b, 0x73, 0x61, 
  0x66, 0x65, 0x62, 0x61, 0x6e, 0x64, 0x5f, 0x76, 0x32, 0x5f, 0x64, 0x65, 
  0x70, 0x6c, 0x6f, 0x79, 0x6d, 0x65, 0x6e, 0x74, 0x2f, 0x6d, 0x6f, 0x74, 
  0x69, 0x6f, 0x6e, 0x5f, 0x65, 0x6e, 0x63, 0x6f, 0x64, 0x65, 0x72, 0x2f, 
  0x65, 0x6e, 0x63, 0x5f, 0x73, 0x65, 0x71, 0x5f, 0x67, 0x72, 0x75, 0x32, 
  0x2f, 0x67, 0x72, 0x75, 0x5f, 0x63, 0x65, 0x6c, 0x6c, 0x5f, 0x31, 0x2f, 
  0x73, 0x70, 0x6c, 0x69, 0x74, 0x5f, 0x39, 0x31, 0x3b, 0x73, 0x61, 0x66, 
  0x65, 0x62, 0x61, 0x6e, 0x64, 0x5f, 0x76, 0x32, 0x5f, 0x64, 0x65, 0x70, 
  0x6c, 0x6f, 0x79, 0x6d, 0x65, 0x6e, 0x74, 0x2f, 0x6d, 0x6f, 0x74, 0x69, 
  0x6f, 0x6e, 0x5f, 0x65, 0x6e, 0x63, 0x6f, 0x64, 0x65, 0x72, 0x2f, 0x65, 
  0x6e, 0x63, 0x5f, 0x73, 0x65, 0x71, 0x5f, 0x67, 0x72, 0x75, 0x32, 0x2f, 
  0x67, 0x72, 0x75, 0x5f, 0x63, 0x65, 0x6c, 0x6c, 0x5f, 0x31, 0x2f, 0x73, 
  0x70, 0x6c, 0x69, 0x74, 0x5f, 0x39, 0x32, 0x32, 0x00, 0x00, 0x00, 0x00, 
  0x02, 0x00, 0x00, 0x00, 0x01, 0x00, 0x00, 0x00, 0x04, 0x00, 0x00, 0x00, 
  0xfe, 0x06, 0xff, 0xff, 0x00, 0x00, 0x00, 0x01, 0x18, 0x00, 0x00, 0x00, 
  0x20, 0x00, 0x00, 0x00, 0x40, 0x00, 0x00, 0x00, 0x31, 0x01, 0x00, 0x00, 
  0x00, 0x00, 0x00, 0x09, 0x10, 0x01, 0x00, 0x00, 0x02, 0x00, 0x00, 0x00, 
  0xff, 0xff, 0xff, 0xff, 0x04, 0x00, 0x00, 0x00, 0xe4, 0x06, 0xff, 0xff, 
  0x08, 0x00, 0x00, 0x00, 0x14, 0x00, 0x00, 0x00, 0x01, 0x00, 0x00, 0x00, 
  0xf9, 0xff, 0xff, 0xff, 0xff, 0xff, 0xff, 0xff, 0x00, 0x00, 0x00, 0x00, 
  0x01, 0x00, 0x00, 0x00, 0xe6, 0x33, 0x02, 0x3b, 0xd4, 0x00, 0x00, 0x00, 
  0x73, 0x61, 0x66, 0x65, 0x62, 0x61, 0x6e, 0x64, 0x5f, 0x76, 0x32, 0x5f, 
  0x64, 0x65, 0x70, 0x6c, 0x6f, 0x79, 0x6d, 0x65, 0x6e, 0x74, 0x2f, 0x6d, 
  0x6f, 0x74, 0x69, 0x6f, 0x6e, 0x5f, 0x65, 0x6e, 0x63, 0x6f, 0x64, 0x65, 
  0x72, 0x2f, 0x65, 0x6e, 0x63, 0x5f, 0x73, 0x65, 0x71, 0x5f, 0x67, 0x72, 
  0x75, 0x32, 0x2f, 0x67, 0x72, 0x75, 0x5f, 0x63, 0x65, 0x6c, 0x6c, 0x5f, 
  0x31, 0x2f, 0x73, 0x70, 0x6c, 0x69, 0x74, 0x5f, 0x39, 0x3b, 0x73, 0x61, 
  0x66, 0x65, 0x62, 0x61, 0x6e, 0x64, 0x5f, 0x76, 0x32, 0x5f, 0x64, 0x65, 
  0x70, 0x6c, 0x6f, 0x79, 0x6d, 0x65, 0x6e, 0x74, 0x2f, 0x6d, 0x6f, 0x74, 
  0x69, 0x6f, 0x6e, 0x5f, 0x65, 0x6e, 0x63, 0x6f, 0x64, 0x65, 0x72, 0x2f, 
  0x65, 0x6e, 0x63, 0x5f, 0x73, 0x65, 0x71, 0x5f, 0x67, 0x72, 0x75, 0x32, 
  0x2f, 0x67, 0x72, 0x75, 0x5f, 0x63, 0x65, 0x6c, 0x6c, 0x5f, 0x31, 0x2f, 
  0x73, 0x70, 0x6c, 0x69, 0x74, 0x5f, 0x39, 0x31, 0x3b, 0x73, 0x61, 0x66, 
  0x65, 0x62, 0x61, 0x6e, 0x64, 0x5f, 0x76, 0x32, 0x5f, 0x64, 0x65, 0x70, 
  0x6c, 0x6f, 0x79, 0x6d, 0x65, 0x6e, 0x74, 0x2f, 0x6d, 0x6f, 0x74, 0x69, 
  0x6f, 0x6e, 0x5f, 0x65, 0x6e, 0x63, 0x6f, 0x64, 0x65, 0x72, 0x2f, 0x65, 
  0x6e, 0x63, 0x5f, 0x73, 0x65, 0x71, 0x5f, 0x67, 0x72, 0x75, 0x32, 0x2f, 
  0x67, 0x72, 0x75, 0x5f, 0x63, 0x65, 0x6c, 0x6c, 0x5f, 0x31, 0x2f, 0x73, 
  0x70, 0x6c, 0x69, 0x74, 0x5f, 0x39, 0x32, 0x31, 0x00, 0x00, 0x00, 0x00, 
  0x02, 0x00, 0x00, 0x00, 0x01, 0x00, 0x00, 0x00, 0x04, 0x00, 0x00, 0x00, 
  0x36, 0x08, 0xff, 0xff, 0x00, 0x00, 0x00, 0x01, 0x18, 0x00, 0x00, 0x00, 
  0x20, 0x00, 0x00, 0x00, 0x3c, 0x00, 0x00, 0x00, 0x30, 0x01, 0x00, 0x00, 
  0x00, 0x00, 0x00, 0x09, 0x08, 0x01, 0x00, 0x00, 0x02, 0x00, 0x00, 0x00, 
  0xff, 0xff, 0xff, 0xff, 0x04, 0x00, 0x00, 0x00, 0x1c, 0x08, 0xff, 0xff, 
  0x08, 0x00, 0x00, 0x00, 0x10, 0x00, 0x00, 0x00, 0x01, 0x00, 0x00, 0x00, 
  0xf9, 0xff, 0xff, 0xff, 0xff, 0xff, 0xff, 0xff, 0x01, 0x00, 0x00, 0x00, 
  0xe6, 0x33, 0x02, 0x3b, 0xd3, 0x00, 0x00, 0x00, 0x73, 0x61, 0x66, 0x65, 
  0x62, 0x61, 0x6e, 0x64, 0x5f, 0x76, 0x32, 0x5f, 0x64, 0x65, 0x70, 0x6c, 
  0x6f, 0x79, 0x6d, 0x65, 0x6e, 0x74, 0x2f, 0x6d, 0x6f, 0x74, 0x69, 0x6f, 
  0x6e, 0x5f, 0x65, 0x6e, 0x63, 0x6f, 0x64, 0x65, 0x72, 0x2f, 0x65, 0x6e, 
  0x63, 0x5f, 0x73, 0x65, 0x71, 0x5f, 0x67, 0x72, 0x75, 0x32, 0x2f, 0x67, 
  0x72, 0x75, 0x5f, 0x63, 0x65, 0x6c, 0x6c, 0x5f, 0x31, 0x2f, 0x73, 0x70, 
  0x6c, 0x69, 0x74, 0x5f, 0x39, 0x3b, 0x73, 0x61, 0x66, 0x65, 0x62, 0x61, 
  0x6e, 0x64, 0x5f, 0x76, 0x32, 0x5f, 0x64, 0x65, 0x70, 0x6c, 0x6f, 0x79, 
  0x6d, 0x65, 0x6e, 0x74, 0x2f, 0x6d, 0x6f, 0x74, 0x69, 0x6f, 0x6e, 0x5f, 
  0x65, 0x6e, 0x63, 0x6f, 0x64, 0x65, 0x72, 0x2f, 0x65, 0x6e, 0x63, 0x5f, 
  0x73, 0x65, 0x71, 0x5f, 0x67, 0x72, 0x75, 0x32, 0x2f, 0x67, 0x72, 0x75, 
  0x5f, 0x63, 0x65, 0x6c, 0x6c, 0x5f, 0x31, 0x2f, 0x73, 0x70, 0x6c, 0x69, 
  0x74, 0x5f, 0x39, 0x31, 0x3b, 0x73, 0x61, 0x66, 0x65, 0x62, 0x61, 0x6e, 
  0x64, 0x5f, 0x76, 0x32, 0x5f, 0x64, 0x65, 0x70, 0x6c, 0x6f, 0x79, 0x6d, 
  0x65, 0x6e, 0x74, 0x2f, 0x6d, 0x6f, 0x74, 0x69, 0x6f, 0x6e, 0x5f, 0x65, 
  0x6e, 0x63, 0x6f, 0x64, 0x65, 0x72, 0x2f, 0x65, 0x6e, 0x63, 0x5f, 0x73, 
  0x65, 0x71, 0x5f, 0x67, 0x72, 0x75, 0x32, 0x2f, 0x67, 0x72, 0x75, 0x5f, 
  0x63, 0x65, 0x6c, 0x6c, 0x5f, 0x31, 0x2f, 0x73, 0x70, 0x6c, 0x69, 0x74, 
  0x5f, 0x39, 0x32, 0x00, 0x02, 0x00, 0x00, 0x00, 0x01, 0x00, 0x00, 0x00, 
  0x04, 0x00, 0x00, 0x00, 0x66, 0x09, 0xff, 0xff, 0x00, 0x00, 0x00, 0x01, 
  0x18, 0x00, 0x00, 0x00, 0x20, 0x00, 0x00, 0x00, 0x40, 0x00, 0x00, 0x00, 
  0x2f, 0x01, 0x00, 0x00, 0x00, 0x00, 0x00, 0x09, 0xc8, 0x00, 0x00, 0x00, 
  0x02, 0x00, 0x00, 0x00, 0xff, 0xff, 0xff, 0xff, 0x0c, 0x00, 0x00, 0x00, 
  0x4c, 0x09, 0xff, 0xff, 0x08, 0x00, 0x00, 0x00, 0x14, 0x00, 0x00, 0x00, 
  0x01, 0x00, 0x00, 0x00, 0xf9, 0xff, 0xff, 0xff, 0xff, 0xff, 0xff, 0xff, 
  0x00, 0x00, 0x00, 0x00, 0x01, 0x00, 0x00, 0x00, 0xe6, 0x33, 0x02, 0x3b, 
  0x8e, 0x00, 0x00, 0x00, 0x73, 0x61, 0x66, 0x65, 0x62, 0x61, 0x6e, 0x64, 
  0x5f, 0x76, 0x32, 0x5f, 0x64, 0x65, 0x70, 0x6c, 0x6f, 0x79, 0x6d, 0x65, 
  0x6e, 0x74, 0x2f, 0x6d, 0x6f, 0x74, 0x69, 0x6f, 0x6e, 0x5f, 0x65, 0x6e, 
  0x63, 0x6f, 0x64, 0x65, 0x72, 0x2f, 0x65, 0x6e, 0x63, 0x5f, 0x73, 0x65, 
  0x71, 0x5f, 0x67, 0x72, 0x75, 0x32, 0x2f, 0x67, 0x72, 0x75, 0x5f, 0x63, 
  0x65, 0x6c, 0x6c, 0x5f, 0x31, 0x2f, 0x4d, 0x61, 0x74, 0x4d, 0x75, 0x6c, 
  0x5f, 0x39, 0x3b, 0x73, 0x61, 0x66, 0x65, 0x62, 0x61, 0x6e, 0x64, 0x5f, 
  0x76, 0x32, 0x5f, 0x64, 0x65, 0x70, 0x6c, 0x6f, 0x79, 0x6d, 0x65, 0x6e, 
  0x74, 0x2f, 0x6d, 0x6f, 0x74, 0x69, 0x6f, 0x6e, 0x5f, 0x65, 0x6e, 0x63, 
  0x6f, 0x64, 0x65, 0x72, 0x2f, 0x65, 0x6e, 0x63, 0x5f, 0x73, 0x65, 0x71, 
  0x5f, 0x67, 0x72, 0x75, 0x32, 0x2f, 0x67, 0x72, 0x75, 0x5f, 0x63, 0x65, 
  0x6c, 0x6c, 0x5f, 0x31, 0x2f, 0x42, 0x69, 0x61, 0x73, 0x41, 0x64, 0x64, 
  0x5f, 0x39, 0x00, 0x00, 0x02, 0x00, 0x00, 0x00, 0x01, 0x00, 0x00, 0x00, 
  0x0c, 0x00, 0x00, 0x00, 0x56, 0x0a, 0xff, 0xff, 0x00, 0x00, 0x00, 0x01, 
  0x18, 0x00, 0x00, 0x00, 0x20, 0x00, 0x00, 0x00, 0x40, 0x00, 0x00, 0x00, 
  0x2e, 0x01, 0x00, 0x00, 0x00, 0x00, 0x00, 0x09, 0x80, 0x00, 0x00, 0x00, 
  0x02, 0x00, 0x00, 0x00, 0xff, 0xff, 0xff, 0xff, 0x04, 0x00, 0x00, 0x00, 
  0x3c, 0x0a, 0xff, 0xff, 0x08, 0x00, 0x00, 0x00, 0x14, 0x00, 0x00, 0x00, 
  0x01, 0x00, 0x00, 0x00, 0xed, 0xff, 0xff, 0xff, 0xff, 0xff, 0xff, 0xff, 
  0x00, 0x00, 0x00, 0x00, 0x01, 0x00, 0x00, 0x00, 0x83, 0xb4, 0x96, 0x3a, 
  0x44, 0x00, 0x00, 0x00, 0x73, 0x61, 0x66, 0x65, 0x62, 0x61, 0x6e, 0x64, 
  0x5f, 0x76, 0x32, 0x5f, 0x64, 0x65, 0x70, 0x6c, 0x6f, 0x79, 0x6d, 0x65, 
  0x6e, 0x74, 0x2f, 0x6d, 0x6f, 0x74, 0x69, 0x6f, 0x6e, 0x5f, 0x65, 0x6e, 
  0x63, 0x6f, 0x64, 0x65, 0x72, 0x2f, 0x65, 0x6e, 0x63, 0x5f, 0x73, 0x65, 
  0x71, 0x5f, 0x67, 0x72, 0x75, 0x32, 0x2f, 0x67, 0x72, 0x75, 0x5f, 0x63, 
  0x65, 0x6c, 0x6c, 0x5f, 0x31, 0x2f, 0x61, 0x64, 0x64, 0x5f, 0x31, 0x35, 
  0x00, 0x00, 0x00, 0x00, 0x02, 0x00, 0x00, 0x00, 0x01, 0x00, 0x00, 0x00, 
  0x04, 0x00, 0x00, 0x00, 0xfe, 0x0a, 0xff, 0xff, 0x00, 0x00, 0x00, 0x01, 
  0x18, 0x00, 0x00, 0x00, 0x20, 0x00, 0x00, 0x00, 0x40, 0x00, 0x00, 0x00, 
  0x2d, 0x01, 0x00, 0x00, 0x00, 0x00, 0x00, 0x09, 0x80, 0x00, 0x00, 0x00, 
  0x02, 0x00, 0x00, 0x00, 0xff, 0xff, 0xff, 0xff, 0x04, 0x00, 0x00, 0x00, 
  0xe4, 0x0a, 0xff, 0xff, 0x08, 0x00, 0x00, 0x00, 0x14, 0x00, 0x00, 0x00, 
  0x01, 0x00, 0x00, 0x00, 0xe0, 0xff, 0xff, 0xff, 0xff, 0xff, 0xff, 0xff, 
  0x00, 0x00, 0x00, 0x00, 0x01, 0x00, 0x00, 0x00, 0xb7, 0xc5, 0x35, 0x3a, 
  0x44, 0x00, 0x00, 0x00, 0x73, 0x61, 0x66, 0x65, 0x62, 0x61, 0x6e, 0x64, 
  0x5f, 0x76, 0x32, 0x5f, 0x64, 0x65, 0x70, 0x6c, 0x6f, 0x79, 0x6d, 0x65, 
  0x6e, 0x74, 0x2f, 0x6d, 0x6f, 0x74, 0x69, 0x6f, 0x6e, 0x5f, 0x65, 0x6e, 
  0x63, 0x6f, 0x64, 0x65, 0x72, 0x2f, 0x65, 0x6e, 0x63, 0x5f, 0x73, 0x65, 
  0x71, 0x5f, 0x67, 0x72, 0x75, 0x32, 0x2f, 0x67, 0x72, 0x75, 0x5f, 0x63, 
  0x65, 0x6c, 0x6c, 0x5f, 0x31, 0x2f, 0x6d, 0x75, 0x6c, 0x5f, 0x31, 0x31, 
  0x00, 0x00, 0x00, 0x00, 0x02, 0x00, 0x00, 0x00, 0x01, 0x00, 0x00, 0x00, 
  0x04, 0x00, 0x00, 0x00, 0xa6, 0x0b, 0xff, 0xff, 0x00, 0x00, 0x00, 0x01, 
  0x18, 0x00, 0x00, 0x00, 0x20, 0x00, 0x00, 0x00, 0x40, 0x00, 0x00, 0x00, 
  0x2c, 0x01, 0x00, 0x00, 0x00, 0x00, 0x00, 0x09, 0x80, 0x00, 0x00, 0x00, 
  0x02, 0x00, 0x00, 0x00, 0xff, 0xff, 0xff, 0xff, 0x04, 0x00, 0x00, 0x00, 
  0x8c, 0x0b, 0xff, 0xff, 0x08, 0x00, 0x00, 0x00, 0x14, 0x00, 0x00, 0x00, 
  0x01, 0x00, 0x00, 0x00, 0x00, 0x00, 0x00, 0x00, 0x00, 0x00, 0x00, 0x00, 
  0x00, 0x00, 0x00, 0x00, 0x01, 0x00, 0x00, 0x00, 0x00, 0x00, 0x00, 0x3c, 
  0x44, 0x00, 0x00, 0x00, 0x73, 0x61, 0x66, 0x65, 0x62, 0x61, 0x6e, 0x64, 
  0x5f, 0x76, 0x32, 0x5f, 0x64, 0x65, 0x70, 0x6c, 0x6f, 0x79, 0x6d, 0x65, 
  0x6e, 0x74, 0x2f, 0x6d, 0x6f, 0x74, 0x69, 0x6f, 0x6e, 0x5f, 0x65, 0x6e, 
  0x63, 0x6f, 0x64, 0x65, 0x72, 0x2f, 0x65, 0x6e, 0x63, 0x5f, 0x73, 0x65, 
  0x71, 0x5f, 0x67, 0x72, 0x75, 0x32, 0x2f, 0x67, 0x72, 0x75, 0x5f, 0x63, 
  0x65, 0x6c, 0x6c, 0x5f, 0x31, 0x2f, 0x54, 0x61, 0x6e, 0x68, 0x5f, 0x33, 
  0x00, 0x00, 0x00, 0x00, 0x02, 0x00, 0x00, 0x00, 0x01, 0x00, 0x00, 0x00, 
  0x04, 0x00, 0x00, 0x00, 0x4e, 0x0c, 0xff, 0xff, 0x00, 0x00, 0x00, 0x01, 
  0x18, 0x00, 0x00, 0x00, 0x20, 0x00, 0x00, 0x00, 0x40, 0x00, 0x00, 0x00, 
  0x2b, 0x01, 0x00, 0x00, 0x00, 0x00, 0x00, 0x09, 0x80, 0x00, 0x00, 0x00, 
  0x02, 0x00, 0x00, 0x00, 0xff, 0xff, 0xff, 0xff, 0x04, 0x00, 0x00, 0x00, 
  0x34, 0x0c, 0xff, 0xff, 0x08, 0x00, 0x00, 0x00, 0x14, 0x00, 0x00, 0x00, 
  0x01, 0x00, 0x00, 0x00, 0xf3, 0xff, 0xff, 0xff, 0xff, 0xff, 0xff, 0xff, 
  0x00, 0x00, 0x00, 0x00, 0x01, 0x00, 0x00, 0x00, 0x41, 0xa7, 0xc5, 0x3a, 
  0x44, 0x00, 0x00, 0x00, 0x73, 0x61, 0x66, 0x65, 0x62, 0x61, 0x6e, 0x64, 
  0x5f, 0x76, 0x32, 0x5f, 0x64, 0x65, 0x70, 0x6c, 0x6f, 0x79, 0x6d, 0x65, 
  0x6e, 0x74, 0x2f, 0x6d, 0x6f, 0x74, 0x69, 0x6f, 0x6e, 0x5f, 0x65, 0x6e, 
  0x63, 0x6f, 0x64, 0x65, 0x72, 0x2f, 0x65, 0x6e, 0x63, 0x5f, 0x73, 0x65, 
  0x71, 0x5f, 0x67, 0x72, 0x75, 0x32, 0x2f, 0x67, 0x72, 0x75, 0x5f, 0x63, 
  0x65, 0x6c, 0x6c, 0x5f, 0x31, 0x2f, 0x61, 0x64, 0x64, 0x5f, 0x31, 0x34, 
  0x00, 0x00, 0x00, 0x00, 0x02, 0x00, 0x00, 0x00, 0x01, 0x00, 0x00, 0x00, 
  0x04, 0x00, 0x00, 0x00, 0xf6, 0x0c, 0xff, 0xff, 0x00, 0x00, 0x00, 0x01, 
  0x18, 0x00, 0x00, 0x00, 0x20, 0x00, 0x00, 0x00, 0x3c, 0x00, 0x00, 0x00, 
  0x2a, 0x01, 0x00, 0x00, 0x00, 0x00, 0x00, 0x09, 0x78, 0x00, 0x00, 0x00, 
  0x02, 0x00, 0x00, 0x00, 0xff, 0xff, 0xff, 0xff, 0x04, 0x00, 0x00, 0x00, 
  0xdc, 0x0c, 0xff, 0xff, 0x08, 0x00, 0x00, 0x00, 0x10, 0x00, 0x00, 0x00, 
  0x01, 0x00, 0x00, 0x00, 0xce, 0xff, 0xff, 0xff, 0xff, 0xff, 0xff, 0xff, 
  0x01, 0x00, 0x00, 0x00, 0x68, 0xb2, 0xbf, 0x39, 0x43, 0x00, 0x00, 0x00, 
  0x73, 0x61, 0x66, 0x65, 0x62, 0x61, 0x6e, 0x64, 0x5f, 0x76, 0x32, 0x5f, 
  0x64, 0x65, 0x70, 0x6c, 0x6f, 0x79, 0x6d, 0x65, 0x6e, 0x74, 0x2f, 0x6d, 
  0x6f, 0x74, 0x69, 0x6f, 0x6e, 0x5f, 0x65, 0x6e, 0x63, 0x6f, 0x64, 0x65, 
  0x72, 0x2f, 0x65, 0x6e, 0x63, 0x5f, 0x73, 0x65, 0x71, 0x5f, 0x67, 0x72, 
  0x75, 0x32, 0x2f, 0x67, 0x72, 0x75, 0x5f, 0x63, 0x65, 0x6c, 0x6c, 0x5f, 
  0x31, 0x2f, 0x6d, 0x75, 0x6c, 0x5f, 0x39, 0x00, 0x02, 0x00, 0x00, 0x00, 
  0x01, 0x00, 0x00, 0x00, 0x04, 0x00, 0x00, 0x00, 0x96, 0x0d, 0xff, 0xff, 
  0x00, 0x00, 0x00, 0x01, 0x18, 0x00, 0x00, 0x00, 0x20, 0x00, 0x00, 0x00, 
  0x40, 0x00, 0x00, 0x00, 0x29, 0x01, 0x00, 0x00, 0x00, 0x00, 0x00, 0x09, 
  0x80, 0x00, 0x00, 0x00, 0x02, 0x00, 0x00, 0x00, 0xff, 0xff, 0xff, 0xff, 
  0x04, 0x00, 0x00, 0x00, 0x7c, 0x0d, 0xff, 0xff, 0x08, 0x00, 0x00, 0x00, 
  0x14, 0x00, 0x00, 0x00, 0x01, 0x00, 0x00, 0x00, 0x80, 0xff, 0xff, 0xff, 
  0xff, 0xff, 0xff, 0xff, 0x00, 0x00, 0x00, 0x00, 0x01, 0x00, 0x00, 0x00, 
  0x00, 0x00, 0x80, 0x3b, 0x47, 0x00, 0x00, 0x00, 0x73, 0x61, 0x66, 0x65, 
  0x62, 0x61, 0x6e, 0x64, 0x5f, 0x76, 0x32, 0x5f, 0x64, 0x65, 0x70, 0x6c, 
  0x6f, 0x79, 0x6d, 0x65, 0x6e, 0x74, 0x2f, 0x6d, 0x6f, 0x74, 0x69, 0x6f, 
  0x6e, 0x5f, 0x65, 0x6e, 0x63, 0x6f, 0x64, 0x65, 0x72, 0x2f, 0x65, 0x6e, 
  0x63, 0x5f, 0x73, 0x65, 0x71, 0x5f, 0x67, 0x72, 0x75, 0x32, 0x2f, 0x67, 
  0x72, 0x75, 0x5f, 0x63, 0x65, 0x6c, 0x6c, 0x5f, 0x31, 0x2f, 0x53, 0x69, 
  0x67, 0x6d, 0x6f, 0x69, 0x64, 0x5f, 0x37, 0x00, 0x02, 0x00, 0x00, 0x00, 
  0x01, 0x00, 0x00, 0x00, 0x04, 0x00, 0x00, 0x00, 0x3e, 0x0e, 0xff, 0xff, 
  0x00, 0x00, 0x00, 0x01, 0x18, 0x00, 0x00, 0x00, 0x20, 0x00, 0x00, 0x00, 
  0x40, 0x00, 0x00, 0x00, 0x28, 0x01, 0x00, 0x00, 0x00, 0x00, 0x00, 0x09, 
  0x80, 0x00, 0x00, 0x00, 0x02, 0x00, 0x00, 0x00, 0xff, 0xff, 0xff, 0xff, 
  0x04, 0x00, 0x00, 0x00, 0x24, 0x0e, 0xff, 0xff, 0x08, 0x00, 0x00, 0x00, 
  0x14, 0x00, 0x00, 0x00, 0x01, 0x00, 0x00, 0x00, 0x02, 0x00, 0x00, 0x00, 
  0x00, 0x00, 0x00, 0x00, 0x00, 0x00, 0x00, 0x00, 0x01, 0x00, 0x00, 0x00, 
  0x48, 0xc6, 0x91, 0x3b, 0x44, 0x00, 0x00, 0x00, 0x73, 0x61, 0x66, 0x65, 
  0x62, 0x61, 0x6e, 0x64, 0x5f, 0x76, 0x32, 0x5f, 0x64, 0x65, 0x70, 0x6c, 
  0x6f, 0x79, 0x6d, 0x65, 0x6e, 0x74, 0x2f, 0x6d, 0x6f, 0x74, 0x69, 0x6f, 
  0x6e, 0x5f, 0x65, 0x6e, 0x63, 0x6f, 0x64, 0x65, 0x72, 0x2f, 0x65, 0x6e, 
  0x63, 0x5f, 0x73, 0x65, 0x71, 0x5f, 0x67, 0x72, 0x75, 0x32, 0x2f, 0x67, 
  0x72, 0x75, 0x5f, 0x63, 0x65, 0x6c, 0x6c, 0x5f, 0x31, 0x2f, 0x61, 0x64, 
  0x64, 0x5f, 0x31, 0x33, 0x00, 0x00, 0x00, 0x00, 0x02, 0x00, 0x00, 0x00, 
  0x01, 0x00, 0x00, 0x00, 0x04, 0x00, 0x00, 0x00, 0xe6, 0x0e, 0xff, 0xff, 
  0x00, 0x00, 0x00, 0x01, 0x18, 0x00, 0x00, 0x00, 0x20, 0x00, 0x00, 0x00, 
  0x3c, 0x00, 0x00, 0x00, 0x27, 0x01, 0x00, 0x00, 0x00, 0x00, 0x00, 0x09, 
  0x78, 0x00, 0x00, 0x00, 0x02, 0x00, 0x00, 0x00, 0xff, 0xff, 0xff, 0xff, 
  0x04, 0x00, 0x00, 0x00, 0xcc, 0x0e, 0xff, 0xff, 0x08, 0x00, 0x00, 0x00, 
  0x10, 0x00, 0x00, 0x00, 0x01, 0x00, 0x00, 0x00, 0x80, 0xff, 0xff, 0xff, 
  0xff, 0xff, 0xff, 0xff, 0x01, 0x00, 0x00, 0x00, 0xe1, 0xaa, 0x0b, 0x3b, 
  0x43, 0x00, 0x00, 0x00, 0x73, 0x61, 0x66, 0x65, 0x62, 0x61, 0x6e, 0x64, 
  0x5f, 0x76, 0x32, 0x5f, 0x64, 0x65, 0x70, 0x6c, 0x6f, 0x79, 0x6d, 0x65, 
  0x6e, 0x74, 0x2f, 0x6d, 0x6f, 0x74, 0x69, 0x6f, 0x6e, 0x5f, 0x65, 0x6e, 
  0x63, 0x6f, 0x64, 0x65, 0x72, 0x2f, 0x65, 0x6e, 0x63, 0x5f, 0x73, 0x65, 
  0x71, 0x5f, 0x67, 0x72, 0x75, 0x32, 0x2f, 0x67, 0x72, 0x75, 0x5f, 0x63, 
  0x65, 0x6c, 0x6c, 0x5f, 0x31, 0x2f, 0x73, 0x75, 0x62, 0x5f, 0x33, 0x00, 
  0x02, 0x00, 0x00, 0x00, 0x01, 0x00, 0x00, 0x00, 0x04, 0x00, 0x00, 0x00, 
  0x86, 0x0f, 0xff, 0xff, 0x00, 0x00, 0x00, 0x01, 0x18, 0x00, 0x00, 0x00, 
  0x20, 0x00, 0x00, 0x00, 0x40, 0x00, 0x00, 0x00, 0x26, 0x01, 0x00, 0x00, 
  0x00, 0x00, 0x00, 0x09, 0x80, 0x00, 0x00, 0x00, 0x02, 0x00, 0x00, 0x00, 
  0xff, 0xff, 0xff, 0xff, 0x04, 0x00, 0x00, 0x00, 0x6c, 0x0f, 0xff, 0xff, 
  0x08, 0x00, 0x00, 0x00, 0x14, 0x00, 0x00, 0x00, 0x01, 0x00, 0x00, 0x00, 
  0x00, 0x00, 0x00, 0x00, 0x00, 0x00, 0x00, 0x00, 0x00, 0x00, 0x00, 0x00, 
  0x01, 0x00, 0x00, 0x00, 0x9b, 0x46, 0xef, 0x39, 0x44, 0x00, 0x00, 0x00, 
  0x73, 0x61, 0x66, 0x65, 0x62, 0x61, 0x6e, 0x64, 0x5f, 0x76, 0x32, 0x5f, 
  0x64, 0x65, 0x70, 0x6c, 0x6f, 0x79, 0x6d, 0x65, 0x6e, 0x74, 0x2f, 0x6d, 
  0x6f, 0x74, 0x69, 0x6f, 0x6e, 0x5f, 0x65, 0x6e, 0x63, 0x6f, 0x64, 0x65, 
  0x72, 0x2f, 0x65, 0x6e, 0x63, 0x5f, 0x73, 0x65, 0x71, 0x5f, 0x67, 0x72, 
  0x75, 0x32, 0x2f, 0x67, 0x72, 0x75, 0x5f, 0x63, 0x65, 0x6c, 0x6c, 0x5f, 
  0x31, 0x2f, 0x6d, 0x75, 0x6c, 0x5f, 0x31, 0x30, 0x00, 0x00, 0x00, 0x00, 
  0x02, 0x00, 0x00, 0x00, 0x01, 0x00, 0x00, 0x00, 0x04, 0x00, 0x00, 0x00, 
  0x2e, 0x10, 0xff, 0xff, 0x00, 0x00, 0x00, 0x01, 0x18, 0x00, 0x00, 0x00, 
  0x20, 0x00, 0x00, 0x00, 0x40, 0x00, 0x00, 0x00, 0x25, 0x01, 0x00, 0x00, 
  0x00, 0x00, 0x00, 0x09, 0x80, 0x00, 0x00, 0x00, 0x02, 0x00, 0x00, 0x00, 
  0xff, 0xff, 0xff, 0xff, 0x04, 0x00, 0x00, 0x00, 0x14, 0x10, 0xff, 0xff, 
  0x08, 0x00, 0x00, 0x00, 0x14, 0x00, 0x00, 0x00, 0x01, 0x00, 0x00, 0x00, 
  0x80, 0xff, 0xff, 0xff, 0xff, 0xff, 0xff, 0xff, 0x00, 0x00, 0x00, 0x00, 
  0x01, 0x00, 0x00, 0x00, 0x00, 0x00, 0x80, 0x3b, 0x47, 0x00, 0x00, 0x00, 
  0x73, 0x61, 0x66, 0x65, 0x62, 0x61, 0x6e, 0x64, 0x5f, 0x76, 0x32, 0x5f, 
  0x64, 0x65, 0x70, 0x6c, 0x6f, 0x79, 0x6d, 0x65, 0x6e, 0x74, 0x2f, 0x6d, 
  0x6f, 0x74, 0x69, 0x6f, 0x6e, 0x5f, 0x65, 0x6e, 0x63, 0x6f, 0x64, 0x65, 
  0x72, 0x2f, 0x65, 0x6e, 0x63, 0x5f, 0x73, 0x65, 0x71, 0x5f, 0x67, 0x72, 
  0x75, 0x32, 0x2f, 0x67, 0x72, 0x75, 0x5f, 0x63, 0x65, 0x6c, 0x6c, 0x5f, 
  0x31, 0x2f, 0x53, 0x69, 0x67, 0x6d, 0x6f, 0x69, 0x64, 0x5f, 0x36, 0x00, 
  0x02, 0x00, 0x00, 0x00, 0x01, 0x00, 0x00, 0x00, 0x04, 0x00, 0x00, 0x00, 
  0xd6, 0x10, 0xff, 0xff, 0x00, 0x00, 0x00, 0x01, 0x18, 0x00, 0x00, 0x00, 
  0x20, 0x00, 0x00, 0x00, 0x40, 0x00, 0x00, 0x00, 0x24, 0x01, 0x00, 0x00, 
  0x00, 0x00, 0x00, 0x09, 0x80, 0x00, 0x00, 0x00, 0x02, 0x00, 0x00, 0x00, 
  0xff, 0xff, 0xff, 0xff, 0x04, 0x00, 0x00, 0x00, 0xbc, 0x10, 0xff, 0xff, 
  0x08, 0x00, 0x00, 0x00, 0x14, 0x00, 0x00, 0x00, 0x01, 0x00, 0x00, 0x00, 
  0xb7, 0xff, 0xff, 0xff, 0xff, 0xff, 0xff, 0xff, 0x00, 0x00, 0x00, 0x00, 
  0x01, 0x00, 0x00, 0x00, 0x06, 0x21, 0x4e, 0x3b, 0x44, 0x00, 0x00, 0x00, 
  0x73, 0x61, 0x66, 0x65, 0x62, 0x61, 0x6e, 0x64, 0x5f, 0x76, 0x32, 0x5f, 
  0x64, 0x65, 0x70, 0x6c, 0x6f, 0x79, 0x6d, 0x65, 0x6e, 0x74, 0x2f, 0x6d, 
  0x6f, 0x74, 0x69, 0x6f, 0x6e, 0x5f, 0x65, 0x6e, 0x63, 0x6f, 0x64, 0x65, 
  0x72, 0x2f, 0x65, 0x6e, 0x63, 0x5f, 0x73, 0x65, 0x71, 0x5f, 0x67, 0x72, 
  0x75, 0x32, 0x2f, 0x67, 0x72, 0x75, 0x5f, 0x63, 0x65, 0x6c, 0x6c, 0x5f, 
  0x31, 0x2f, 0x61, 0x64, 0x64, 0x5f, 0x31, 0x32, 0x00, 0x00, 0x00, 0x00, 
  0x02, 0x00, 0x00, 0x00, 0x01, 0x00, 0x00, 0x00, 0x04, 0x00, 0x00, 0x00, 
  0x7e, 0x11, 0xff, 0xff, 0x00, 0x00, 0x00, 0x01, 0x18, 0x00, 0x00, 0x00, 
  0x20, 0x00, 0x00, 0x00, 0x40, 0x00, 0x00, 0x00, 0x23, 0x01, 0x00, 0x00, 
  0x00, 0x00, 0x00, 0x09, 0x10, 0x01, 0x00, 0x00, 0x02, 0x00, 0x00, 0x00, 
  0xff, 0xff, 0xff, 0xff, 0x04, 0x00, 0x00, 0x00, 0x64, 0x11, 0xff, 0xff, 
  0x08, 0x00, 0x00, 0x00, 0x14, 0x00, 0x00, 0x00, 0x01, 0x00, 0x00, 0x00, 
  0xff, 0xff, 0xff, 0xff, 0xff, 0xff, 0xff, 0xff, 0x00, 0x00, 0x00, 0x00, 
  0x01, 0x00, 0x00, 0x00, 0x98, 0x41, 0x3b, 0x3b, 0xd4, 0x00, 0x00, 0x00, 
  0x73, 0x61, 0x66, 0x65, 0x62, 0x61, 0x6e, 0x64, 0x5f, 0x76, 0x32, 0x5f, 
  0x64, 0x65, 0x70, 0x6c, 0x6f, 0x79, 0x6d, 0x65, 0x6e, 0x74, 0x2f, 0x6d, 
  0x6f, 0x74, 0x69, 0x6f, 0x6e, 0x5f, 0x65, 0x6e, 0x63, 0x6f, 0x64, 0x65, 
  0x72, 0x2f, 0x65, 0x6e, 0x63, 0x5f, 0x73, 0x65, 0x71, 0x5f, 0x67, 0x72, 
  0x75, 0x32, 0x2f, 0x67, 0x72, 0x75, 0x5f, 0x63, 0x65, 0x6c, 0x6c, 0x5f, 
  0x31, 0x2f, 0x73, 0x70, 0x6c, 0x69, 0x74, 0x5f, 0x36, 0x3b, 0x73, 0x61, 
  0x66, 0x65, 0x62, 0x61, 0x6e, 0x64, 0x5f, 0x76, 0x32, 0x5f, 0x64, 0x65, 
  0x70, 0x6c, 0x6f, 0x79, 0x6d, 0x65, 0x6e, 0x74, 0x2f, 0x6d, 0x6f, 0x74, 
  0x69, 0x6f, 0x6e, 0x5f, 0x65, 0x6e, 0x63, 0x6f, 0x64, 0x65, 0x72, 0x2f, 
  0x65, 0x6e, 0x63, 0x5f, 0x73, 0x65, 0x71, 0x5f, 0x67, 0x72, 0x75, 0x32, 
  0x2f, 0x67, 0x72, 0x75, 0x5f, 0x63, 0x65, 0x6c, 0x6c, 0x5f, 0x31, 0x2f, 
  0x73, 0x70, 0x6c, 0x69, 0x74, 0x5f, 0x36, 0x31, 0x3b, 0x73, 0x61, 0x66, 
  0x65, 0x62, 0x61, 0x6e, 0x64, 0x5f, 0x76, 0x32, 0x5f, 0x64, 0x65, 0x70, 
  0x6c, 0x6f, 0x79, 0x6d, 0x65, 0x6e, 0x74, 0x2f, 0x6d, 0x6f, 0x74, 0x69, 
  0x6f, 0x6e, 0x5f, 0x65, 0x6e, 0x63, 0x6f, 0x64, 0x65, 0x72, 0x2f, 0x65, 
  0x6e, 0x63, 0x5f, 0x73, 0x65, 0x71, 0x5f, 0x67, 0x72, 0x75, 0x32, 0x2f, 
  0x67, 0x72, 0x75, 0x5f, 0x63, 0x65, 0x6c, 0x6c, 0x5f, 0x31, 0x2f, 0x73, 
  0x70, 0x6c, 0x69, 0x74, 0x5f, 0x36, 0x32, 0x32, 0x00, 0x00, 0x00, 0x00, 
  0x02, 0x00, 0x00, 0x00, 0x01, 0x00, 0x00, 0x00, 0x04, 0x00, 0x00, 0x00, 
  0xb6, 0x12, 0xff, 0xff, 0x00, 0x00, 0x00, 0x01, 0x18, 0x00, 0x00, 0x00, 
  0x20, 0x00, 0x00, 0x00, 0x40, 0x00, 0x00, 0x00, 0x22, 0x01, 0x00, 0x00, 
  0x00, 0x00, 0x00, 0x09, 0x10, 0x01, 0x00, 0x00, 0x02, 0x00, 0x00, 0x00, 
  0xff, 0xff, 0xff, 0xff, 0x04, 0x00, 0x00, 0x00, 0x9c, 0x12, 0xff, 0xff, 
  0x08, 0x00, 0x00, 0x00, 0x14, 0x00, 0x00, 0x00, 0x01, 0x00, 0x00, 0x00, 
  0xff, 0xff, 0xff, 0xff, 0xff, 0xff, 0xff, 0xff, 0x00, 0x00, 0x00, 0x00, 
  0x01, 0x00, 0x00, 0x00, 0x98, 0x41, 0x3b, 0x3b, 0xd4, 0x00, 0x00, 0x00, 
  0x73, 0x61, 0x66, 0x65, 0x62, 0x61, 0x6e, 0x64, 0x5f, 0x76, 0x32, 0x5f, 
  0x64, 0x65, 0x70, 0x6c, 0x6f, 0x79, 0x6d, 0x65, 0x6e, 0x74, 0x2f, 0x6d, 
  0x6f, 0x74, 0x69, 0x6f, 0x6e, 0x5f, 0x65, 0x6e, 0x63, 0x6f, 0x64, 0x65, 
  0x72, 0x2f, 0x65, 0x6e, 0x63, 0x5f, 0x73, 0x65, 0x71, 0x5f, 0x67, 0x72, 
  0x75, 0x32, 0x2f, 0x67, 0x72, 0x75, 0x5f, 0x63, 0x65, 0x6c, 0x6c, 0x5f, 
  0x31, 0x2f, 0x73, 0x70, 0x6c, 0x69, 0x74, 0x5f, 0x36, 0x3b, 0x73, 0x61, 
  0x66, 0x65, 0x62, 0x61, 0x6e, 0x64, 0x5f, 0x76, 0x32, 0x5f, 0x64, 0x65, 
  0x70, 0x6c, 0x6f, 0x79, 0x6d, 0x65, 0x6e, 0x74, 0x2f, 0x6d, 0x6f, 0x74, 
  0x69, 0x6f, 0x6e, 0x5f, 0x65, 0x6e, 0x63, 0x6f, 0x64, 0x65, 0x72, 0x2f, 
  0x65, 0x6e, 0x63, 0x5f, 0x73, 0x65, 0x71, 0x5f, 0x67, 0x72, 0x75, 0x32, 
  0x2f, 0x67, 0x72, 0x75, 0x5f, 0x63, 0x65, 0x6c, 0x6c, 0x5f, 0x31, 0x2f, 
  0x73, 0x70, 0x6c, 0x69, 0x74, 0x5f, 0x36, 0x31, 0x3b, 0x73, 0x61, 0x66, 
  0x65, 0x62, 0x61, 0x6e, 0x64, 0x5f, 0x76, 0x32, 0x5f, 0x64, 0x65, 0x70, 
  0x6c, 0x6f, 0x79, 0x6d, 0x65, 0x6e, 0x74, 0x2f, 0x6d, 0x6f, 0x74, 0x69, 
  0x6f, 0x6e, 0x5f, 0x65, 0x6e, 0x63, 0x6f, 0x64, 0x65, 0x72, 0x2f, 0x65, 
  0x6e, 0x63, 0x5f, 0x73, 0x65, 0x71, 0x5f, 0x67, 0x72, 0x75, 0x32, 0x2f, 
  0x67, 0x72, 0x75, 0x5f, 0x63, 0x65, 0x6c, 0x6c, 0x5f, 0x31, 0x2f, 0x73, 
  0x70, 0x6c, 0x69, 0x74, 0x5f, 0x36, 0x32, 0x31, 0x00, 0x00, 0x00, 0x00, 
  0x02, 0x00, 0x00, 0x00, 0x01, 0x00, 0x00, 0x00, 0x04, 0x00, 0x00, 0x00, 
  0xee, 0x13, 0xff, 0xff, 0x00, 0x00, 0x00, 0x01, 0x18, 0x00, 0x00, 0x00, 
  0x20, 0x00, 0x00, 0x00, 0x3c, 0x00, 0x00, 0x00, 0x21, 0x01, 0x00, 0x00, 
  0x00, 0x00, 0x00, 0x09, 0x08, 0x01, 0x00, 0x00, 0x02, 0x00, 0x00, 0x00, 
  0xff, 0xff, 0xff, 0xff, 0x04, 0x00, 0x00, 0x00, 0xd4, 0x13, 0xff, 0xff, 
  0x08, 0x00, 0x00, 0x00, 0x10, 0x00, 0x00, 0x00, 0x01, 0x00, 0x00, 0x00, 
  0xff, 0xff, 0xff, 0xff, 0xff, 0xff, 0xff, 0xff, 0x01, 0x00, 0x00, 0x00, 
  0x98, 0x41, 0x3b, 0x3b, 0xd3, 0x00, 0x00, 0x00, 0x73, 0x61, 0x66, 0x65, 
  0x62, 0x61, 0x6e, 0x64, 0x5f, 0x76, 0x32, 0x5f, 0x64, 0x65, 0x70, 0x6c, 
  0x6f, 0x79, 0x6d, 0x65, 0x6e, 0x74, 0x2f, 0x6d, 0x6f, 0x74, 0x69, 0x6f, 
  0x6e, 0x5f, 0x65, 0x6e, 0x63, 0x6f, 0x64, 0x65, 0x72, 0x2f, 0x65, 0x6e, 
  0x63, 0x5f, 0x73, 0x65, 0x71, 0x5f, 0x67, 0x72, 0x75, 0x32, 0x2f, 0x67, 
  0x72, 0x75, 0x5f, 0x63, 0x65, 0x6c, 0x6c, 0x5f, 0x31, 0x2f, 0x73, 0x70, 
  0x6c, 0x69, 0x74, 0x5f, 0x36, 0x3b, 0x73, 0x61, 0x66, 0x65, 0x62, 0x61, 
  0x6e, 0x64, 0x5f, 0x76, 0x32, 0x5f, 0x64, 0x65, 0x70, 0x6c, 0x6f, 0x79, 
  0x6d, 0x65, 0x6e, 0x74, 0x2f, 0x6d, 0x6f, 0x74, 0x69, 0x6f, 0x6e, 0x5f, 
  0x65, 0x6e, 0x63, 0x6f, 0x64, 0x65, 0x72, 0x2f, 0x65, 0x6e, 0x63, 0x5f, 
  0x73, 0x65, 0x71, 0x5f, 0x67, 0x72, 0x75, 0x32, 0x2f, 0x67, 0x72, 0x75, 
  0x5f, 0x63, 0x65, 0x6c, 0x6c, 0x5f, 0x31, 0x2f, 0x73, 0x70, 0x6c, 0x69, 
  0x74, 0x5f, 0x36, 0x31, 0x3b, 0x73, 0x61, 0x66, 0x65, 0x62, 0x61, 0x6e, 
  0x64, 0x5f, 0x76, 0x32, 0x5f, 0x64, 0x65, 0x70, 0x6c, 0x6f, 0x79, 0x6d, 
  0x65, 0x6e, 0x74, 0x2f, 0x6d, 0x6f, 0x74, 0x69, 0x6f, 0x6e, 0x5f, 0x65, 
  0x6e, 0x63, 0x6f, 0x64, 0x65, 0x72, 0x2f, 0x65, 0x6e, 0x63, 0x5f, 0x73, 
  0x65, 0x71, 0x5f, 0x67, 0x72, 0x75, 0x32, 0x2f, 0x67, 0x72, 0x75, 0x5f, 
  0x63, 0x65, 0x6c, 0x6c, 0x5f, 0x31, 0x2f, 0x73, 0x70, 0x6c, 0x69, 0x74, 
  0x5f, 0x36, 0x32, 0x00, 0x02, 0x00, 0x00, 0x00, 0x01, 0x00, 0x00, 0x00, 
  0x04, 0x00, 0x00, 0x00, 0x1e, 0x15, 0xff, 0xff, 0x00, 0x00, 0x00, 0x01, 
  0x18, 0x00, 0x00, 0x00, 0x20, 0x00, 0x00, 0x00, 0x40, 0x00, 0x00, 0x00, 
  0x20, 0x01, 0x00, 0x00, 0x00, 0x00, 0x00, 0x09, 0xc8, 0x00, 0x00, 0x00, 
  0x02, 0x00, 0x00, 0x00, 0xff, 0xff, 0xff, 0xff, 0x0c, 0x00, 0x00, 0x00, 
  0x04, 0x15, 0xff, 0xff, 0x08, 0x00, 0x00, 0x00, 0x14, 0x00, 0x00, 0x00, 
  0x01, 0x00, 0x00, 0x00, 0xff, 0xff, 0xff, 0xff, 0xff, 0xff, 0xff, 0xff, 
  0x00, 0x00, 0x00, 0x00, 0x01, 0x00, 0x00, 0x00, 0x98, 0x41, 0x3b, 0x3b, 
  0x8e, 0x00, 0x00, 0x00, 0x73, 0x61, 0x66, 0x65, 0x62, 0x61, 0x6e, 0x64, 
  0x5f, 0x76, 0x32, 0x5f, 0x64, 0x65, 0x70, 0x6c, 0x6f, 0x79, 0x6d, 0x65, 
  0x6e, 0x74, 0x2f, 0x6d, 0x6f, 0x74, 0x69, 0x6f, 0x6e, 0x5f, 0x65, 0x6e, 
  0x63, 0x6f, 0x64, 0x65, 0x72, 0x2f, 0x65, 0x6e, 0x63, 0x5f, 0x73, 0x65, 
  0x71, 0x5f, 0x67, 0x72, 0x75, 0x32, 0x2f, 0x67, 0x72, 0x75, 0x5f, 0x63, 
  0x65, 0x6c, 0x6c, 0x5f, 0x31, 0x2f, 0x4d, 0x61, 0x74, 0x4d, 0x75, 0x6c, 
  0x5f, 0x36, 0x3b, 0x73, 0x61, 0x66, 0x65, 0x62, 0x61, 0x6e, 0x64, 0x5f, 
  0x76, 0x32, 0x5f, 0x64, 0x65, 0x70, 0x6c, 0x6f, 0x79, 0x6d, 0x65, 0x6e, 
  0x74, 0x2f, 0x6d, 0x6f, 0x74, 0x69, 0x6f, 0x6e, 0x5f, 0x65, 0x6e, 0x63, 
  0x6f, 0x64, 0x65, 0x72, 0x2f, 0x65, 0x6e, 0x63, 0x5f, 0x73, 0x65, 0x71, 
  0x5f, 0x67, 0x72, 0x75, 0x32, 0x2f, 0x67, 0x72, 0x75, 0x5f, 0x63, 0x65, 
  0x6c, 0x6c, 0x5f, 0x31, 0x2f, 0x42, 0x69, 0x61, 0x73, 0x41, 0x64, 0x64, 
  0x5f, 0x36, 0x00, 0x00, 0x02, 0x00, 0x00, 0x00, 0x01, 0x00, 0x00, 0x00, 
  0x0c, 0x00, 0x00, 0x00, 0x0e, 0x16, 0xff, 0xff, 0x00, 0x00, 0x00, 0x01, 
  0x18, 0x00, 0x00, 0x00, 0x20, 0x00, 0x00, 0x00, 0x40, 0x00, 0x00, 0x00, 
  0x1f, 0x01, 0x00, 0x00, 0x00, 0x00, 0x00, 0x09, 0x10, 0x01, 0x00, 0x00, 
  0x02, 0x00, 0x00, 0x00, 0xff, 0xff, 0xff, 0xff, 0x04, 0x00, 0x00, 0x00, 
  0xf4, 0x15, 0xff, 0xff, 0x08, 0x00, 0x00, 0x00, 0x14, 0x00, 0x00, 0x00, 
  0x01, 0x00, 0x00, 0x00, 0xf6, 0xff, 0xff, 0xff, 0xff, 0xff, 0xff, 0xff, 
  0x00, 0x00, 0x00, 0x00, 0x01, 0x00, 0x00, 0x00, 0x54, 0x44, 0x00, 0x3b, 
  0xd4, 0x00, 0x00, 0x00, 0x73, 0x61, 0x66, 0x65, 0x62, 0x61, 0x6e, 0x64, 
  0x5f, 0x76, 0x32, 0x5f, 0x64, 0x65, 0x70, 0x6c, 0x6f, 0x79, 0x6d, 0x65, 
  0x6e, 0x74, 0x2f, 0x6d, 0x6f, 0x74, 0x69, 0x6f, 0x6e, 0x5f, 0x65, 0x6e, 
  0x63, 0x6f, 0x64, 0x65, 0x72, 0x2f, 0x65, 0x6e, 0x63, 0x5f, 0x73, 0x65, 
  0x71, 0x5f, 0x67, 0x72, 0x75, 0x32, 0x2f, 0x67, 0x72, 0x75, 0x5f, 0x63, 
  0x65, 0x6c, 0x6c, 0x5f, 0x31, 0x2f, 0x73, 0x70, 0x6c, 0x69, 0x74, 0x5f, 
  0x37, 0x3b, 0x73, 0x61, 0x66, 0x65, 0x62, 0x61, 0x6e, 0x64, 0x5f, 0x76, 
  0x32, 0x5f, 0x64, 0x65, 0x70, 0x6c, 0x6f, 0x79, 0x6d, 0x65, 0x6e, 0x74, 
  0x2f, 0x6d, 0x6f, 0x74, 0x69, 0x6f, 0x6e, 0x5f, 0x65, 0x6e, 0x63, 0x6f, 
  0x64, 0x65, 0x72, 0x2f, 0x65, 0x6e, 0x63, 0x5f, 0x73, 0x65, 0x71, 0x5f, 
  0x67, 0x72, 0x75, 0x32, 0x2f, 0x67, 0x72, 0x75, 0x5f, 0x63, 0x65, 0x6c, 
  0x6c, 0x5f, 0x31, 0x2f, 0x73, 0x70, 0x6c, 0x69, 0x74, 0x5f, 0x37, 0x31, 
  0x3b, 0x73, 0x61, 0x66, 0x65, 0x62, 0x61, 0x6e, 0x64, 0x5f, 0x76, 0x32, 
  0x5f, 0x64, 0x65, 0x70, 0x6c, 0x6f, 0x79, 0x6d, 0x65, 0x6e, 0x74, 0x2f, 
  0x6d, 0x6f, 0x74, 0x69, 0x6f, 0x6e, 0x5f, 0x65, 0x6e, 0x63, 0x6f, 0x64, 
  0x65, 0x72, 0x2f, 0x65, 0x6e, 0x63, 0x5f, 0x73, 0x65, 0x71, 0x5f, 0x67, 
  0x72, 0x75, 0x32, 0x2f, 0x67, 0x72, 0x75, 0x5f, 0x63, 0x65, 0x6c, 0x6c, 
  0x5f, 0x31, 0x2f, 0x73, 0x70, 0x6c, 0x69, 0x74, 0x5f, 0x37, 0x32, 0x32, 
  0x00, 0x00, 0x00, 0x00, 0x02, 0x00, 0x00, 0x00, 0x01, 0x00, 0x00, 0x00, 
  0x04, 0x00, 0x00, 0x00, 0x46, 0x17, 0xff, 0xff, 0x00, 0x00, 0x00, 0x01, 
  0x18, 0x00, 0x00, 0x00, 0x20, 0x00, 0x00, 0x00, 0x40, 0x00, 0x00, 0x00, 
  0x1e, 0x01, 0x00, 0x00, 0x00, 0x00, 0x00, 0x09, 0x10, 0x01, 0x00, 0x00, 
  0x02, 0x00, 0x00, 0x00, 0xff, 0xff, 0xff, 0xff, 0x04, 0x00, 0x00, 0x00, 
  0x2c, 0x17, 0xff, 0xff, 0x08, 0x00, 0x00, 0x00, 0x14, 0x00, 0x00, 0x00, 
  0x01, 0x00, 0x00, 0x00, 0xf6, 0xff, 0xff, 0xff, 0xff, 0xff, 0xff, 0xff, 
  0x00, 0x00, 0x00, 0x00, 0x01, 0x00, 0x00, 0x00, 0x54, 0x44, 0x00, 0x3b, 
  0xd4, 0x00, 0x00, 0x00, 0x73, 0x61, 0x66, 0x65, 0x62, 0x61, 0x6e, 0x64, 
  0x5f, 0x76, 0x32, 0x5f, 0x64, 0x65, 0x70, 0x6c, 0x6f, 0x79, 0x6d, 0x65, 
  0x6e, 0x74, 0x2f, 0x6d, 0x6f, 0x74, 0x69, 0x6f, 0x6e, 0x5f, 0x65, 0x6e, 
  0x63, 0x6f, 0x64, 0x65, 0x72, 0x2f, 0x65, 0x6e, 0x63, 0x5f, 0x73, 0x65, 
  0x71, 0x5f, 0x67, 0x72, 0x75, 0x32, 0x2f, 0x67, 0x72, 0x75, 0x5f, 0x63, 
  0x65, 0x6c, 0x6c, 0x5f, 0x31, 0x2f, 0x73, 0x70, 0x6c, 0x69, 0x74, 0x5f, 
  0x37, 0x3b, 0x73, 0x61, 0x66, 0x65, 0x62, 0x61, 0x6e, 0x64, 0x5f, 0x76, 
  0x32, 0x5f, 0x64, 0x65, 0x70, 0x6c, 0x6f, 0x79, 0x6d, 0x65, 0x6e, 0x74, 
  0x2f, 0x6d, 0x6f, 0x74, 0x69, 0x6f, 0x6e, 0x5f, 0x65, 0x6e, 0x63, 0x6f, 
  0x64, 0x65, 0x72, 0x2f, 0x65, 0x6e, 0x63, 0x5f, 0x73, 0x65, 0x71, 0x5f, 
  0x67, 0x72, 0x75, 0x32, 0x2f, 0x67, 0x72, 0x75, 0x5f, 0x63, 0x65, 0x6c, 
  0x6c, 0x5f, 0x31, 0x2f, 0x73, 0x70, 0x6c, 0x69, 0x74, 0x5f, 0x37, 0x31, 
  0x3b, 0x73, 0x61, 0x66, 0x65, 0x62, 0x61, 0x6e, 0x64, 0x5f, 0x76, 0x32, 
  0x5f, 0x64, 0x65, 0x70, 0x6c, 0x6f, 0x79, 0x6d, 0x65, 0x6e, 0x74, 0x2f, 
  0x6d, 0x6f, 0x74, 0x69, 0x6f, 0x6e, 0x5f, 0x65, 0x6e, 0x63, 0x6f, 0x64, 
  0x65, 0x72, 0x2f, 0x65, 0x6e, 0x63, 0x5f, 0x73, 0x65, 0x71, 0x5f, 0x67, 
  0x72, 0x75, 0x32, 0x2f, 0x67, 0x72, 0x75, 0x5f, 0x63, 0x65, 0x6c, 0x6c, 
  0x5f, 0x31, 0x2f, 0x73, 0x70, 0x6c, 0x69, 0x74, 0x5f, 0x37, 0x32, 0x31, 
  0x00, 0x00, 0x00, 0x00, 0x02, 0x00, 0x00, 0x00, 0x01, 0x00, 0x00, 0x00, 
  0x04, 0x00, 0x00, 0x00, 0x7e, 0x18, 0xff, 0xff, 0x00, 0x00, 0x00, 0x01, 
  0x18, 0x00, 0x00, 0x00, 0x20, 0x00, 0x00, 0x00, 0x3c, 0x00, 0x00, 0x00, 
  0x1d, 0x01, 0x00, 0x00, 0x00, 0x00, 0x00, 0x09, 0x08, 0x01, 0x00, 0x00, 
  0x02, 0x00, 0x00, 0x00, 0xff, 0xff, 0xff, 0xff, 0x04, 0x00, 0x00, 0x00, 
  0x64, 0x18, 0xff, 0xff, 0x08, 0x00, 0x00, 0x00, 0x10, 0x00, 0x00, 0x00, 
  0x01, 0x00, 0x00, 0x00, 0xf6, 0xff, 0xff, 0xff, 0xff, 0xff, 0xff, 0xff, 
  0x01, 0x00, 0x00, 0x00, 0x54, 0x44, 0x00, 0x3b, 0xd3, 0x00, 0x00, 0x00, 
  0x73, 0x61, 0x66, 0x65, 0x62, 0x61, 0x6e, 0x64, 0x5f, 0x76, 0x32, 0x5f, 
  0x64, 0x65, 0x70, 0x6c, 0x6f, 0x79, 0x6d, 0x65, 0x6e, 0x74, 0x2f, 0x6d, 
  0x6f, 0x74, 0x69, 0x6f, 0x6e, 0x5f, 0x65, 0x6e, 0x63, 0x6f, 0x64, 0x65, 
  0x72, 0x2f, 0x65, 0x6e, 0x63, 0x5f, 0x73, 0x65, 0x71, 0x5f, 0x67, 0x72, 
  0x75, 0x32, 0x2f, 0x67, 0x72, 0x75, 0x5f, 0x63, 0x65, 0x6c, 0x6c, 0x5f, 
  0x31, 0x2f, 0x73, 0x70, 0x6c, 0x69, 0x74, 0x5f, 0x37, 0x3b, 0x73, 0x61, 
  0x66, 0x65, 0x62, 0x61, 0x6e, 0x64, 0x5f, 0x76, 0x32, 0x5f, 0x64, 0x65, 
  0x70, 0x6c, 0x6f, 0x79, 0x6d, 0x65, 0x6e, 0x74, 0x2f, 0x6d, 0x6f, 0x74, 
  0x69, 0x6f, 0x6e, 0x5f, 0x65, 0x6e, 0x63, 0x6f, 0x64, 0x65, 0x72, 0x2f, 
  0x65, 0x6e, 0x63, 0x5f, 0x73, 0x65, 0x71, 0x5f, 0x67, 0x72, 0x75, 0x32, 
  0x2f, 0x67, 0x72, 0x75, 0x5f, 0x63, 0x65, 0x6c, 0x6c, 0x5f, 0x31, 0x2f, 
  0x73, 0x70, 0x6c, 0x69, 0x74, 0x5f, 0x37, 0x31, 0x3b, 0x73, 0x61, 0x66, 
  0x65, 0x62, 0x61, 0x6e, 0x64, 0x5f, 0x76, 0x32, 0x5f, 0x64, 0x65, 0x70, 
  0x6c, 0x6f, 0x79, 0x6d, 0x65, 0x6e, 0x74, 0x2f, 0x6d, 0x6f, 0x74, 0x69, 
  0x6f, 0x6e, 0x5f, 0x65, 0x6e, 0x63, 0x6f, 0x64, 0x65, 0x72, 0x2f, 0x65, 
  0x6e, 0x63, 0x5f, 0x73, 0x65, 0x71, 0x5f, 0x67, 0x72, 0x75, 0x32, 0x2f, 
  0x67, 0x72, 0x75, 0x5f, 0x63, 0x65, 0x6c, 0x6c, 0x5f, 0x31, 0x2f, 0x73, 
  0x70, 0x6c, 0x69, 0x74, 0x5f, 0x37, 0x32, 0x00, 0x02, 0x00, 0x00, 0x00, 
  0x01, 0x00, 0x00, 0x00, 0x04, 0x00, 0x00, 0x00, 0xae, 0x19, 0xff, 0xff, 
  0x00, 0x00, 0x00, 0x01, 0x18, 0x00, 0x00, 0x00, 0x20, 0x00, 0x00, 0x00, 
  0x40, 0x00, 0x00, 0x00, 0x1c, 0x01, 0x00, 0x00, 0x00, 0x00, 0x00, 0x09, 
  0xc8, 0x00, 0x00, 0x00, 0x02, 0x00, 0x00, 0x00, 0xff, 0xff, 0xff, 0xff, 
  0x0c, 0x00, 0x00, 0x00, 0x94, 0x19, 0xff, 0xff, 0x08, 0x00, 0x00, 0x00, 
  0x14, 0x00, 0x00, 0x00, 0x01, 0x00, 0x00, 0x00, 0xf6, 0xff, 0xff, 0xff, 
  0xff, 0xff, 0xff, 0xff, 0x00, 0x00, 0x00, 0x00, 0x01, 0x00, 0x00, 0x00, 
  0x54, 0x44, 0x00, 0x3b, 0x8e, 0x00, 0x00, 0x00, 0x73, 0x61, 0x66, 0x65, 
  0x62, 0x61, 0x6e, 0x64, 0x5f, 0x76, 0x32, 0x5f, 0x64, 0x65, 0x70, 0x6c, 
  0x6f, 0x79, 0x6d, 0x65, 0x6e, 0x74, 0x2f, 0x6d, 0x6f, 0x74, 0x69, 0x6f, 
  0x6e, 0x5f, 0x65, 0x6e, 0x63, 0x6f, 0x64, 0x65, 0x72, 0x2f, 0x65, 0x6e, 
  0x63, 0x5f, 0x73, 0x65, 0x71, 0x5f, 0x67, 0x72, 0x75, 0x32, 0x2f, 0x67, 
  0x72, 0x75, 0x5f, 0x63, 0x65, 0x6c, 0x6c, 0x5f, 0x31, 0x2f, 0x4d, 0x61, 
  0x74, 0x4d, 0x75, 0x6c, 0x5f, 0x37, 0x3b, 0x73, 0x61, 0x66, 0x65, 0x62, 
  0x61, 0x6e, 0x64, 0x5f, 0x76, 0x32, 0x5f, 0x64, 0x65, 0x70, 0x6c, 0x6f, 
  0x79, 0x6d, 0x65, 0x6e, 0x74, 0x2f, 0x6d, 0x6f, 0x74, 0x69, 0x6f, 0x6e, 
  0x5f, 0x65, 0x6e, 0x63, 0x6f, 0x64, 0x65, 0x72, 0x2f, 0x65, 0x6e, 0x63, 
  0x5f, 0x73, 0x65, 0x71, 0x5f, 0x67, 0x72, 0x75, 0x32, 0x2f, 0x67, 0x72, 
  0x75, 0x5f, 0x63, 0x65, 0x6c, 0x6c, 0x5f, 0x31, 0x2f, 0x42, 0x69, 0x61, 
  0x73, 0x41, 0x64, 0x64, 0x5f, 0x37, 0x00, 0x00, 0x02, 0x00, 0x00, 0x00, 
  0x01, 0x00, 0x00, 0x00, 0x0c, 0x00, 0x00, 0x00, 0x9e, 0x1a, 0xff, 0xff, 
  0x00, 0x00, 0x00, 0x01, 0x18, 0x00, 0x00, 0x00, 0x20, 0x00, 0x00, 0x00, 
  0x40, 0x00, 0x00, 0x00, 0x1b, 0x01, 0x00, 0x00, 0x00, 0x00, 0x00, 0x09, 
  0x80, 0x00, 0x00, 0x00, 0x02, 0x00, 0x00, 0x00, 0xff, 0xff, 0xff, 0xff, 
  0x04, 0x00, 0x00, 0x00, 0x84, 0x1a, 0xff, 0xff, 0x08, 0x00, 0x00, 0x00, 
  0x14, 0x00, 0x00, 0x00, 0x01, 0x00, 0x00, 0x00, 0xf1, 0xff, 0xff, 0xff, 
  0xff, 0xff, 0xff, 0xff, 0x00, 0x00, 0x00, 0x00, 0x01, 0x00, 0x00, 0x00, 
  0xbc, 0xc0, 0x63, 0x3a, 0x44, 0x00, 0x00, 0x00, 0x73, 0x61, 0x66, 0x65, 
  0x62, 0x61, 0x6e, 0x64, 0x5f, 0x76, 0x32, 0x5f, 0x64, 0x65, 0x70, 0x6c, 
  0x6f, 0x79, 0x6d, 0x65, 0x6e, 0x74, 0x2f, 0x6d, 0x6f, 0x74, 0x69, 0x6f, 
  0x6e, 0x5f, 0x65, 0x6e, 0x63, 0x6f, 0x64, 0x65, 0x72, 0x2f, 0x65, 0x6e, 
  0x63, 0x5f, 0x73, 0x65, 0x71, 0x5f, 0x67, 0x72, 0x75, 0x32, 0x2f, 0x67, 
  0x72, 0x75, 0x5f, 0x63, 0x65, 0x6c, 0x6c, 0x5f, 0x31, 0x2f, 0x61, 0x64, 
  0x64, 0x5f, 0x31, 0x31, 0x00, 0x00, 0x00, 0x00, 0x02, 0x00, 0x00, 0x00, 
  0x01, 0x00, 0x00, 0x00, 0x04, 0x00, 0x00, 0x00, 0x46, 0x1b, 0xff, 0xff, 
  0x00, 0x00, 0x00, 0x01, 0x18, 0x00, 0x00, 0x00, 0x20, 0x00, 0x00, 0x00, 
  0x3c, 0x00, 0x00, 0x00, 0x1a, 0x01, 0x00, 0x00, 0x00, 0x00, 0x00, 0x09, 
  0x78, 0x00, 0x00, 0x00, 0x02, 0x00, 0x00, 0x00, 0xff, 0xff, 0xff, 0xff, 
  0x04, 0x00, 0x00, 0x00, 0x2c, 0x1b, 0xff, 0xff, 0x08, 0x00, 0x00, 0x00, 
  0x10, 0x00, 0x00, 0x00, 0x01, 0x00, 0x00, 0x00, 0xe8, 0xff, 0xff, 0xff, 
  0xff, 0xff, 0xff, 0xff, 0x01, 0x00, 0x00, 0x00, 0xbf, 0xe6, 0x16, 0x3a, 
  0x43, 0x00, 0x00, 0x00, 0x73, 0x61, 0x66, 0x65, 0x62, 0x61, 0x6e, 0x64, 
  0x5f, 0x76, 0x32, 0x5f, 0x64, 0x65, 0x70, 0x6c, 0x6f, 0x79, 0x6d, 0x65, 
  0x6e, 0x74, 0x2f, 0x6d, 0x6f, 0x74, 0x69, 0x6f, 0x6e, 0x5f, 0x65, 0x6e, 
  0x63, 0x6f, 0x64, 0x65, 0x72, 0x2f, 0x65, 0x6e, 0x63, 0x5f, 0x73, 0x65, 
  0x71, 0x5f, 0x67, 0x72, 0x75, 0x32, 0x2f, 0x67, 0x72, 0x75, 0x5f, 0x63, 
  0x65, 0x6c, 0x6c, 0x5f, 0x31, 0x2f, 0x6d, 0x75, 0x6c, 0x5f, 0x38, 0x00, 
  0x02, 0x00, 0x00, 0x00, 0x01, 0x00, 0x00, 0x00, 0x04, 0x00, 0x00, 0x00, 
  0xe6, 0x1b, 0xff, 0xff, 0x00, 0x00, 0x00, 0x01, 0x18, 0x00, 0x00, 0x00, 
  0x20, 0x00, 0x00, 0x00, 0x40, 0x00, 0x00, 0x00, 0x19, 0x01, 0x00, 0x00, 
  0x00, 0x00, 0x00, 0x09, 0x80, 0x00, 0x00, 0x00, 0x02, 0x00, 0x00, 0x00, 
  0xff, 0xff, 0xff, 0xff, 0x04, 0x00, 0x00, 0x00, 0xcc, 0x1b, 0xff, 0xff, 
  0x08, 0x00, 0x00, 0x00, 0x14, 0x00, 0x00, 0x00, 0x01, 0x00, 0x00, 0x00, 
  0x00, 0x00, 0x00, 0x00, 0x00, 0x00, 0x00, 0x00, 0x00, 0x00, 0x00, 0x00, 
  0x01, 0x00, 0x00, 0x00, 0x00, 0x00, 0x00, 0x3c, 0x44, 0x00, 0x00, 0x00, 
  0x73, 0x61, 0x66, 0x65, 0x62, 0x61, 0x6e, 0x64, 0x5f, 0x76, 0x32, 0x5f, 
  0x64, 0x65, 0x70, 0x6c, 0x6f, 0x79, 0x6d, 0x65, 0x6e, 0x74, 0x2f, 0x6d, 
  0x6f, 0x74, 0x69, 0x6f, 0x6e, 0x5f, 0x65, 0x6e, 0x63, 0x6f, 0x64, 0x65, 
  0x72, 0x2f, 0x65, 0x6e, 0x63, 0x5f, 0x73, 0x65, 0x71, 0x5f, 0x67, 0x72, 
  0x75, 0x32, 0x2f, 0x67, 0x72, 0x75, 0x5f, 0x63, 0x65, 0x6c, 0x6c, 0x5f, 
  0x31, 0x2f, 0x54, 0x61, 0x6e, 0x68, 0x5f, 0x32, 0x00, 0x00, 0x00, 0x00, 
  0x02, 0x00, 0x00, 0x00, 0x01, 0x00, 0x00, 0x00, 0x04, 0x00, 0x00, 0x00, 
  0x8e, 0x1c, 0xff, 0xff, 0x00, 0x00, 0x00, 0x01, 0x18, 0x00, 0x00, 0x00, 
  0x20, 0x00, 0x00, 0x00, 0x40, 0x00, 0x00, 0x00, 0x18, 0x01, 0x00, 0x00, 
  0x00, 0x00, 0x00, 0x09, 0x80, 0x00, 0x00, 0x00, 0x02, 0x00, 0x00, 0x00, 
  0xff, 0xff, 0xff, 0xff, 0x04, 0x00, 0x00, 0x00, 0x74, 0x1c, 0xff, 0xff, 
  0x08, 0x00, 0x00, 0x00, 0x14, 0x00, 0x00, 0x00, 0x01, 0x00, 0x00, 0x00, 
  0xf7, 0xff, 0xff, 0xff, 0xff, 0xff, 0xff, 0xff, 0x00, 0x00, 0x00, 0x00, 
  0x01, 0x00, 0x00, 0x00, 0x93, 0xe6, 0xa2, 0x3a, 0x44, 0x00, 0x00, 0x00, 
  0x73, 0x61, 0x66, 0x65, 0x62, 0x61, 0x6e, 0x64, 0x5f, 0x76, 0x32, 0x5f, 
  0x64, 0x65, 0x70, 0x6c, 0x6f, 0x79, 0x6d, 0x65, 0x6e, 0x74, 0x2f, 0x6d, 
  0x6f, 0x74, 0x69, 0x6f, 0x6e, 0x5f, 0x65, 0x6e, 0x63, 0x6f, 0x64, 0x65, 
  0x72, 0x2f, 0x65, 0x6e, 0x63, 0x5f, 0x73, 0x65, 0x71, 0x5f, 0x67, 0x72, 
  0x75, 0x32, 0x2f, 0x67, 0x72, 0x75, 0x5f, 0x63, 0x65, 0x6c, 0x6c, 0x5f, 
  0x31, 0x2f, 0x61, 0x64, 0x64, 0x5f, 0x31, 0x30, 0x00, 0x00, 0x00, 0x00, 
  0x02, 0x00, 0x00, 0x00, 0x01, 0x00, 0x00, 0x00, 0x04, 0x00, 0x00, 0x00, 
  0x36, 0x1d, 0xff, 0xff, 0x00, 0x00, 0x00, 0x01, 0x18, 0x00, 0x00, 0x00, 
  0x20, 0x00, 0x00, 0x00, 0x3c, 0x00, 0x00, 0x00, 0x17, 0x01, 0x00, 0x00, 
  0x00, 0x00, 0x00, 0x09, 0x78, 0x00, 0x00, 0x00, 0x02, 0x00, 0x00, 0x00, 
  0xff, 0xff, 0xff, 0xff, 0x04, 0x00, 0x00, 0x00, 0x1c, 0x1d, 0xff, 0xff, 
  0x08, 0x00, 0x00, 0x00, 0x10, 0x00, 0x00, 0x00, 0x01, 0x00, 0x00, 0x00, 
  0xce, 0xff, 0xff, 0xff, 0xff, 0xff, 0xff, 0xff, 0x01, 0x00, 0x00, 0x00, 
  0x1e, 0x22, 0x6a, 0x39, 0x43, 0x00, 0x00, 0x00, 0x73, 0x61, 0x66, 0x65, 
  0x62, 0x61, 0x6e, 0x64, 0x5f, 0x76, 0x32, 0x5f, 0x64, 0x65, 0x70, 0x6c, 
  0x6f, 0x79, 0x6d, 0x65, 0x6e, 0x74, 0x2f, 0x6d, 0x6f, 0x74, 0x69, 0x6f, 
  0x6e, 0x5f, 0x65, 0x6e, 0x63, 0x6f, 0x64, 0x65, 0x72, 0x2f, 0x65, 0x6e, 
  0x63, 0x5f, 0x73, 0x65, 0x71, 0x5f, 0x67, 0x72, 0x75, 0x32, 0x2f, 0x67, 
  0x72, 0x75, 0x5f, 0x63, 0x65, 0x6c, 0x6c, 0x5f, 0x31, 0x2f, 0x6d, 0x75, 
  0x6c, 0x5f, 0x36, 0x00, 0x02, 0x00, 0x00, 0x00, 0x01, 0x00, 0x00, 0x00, 
  0x04, 0x00, 0x00, 0x00, 0xd6, 0x1d, 0xff, 0xff, 0x00, 0x00, 0x00, 0x01, 
  0x18, 0x00, 0x00, 0x00, 0x20, 0x00, 0x00, 0x00, 0x40, 0x00, 0x00, 0x00, 
  0x16, 0x01, 0x00, 0x00, 0x00, 0x00, 0x00, 0x09, 0x80, 0x00, 0x00, 0x00, 
  0x02, 0x00, 0x00, 0x00, 0xff, 0xff, 0xff, 0xff, 0x04, 0x00, 0x00, 0x00, 
  0xbc, 0x1d, 0xff, 0xff, 0x08, 0x00, 0x00, 0x00, 0x14, 0x00, 0x00, 0x00, 
  0x01, 0x00, 0x00, 0x00, 0x80, 0xff, 0xff, 0xff, 0xff, 0xff, 0xff, 0xff, 
  0x00, 0x00, 0x00, 0x00, 0x01, 0x00, 0x00, 0x00, 0x00, 0x00, 0x80, 0x3b, 
  0x47, 0x00, 0x00, 0x00, 0x73, 0x61, 0x66, 0x65, 0x62, 0x61, 0x6e, 0x64, 
  0x5f, 0x76, 0x32, 0x5f, 0x64, 0x65, 0x70, 0x6c, 0x6f, 0x79, 0x6d, 0x65, 
  0x6e, 0x74, 0x2f, 0x6d, 0x6f, 0x74, 0x69, 0x6f, 0x6e, 0x5f, 0x65, 0x6e, 
  0x63, 0x6f, 0x64, 0x65, 0x72, 0x2f, 0x65, 0x6e, 0x63, 0x5f, 0x73, 0x65, 
  0x71, 0x5f, 0x67, 0x72, 0x75, 0x32, 0x2f, 0x67, 0x72, 0x75, 0x5f, 0x63, 
  0x65, 0x6c, 0x6c, 0x5f, 0x31, 0x2f, 0x53, 0x69, 0x67, 0x6d, 0x6f, 0x69, 
  0x64, 0x5f, 0x35, 0x00, 0x02, 0x00, 0x00, 0x00, 0x01, 0x00, 0x00, 0x00, 
  0x04, 0x00, 0x00, 0x00, 0x7e, 0x1e, 0xff, 0xff, 0x00, 0x00, 0x00, 0x01, 
  0x18, 0x00, 0x00, 0x00, 0x20, 0x00, 0x00, 0x00, 0x3c, 0x00, 0x00, 0x00, 
  0x15, 0x01, 0x00, 0x00, 0x00, 0x00, 0x00, 0x09, 0x78, 0x00, 0x00, 0x00, 
  0x02, 0x00, 0x00, 0x00, 0xff, 0xff, 0xff, 0xff, 0x04, 0x00, 0x00, 0x00, 
  0x64, 0x1e, 0xff, 0xff, 0x08, 0x00, 0x00, 0x00, 0x10, 0x00, 0x00, 0x00, 
  0x01, 0x00, 0x00, 0x00, 0x03, 0x00, 0x00, 0x00, 0x00, 0x00, 0x00, 0x00, 
  0x01, 0x00, 0x00, 0x00, 0xea, 0x7b, 0x89, 0x3b, 0x43, 0x00, 0x00, 0x00, 
  0x73, 0x61, 0x66, 0x65, 0x62, 0x61, 0x6e, 0x64, 0x5f, 0x76, 0x32, 0x5f, 
  0x64, 0x65, 0x70, 0x6c, 0x6f, 0x79, 0x6d, 0x65, 0x6e, 0x74, 0x2f, 0x6d, 
  0x6f, 0x74, 0x69, 0x6f, 0x6e, 0x5f, 0x65, 0x6e, 0x63, 0x6f, 0x64, 0x65, 
  0x72, 0x2f, 0x65, 0x6e, 0x63, 0x5f, 0x73, 0x65, 0x71, 0x5f, 0x67, 0x72, 
  0x75, 0x32, 0x2f, 0x67, 0x72, 0x75, 0x5f, 0x63, 0x65, 0x6c, 0x6c, 0x5f, 
  0x31, 0x2f, 0x61, 0x64, 0x64, 0x5f, 0x39, 0x00, 0x02, 0x00, 0x00, 0x00, 
  0x01, 0x00, 0x00, 0x00, 0x04, 0x00, 0x00, 0x00, 0x1e, 0x1f, 0xff, 0xff, 
  0x00, 0x00, 0x00, 0x01, 0x18, 0x00, 0x00, 0x00, 0x20, 0x00, 0x00, 0x00, 
  0x3c, 0x00, 0x00, 0x00, 0x14, 0x01, 0x00, 0x00, 0x00, 0x00, 0x00, 0x09, 
  0x78, 0x00, 0x00, 0x00, 0x02, 0x00, 0x00, 0x00, 0xff, 0xff, 0xff, 0xff, 
  0x04, 0x00, 0x00, 0x00, 0x04, 0x1f, 0xff, 0xff, 0x08, 0x00, 0x00, 0x00, 
  0x10, 0x00, 0x00, 0x00, 0x01, 0x00, 0x00, 0x00, 0x80, 0xff, 0xff, 0xff, 
  0xff, 0xff, 0xff, 0xff, 0x01, 0x00, 0x00, 0x00, 0xf3, 0xb7, 0x08, 0x3b, 
  0x43, 0x00, 0x00, 0x00, 0x73, 0x61, 0x66, 0x65, 0x62, 0x61, 0x6e, 0x64, 
  0x5f, 0x76, 0x32, 0x5f, 0x64, 0x65, 0x70, 0x6c, 0x6f, 0x79, 0x6d, 0x65, 
  0x6e, 0x74, 0x2f, 0x6d, 0x6f, 0x74, 0x69, 0x6f, 0x6e, 0x5f, 0x65, 0x6e, 
  0x63, 0x6f, 0x64, 0x65, 0x72, 0x2f, 0x65, 0x6e, 0x63, 0x5f, 0x73, 0x65, 
  0x71, 0x5f, 0x67, 0x72, 0x75, 0x32, 0x2f, 0x67, 0x72, 0x75, 0x5f, 0x63, 
  0x65, 0x6c, 0x6c, 0x5f, 0x31, 0x2f, 0x73, 0x75, 0x62, 0x5f, 0x32, 0x00, 
  0x02, 0x00, 0x00, 0x00, 0x01, 0x00, 0x00, 0x00, 0x04, 0x00, 0x00, 0x00, 
  0xbe, 0x1f, 0xff, 0xff, 0x00, 0x00, 0x00, 0x01, 0x18, 0x00, 0x00, 0x00, 
  0x20, 0x00, 0x00, 0x00, 0x3c, 0x00, 0x00, 0x00, 0x13, 0x01, 0x00, 0x00, 
  0x00, 0x00, 0x00, 0x09, 0x78, 0x00, 0x00, 0x00, 0x02, 0x00, 0x00, 0x00, 
  0xff, 0xff, 0xff, 0xff, 0x04, 0x00, 0x00, 0x00, 0xa4, 0x1f, 0xff, 0xff, 
  0x08, 0x00, 0x00, 0x00, 0x10, 0x00, 0x00, 0x00, 0x01, 0x00, 0x00, 0x00, 
  0x03, 0x00, 0x00, 0x00, 0x00, 0x00, 0x00, 0x00, 0x01, 0x00, 0x00, 0x00, 
  0xfa, 0xb3, 0x99, 0x39, 0x43, 0x00, 0x00, 0x00, 0x73, 0x61, 0x66, 0x65, 
  0x62, 0x61, 0x6e, 0x64, 0x5f, 0x76, 0x32, 0x5f, 0x64, 0x65, 0x70, 0x6c, 
  0x6f, 0x79, 0x6d, 0x65, 0x6e, 0x74, 0x2f, 0x6d, 0x6f, 0x74, 0x69, 0x6f, 
  0x6e, 0x5f, 0x65, 0x6e, 0x63, 0x6f, 0x64, 0x65, 0x72, 0x2f, 0x65, 0x6e, 
  0x63, 0x5f, 0x73, 0x65, 0x71, 0x5f, 0x67, 0x72, 0x75, 0x32, 0x2f, 0x67, 
  0x72, 0x75, 0x5f, 0x63, 0x65, 0x6c, 0x6c, 0x5f, 0x31, 0x2f, 0x6d, 0x75, 
  0x6c, 0x5f, 0x37, 0x00, 0x02, 0x00, 0x00, 0x00, 0x01, 0x00, 0x00, 0x00, 
  0x04, 0x00, 0x00, 0x00, 0x5e, 0x20, 0xff, 0xff, 0x00, 0x00, 0x00, 0x01, 
  0x18, 0x00, 0x00, 0x00, 0x20, 0x00, 0x00, 0x00, 0x40, 0x00, 0x00, 0x00, 
  0x12, 0x01, 0x00, 0x00, 0x00, 0x00, 0x00, 0x09, 0x80, 0x00, 0x00, 0x00, 
  0x02, 0x00, 0x00, 0x00, 0xff, 0xff, 0xff, 0xff, 0x04, 0x00, 0x00, 0x00, 
  0x44, 0x20, 0xff, 0xff, 0x08, 0x00, 0x00, 0x00, 0x14, 0x00, 0x00, 0x00, 
  0x01, 0x00, 0x00, 0x00, 0x80, 0xff, 0xff, 0xff, 0xff, 0xff, 0xff, 0xff, 
  0x00, 0x00, 0x00, 0x00, 0x01, 0x00, 0x00, 0x00, 0x00, 0x00, 0x80, 0x3b, 
  0x47, 0x00, 0x00, 0x00, 0x73, 0x61, 0x66, 0x65, 0x62, 0x61, 0x6e, 0x64, 
  0x5f, 0x76, 0x32, 0x5f, 0x64, 0x65, 0x70, 0x6c, 0x6f, 0x79, 0x6d, 0x65, 
  0x6e, 0x74, 0x2f, 0x6d, 0x6f, 0x74, 0x69, 0x6f, 0x6e, 0x5f, 0x65, 0x6e, 
  0x63, 0x6f, 0x64, 0x65, 0x72, 0x2f, 0x65, 0x6e, 0x63, 0x5f, 0x73, 0x65, 
  0x71, 0x5f, 0x67, 0x72, 0x75, 0x32, 0x2f, 0x67, 0x72, 0x75, 0x5f, 0x63, 
  0x65, 0x6c, 0x6c, 0x5f, 0x31, 0x2f, 0x53, 0x69, 0x67, 0x6d, 0x6f, 0x69, 
  0x64, 0x5f, 0x34, 0x00, 0x02, 0x00, 0x00, 0x00, 0x01, 0x00, 0x00, 0x00, 
  0x04, 0x00, 0x00, 0x00, 0x06, 0x21, 0xff, 0xff, 0x00, 0x00, 0x00, 0x01, 
  0x18, 0x00, 0x00, 0x00, 0x20, 0x00, 0x00, 0x00, 0x3c, 0x00, 0x00, 0x00, 
  0x11, 0x01, 0x00, 0x00, 0x00, 0x00, 0x00, 0x09, 0x78, 0x00, 0x00, 0x00, 
  0x02, 0x00, 0x00, 0x00, 0xff, 0xff, 0xff, 0xff, 0x04, 0x00, 0x00, 0x00, 
  0xec, 0x20, 0xff, 0xff, 0x08, 0x00, 0x00, 0x00, 0x10, 0x00, 0x00, 0x00, 
  0x01, 0x00, 0x00, 0x00, 0xac, 0xff, 0xff, 0xff, 0xff, 0xff, 0xff, 0xff, 
  0x01, 0x00, 0x00, 0x00, 0xf5, 0x98, 0x3e, 0x3b, 0x43, 0x00, 0x00, 0x00, 
  0x73, 0x61, 0x66, 0x65, 0x62, 0x61, 0x6e, 0x64, 0x5f, 0x76, 0x32, 0x5f, 
  0x64, 0x65, 0x70, 0x6c, 0x6f, 0x79, 0x6d, 0x65, 0x6e, 0x74, 0x2f, 0x6d, 
  0x6f, 0x74, 0x69, 0x6f, 0x6e, 0x5f, 0x65, 0x6e, 0x63, 0x6f, 0x64, 0x65, 
  0x72, 0x2f, 0x65, 0x6e, 0x63, 0x5f, 0x73, 0x65, 0x71, 0x5f, 0x67, 0x72, 
  0x75, 0x32, 0x2f, 0x67, 0x72, 0x75, 0x5f, 0x63, 0x65, 0x6c, 0x6c, 0x5f, 
  0x31, 0x2f, 0x61, 0x64, 0x64, 0x5f, 0x38, 0x00, 0x02, 0x00, 0x00, 0x00, 
  0x01, 0x00, 0x00, 0x00, 0x04, 0x00, 0x00, 0x00, 0xa6, 0x21, 0xff, 0xff, 
  0x00, 0x00, 0x00, 0x01, 0x18, 0x00, 0x00, 0x00, 0x20, 0x00, 0x00, 0x00, 
  0x40, 0x00, 0x00, 0x00, 0x10, 0x01, 0x00, 0x00, 0x00, 0x00, 0x00, 0x09, 
  0x10, 0x01, 0x00, 0x00, 0x02, 0x00, 0x00, 0x00, 0xff, 0xff, 0xff, 0xff, 
  0x04, 0x00, 0x00, 0x00, 0x8c, 0x21, 0xff, 0xff, 0x08, 0x00, 0x00, 0x00, 
  0x14, 0x00, 0x00, 0x00, 0x01, 0x00, 0x00, 0x00, 0xfe, 0xff, 0xff, 0xff, 
  0xff, 0xff, 0xff, 0xff, 0x00, 0x00, 0x00, 0x00, 0x01, 0x00, 0x00, 0x00, 
  0xf9, 0x38, 0x31, 0x3b, 0xd4, 0x00, 0x00, 0x00, 0x73, 0x61, 0x66, 0x65, 
  0x62, 0x61, 0x6e, 0x64, 0x5f, 0x76, 0x32, 0x5f, 0x64, 0x65, 0x70, 0x6c, 
  0x6f, 0x79, 0x6d, 0x65, 0x6e, 0x74, 0x2f, 0x6d, 0x6f, 0x74, 0x69, 0x6f, 
  0x6e, 0x5f, 0x65, 0x6e, 0x63, 0x6f, 0x64, 0x65, 0x72, 0x2f, 0x65, 0x6e, 
  0x63, 0x5f, 0x73, 0x65, 0x71, 0x5f, 0x67, 0x72, 0x75, 0x32, 0x2f, 0x67, 
  0x72, 0x75, 0x5f, 0x63, 0x65, 0x6c, 0x6c, 0x5f, 0x31, 0x2f, 0x73, 0x70, 
  0x6c, 0x69, 0x74, 0x5f, 0x34, 0x3b, 0x73, 0x61, 0x66, 0x65, 0x62, 0x61, 
  0x6e, 0x64, 0x5f, 0x76, 0x32, 0x5f, 0x64, 0x65, 0x70, 0x6c, 0x6f, 0x79, 
  0x6d, 0x65, 0x6e, 0x74, 0x2f, 0x6d, 0x6f, 0x74, 0x69, 0x6f, 0x6e, 0x5f, 
  0x65, 0x6e, 0x63, 0x6f, 0x64, 0x65, 0x72, 0x2f, 0x65, 0x6e, 0x63, 0x5f, 
  0x73, 0x65, 0x71, 0x5f, 0x67, 0x72, 0x75, 0x32, 0x2f, 0x67, 0x72, 0x75, 
  0x5f, 0x63, 0x65, 0x6c, 0x6c, 0x5f, 0x31, 0x2f, 0x73, 0x70, 0x6c, 0x69, 
  0x74, 0x5f, 0x34, 0x31, 0x3b, 0x73, 0x61, 0x66, 0x65, 0x62, 0x61, 0x6e, 
  0x64, 0x5f, 0x76, 0x32, 0x5f, 0x64, 0x65, 0x70, 0x6c, 0x6f, 0x79, 0x6d, 
  0x65, 0x6e, 0x74, 0x2f, 0x6d, 0x6f, 0x74, 0x69, 0x6f, 0x6e, 0x5f, 0x65, 
  0x6e, 0x63, 0x6f, 0x64, 0x65, 0x72, 0x2f, 0x65, 0x6e, 0x63, 0x5f, 0x73, 
  0x65, 0x71, 0x5f, 0x67, 0x72, 0x75, 0x32, 0x2f, 0x67, 0x72, 0x75, 0x5f, 
  0x63, 0x65, 0x6c, 0x6c, 0x5f, 0x31, 0x2f, 0x73, 0x70, 0x6c, 0x69, 0x74, 
  0x5f, 0x34, 0x32, 0x32, 0x00, 0x00, 0x00, 0x00, 0x02, 0x00, 0x00, 0x00, 
  0x01, 0x00, 0x00, 0x00, 0x04, 0x00, 0x00, 0x00, 0xde, 0x22, 0xff, 0xff, 
  0x00, 0x00, 0x00, 0x01, 0x18, 0x00, 0x00, 0x00, 0x20, 0x00, 0x00, 0x00, 
  0x40, 0x00, 0x00, 0x00, 0x0f, 0x01, 0x00, 0x00, 0x00, 0x00, 0x00, 0x09, 
  0x10, 0x01, 0x00, 0x00, 0x02, 0x00, 0x00, 0x00, 0xff, 0xff, 0xff, 0xff, 
  0x04, 0x00, 0x00, 0x00, 0xc4, 0x22, 0xff, 0xff, 0x08, 0x00, 0x00, 0x00, 
  0x14, 0x00, 0x00, 0x00, 0x01, 0x00, 0x00, 0x00, 0xfe, 0xff, 0xff, 0xff, 
  0xff, 0xff, 0xff, 0xff, 0x00, 0x00, 0x00, 0x00, 0x01, 0x00, 0x00, 0x00, 
  0xf9, 0x38, 0x31, 0x3b, 0xd4, 0x00, 0x00, 0x00, 0x73, 0x61, 0x66, 0x65, 
  0x62, 0x61, 0x6e, 0x64, 0x5f, 0x76, 0x32, 0x5f, 0x64, 0x65, 0x70, 0x6c, 
  0x6f, 0x79, 0x6d, 0x65, 0x6e, 0x74, 0x2f, 0x6d, 0x6f, 0x74, 0x69, 0x6f, 
  0x6e, 0x5f, 0x65, 0x6e, 0x63, 0x6f, 0x64, 0x65, 0x72, 0x2f, 0x65, 0x6e, 
  0x63, 0x5f, 0x73, 0x65, 0x71, 0x5f, 0x67, 0x72, 0x75, 0x32, 0x2f, 0x67, 
  0x72, 0x75, 0x5f, 0x63, 0x65, 0x6c, 0x6c, 0x5f, 0x31, 0x2f, 0x73, 0x70, 
  0x6c, 0x69, 0x74, 0x5f, 0x34, 0x3b, 0x73, 0x61, 0x66, 0x65, 0x62, 0x61, 
  0x6e, 0x64, 0x5f, 0x76, 0x32, 0x5f, 0x64, 0x65, 0x70, 0x6c, 0x6f, 0x79, 
  0x6d, 0x65, 0x6e, 0x74, 0x2f, 0x6d, 0x6f, 0x74, 0x69, 0x6f, 0x6e, 0x5f, 
  0x65, 0x6e, 0x63, 0x6f, 0x64, 0x65, 0x72, 0x2f, 0x65, 0x6e, 0x63, 0x5f, 
  0x73, 0x65, 0x71, 0x5f, 0x67, 0x72, 0x75, 0x32, 0x2f, 0x67, 0x72, 0x75, 
  0x5f, 0x63, 0x65, 0x6c, 0x6c, 0x5f, 0x31, 0x2f, 0x73, 0x70, 0x6c, 0x69, 
  0x74, 0x5f, 0x34, 0x31, 0x3b, 0x73, 0x61, 0x66, 0x65, 0x62, 0x61, 0x6e, 
  0x64, 0x5f, 0x76, 0x32, 0x5f, 0x64, 0x65, 0x70, 0x6c, 0x6f, 0x79, 0x6d, 
  0x65, 0x6e, 0x74, 0x2f, 0x6d, 0x6f, 0x74, 0x69, 0x6f, 0x6e, 0x5f, 0x65, 
  0x6e, 0x63, 0x6f, 0x64, 0x65, 0x72, 0x2f, 0x65, 0x6e, 0x63, 0x5f, 0x73, 
  0x65, 0x71, 0x5f, 0x67, 0x72, 0x75, 0x32, 0x2f, 0x67, 0x72, 0x75, 0x5f, 
  0x63, 0x65, 0x6c, 0x6c, 0x5f, 0x31, 0x2f, 0x73, 0x70, 0x6c, 0x69, 0x74, 
  0x5f, 0x34, 0x32, 0x31, 0x00, 0x00, 0x00, 0x00, 0x02, 0x00, 0x00, 0x00, 
  0x01, 0x00, 0x00, 0x00, 0x04, 0x00, 0x00, 0x00, 0x16, 0x24, 0xff, 0xff, 
  0x00, 0x00, 0x00, 0x01, 0x18, 0x00, 0x00, 0x00, 0x20, 0x00, 0x00, 0x00, 
  0x3c, 0x00, 0x00, 0x00, 0x0e, 0x01, 0x00, 0x00, 0x00, 0x00, 0x00, 0x09, 
  0x08, 0x01, 0x00, 0x00, 0x02, 0x00, 0x00, 0x00, 0xff, 0xff, 0xff, 0xff, 
  0x04, 0x00, 0x00, 0x00, 0xfc, 0x23, 0xff, 0xff, 0x08, 0x00, 0x00, 0x00, 
  0x10, 0x00, 0x00, 0x00, 0x01, 0x00, 0x00, 0x00, 0xfe, 0xff, 0xff, 0xff, 
  0xff, 0xff, 0xff, 0xff, 0x01, 0x00, 0x00, 0x00, 0xf9, 0x38, 0x31, 0x3b, 
  0xd3, 0x00, 0x00, 0x00, 0x73, 0x61, 0x66, 0x65, 0x62, 0x61, 0x6e, 0x64, 
  0x5f, 0x76, 0x32, 0x5f, 0x64, 0x65, 0x70, 0x6c, 0x6f, 0x79, 0x6d, 0x65, 
  0x6e, 0x74, 0x2f, 0x6d, 0x6f, 0x74, 0x69, 0x6f, 0x6e, 0x5f, 0x65, 0x6e, 
  0x63, 0x6f, 0x64, 0x65, 0x72, 0x2f, 0x65, 0x6e, 0x63, 0x5f, 0x73, 0x65, 
  0x71, 0x5f, 0x67, 0x72, 0x75, 0x32, 0x2f, 0x67, 0x72, 0x75, 0x5f, 0x63, 
  0x65, 0x6c, 0x6c, 0x5f, 0x31, 0x2f, 0x73, 0x70, 0x6c, 0x69, 0x74, 0x5f, 
  0x34, 0x3b, 0x73, 0x61, 0x66, 0x65, 0x62, 0x61, 0x6e, 0x64, 0x5f, 0x76, 
  0x32, 0x5f, 0x64, 0x65, 0x70, 0x6c, 0x6f, 0x79, 0x6d, 0x65, 0x6e, 0x74, 
  0x2f, 0x6d, 0x6f, 0x74, 0x69, 0x6f, 0x6e, 0x5f, 0x65, 0x6e, 0x63, 0x6f, 
  0x64, 0x65, 0x72, 0x2f, 0x65, 0x6e, 0x63, 0x5f, 0x73, 0x65, 0x71, 0x5f, 
  0x67, 0x72, 0x75, 0x32, 0x2f, 0x67, 0x72, 0x75, 0x5f, 0x63, 0x65, 0x6c, 
  0x6c, 0x5f, 0x31, 0x2f, 0x73, 0x70, 0x6c, 0x69, 0x74, 0x5f, 0x34, 0x31, 
  0x3b, 0x73, 0x61, 0x66, 0x65, 0x62, 0x61, 0x6e, 0x64, 0x5f, 0x76, 0x32, 
  0x5f, 0x64, 0x65, 0x70, 0x6c, 0x6f, 0x79, 0x6d, 0x65, 0x6e, 0x74, 0x2f, 
  0x6d, 0x6f, 0x74, 0x69, 0x6f, 0x6e, 0x5f, 0x65, 0x6e, 0x63, 0x6f, 0x64, 
  0x65, 0x72, 0x2f, 0x65, 0x6e, 0x63, 0x5f, 0x73, 0x65, 0x71, 0x5f, 0x67, 
  0x72, 0x75, 0x32, 0x2f, 0x67, 0x72, 0x75, 0x5f, 0x63, 0x65, 0x6c, 0x6c, 
  0x5f, 0x31, 0x2f, 0x73, 0x70, 0x6c, 0x69, 0x74, 0x5f, 0x34, 0x32, 0x00, 
  0x02, 0x00, 0x00, 0x00, 0x01, 0x00, 0x00, 0x00, 0x04, 0x00, 0x00, 0x00, 
  0x46, 0x25, 0xff, 0xff, 0x00, 0x00, 0x00, 0x01, 0x18, 0x00, 0x00, 0x00, 
  0x20, 0x00, 0x00, 0x00, 0x40, 0x00, 0x00, 0x00, 0x0d, 0x01, 0x00, 0x00, 
  0x00, 0x00, 0x00, 0x09, 0xc8, 0x00, 0x00, 0x00, 0x02, 0x00, 0x00, 0x00, 
  0xff, 0xff, 0xff, 0xff, 0x0c, 0x00, 0x00, 0x00, 0x2c, 0x25, 0xff, 0xff, 
  0x08, 0x00, 0x00, 0x00, 0x14, 0x00, 0x00, 0x00, 0x01, 0x00, 0x00, 0x00, 
  0xfe, 0xff, 0xff, 0xff, 0xff, 0xff, 0xff, 0xff, 0x00, 0x00, 0x00, 0x00, 
  0x01, 0x00, 0x00, 0x00, 0xf9, 0x38, 0x31, 0x3b, 0x8e, 0x00, 0x00, 0x00, 
  0x73, 0x61, 0x66, 0x65, 0x62, 0x61, 0x6e, 0x64, 0x5f, 0x76, 0x32, 0x5f, 
  0x64, 0x65, 0x70, 0x6c, 0x6f, 0x79, 0x6d, 0x65, 0x6e, 0x74, 0x2f, 0x6d, 
  0x6f, 0x74, 0x69, 0x6f, 0x6e, 0x5f, 0x65, 0x6e, 0x63, 0x6f, 0x64, 0x65, 
  0x72, 0x2f, 0x65, 0x6e, 0x63, 0x5f, 0x73, 0x65, 0x71, 0x5f, 0x67, 0x72, 
  0x75, 0x32, 0x2f, 0x67, 0x72, 0x75, 0x5f, 0x63, 0x65, 0x6c, 0x6c, 0x5f, 
  0x31, 0x2f, 0x4d, 0x61, 0x74, 0x4d, 0x75, 0x6c, 0x5f, 0x34, 0x3b, 0x73, 
  0x61, 0x66, 0x65, 0x62, 0x61, 0x6e, 0x64, 0x5f, 0x76, 0x32, 0x5f, 0x64, 
  0x65, 0x70, 0x6c, 0x6f, 0x79, 0x6d, 0x65, 0x6e, 0x74, 0x2f, 0x6d, 0x6f, 
  0x74, 0x69, 0x6f, 0x6e, 0x5f, 0x65, 0x6e, 0x63, 0x6f, 0x64, 0x65, 0x72, 
  0x2f, 0x65, 0x6e, 0x63, 0x5f, 0x73, 0x65, 0x71, 0x5f, 0x67, 0x72, 0x75, 
  0x32, 0x2f, 0x67, 0x72, 0x75, 0x5f, 0x63, 0x65, 0x6c, 0x6c, 0x5f, 0x31, 
  0x2f, 0x42, 0x69, 0x61, 0x73, 0x41, 0x64, 0x64, 0x5f, 0x34, 0x00, 0x00, 
  0x02, 0x00, 0x00, 0x00, 0x01, 0x00, 0x00, 0x00, 0x0c, 0x00, 0x00, 0x00, 
  0x36, 0x26, 0xff, 0xff, 0x00, 0x00, 0x00, 0x01, 0x18, 0x00, 0x00, 0x00, 
  0x20, 0x00, 0x00, 0x00, 0x40, 0x00, 0x00, 0x00, 0x0c, 0x01, 0x00, 0x00, 
  0x00, 0x00, 0x00, 0x09, 0x10, 0x01, 0x00, 0x00, 0x02, 0x00, 0x00, 0x00, 
  0xff, 0xff, 0xff, 0xff, 0x04, 0x00, 0x00, 0x00, 0x1c, 0x26, 0xff, 0xff, 
  0x08, 0x00, 0x00, 0x00, 0x14, 0x00, 0x00, 0x00, 0x01, 0x00, 0x00, 0x00, 
  0xf2, 0xff, 0xff, 0xff, 0xff, 0xff, 0xff, 0xff, 0x00, 0x00, 0x00, 0x00, 
  0x01, 0x00, 0x00, 0x00, 0x8b, 0x5d, 0xfb, 0x3a, 0xd4, 0x00, 0x00, 0x00, 
  0x73, 0x61, 0x66, 0x65, 0x62, 0x61, 0x6e, 0x64, 0x5f, 0x76, 0x32, 0x5f, 
  0x64, 0x65, 0x70, 0x6c, 0x6f, 0x79, 0x6d, 0x65, 0x6e, 0x74, 0x2f, 0x6d, 
  0x6f, 0x74, 0x69, 0x6f, 0x6e, 0x5f, 0x65, 0x6e, 0x63, 0x6f, 0x64, 0x65, 
  0x72, 0x2f, 0x65, 0x6e, 0x63, 0x5f, 0x73, 0x65, 0x71, 0x5f, 0x67, 0x72, 
  0x75, 0x32, 0x2f, 0x67, 0x72, 0x75, 0x5f, 0x63, 0x65, 0x6c, 0x6c, 0x5f, 
  0x31, 0x2f, 0x73, 0x70, 0x6c, 0x69, 0x74, 0x5f, 0x35, 0x3b, 0x73, 0x61, 
  0x66, 0x65, 0x62, 0x61, 0x6e, 0x64, 0x5f, 0x76, 0x32, 0x5f, 0x64, 0x65, 
  0x70, 0x6c, 0x6f, 0x79, 0x6d, 0x65, 0x6e, 0x74, 0x2f, 0x6d, 0x6f, 0x74, 
  0x69, 0x6f, 0x6e, 0x5f, 0x65, 0x6e, 0x63, 0x6f, 0x64, 0x65, 0x72, 0x2f, 
  0x65, 0x6e, 0x63, 0x5f, 0x73, 0x65, 0x71, 0x5f, 0x67, 0x72, 0x75, 0x32, 
  0x2f, 0x67, 0x72, 0x75, 0x5f, 0x63, 0x65, 0x6c, 0x6c, 0x5f, 0x31, 0x2f, 
  0x73, 0x70, 0x6c, 0x69, 0x74, 0x5f, 0x35, 0x31, 0x3b, 0x73, 0x61, 0x66, 
  0x65, 0x62, 0x61, 0x6e, 0x64, 0x5f, 0x76, 0x32, 0x5f, 0x64, 0x65, 0x70, 
  0x6c, 0x6f, 0x79, 0x6d, 0x65, 0x6e, 0x74, 0x2f, 0x6d, 0x6f, 0x74, 0x69, 
  0x6f, 0x6e, 0x5f, 0x65, 0x6e, 0x63, 0x6f, 0x64, 0x65, 0x72, 0x2f, 0x65, 
  0x6e, 0x63, 0x5f, 0x73, 0x65, 0x71, 0x5f, 0x67, 0x72, 0x75, 0x32, 0x2f, 
  0x67, 0x72, 0x75, 0x5f, 0x63, 0x65, 0x6c, 0x6c, 0x5f, 0x31, 0x2f, 0x73, 
  0x70, 0x6c, 0x69, 0x74, 0x5f, 0x35, 0x32, 0x32, 0x00, 0x00, 0x00, 0x00, 
  0x02, 0x00, 0x00, 0x00, 0x01, 0x00, 0x00, 0x00, 0x04, 0x00, 0x00, 0x00, 
  0x6e, 0x27, 0xff, 0xff, 0x00, 0x00, 0x00, 0x01, 0x18, 0x00, 0x00, 0x00, 
  0x20, 0x00, 0x00, 0x00, 0x40, 0x00, 0x00, 0x00, 0x0b, 0x01, 0x00, 0x00, 
  0x00, 0x00, 0x00, 0x09, 0x10, 0x01, 0x00, 0x00, 0x02, 0x00, 0x00, 0x00, 
  0xff, 0xff, 0xff, 0xff, 0x04, 0x00, 0x00, 0x00, 0x54, 0x27, 0xff, 0xff, 
  0x08, 0x00, 0x00, 0x00, 0x14, 0x00, 0x00, 0x00, 0x01, 0x00, 0x00, 0x00, 
  0xf2, 0xff, 0xff, 0xff, 0xff, 0xff, 0xff, 0xff, 0x00, 0x00, 0x00, 0x00, 
  0x01, 0x00, 0x00, 0x00, 0x8b, 0x5d, 0xfb, 0x3a, 0xd4, 0x00, 0x00, 0x00, 
  0x73, 0x61, 0x66, 0x65, 0x62, 0x61, 0x6e, 0x64, 0x5f, 0x76, 0x32, 0x5f, 
  0x64, 0x65, 0x70, 0x6c, 0x6f, 0x79, 0x6d, 0x65, 0x6e, 0x74, 0x2f, 0x6d, 
  0x6f, 0x74, 0x69, 0x6f, 0x6e, 0x5f, 0x65, 0x6e, 0x63, 0x6f, 0x64, 0x65, 
  0x72, 0x2f, 0x65, 0x6e, 0x63, 0x5f, 0x73, 0x65, 0x71, 0x5f, 0x67, 0x72, 
  0x75, 0x32, 0x2f, 0x67, 0x72, 0x75, 0x5f, 0x63, 0x65, 0x6c, 0x6c, 0x5f, 
  0x31, 0x2f, 0x73, 0x70, 0x6c, 0x69, 0x74, 0x5f, 0x35, 0x3b, 0x73, 0x61, 
  0x66, 0x65, 0x62, 0x61, 0x6e, 0x64, 0x5f, 0x76, 0x32, 0x5f, 0x64, 0x65, 
  0x70, 0x6c, 0x6f, 0x79, 0x6d, 0x65, 0x6e, 0x74, 0x2f, 0x6d, 0x6f, 0x74, 
  0x69, 0x6f, 0x6e, 0x5f, 0x65, 0x6e, 0x63, 0x6f, 0x64, 0x65, 0x72, 0x2f, 
  0x65, 0x6e, 0x63, 0x5f, 0x73, 0x65, 0x71, 0x5f, 0x67, 0x72, 0x75, 0x32, 
  0x2f, 0x67, 0x72, 0x75, 0x5f, 0x63, 0x65, 0x6c, 0x6c, 0x5f, 0x31, 0x2f, 
  0x73, 0x70, 0x6c, 0x69, 0x74, 0x5f, 0x35, 0x31, 0x3b, 0x73, 0x61, 0x66, 
  0x65, 0x62, 0x61, 0x6e, 0x64, 0x5f, 0x76, 0x32, 0x5f, 0x64, 0x65, 0x70, 
  0x6c, 0x6f, 0x79, 0x6d, 0x65, 0x6e, 0x74, 0x2f, 0x6d, 0x6f, 0x74, 0x69, 
  0x6f, 0x6e, 0x5f, 0x65, 0x6e, 0x63, 0x6f, 0x64, 0x65, 0x72, 0x2f, 0x65, 
  0x6e, 0x63, 0x5f, 0x73, 0x65, 0x71, 0x5f, 0x67, 0x72, 0x75, 0x32, 0x2f, 
  0x67, 0x72, 0x75, 0x5f, 0x63, 0x65, 0x6c, 0x6c, 0x5f, 0x31, 0x2f, 0x73, 
  0x70, 0x6c, 0x69, 0x74, 0x5f, 0x35, 0x32, 0x31, 0x00, 0x00, 0x00, 0x00, 
  0x02, 0x00, 0x00, 0x00, 0x01, 0x00, 0x00, 0x00, 0x04, 0x00, 0x00, 0x00, 
  0xa6, 0x28, 0xff, 0xff, 0x00, 0x00, 0x00, 0x01, 0x18, 0x00, 0x00, 0x00, 
  0x20, 0x00, 0x00, 0x00, 0x3c, 0x00, 0x00, 0x00, 0x0a, 0x01, 0x00, 0x00, 
  0x00, 0x00, 0x00, 0x09, 0x08, 0x01, 0x00, 0x00, 0x02, 0x00, 0x00, 0x00, 
  0xff, 0xff, 0xff, 0xff, 0x04, 0x00, 0x00, 0x00, 0x8c, 0x28, 0xff, 0xff, 
  0x08, 0x00, 0x00, 0x00, 0x10, 0x00, 0x00, 0x00, 0x01, 0x00, 0x00, 0x00, 
  0xf2, 0xff, 0xff, 0xff, 0xff, 0xff, 0xff, 0xff, 0x01, 0x00, 0x00, 0x00, 
  0x8b, 0x5d, 0xfb, 0x3a, 0xd3, 0x00, 0x00, 0x00, 0x73, 0x61, 0x66, 0x65, 
  0x62, 0x61, 0x6e, 0x64, 0x5f, 0x76, 0x32, 0x5f, 0x64, 0x65, 0x70, 0x6c, 
  0x6f, 0x79, 0x6d, 0x65, 0x6e, 0x74, 0x2f, 0x6d, 0x6f, 0x74, 0x69, 0x6f, 
  0x6e, 0x5f, 0x65, 0x6e, 0x63, 0x6f, 0x64, 0x65, 0x72, 0x2f, 0x65, 0x6e, 
  0x63, 0x5f, 0x73, 0x65, 0x71, 0x5f, 0x67, 0x72, 0x75, 0x32, 0x2f, 0x67, 
  0x72, 0x75, 0x5f, 0x63, 0x65, 0x6c, 0x6c, 0x5f, 0x31, 0x2f, 0x73, 0x70, 
  0x6c, 0x69, 0x74, 0x5f, 0x35, 0x3b, 0x73, 0x61, 0x66, 0x65, 0x62, 0x61, 
  0x6e, 0x64, 0x5f, 0x76, 0x32, 0x5f, 0x64, 0x65, 0x70, 0x6c, 0x6f, 0x79, 
  0x6d, 0x65, 0x6e, 0x74, 0x2f, 0x6d, 0x6f, 0x74, 0x69, 0x6f, 0x6e, 0x5f, 
  0x65, 0x6e, 0x63, 0x6f, 0x64, 0x65, 0x72, 0x2f, 0x65, 0x6e, 0x63, 0x5f, 
  0x73, 0x65, 0x71, 0x5f, 0x67, 0x72, 0x75, 0x32, 0x2f, 0x67, 0x72, 0x75, 
  0x5f, 0x63, 0x65, 0x6c, 0x6c, 0x5f, 0x31, 0x2f, 0x73, 0x70, 0x6c, 0x69, 
  0x74, 0x5f, 0x35, 0x31, 0x3b, 0x73, 0x61, 0x66, 0x65, 0x62, 0x61, 0x6e, 
  0x64, 0x5f, 0x76, 0x32, 0x5f, 0x64, 0x65, 0x70, 0x6c, 0x6f, 0x79, 0x6d, 
  0x65, 0x6e, 0x74, 0x2f, 0x6d, 0x6f, 0x74, 0x69, 0x6f, 0x6e, 0x5f, 0x65, 
  0x6e, 0x63, 0x6f, 0x64, 0x65, 0x72, 0x2f, 0x65, 0x6e, 0x63, 0x5f, 0x73, 
  0x65, 0x71, 0x5f, 0x67, 0x72, 0x75, 0x32, 0x2f, 0x67, 0x72, 0x75, 0x5f, 
  0x63, 0x65, 0x6c, 0x6c, 0x5f, 0x31, 0x2f, 0x73, 0x70, 0x6c, 0x69, 0x74, 
  0x5f, 0x35, 0x32, 0x00, 0x02, 0x00, 0x00, 0x00, 0x01, 0x00, 0x00, 0x00, 
  0x04, 0x00, 0x00, 0x00, 0xd6, 0x29, 0xff, 0xff, 0x00, 0x00, 0x00, 0x01, 
  0x18, 0x00, 0x00, 0x00, 0x20, 0x00, 0x00, 0x00, 0x40, 0x00, 0x00, 0x00, 
  0x09, 0x01, 0x00, 0x00, 0x00, 0x00, 0x00, 0x09, 0xc8, 0x00, 0x00, 0x00, 
  0x02, 0x00, 0x00, 0x00, 0xff, 0xff, 0xff, 0xff, 0x0c, 0x00, 0x00, 0x00, 
  0xbc, 0x29, 0xff, 0xff, 0x08, 0x00, 0x00, 0x00, 0x14, 0x00, 0x00, 0x00, 
  0x01, 0x00, 0x00, 0x00, 0xf2, 0xff, 0xff, 0xff, 0xff, 0xff, 0xff, 0xff, 
  0x00, 0x00, 0x00, 0x00, 0x01, 0x00, 0x00, 0x00, 0x8b, 0x5d, 0xfb, 0x3a, 
  0x8e, 0x00, 0x00, 0x00, 0x73, 0x61, 0x66, 0x65, 0x62, 0x61, 0x6e, 0x64, 
  0x5f, 0x76, 0x32, 0x5f, 0x64, 0x65, 0x70, 0x6c, 0x6f, 0x79, 0x6d, 0x65, 
  0x6e, 0x74, 0x2f, 0x6d, 0x6f, 0x74, 0x69, 0x6f, 0x6e, 0x5f, 0x65, 0x6e, 
  0x63, 0x6f, 0x64, 0x65, 0x72, 0x2f, 0x65, 0x6e, 0x63, 0x5f, 0x73, 0x65, 
  0x71, 0x5f, 0x67, 0x72, 0x75, 0x32, 0x2f, 0x67, 0x72, 0x75, 0x5f, 0x63, 
  0x65, 0x6c, 0x6c, 0x5f, 0x31, 0x2f, 0x4d, 0x61, 0x74, 0x4d, 0x75, 0x6c, 
  0x5f, 0x35, 0x3b, 0x73, 0x61, 0x66, 0x65, 0x62, 0x61, 0x6e, 0x64, 0x5f, 
  0x76, 0x32, 0x5f, 0x64, 0x65, 0x70, 0x6c, 0x6f, 0x79, 0x6d, 0x65, 0x6e, 
  0x74, 0x2f, 0x6d, 0x6f, 0x74, 0x69, 0x6f, 0x6e, 0x5f, 0x65, 0x6e, 0x63, 
  0x6f, 0x64, 0x65, 0x72, 0x2f, 0x65, 0x6e, 0x63, 0x5f, 0x73, 0x65, 0x71, 
  0x5f, 0x67, 0x72, 0x75, 0x32, 0x2f, 0x67, 0x72, 0x75, 0x5f, 0x63, 0x65, 
  0x6c, 0x6c, 0x5f, 0x31, 0x2f, 0x42, 0x69, 0x61, 0x73, 0x41, 0x64, 0x64, 
  0x5f, 0x35, 0x00, 0x00, 0x02, 0x00, 0x00, 0x00, 0x01, 0x00, 0x00, 0x00, 
  0x0c, 0x00, 0x00, 0x00, 0xc6, 0x2a, 0xff, 0xff, 0x00, 0x00, 0x00, 0x01, 
  0x18, 0x00, 0x00, 0x00, 0x20, 0x00, 0x00, 0x00, 0x3c, 0x00, 0x00, 0x00, 
  0x08, 0x01, 0x00, 0x00, 0x00, 0x00, 0x00, 0x09, 0x78, 0x00, 0x00, 0x00, 
  0x02, 0x00, 0x00, 0x00, 0xff, 0xff, 0xff, 0xff, 0x04, 0x00, 0x00, 0x00, 
  0xac, 0x2a, 0xff, 0xff, 0x08, 0x00, 0x00, 0x00, 0x10, 0x00, 0x00, 0x00, 
  0x01, 0x00, 0x00, 0x00, 0xf6, 0xff, 0xff, 0xff, 0xff, 0xff, 0xff, 0xff, 
  0x01, 0x00, 0x00, 0x00, 0x86, 0x56, 0x10, 0x3a, 0x43, 0x00, 0x00, 0x00, 
  0x73, 0x61, 0x66, 0x65, 0x62, 0x61, 0x6e, 0x64, 0x5f, 0x76, 0x32, 0x5f, 
  0x64, 0x65, 0x70, 0x6c, 0x6f, 0x79, 0x6d, 0x65, 0x6e, 0x74, 0x2f, 0x6d, 
  0x6f, 0x74, 0x69, 0x6f, 0x6e, 0x5f, 0x65, 0x6e, 0x63, 0x6f, 0x64, 0x65, 
  0x72, 0x2f, 0x65, 0x6e, 0x63, 0x5f, 0x73, 0x65, 0x71, 0x5f, 0x67, 0x72, 
  0x75, 0x32, 0x2f, 0x67, 0x72, 0x75, 0x5f, 0x63, 0x65, 0x6c, 0x6c, 0x5f, 
  0x31, 0x2f, 0x61, 0x64, 0x64, 0x5f, 0x37, 0x00, 0x02, 0x00, 0x00, 0x00, 
  0x01, 0x00, 0x00, 0x00, 0x04, 0x00, 0x00, 0x00, 0x66, 0x2b, 0xff, 0xff, 
  0x00, 0x00, 0x00, 0x01, 0x18, 0x00, 0x00, 0x00, 0x20, 0x00, 0x00, 0x00, 
  0x3c, 0x00, 0x00, 0x00, 0x07, 0x01, 0x00, 0x00, 0x00, 0x00, 0x00, 0x09, 
  0x78, 0x00, 0x00, 0x00, 0x02, 0x00, 0x00, 0x00, 0xff, 0xff, 0xff, 0xff, 
  0x04, 0x00, 0x00, 0x00, 0x4c, 0x2b, 0xff, 0xff, 0x08, 0x00, 0x00, 0x00, 
  0x10, 0x00, 0x00, 0x00, 0x01, 0x00, 0x00, 0x00, 0xf0, 0xff, 0xff, 0xff, 
  0xff, 0xff, 0xff, 0xff, 0x01, 0x00, 0x00, 0x00, 0xe5, 0x7a, 0xde, 0x39, 
  0x43, 0x00, 0x00, 0x00, 0x73, 0x61, 0x66, 0x65, 0x62, 0x61, 0x6e, 0x64, 
  0x5f, 0x76, 0x32, 0x5f, 0x64, 0x65, 0x70, 0x6c, 0x6f, 0x79, 0x6d, 0x65, 
  0x6e, 0x74, 0x2f, 0x6d, 0x6f, 0x74, 0x69, 0x6f, 0x6e, 0x5f, 0x65, 0x6e, 
  0x63, 0x6f, 0x64, 0x65, 0x72, 0x2f, 0x65, 0x6e, 0x63, 0x5f, 0x73, 0x65, 
  0x71, 0x5f, 0x67, 0x72, 0x75, 0x32, 0x2f, 0x67, 0x72, 0x75, 0x5f, 0x63, 
  0x65, 0x6c, 0x6c, 0x5f, 0x31, 0x2f, 0x6d, 0x75, 0x6c, 0x5f, 0x35, 0x00, 
  0x02, 0x00, 0x00, 0x00, 0x01, 0x00, 0x00, 0x00, 0x04, 0x00, 0x00, 0x00, 
  0x06, 0x2c, 0xff, 0xff, 0x00, 0x00, 0x00, 0x01, 0x18, 0x00, 0x00, 0x00, 
  0x20, 0x00, 0x00, 0x00, 0x40, 0x00, 0x00, 0x00, 0x06, 0x01, 0x00, 0x00, 
  0x00, 0x00, 0x00, 0x09, 0x80, 0x00, 0x00, 0x00, 0x02, 0x00, 0x00, 0x00, 
  0xff, 0xff, 0xff, 0xff, 0x04, 0x00, 0x00, 0x00, 0xec, 0x2b, 0xff, 0xff, 
  0x08, 0x00, 0x00, 0x00, 0x14, 0x00, 0x00, 0x00, 0x01, 0x00, 0x00, 0x00, 
  0x00, 0x00, 0x00, 0x00, 0x00, 0x00, 0x00, 0x00, 0x00, 0x00, 0x00, 0x00, 
  0x01, 0x00, 0x00, 0x00, 0x00, 0x00, 0x00, 0x3c, 0x44, 0x00, 0x00, 0x00, 
  0x73, 0x61, 0x66, 0x65, 0x62, 0x61, 0x6e, 0x64, 0x5f, 0x76, 0x32, 0x5f, 
  0x64, 0x65, 0x70, 0x6c, 0x6f, 0x79, 0x6d, 0x65, 0x6e, 0x74, 0x2f, 0x6d, 
  0x6f, 0x74, 0x69, 0x6f, 0x6e, 0x5f, 0x65, 0x6e, 0x63, 0x6f, 0x64, 0x65, 
  0x72, 0x2f, 0x65, 0x6e, 0x63, 0x5f, 0x73, 0x65, 0x71, 0x5f, 0x67, 0x72, 
  0x75, 0x32, 0x2f, 0x67, 0x72, 0x75, 0x5f, 0x63, 0x65, 0x6c, 0x6c, 0x5f, 
  0x31, 0x2f, 0x54, 0x61, 0x6e, 0x68, 0x5f, 0x31, 0x00, 0x00, 0x00, 0x00, 
  0x02, 0x00, 0x00, 0x00, 0x01, 0x00, 0x00, 0x00, 0x04, 0x00, 0x00, 0x00, 
  0xae, 0x2c, 0xff, 0xff, 0x00, 0x00, 0x00, 0x01, 0x18, 0x00, 0x00, 0x00, 
  0x20, 0x00, 0x00, 0x00, 0x3c, 0x00, 0x00, 0x00, 0x05, 0x01, 0x00, 0x00, 
  0x00, 0x00, 0x00, 0x09, 0x78, 0x00, 0x00, 0x00, 0x02, 0x00, 0x00, 0x00, 
  0xff, 0xff, 0xff, 0xff, 0x04, 0x00, 0x00, 0x00, 0x94, 0x2c, 0xff, 0xff, 
  0x08, 0x00, 0x00, 0x00, 0x10, 0x00, 0x00, 0x00, 0x01, 0x00, 0x00, 0x00, 
  0xfe, 0xff, 0xff, 0xff, 0xff, 0xff, 0xff, 0xff, 0x01, 0x00, 0x00, 0x00, 
  0xc1, 0xc8, 0x71, 0x3a, 0x43, 0x00, 0x00, 0x00, 0x73, 0x61, 0x66, 0x65, 
  0x62, 0x61, 0x6e, 0x64, 0x5f, 0x76, 0x32, 0x5f, 0x64, 0x65, 0x70, 0x6c, 
  0x6f, 0x79, 0x6d, 0x65, 0x6e, 0x74, 0x2f, 0x6d, 0x6f, 0x74, 0x69, 0x6f, 
  0x6e, 0x5f, 0x65, 0x6e, 0x63, 0x6f, 0x64, 0x65, 0x72, 0x2f, 0x65, 0x6e, 
  0x63, 0x5f, 0x73, 0x65, 0x71, 0x5f, 0x67, 0x72, 0x75, 0x32, 0x2f, 0x67, 
  0x72, 0x75, 0x5f, 0x63, 0x65, 0x6c, 0x6c, 0x5f, 0x31, 0x2f, 0x61, 0x64, 
  0x64, 0x5f, 0x36, 0x00, 0x02, 0x00, 0x00, 0x00, 0x01, 0x00, 0x00, 0x00, 
  0x04, 0x00, 0x00, 0x00, 0x4e, 0x2d, 0xff, 0xff, 0x00, 0x00, 0x00, 0x01, 
  0x18, 0x00, 0x00, 0x00, 0x20, 0x00, 0x00, 0x00, 0x3c, 0x00, 0x00, 0x00, 
  0x04, 0x01, 0x00, 0x00, 0x00, 0x00, 0x00, 0x09, 0x78, 0x00, 0x00, 0x00, 
  0x02, 0x00, 0x00, 0x00, 0xff, 0xff, 0xff, 0xff, 0x04, 0x00, 0x00, 0x00, 
  0x34, 0x2d, 0xff, 0xff, 0x08, 0x00, 0x00, 0x00, 0x10, 0x00, 0x00, 0x00, 
  0x01, 0x00, 0x00, 0x00, 0xcf, 0xff, 0xff, 0xff, 0xff, 0xff, 0xff, 0xff, 
  0x01, 0x00, 0x00, 0x00, 0x84, 0x67, 0xb8, 0x38, 0x43, 0x00, 0x00, 0x00, 
  0x73, 0x61, 0x66, 0x65, 0x62, 0x61, 0x6e, 0x64, 0x5f, 0x76, 0x32, 0x5f, 
  0x64, 0x65, 0x70, 0x6c, 0x6f, 0x79, 0x6d, 0x65, 0x6e, 0x74, 0x2f, 0x6d, 
  0x6f, 0x74, 0x69, 0x6f, 0x6e, 0x5f, 0x65, 0x6e, 0x63, 0x6f, 0x64, 0x65, 
  0x72, 0x2f, 0x65, 0x6e, 0x63, 0x5f, 0x73, 0x65, 0x71, 0x5f, 0x67, 0x72, 
  0x75, 0x32, 0x2f, 0x67, 0x72, 0x75, 0x5f, 0x63, 0x65, 0x6c, 0x6c, 0x5f, 
  0x31, 0x2f, 0x6d, 0x75, 0x6c, 0x5f, 0x33, 0x00, 0x02, 0x00, 0x00, 0x00, 
  0x01, 0x00, 0x00, 0x00, 0x04, 0x00, 0x00, 0x00, 0xee, 0x2d, 0xff, 0xff, 
  0x00, 0x00, 0x00, 0x01, 0x18, 0x00, 0x00, 0x00, 0x20, 0x00, 0x00, 0x00, 
  0x40, 0x00, 0x00, 0x00, 0x03, 0x01, 0x00, 0x00, 0x00, 0x00, 0x00, 0x09, 
  0x80, 0x00, 0x00, 0x00, 0x02, 0x00, 0x00, 0x00, 0xff, 0xff, 0xff, 0xff, 
  0x04, 0x00, 0x00, 0x00, 0xd4, 0x2d, 0xff, 0xff, 0x08, 0x00, 0x00, 0x00, 
  0x14, 0x00, 0x00, 0x00, 0x01, 0x00, 0x00, 0x00, 0x80, 0xff, 0xff, 0xff, 
  0xff, 0xff, 0xff, 0xff, 0x00, 0x00, 0x00, 0x00, 0x01, 0x00, 0x00, 0x00, 
  0x00, 0x00, 0x80, 0x3b, 0x47, 0x00, 0x00, 0x00, 0x73, 0x61, 0x66, 0x65, 
  0x62, 0x61, 0x6e, 0x64, 0x5f, 0x76, 0x32, 0x5f, 0x64, 0x65, 0x70, 0x6c, 
  0x6f, 0x79, 0x6d, 0x65, 0x6e, 0x74, 0x2f, 0x6d, 0x6f, 0x74, 0x69, 0x6f, 
  0x6e, 0x5f, 0x65, 0x6e, 0x63, 0x6f, 0x64, 0x65, 0x72, 0x2f, 0x65, 0x6e, 
  0x63, 0x5f, 0x73, 0x65, 0x71, 0x5f, 0x67, 0x72, 0x75, 0x32, 0x2f, 0x67, 
  0x72, 0x75, 0x5f, 0x63, 0x65, 0x6c, 0x6c, 0x5f, 0x31, 0x2f, 0x53, 0x69, 
  0x67, 0x6d, 0x6f, 0x69, 0x64, 0x5f, 0x33, 0x00, 0x02, 0x00, 0x00, 0x00, 
  0x01, 0x00, 0x00, 0x00, 0x04, 0x00, 0x00, 0x00, 0x96, 0x2e, 0xff, 0xff, 
  0x00, 0x00, 0x00, 0x01, 0x18, 0x00, 0x00, 0x00, 0x20, 0x00, 0x00, 0x00, 
  0x3c, 0x00, 0x00, 0x00, 0x02, 0x01, 0x00, 0x00, 0x00, 0x00, 0x00, 0x09, 
  0x78, 0x00, 0x00, 0x00, 0x02, 0x00, 0x00, 0x00, 0xff, 0xff, 0xff, 0xff, 
  0x04, 0x00, 0x00, 0x00, 0x7c, 0x2e, 0xff, 0xff, 0x08, 0x00, 0x00, 0x00, 
  0x10, 0x00, 0x00, 0x00, 0x01, 0x00, 0x00, 0x00, 0x05, 0x00, 0x00, 0x00, 
  0x00, 0x00, 0x00, 0x00, 0x01, 0x00, 0x00, 0x00, 0x99, 0xba, 0x7b, 0x3b, 
  0x43, 0x00, 0x00, 0x00, 0x73, 0x61, 0x66, 0x65, 0x62, 0x61, 0x6e, 0x64, 
  0x5f, 0x76, 0x32, 0x5f, 0x64, 0x65, 0x70, 0x6c, 0x6f, 0x79, 0x6d, 0x65, 
  0x6e, 0x74, 0x2f, 0x6d, 0x6f, 0x74, 0x69, 0x6f, 0x6e, 0x5f, 0x65, 0x6e, 
  0x63, 0x6f, 0x64, 0x65, 0x72, 0x2f, 0x65, 0x6e, 0x63, 0x5f, 0x73, 0x65, 
  0x71, 0x5f, 0x67, 0x72, 0x75, 0x32, 0x2f, 0x67, 0x72, 0x75, 0x5f, 0x63, 
  0x65, 0x6c, 0x6c, 0x5f, 0x31, 0x2f, 0x61, 0x64, 0x64, 0x5f, 0x35, 0x00, 
  0x02, 0x00, 0x00, 0x00, 0x01, 0x00, 0x00, 0x00, 0x04, 0x00, 0x00, 0x00, 
  0x36, 0x2f, 0xff, 0xff, 0x00, 0x00, 0x00, 0x01, 0x18, 0x00, 0x00, 0x00, 
  0x20, 0x00, 0x00, 0x00, 0x3c, 0x00, 0x00, 0x00, 0x01, 0x01, 0x00, 0x00, 
  0x00, 0x00, 0x00, 0x09, 0x78, 0x00, 0x00, 0x00, 0x02, 0x00, 0x00, 0x00, 
  0xff, 0xff, 0xff, 0xff, 0x04, 0x00, 0x00, 0x00, 0x1c, 0x2f, 0xff, 0xff, 
  0x08, 0x00, 0x00, 0x00, 0x10, 0x00, 0x00, 0x00, 0x01, 0x00, 0x00, 0x00, 
  0x80, 0xff, 0xff, 0xff, 0xff, 0xff, 0xff, 0xff, 0x01, 0x00, 0x00, 0x00, 
  0x7a, 0x82, 0x05, 0x3b, 0x43, 0x00, 0x00, 0x00, 0x73, 0x61, 0x66, 0x65, 
  0x62, 0x61, 0x6e, 0x64, 0x5f, 0x76, 0x32, 0x5f, 0x64, 0x65, 0x70, 0x6c, 
  0x6f, 0x79, 0x6d, 0x65, 0x6e, 0x74, 0x2f, 0x6d, 0x6f, 0x74, 0x69, 0x6f, 
  0x6e, 0x5f, 0x65, 0x6e, 0x63, 0x6f, 0x64, 0x65, 0x72, 0x2f, 0x65, 0x6e, 
  0x63, 0x5f, 0x73, 0x65, 0x71, 0x5f, 0x67, 0x72, 0x75, 0x32, 0x2f, 0x67, 
  0x72, 0x75, 0x5f, 0x63, 0x65, 0x6c, 0x6c, 0x5f, 0x31, 0x2f, 0x73, 0x75, 
  0x62, 0x5f, 0x31, 0x00, 0x02, 0x00, 0x00, 0x00, 0x01, 0x00, 0x00, 0x00, 
  0x04, 0x00, 0x00, 0x00, 0xd6, 0x2f, 0xff, 0xff, 0x00, 0x00, 0x00, 0x01, 
  0x18, 0x00, 0x00, 0x00, 0x20, 0x00, 0x00, 0x00, 0x3c, 0x00, 0x00, 0x00, 
  0x00, 0x01, 0x00, 0x00, 0x00, 0x00, 0x00, 0x09, 0x78, 0x00, 0x00, 0x00, 
  0x02, 0x00, 0x00, 0x00, 0xff, 0xff, 0xff, 0xff, 0x04, 0x00, 0x00, 0x00, 
  0xbc, 0x2f, 0xff, 0xff, 0x08, 0x00, 0x00, 0x00, 0x10, 0x00, 0x00, 0x00, 
  0x01, 0x00, 0x00, 0x00, 0x0d, 0x00, 0x00, 0x00, 0x00, 0x00, 0x00, 0x00, 
  0x01, 0x00, 0x00, 0x00, 0xff, 0xe1, 0x05, 0x39, 0x43, 0x00, 0x00, 0x00, 
  0x73, 0x61, 0x66, 0x65, 0x62, 0x61, 0x6e, 0x64, 0x5f, 0x76, 0x32, 0x5f, 
  0x64, 0x65, 0x70, 0x6c, 0x6f, 0x79, 0x6d, 0x65, 0x6e, 0x74, 0x2f, 0x6d, 
  0x6f, 0x74, 0x69, 0x6f, 0x6e, 0x5f, 0x65, 0x6e, 0x63, 0x6f, 0x64, 0x65, 
  0x72, 0x2f, 0x65, 0x6e, 0x63, 0x5f, 0x73, 0x65, 0x71, 0x5f, 0x67, 0x72, 
  0x75, 0x32, 0x2f, 0x67, 0x72, 0x75, 0x5f, 0x63, 0x65, 0x6c, 0x6c, 0x5f, 
  0x31, 0x2f, 0x6d, 0x75, 0x6c, 0x5f, 0x34, 0x00, 0x02, 0x00, 0x00, 0x00, 
  0x01, 0x00, 0x00, 0x00, 0x04, 0x00, 0x00, 0x00, 0x76, 0x30, 0xff, 0xff, 
  0x00, 0x00, 0x00, 0x01, 0x18, 0x00, 0x00, 0x00, 0x20, 0x00, 0x00, 0x00, 
  0x40, 0x00, 0x00, 0x00, 0xff, 0x00, 0x00, 0x00, 0x00, 0x00, 0x00, 0x09, 
  0x80, 0x00, 0x00, 0x00, 0x02, 0x00, 0x00, 0x00, 0xff, 0xff, 0xff, 0xff, 
  0x04, 0x00, 0x00, 0x00, 0x5c, 0x30, 0xff, 0xff, 0x08, 0x00, 0x00, 0x00, 
  0x14, 0x00, 0x00, 0x00, 0x01, 0x00, 0x00, 0x00, 0x80, 0xff, 0xff, 0xff, 
  0xff, 0xff, 0xff, 0xff, 0x00, 0x00, 0x00, 0x00, 0x01, 0x00, 0x00, 0x00, 
  0x00, 0x00, 0x80, 0x3b, 0x47, 0x00, 0x00, 0x00, 0x73, 0x61, 0x66, 0x65, 
  0x62, 0x61, 0x6e, 0x64, 0x5f, 0x76, 0x32, 0x5f, 0x64, 0x65, 0x70, 0x6c, 
  0x6f, 0x79, 0x6d, 0x65, 0x6e, 0x74, 0x2f, 0x6d, 0x6f, 0x74, 0x69, 0x6f, 
  0x6e, 0x5f, 0x65, 0x6e, 0x63, 0x6f, 0x64, 0x65, 0x72, 0x2f, 0x65, 0x6e, 
  0x63, 0x5f, 0x73, 0x65, 0x71, 0x5f, 0x67, 0x72, 0x75, 0x32, 0x2f, 0x67, 
  0x72, 0x75, 0x5f, 0x63, 0x65, 0x6c, 0x6c, 0x5f, 0x31, 0x2f, 0x53, 0x69, 
  0x67, 0x6d, 0x6f, 0x69, 0x64, 0x5f, 0x32, 0x00, 0x02, 0x00, 0x00, 0x00, 
  0x01, 0x00, 0x00, 0x00, 0x04, 0x00, 0x00, 0x00, 0x1e, 0x31, 0xff, 0xff, 
  0x00, 0x00, 0x00, 0x01, 0x18, 0x00, 0x00, 0x00, 0x20, 0x00, 0x00, 0x00, 
  0x3c, 0x00, 0x00, 0x00, 0xfe, 0x00, 0x00, 0x00, 0x00, 0x00, 0x00, 0x09, 
  0x78, 0x00, 0x00, 0x00, 0x02, 0x00, 0x00, 0x00, 0xff, 0xff, 0xff, 0xff, 
  0x04, 0x00, 0x00, 0x00, 0x04, 0x31, 0xff, 0xff, 0x08, 0x00, 0x00, 0x00, 
  0x10, 0x00, 0x00, 0x00, 0x01, 0x00, 0x00, 0x00, 0x9d, 0xff, 0xff, 0xff, 
  0xff, 0xff, 0xff, 0xff, 0x01, 0x00, 0x00, 0x00, 0x01, 0xf4, 0x2d, 0x3b, 
  0x43, 0x00, 0x00, 0x00, 0x73, 0x61, 0x66, 0x65, 0x62, 0x61, 0x6e, 0x64, 
  0x5f, 0x76, 0x32, 0x5f, 0x64, 0x65, 0x70, 0x6c, 0x6f, 0x79, 0x6d, 0x65, 
  0x6e, 0x74, 0x2f, 0x6d, 0x6f, 0x74, 0x69, 0x6f, 0x6e, 0x5f, 0x65, 0x6e, 
  0x63, 0x6f, 0x64, 0x65, 0x72, 0x2f, 0x65, 0x6e, 0x63, 0x5f, 0x73, 0x65, 
  0x71, 0x5f, 0x67, 0x72, 0x75, 0x32, 0x2f, 0x67, 0x72, 0x75, 0x5f, 0x63, 
  0x65, 0x6c, 0x6c, 0x5f, 0x31, 0x2f, 0x61, 0x64, 0x64, 0x5f, 0x34, 0x00, 
  0x02, 0x00, 0x00, 0x00, 0x01, 0x00, 0x00, 0x00, 0x04, 0x00, 0x00, 0x00, 
  0xbe, 0x31, 0xff, 0xff, 0x00, 0x00, 0x00, 0x01, 0x18, 0x00, 0x00, 0x00, 
  0x20, 0x00, 0x00, 0x00, 0x40, 0x00, 0x00, 0x00, 0xfd, 0x00, 0x00, 0x00, 
  0x00, 0x00, 0x00, 0x09, 0x10, 0x01, 0x00, 0x00, 0x02, 0x00, 0x00, 0x00, 
  0xff, 0xff, 0xff, 0xff, 0x04, 0x00, 0x00, 0x00, 0xa4, 0x31, 0xff, 0xff, 
  0x08, 0x00, 0x00, 0x00, 0x14, 0x00, 0x00, 0x00, 0x01, 0x00, 0x00, 0x00, 
  0xfb, 0xff, 0xff, 0xff, 0xff, 0xff, 0xff, 0xff, 0x00, 0x00, 0x00, 0x00, 
  0x01, 0x00, 0x00, 0x00, 0x0e, 0x66, 0x23, 0x3b, 0xd4, 0x00, 0x00, 0x00, 
  0x73, 0x61, 0x66, 0x65, 0x62, 0x61, 0x6e, 0x64, 0x5f, 0x76, 0x32, 0x5f, 
  0x64, 0x65, 0x70, 0x6c, 0x6f, 0x79, 0x6d, 0x65, 0x6e, 0x74, 0x2f, 0x6d, 
  0x6f, 0x74, 0x69, 0x6f, 0x6e, 0x5f, 0x65, 0x6e, 0x63, 0x6f, 0x64, 0x65, 
  0x72, 0x2f, 0x65, 0x6e, 0x63, 0x5f, 0x73, 0x65, 0x71, 0x5f, 0x67, 0x72, 
  0x75, 0x32, 0x2f, 0x67, 0x72, 0x75, 0x5f, 0x63, 0x65, 0x6c, 0x6c, 0x5f, 
  0x31, 0x2f, 0x73, 0x70, 0x6c, 0x69, 0x74, 0x5f, 0x32, 0x3b, 0x73, 0x61, 
  0x66, 0x65, 0x62, 0x61, 0x6e, 0x64, 0x5f, 0x76, 0x32, 0x5f, 0x64, 0x65, 
  0x70, 0x6c, 0x6f, 0x79, 0x6d, 0x65, 0x6e, 0x74, 0x2f, 0x6d, 0x6f, 0x74, 
  0x69, 0x6f, 0x6e, 0x5f, 0x65, 0x6e, 0x63, 0x6f, 0x64, 0x65, 0x72, 0x2f, 
  0x65, 0x6e, 0x63, 0x5f, 0x73, 0x65, 0x71, 0x5f, 0x67, 0x72, 0x75, 0x32, 
  0x2f, 0x67, 0x72, 0x75, 0x5f, 0x63, 0x65, 0x6c, 0x6c, 0x5f, 0x31, 0x2f, 
  0x73, 0x70, 0x6c, 0x69, 0x74, 0x5f, 0x32, 0x31, 0x3b, 0x73, 0x61, 0x66, 
  0x65, 0x62, 0x61, 0x6e, 0x64, 0x5f, 0x76, 0x32, 0x5f, 0x64, 0x65, 0x70, 
  0x6c, 0x6f, 0x79, 0x6d, 0x65, 0x6e, 0x74, 0x2f, 0x6d, 0x6f, 0x74, 0x69, 
  0x6f, 0x6e, 0x5f, 0x65, 0x6e, 0x63, 0x6f, 0x64, 0x65, 0x72, 0x2f, 0x65, 
  0x6e, 0x63, 0x5f, 0x73, 0x65, 0x71, 0x5f, 0x67, 0x72, 0x75, 0x32, 0x2f, 
  0x67, 0x72, 0x75, 0x5f, 0x63, 0x65, 0x6c, 0x6c, 0x5f, 0x31, 0x2f, 0x73, 
  0x70, 0x6c, 0x69, 0x74, 0x5f, 0x32, 0x32, 0x32, 0x00, 0x00, 0x00, 0x00, 
  0x02, 0x00, 0x00, 0x00, 0x01, 0x00, 0x00, 0x00, 0x04, 0x00, 0x00, 0x00, 
  0xf6, 0x32, 0xff, 0xff, 0x00, 0x00, 0x00, 0x01, 0x18, 0x00, 0x00, 0x00, 
  0x20, 0x00, 0x00, 0x00, 0x40, 0x00, 0x00, 0x00, 0xfc, 0x00, 0x00, 0x00, 
  0x00, 0x00, 0x00, 0x09, 0x10, 0x01, 0x00, 0x00, 0x02, 0x00, 0x00, 0x00, 
  0xff, 0xff, 0xff, 0xff, 0x04, 0x00, 0x00, 0x00, 0xdc, 0x32, 0xff, 0xff, 
  0x08, 0x00, 0x00, 0x00, 0x14, 0x00, 0x00, 0x00, 0x01, 0x00, 0x00, 0x00, 
  0xfb, 0xff, 0xff, 0xff, 0xff, 0xff, 0xff, 0xff, 0x00, 0x00, 0x00, 0x00, 
  0x01, 0x00, 0x00, 0x00, 0x0e, 0x66, 0x23, 0x3b, 0xd4, 0x00, 0x00, 0x00, 
  0x73, 0x61, 0x66, 0x65, 0x62, 0x61, 0x6e, 0x64, 0x5f, 0x76, 0x32, 0x5f, 
  0x64, 0x65, 0x70, 0x6c, 0x6f, 0x79, 0x6d, 0x65, 0x6e, 0x74, 0x2f, 0x6d, 
  0x6f, 0x74, 0x69, 0x6f, 0x6e, 0x5f, 0x65, 0x6e, 0x63, 0x6f, 0x64, 0x65, 
  0x72, 0x2f, 0x65, 0x6e, 0x63, 0x5f, 0x73, 0x65, 0x71, 0x5f, 0x67, 0x72, 
  0x75, 0x32, 0x2f, 0x67, 0x72, 0x75, 0x5f, 0x63, 0x65, 0x6c, 0x6c, 0x5f, 
  0x31, 0x2f, 0x73, 0x70, 0x6c, 0x69, 0x74, 0x5f, 0x32, 0x3b, 0x73, 0x61, 
  0x66, 0x65, 0x62, 0x61, 0x6e, 0x64, 0x5f, 0x76, 0x32, 0x5f, 0x64, 0x65, 
  0x70, 0x6c, 0x6f, 0x79, 0x6d, 0x65, 0x6e, 0x74, 0x2f, 0x6d, 0x6f, 0x74, 
  0x69, 0x6f, 0x6e, 0x5f, 0x65, 0x6e, 0x63, 0x6f, 0x64, 0x65, 0x72, 0x2f, 
  0x65, 0x6e, 0x63, 0x5f, 0x73, 0x65, 0x71, 0x5f, 0x67, 0x72, 0x75, 0x32, 
  0x2f, 0x67, 0x72, 0x75, 0x5f, 0x63, 0x65, 0x6c, 0x6c, 0x5f, 0x31, 0x2f, 
  0x73, 0x70, 0x6c, 0x69, 0x74, 0x5f, 0x32, 0x31, 0x3b, 0x73, 0x61, 0x66, 
  0x65, 0x62, 0x61, 0x6e, 0x64, 0x5f, 0x76, 0x32, 0x5f, 0x64, 0x65, 0x70, 
  0x6c, 0x6f, 0x79, 0x6d, 0x65, 0x6e, 0x74, 0x2f, 0x6d, 0x6f, 0x74, 0x69, 
  0x6f, 0x6e, 0x5f, 0x65, 0x6e, 0x63, 0x6f, 0x64, 0x65, 0x72, 0x2f, 0x65, 
  0x6e, 0x63, 0x5f, 0x73, 0x65, 0x71, 0x5f, 0x67, 0x72, 0x75, 0x32, 0x2f, 
  0x67, 0x72, 0x75, 0x5f, 0x63, 0x65, 0x6c, 0x6c, 0x5f, 0x31, 0x2f, 0x73, 
  0x70, 0x6c, 0x69, 0x74, 0x5f, 0x32, 0x32, 0x31, 0x00, 0x00, 0x00, 0x00, 
  0x02, 0x00, 0x00, 0x00, 0x01, 0x00, 0x00, 0x00, 0x04, 0x00, 0x00, 0x00, 
  0x2e, 0x34, 0xff, 0xff, 0x00, 0x00, 0x00, 0x01, 0x18, 0x00, 0x00, 0x00, 
  0x20, 0x00, 0x00, 0x00, 0x3c, 0x00, 0x00, 0x00, 0xfb, 0x00, 0x00, 0x00, 
  0x00, 0x00, 0x00, 0x09, 0x08, 0x01, 0x00, 0x00, 0x02, 0x00, 0x00, 0x00, 
  0xff, 0xff, 0xff, 0xff, 0x04, 0x00, 0x00, 0x00, 0x14, 0x34, 0xff, 0xff, 
  0x08, 0x00, 0x00, 0x00, 0x10, 0x00, 0x00, 0x00, 0x01, 0x00, 0x00, 0x00, 
  0xfb, 0xff, 0xff, 0xff, 0xff, 0xff, 0xff, 0xff, 0x01, 0x00, 0x00, 0x00, 
  0x0e, 0x66, 0x23, 0x3b, 0xd3, 0x00, 0x00, 0x00, 0x73, 0x61, 0x66, 0x65, 
  0x62, 0x61, 0x6e, 0x64, 0x5f, 0x76, 0x32, 0x5f, 0x64, 0x65, 0x70, 0x6c, 
  0x6f, 0x79, 0x6d, 0x65, 0x6e, 0x74, 0x2f, 0x6d, 0x6f, 0x74, 0x69, 0x6f, 
  0x6e, 0x5f, 0x65, 0x6e, 0x63, 0x6f, 0x64, 0x65, 0x72, 0x2f, 0x65, 0x6e, 
  0x63, 0x5f, 0x73, 0x65, 0x71, 0x5f, 0x67, 0x72, 0x75, 0x32, 0x2f, 0x67, 
  0x72, 0x75, 0x5f, 0x63, 0x65, 0x6c, 0x6c, 0x5f, 0x31, 0x2f, 0x73, 0x70, 
  0x6c, 0x69, 0x74, 0x5f, 0x32, 0x3b, 0x73, 0x61, 0x66, 0x65, 0x62, 0x61, 
  0x6e, 0x64, 0x5f, 0x76, 0x32, 0x5f, 0x64, 0x65, 0x70, 0x6c, 0x6f, 0x79, 
  0x6d, 0x65, 0x6e, 0x74, 0x2f, 0x6d, 0x6f, 0x74, 0x69, 0x6f, 0x6e, 0x5f, 
  0x65, 0x6e, 0x63, 0x6f, 0x64, 0x65, 0x72, 0x2f, 0x65, 0x6e, 0x63, 0x5f, 
  0x73, 0x65, 0x71, 0x5f, 0x67, 0x72, 0x75, 0x32, 0x2f, 0x67, 0x72, 0x75, 
  0x5f, 0x63, 0x65, 0x6c, 0x6c, 0x5f, 0x31, 0x2f, 0x73, 0x70, 0x6c, 0x69, 
  0x74, 0x5f, 0x32, 0x31, 0x3b, 0x73, 0x61, 0x66, 0x65, 0x62, 0x61, 0x6e, 
  0x64, 0x5f, 0x76, 0x32, 0x5f, 0x64, 0x65, 0x70, 0x6c, 0x6f, 0x79, 0x6d, 
  0x65, 0x6e, 0x74, 0x2f, 0x6d, 0x6f, 0x74, 0x69, 0x6f, 0x6e, 0x5f, 0x65, 
  0x6e, 0x63, 0x6f, 0x64, 0x65, 0x72, 0x2f, 0x65, 0x6e, 0x63, 0x5f, 0x73, 
  0x65, 0x71, 0x5f, 0x67, 0x72, 0x75, 0x32, 0x2f, 0x67, 0x72, 0x75, 0x5f, 
  0x63, 0x65, 0x6c, 0x6c, 0x5f, 0x31, 0x2f, 0x73, 0x70, 0x6c, 0x69, 0x74, 
  0x5f, 0x32, 0x32, 0x00, 0x02, 0x00, 0x00, 0x00, 0x01, 0x00, 0x00, 0x00, 
  0x04, 0x00, 0x00, 0x00, 0x5e, 0x35, 0xff, 0xff, 0x00, 0x00, 0x00, 0x01, 
  0x18, 0x00, 0x00, 0x00, 0x20, 0x00, 0x00, 0x00, 0x40, 0x00, 0x00, 0x00, 
  0xfa, 0x00, 0x00, 0x00, 0x00, 0x00, 0x00, 0x09, 0xc8, 0x00, 0x00, 0x00, 
  0x02, 0x00, 0x00, 0x00, 0xff, 0xff, 0xff, 0xff, 0x0c, 0x00, 0x00, 0x00, 
  0x44, 0x35, 0xff, 0xff, 0x08, 0x00, 0x00, 0x00, 0x14, 0x00, 0x00, 0x00, 
  0x01, 0x00, 0x00, 0x00, 0xfb, 0xff, 0xff, 0xff, 0xff, 0xff, 0xff, 0xff, 
  0x00, 0x00, 0x00, 0x00, 0x01, 0x00, 0x00, 0x00, 0x0e, 0x66, 0x23, 0x3b, 
  0x8e, 0x00, 0x00, 0x00, 0x73, 0x61, 0x66, 0x65, 0x62, 0x61, 0x6e, 0x64, 
  0x5f, 0x76, 0x32, 0x5f, 0x64, 0x65, 0x70, 0x6c, 0x6f, 0x79, 0x6d, 0x65, 
  0x6e, 0x74, 0x2f, 0x6d, 0x6f, 0x74, 0x69, 0x6f, 0x6e, 0x5f, 0x65, 0x6e, 
  0x63, 0x6f, 0x64, 0x65, 0x72, 0x2f, 0x65, 0x6e, 0x63, 0x5f, 0x73, 0x65, 
  0x71, 0x5f, 0x67, 0x72, 0x75, 0x32, 0x2f, 0x67, 0x72, 0x75, 0x5f, 0x63, 
  0x65, 0x6c, 0x6c, 0x5f, 0x31, 0x2f, 0x4d, 0x61, 0x74, 0x4d, 0x75, 0x6c, 
  0x5f, 0x32, 0x3b, 0x73, 0x61, 0x66, 0x65, 0x62, 0x61, 0x6e, 0x64, 0x5f, 
  0x76, 0x32, 0x5f, 0x64, 0x65, 0x70, 0x6c, 0x6f, 0x79, 0x6d, 0x65, 0x6e, 
  0x74, 0x2f, 0x6d, 0x6f, 0x74, 0x69, 0x6f, 0x6e, 0x5f, 0x65, 0x6e, 0x63, 
  0x6f, 0x64, 0x65, 0x72, 0x2f, 0x65, 0x6e, 0x63, 0x5f, 0x73, 0x65, 0x71, 
  0x5f, 0x67, 0x72, 0x75, 0x32, 0x2f, 0x67, 0x72, 0x75, 0x5f, 0x63, 0x65, 
  0x6c, 0x6c, 0x5f, 0x31, 0x2f, 0x42, 0x69, 0x61, 0x73, 0x41, 0x64, 0x64, 
  0x5f, 0x32, 0x00, 0x00, 0x02, 0x00, 0x00, 0x00, 0x01, 0x00, 0x00, 0x00, 
  0x0c, 0x00, 0x00, 0x00, 0x4e, 0x36, 0xff, 0xff, 0x00, 0x00, 0x00, 0x01, 
  0x18, 0x00, 0x00, 0x00, 0x20, 0x00, 0x00, 0x00, 0x40, 0x00, 0x00, 0x00, 
  0xf9, 0x00, 0x00, 0x00, 0x00, 0x00, 0x00, 0x09, 0x10, 0x01, 0x00, 0x00, 
  0x02, 0x00, 0x00, 0x00, 0xff, 0xff, 0xff, 0xff, 0x04, 0x00, 0x00, 0x00, 
  0x34, 0x36, 0xff, 0xff, 0x08, 0x00, 0x00, 0x00, 0x14, 0x00, 0x00, 0x00, 
  0x01, 0x00, 0x00, 0x00, 0xee, 0xff, 0xff, 0xff, 0xff, 0xff, 0xff, 0xff, 
  0x00, 0x00, 0x00, 0x00, 0x01, 0x00, 0x00, 0x00, 0x46, 0x9f, 0xf6, 0x3a, 
  0xd4, 0x00, 0x00, 0x00, 0x73, 0x61, 0x66, 0x65, 0x62, 0x61, 0x6e, 0x64, 
  0x5f, 0x76, 0x32, 0x5f, 0x64, 0x65, 0x70, 0x6c, 0x6f, 0x79, 0x6d, 0x65, 
  0x6e, 0x74, 0x2f, 0x6d, 0x6f, 0x74, 0x69, 0x6f, 0x6e, 0x5f, 0x65, 0x6e, 
  0x63, 0x6f, 0x64, 0x65, 0x72, 0x2f, 0x65, 0x6e, 0x63, 0x5f, 0x73, 0x65, 
  0x71, 0x5f, 0x67, 0x72, 0x75, 0x32, 0x2f, 0x67, 0x72, 0x75, 0x5f, 0x63, 
  0x65, 0x6c, 0x6c, 0x5f, 0x31, 0x2f, 0x73, 0x70, 0x6c, 0x69, 0x74, 0x5f, 
  0x33, 0x3b, 0x73, 0x61, 0x66, 0x65, 0x62, 0x61, 0x6e, 0x64, 0x5f, 0x76, 
  0x32, 0x5f, 0x64, 0x65, 0x70, 0x6c, 0x6f, 0x79, 0x6d, 0x65, 0x6e, 0x74, 
  0x2f, 0x6d, 0x6f, 0x74, 0x69, 0x6f, 0x6e, 0x5f, 0x65, 0x6e, 0x63, 0x6f, 
  0x64, 0x65, 0x72, 0x2f, 0x65, 0x6e, 0x63, 0x5f, 0x73, 0x65, 0x71, 0x5f, 
  0x67, 0x72, 0x75, 0x32, 0x2f, 0x67, 0x72, 0x75, 0x5f, 0x63, 0x65, 0x6c, 
  0x6c, 0x5f, 0x31, 0x2f, 0x73, 0x70, 0x6c, 0x69, 0x74, 0x5f, 0x33, 0x31, 
  0x3b, 0x73, 0x61, 0x66, 0x65, 0x62, 0x61, 0x6e, 0x64, 0x5f, 0x76, 0x32, 
  0x5f, 0x64, 0x65, 0x70, 0x6c, 0x6f, 0x79, 0x6d, 0x65, 0x6e, 0x74, 0x2f, 
  0x6d, 0x6f, 0x74, 0x69, 0x6f, 0x6e, 0x5f, 0x65, 0x6e, 0x63, 0x6f, 0x64, 
  0x65, 0x72, 0x2f, 0x65, 0x6e, 0x63, 0x5f, 0x73, 0x65, 0x71, 0x5f, 0x67, 
  0x72, 0x75, 0x32, 0x2f, 0x67, 0x72, 0x75, 0x5f, 0x63, 0x65, 0x6c, 0x6c, 
  0x5f, 0x31, 0x2f, 0x73, 0x70, 0x6c, 0x69, 0x74, 0x5f, 0x33, 0x32, 0x32, 
  0x00, 0x00, 0x00, 0x00, 0x02, 0x00, 0x00, 0x00, 0x01, 0x00, 0x00, 0x00, 
  0x04, 0x00, 0x00, 0x00, 0x86, 0x37, 0xff, 0xff, 0x00, 0x00, 0x00, 0x01, 
  0x18, 0x00, 0x00, 0x00, 0x20, 0x00, 0x00, 0x00, 0x40, 0x00, 0x00, 0x00, 
  0xf8, 0x00, 0x00, 0x00, 0x00, 0x00, 0x00, 0x09, 0x10, 0x01, 0x00, 0x00, 
  0x02, 0x00, 0x00, 0x00, 0xff, 0xff, 0xff, 0xff, 0x04, 0x00, 0x00, 0x00, 
  0x6c, 0x37, 0xff, 0xff, 0x08, 0x00, 0x00, 0x00, 0x14, 0x00, 0x00, 0x00, 
  0x01, 0x00, 0x00, 0x00, 0xee, 0xff, 0xff, 0xff, 0xff, 0xff, 0xff, 0xff, 
  0x00, 0x00, 0x00, 0x00, 0x01, 0x00, 0x00, 0x00, 0x46, 0x9f, 0xf6, 0x3a, 
  0xd4, 0x00, 0x00, 0x00, 0x73, 0x61, 0x66, 0x65, 0x62, 0x61, 0x6e, 0x64, 
  0x5f, 0x76, 0x32, 0x5f, 0x64, 0x65, 0x70, 0x6c, 0x6f, 0x79, 0x6d, 0x65, 
  0x6e, 0x74, 0x2f, 0x6d, 0x6f, 0x74, 0x69, 0x6f, 0x6e, 0x5f, 0x65, 0x6e, 
  0x63, 0x6f, 0x64, 0x65, 0x72, 0x2f, 0x65, 0x6e, 0x63, 0x5f, 0x73, 0x65, 
  0x71, 0x5f, 0x67, 0x72, 0x75, 0x32, 0x2f, 0x67, 0x72, 0x75, 0x5f, 0x63, 
  0x65, 0x6c, 0x6c, 0x5f, 0x31, 0x2f, 0x73, 0x70, 0x6c, 0x69, 0x74, 0x5f, 
  0x33, 0x3b, 0x73, 0x61, 0x66, 0x65, 0x62, 0x61, 0x6e, 0x64, 0x5f, 0x76, 
  0x32, 0x5f, 0x64, 0x65, 0x70, 0x6c, 0x6f, 0x79, 0x6d, 0x65, 0x6e, 0x74, 
  0x2f, 0x6d, 0x6f, 0x74, 0x69, 0x6f, 0x6e, 0x5f, 0x65, 0x6e, 0x63, 0x6f, 
  0x64, 0x65, 0x72, 0x2f, 0x65, 0x6e, 0x63, 0x5f, 0x73, 0x65, 0x71, 0x5f, 
  0x67, 0x72, 0x75, 0x32, 0x2f, 0x67, 0x72, 0x75, 0x5f, 0x63, 0x65, 0x6c, 
  0x6c, 0x5f, 0x31, 0x2f, 0x73, 0x70, 0x6c, 0x69, 0x74, 0x5f, 0x33, 0x31, 
  0x3b, 0x73, 0x61, 0x66, 0x65, 0x62, 0x61, 0x6e, 0x64, 0x5f, 0x76, 0x32, 
  0x5f, 0x64, 0x65, 0x70, 0x6c, 0x6f, 0x79, 0x6d, 0x65, 0x6e, 0x74, 0x2f, 
  0x6d, 0x6f, 0x74, 0x69, 0x6f, 0x6e, 0x5f, 0x65, 0x6e, 0x63, 0x6f, 0x64, 
  0x65, 0x72, 0x2f, 0x65, 0x6e, 0x63, 0x5f, 0x73, 0x65, 0x71, 0x5f, 0x67, 
  0x72, 0x75, 0x32, 0x2f, 0x67, 0x72, 0x75, 0x5f, 0x63, 0x65, 0x6c, 0x6c, 
  0x5f, 0x31, 0x2f, 0x73, 0x70, 0x6c, 0x69, 0x74, 0x5f, 0x33, 0x32, 0x31, 
  0x00, 0x00, 0x00, 0x00, 0x02, 0x00, 0x00, 0x00, 0x01, 0x00, 0x00, 0x00, 
  0x04, 0x00, 0x00, 0x00, 0xbe, 0x38, 0xff, 0xff, 0x00, 0x00, 0x00, 0x01, 
  0x18, 0x00, 0x00, 0x00, 0x20, 0x00, 0x00, 0x00, 0x3c, 0x00, 0x00, 0x00, 
  0xf7, 0x00, 0x00, 0x00, 0x00, 0x00, 0x00, 0x09, 0x08, 0x01, 0x00, 0x00, 
  0x02, 0x00, 0x00, 0x00, 0xff, 0xff, 0xff, 0xff, 0x04, 0x00, 0x00, 0x00, 
  0xa4, 0x38, 0xff, 0xff, 0x08, 0x00, 0x00, 0x00, 0x10, 0x00, 0x00, 0x00, 
  0x01, 0x00, 0x00, 0x00, 0xee, 0xff, 0xff, 0xff, 0xff, 0xff, 0xff, 0xff, 
  0x01, 0x00, 0x00, 0x00, 0x46, 0x9f, 0xf6, 0x3a, 0xd3, 0x00, 0x00, 0x00, 
  0x73, 0x61, 0x66, 0x65, 0x62, 0x61, 0x6e, 0x64, 0x5f, 0x76, 0x32, 0x5f, 
  0x64, 0x65, 0x70, 0x6c, 0x6f, 0x79, 0x6d, 0x65, 0x6e, 0x74, 0x2f, 0x6d, 
  0x6f, 0x74, 0x69, 0x6f, 0x6e, 0x5f, 0x65, 0x6e, 0x63, 0x6f, 0x64, 0x65, 
  0x72, 0x2f, 0x65, 0x6e, 0x63, 0x5f, 0x73, 0x65, 0x71, 0x5f, 0x67, 0x72, 
  0x75, 0x32, 0x2f, 0x67, 0x72, 0x75, 0x5f, 0x63, 0x65, 0x6c, 0x6c, 0x5f, 
  0x31, 0x2f, 0x73, 0x70, 0x6c, 0x69, 0x74, 0x5f, 0x33, 0x3b, 0x73, 0x61, 
  0x66, 0x65, 0x62, 0x61, 0x6e, 0x64, 0x5f, 0x76, 0x32, 0x5f, 0x64, 0x65, 
  0x70, 0x6c, 0x6f, 0x79, 0x6d, 0x65, 0x6e, 0x74, 0x2f, 0x6d, 0x6f, 0x74, 
  0x69, 0x6f, 0x6e, 0x5f, 0x65, 0x6e, 0x63, 0x6f, 0x64, 0x65, 0x72, 0x2f, 
  0x65, 0x6e, 0x63, 0x5f, 0x73, 0x65, 0x71, 0x5f, 0x67, 0x72, 0x75, 0x32, 
  0x2f, 0x67, 0x72, 0x75, 0x5f, 0x63, 0x65, 0x6c, 0x6c, 0x5f, 0x31, 0x2f, 
  0x73, 0x70, 0x6c, 0x69, 0x74, 0x5f, 0x33, 0x31, 0x3b, 0x73, 0x61, 0x66, 
  0x65, 0x62, 0x61, 0x6e, 0x64, 0x5f, 0x76, 0x32, 0x5f, 0x64, 0x65, 0x70, 
  0x6c, 0x6f, 0x79, 0x6d, 0x65, 0x6e, 0x74, 0x2f, 0x6d, 0x6f, 0x74, 0x69, 
  0x6f, 0x6e, 0x5f, 0x65, 0x6e, 0x63, 0x6f, 0x64, 0x65, 0x72, 0x2f, 0x65, 
  0x6e, 0x63, 0x5f, 0x73, 0x65, 0x71, 0x5f, 0x67, 0x72, 0x75, 0x32, 0x2f, 
  0x67, 0x72, 0x75, 0x5f, 0x63, 0x65, 0x6c, 0x6c, 0x5f, 0x31, 0x2f, 0x73, 
  0x70, 0x6c, 0x69, 0x74, 0x5f, 0x33, 0x32, 0x00, 0x02, 0x00, 0x00, 0x00, 
  0x01, 0x00, 0x00, 0x00, 0x04, 0x00, 0x00, 0x00, 0xee, 0x39, 0xff, 0xff, 
  0x00, 0x00, 0x00, 0x01, 0x18, 0x00, 0x00, 0x00, 0x20, 0x00, 0x00, 0x00, 
  0x40, 0x00, 0x00, 0x00, 0xf6, 0x00, 0x00, 0x00, 0x00, 0x00, 0x00, 0x09, 
  0xc8, 0x00, 0x00, 0x00, 0x02, 0x00, 0x00, 0x00, 0xff, 0xff, 0xff, 0xff, 
  0x0c, 0x00, 0x00, 0x00, 0xd4, 0x39, 0xff, 0xff, 0x08, 0x00, 0x00, 0x00, 
  0x14, 0x00, 0x00, 0x00, 0x01, 0x00, 0x00, 0x00, 0xee, 0xff, 0xff, 0xff, 
  0xff, 0xff, 0xff, 0xff, 0x00, 0x00, 0x00, 0x00, 0x01, 0x00, 0x00, 0x00, 
  0x46, 0x9f, 0xf6, 0x3a, 0x8e, 0x00, 0x00, 0x00, 0x73, 0x61, 0x66, 0x65, 
  0x62, 0x61, 0x6e, 0x64, 0x5f, 0x76, 0x32, 0x5f, 0x64, 0x65, 0x70, 0x6c, 
  0x6f, 0x79, 0x6d, 0x65, 0x6e, 0x74, 0x2f, 0x6d, 0x6f, 0x74, 0x69, 0x6f, 
  0x6e, 0x5f, 0x65, 0x6e, 0x63, 0x6f, 0x64, 0x65, 0x72, 0x2f, 0x65, 0x6e, 
  0x63, 0x5f, 0x73, 0x65, 0x71, 0x5f, 0x67, 0x72, 0x75, 0x32, 0x2f, 0x67, 
  0x72, 0x75, 0x5f, 0x63, 0x65, 0x6c, 0x6c, 0x5f, 0x31, 0x2f, 0x4d, 0x61, 
  0x74, 0x4d, 0x75, 0x6c, 0x5f, 0x33, 0x3b, 0x73, 0x61, 0x66, 0x65, 0x62, 
  0x61, 0x6e, 0x64, 0x5f, 0x76, 0x32, 0x5f, 0x64, 0x65, 0x70, 0x6c, 0x6f, 
  0x79, 0x6d, 0x65, 0x6e, 0x74, 0x2f, 0x6d, 0x6f, 0x74, 0x69, 0x6f, 0x6e, 
  0x5f, 0x65, 0x6e, 0x63, 0x6f, 0x64, 0x65, 0x72, 0x2f, 0x65, 0x6e, 0x63, 
  0x5f, 0x73, 0x65, 0x71, 0x5f, 0x67, 0x72, 0x75, 0x32, 0x2f, 0x67, 0x72, 
  0x75, 0x5f, 0x63, 0x65, 0x6c, 0x6c, 0x5f, 0x31, 0x2f, 0x42, 0x69, 0x61, 
  0x73, 0x41, 0x64, 0x64, 0x5f, 0x33, 0x00, 0x00, 0x02, 0x00, 0x00, 0x00, 
  0x01, 0x00, 0x00, 0x00, 0x0c, 0x00, 0x00, 0x00, 0xde, 0x3a, 0xff, 0xff, 
  0x00, 0x00, 0x00, 0x01, 0x18, 0x00, 0x00, 0x00, 0x20, 0x00, 0x00, 0x00, 
  0x3c, 0x00, 0x00, 0x00, 0xf5, 0x00, 0x00, 0x00, 0x00, 0x00, 0x00, 0x09, 
  0x78, 0x00, 0x00, 0x00, 0x02, 0x00, 0x00, 0x00, 0xff, 0xff, 0xff, 0xff, 
  0x04, 0x00, 0x00, 0x00, 0xc4, 0x3a, 0xff, 0xff, 0x08, 0x00, 0x00, 0x00, 
  0x10, 0x00, 0x00, 0x00, 0x01, 0x00, 0x00, 0x00, 0x01, 0x00, 0x00, 0x00, 
  0x00, 0x00, 0x00, 0x00, 0x01, 0x00, 0x00, 0x00, 0x14, 0x81, 0x78, 0x39, 
  0x43, 0x00, 0x00, 0x00, 0x73, 0x61, 0x66, 0x65, 0x62, 0x61, 0x6e, 0x64, 
  0x5f, 0x76, 0x32, 0x5f, 0x64, 0x65, 0x70, 0x6c, 0x6f, 0x79, 0x6d, 0x65, 
  0x6e, 0x74, 0x2f, 0x6d, 0x6f, 0x74, 0x69, 0x6f, 0x6e, 0x5f, 0x65, 0x6e, 
  0x63, 0x6f, 0x64, 0x65, 0x72, 0x2f, 0x65, 0x6e, 0x63, 0x5f, 0x73, 0x65, 
  0x71, 0x5f, 0x67, 0x72, 0x75, 0x32, 0x2f, 0x67, 0x72, 0x75, 0x5f, 0x63, 
  0x65, 0x6c, 0x6c, 0x5f, 0x31, 0x2f, 0x61, 0x64, 0x64, 0x5f, 0x33, 0x00, 
  0x02, 0x00, 0x00, 0x00, 0x01, 0x00, 0x00, 0x00, 0x04, 0x00, 0x00, 0x00, 
  0x7e, 0x3b, 0xff, 0xff, 0x00, 0x00, 0x00, 0x01, 0x18, 0x00, 0x00, 0x00, 
  0x20, 0x00, 0x00, 0x00, 0x3c, 0x00, 0x00, 0x00, 0xf4, 0x00, 0x00, 0x00, 
  0x00, 0x00, 0x00, 0x09, 0x78, 0x00, 0x00, 0x00, 0x02, 0x00, 0x00, 0x00, 
  0xff, 0xff, 0xff, 0xff, 0x04, 0x00, 0x00, 0x00, 0x64, 0x3b, 0xff, 0xff, 
  0x08, 0x00, 0x00, 0x00, 0x10, 0x00, 0x00, 0x00, 0x01, 0x00, 0x00, 0x00, 
  0x01, 0x00, 0x00, 0x00, 0x00, 0x00, 0x00, 0x00, 0x01, 0x00, 0x00, 0x00, 
  0x14, 0x81, 0x78, 0x39, 0x43, 0x00, 0x00, 0x00, 0x73, 0x61, 0x66, 0x65, 
  0x62, 0x61, 0x6e, 0x64, 0x5f, 0x76, 0x32, 0x5f, 0x64, 0x65, 0x70, 0x6c, 
  0x6f, 0x79, 0x6d, 0x65, 0x6e, 0x74, 0x2f, 0x6d, 0x6f, 0x74, 0x69, 0x6f, 
  0x6e, 0x5f, 0x65, 0x6e, 0x63, 0x6f, 0x64, 0x65, 0x72, 0x2f, 0x65, 0x6e, 
  0x63, 0x5f, 0x73, 0x65, 0x71, 0x5f, 0x67, 0x72, 0x75, 0x32, 0x2f, 0x67, 
  0x72, 0x75, 0x5f, 0x63, 0x65, 0x6c, 0x6c, 0x5f, 0x31, 0x2f, 0x6d, 0x75, 
  0x6c, 0x5f, 0x32, 0x00, 0x02, 0x00, 0x00, 0x00, 0x01, 0x00, 0x00, 0x00, 
  0x04, 0x00, 0x00, 0x00, 0x1e, 0x3c, 0xff, 0xff, 0x00, 0x00, 0x00, 0x01, 
  0x18, 0x00, 0x00, 0x00, 0x20, 0x00, 0x00, 0x00, 0x3c, 0x00, 0x00, 0x00, 
  0xf3, 0x00, 0x00, 0x00, 0x00, 0x00, 0x00, 0x09, 0x78, 0x00, 0x00, 0x00, 
  0x02, 0x00, 0x00, 0x00, 0xff, 0xff, 0xff, 0xff, 0x04, 0x00, 0x00, 0x00, 
  0x04, 0x3c, 0xff, 0xff, 0x08, 0x00, 0x00, 0x00, 0x10, 0x00, 0x00, 0x00, 
  0x01, 0x00, 0x00, 0x00, 0x00, 0x00, 0x00, 0x00, 0x00, 0x00, 0x00, 0x00, 
  0x01, 0x00, 0x00, 0x00, 0x00, 0x00, 0x00, 0x3c, 0x42, 0x00, 0x00, 0x00, 
  0x73, 0x61, 0x66, 0x65, 0x62, 0x61, 0x6e, 0x64, 0x5f, 0x76, 0x32, 0x5f, 
  0x64, 0x65, 0x70, 0x6c, 0x6f, 0x79, 0x6d, 0x65, 0x6e, 0x74, 0x2f, 0x6d, 
  0x6f, 0x74, 0x69, 0x6f, 0x6e, 0x5f, 0x65, 0x6e, 0x63, 0x6f, 0x64, 0x65, 
  0x72, 0x2f, 0x65, 0x6e, 0x63, 0x5f, 0x73, 0x65, 0x71, 0x5f, 0x67, 0x72, 
  0x75, 0x32, 0x2f, 0x67, 0x72, 0x75, 0x5f, 0x63, 0x65, 0x6c, 0x6c, 0x5f, 
  0x31, 0x2f, 0x54, 0x61, 0x6e, 0x68, 0x00, 0x00, 0x02, 0x00, 0x00, 0x00, 
  0x01, 0x00, 0x00, 0x00, 0x04, 0x00, 0x00, 0x00, 0xbe, 0x3c, 0xff, 0xff, 
  0x00, 0x00, 0x00, 0x01, 0x18, 0x00, 0x00, 0x00, 0x20, 0x00, 0x00, 0x00, 
  0x3c, 0x00, 0x00, 0x00, 0xf2, 0x00, 0x00, 0x00, 0x00, 0x00, 0x00, 0x09, 
  0x78, 0x00, 0x00, 0x00, 0x02, 0x00, 0x00, 0x00, 0xff, 0xff, 0xff, 0xff, 
  0x04, 0x00, 0x00, 0x00, 0xa4, 0x3c, 0xff, 0xff, 0x08, 0x00, 0x00, 0x00, 
  0x10, 0x00, 0x00, 0x00, 0x01, 0x00, 0x00, 0x00, 0x0d, 0x00, 0x00, 0x00, 
  0x00, 0x00, 0x00, 0x00, 0x01, 0x00, 0x00, 0x00, 0x2a, 0x88, 0x07, 0x3a, 
  0x43, 0x00, 0x00, 0x00, 0x73, 0x61, 0x66, 0x65, 0x62, 0x61, 0x6e, 0x64, 
  0x5f, 0x76, 0x32, 0x5f, 0x64, 0x65, 0x70, 0x6c, 0x6f, 0x79, 0x6d, 0x65, 
  0x6e, 0x74, 0x2f, 0x6d, 0x6f, 0x74, 0x69, 0x6f, 0x6e, 0x5f, 0x65, 0x6e, 
  0x63, 0x6f, 0x64, 0x65, 0x72, 0x2f, 0x65, 0x6e, 0x63, 0x5f, 0x73, 0x65, 
  0x71, 0x5f, 0x67, 0x72, 0x75, 0x32, 0x2f, 0x67, 0x72, 0x75, 0x5f, 0x63, 
  0x65, 0x6c, 0x6c, 0x5f, 0x31, 0x2f, 0x61, 0x64, 0x64, 0x5f, 0x32, 0x00, 
  0x02, 0x00, 0x00, 0x00, 0x01, 0x00, 0x00, 0x00, 0x04, 0x00, 0x00, 0x00, 
  0x5e, 0x3d, 0xff, 0xff, 0x00, 0x00, 0x00, 0x01, 0x18, 0x00, 0x00, 0x00, 
  0x20, 0x00, 0x00, 0x00, 0x3c, 0x00, 0x00, 0x00, 0xf1, 0x00, 0x00, 0x00, 
  0x00, 0x00, 0x00, 0x09, 0x78, 0x00, 0x00, 0x00, 0x02, 0x00, 0x00, 0x00, 
  0xff, 0xff, 0xff, 0xff, 0x04, 0x00, 0x00, 0x00, 0x44, 0x3d, 0xff, 0xff, 
  0x08, 0x00, 0x00, 0x00, 0x10, 0x00, 0x00, 0x00, 0x01, 0x00, 0x00, 0x00, 
  0xd8, 0xff, 0xff, 0xff, 0xff, 0xff, 0xff, 0xff, 0x01, 0x00, 0x00, 0x00, 
  0x76, 0x12, 0x27, 0x37, 0x41, 0x00, 0x00, 0x00, 0x73, 0x61, 0x66, 0x65, 
  0x62, 0x61, 0x6e, 0x64, 0x5f, 0x76, 0x32, 0x5f, 0x64, 0x65, 0x70, 0x6c, 
  0x6f, 0x79, 0x6d, 0x65, 0x6e, 0x74, 0x2f, 0x6d, 0x6f, 0x74, 0x69, 0x6f, 
  0x6e, 0x5f, 0x65, 0x6e, 0x63, 0x6f, 0x64, 0x65, 0x72, 0x2f, 0x65, 0x6e, 
  0x63, 0x5f, 0x73, 0x65, 0x71, 0x5f, 0x67, 0x72, 0x75, 0x32, 0x2f, 0x67, 
  0x72, 0x75, 0x5f, 0x63, 0x65, 0x6c, 0x6c, 0x5f, 0x31, 0x2f, 0x6d, 0x75, 
  0x6c, 0x00, 0x00, 0x00, 0x02, 0x00, 0x00, 0x00, 0x01, 0x00, 0x00, 0x00, 
  0x04, 0x00, 0x00, 0x00, 0xfe, 0x3d, 0xff, 0xff, 0x00, 0x00, 0x00, 0x01, 
  0x18, 0x00, 0x00, 0x00, 0x20, 0x00, 0x00, 0x00, 0x40, 0x00, 0x00, 0x00, 
  0xf0, 0x00, 0x00, 0x00, 0x00, 0x00, 0x00, 0x09, 0x80, 0x00, 0x00, 0x00, 
  0x02, 0x00, 0x00, 0x00, 0xff, 0xff, 0xff, 0xff, 0x04, 0x00, 0x00, 0x00, 
  0xe4, 0x3d, 0xff, 0xff, 0x08, 0x00, 0x00, 0x00, 0x14, 0x00, 0x00, 0x00, 
  0x01, 0x00, 0x00, 0x00, 0x80, 0xff, 0xff, 0xff, 0xff, 0xff, 0xff, 0xff, 
  0x00, 0x00, 0x00, 0x00, 0x01, 0x00, 0x00, 0x00, 0x00, 0x00, 0x80, 0x3b, 
  0x47, 0x00, 0x00, 0x00, 0x73, 0x61, 0x66, 0x65, 0x62, 0x61, 0x6e, 0x64, 
  0x5f, 0x76, 0x32, 0x5f, 0x64, 0x65, 0x70, 0x6c, 0x6f, 0x79, 0x6d, 0x65, 
  0x6e, 0x74, 0x2f, 0x6d, 0x6f, 0x74, 0x69, 0x6f, 0x6e, 0x5f, 0x65, 0x6e, 
  0x63, 0x6f, 0x64, 0x65, 0x72, 0x2f, 0x65, 0x6e, 0x63, 0x5f, 0x73, 0x65, 
  0x71, 0x5f, 0x67, 0x72, 0x75, 0x32, 0x2f, 0x67, 0x72, 0x75, 0x5f, 0x63, 
  0x65, 0x6c, 0x6c, 0x5f, 0x31, 0x2f, 0x53, 0x69, 0x67, 0x6d, 0x6f, 0x69, 
  0x64, 0x5f, 0x31, 0x00, 0x02, 0x00, 0x00, 0x00, 0x01, 0x00, 0x00, 0x00, 
  0x04, 0x00, 0x00, 0x00, 0xa6, 0x3e, 0xff, 0xff, 0x00, 0x00, 0x00, 0x01, 
  0x18, 0x00, 0x00, 0x00, 0x20, 0x00, 0x00, 0x00, 0x3c, 0x00, 0x00, 0x00, 
  0xef, 0x00, 0x00, 0x00, 0x00, 0x00, 0x00, 0x09, 0x78, 0x00, 0x00, 0x00, 
  0x02, 0x00, 0x00, 0x00, 0xff, 0xff, 0xff, 0xff, 0x04, 0x00, 0x00, 0x00, 
  0x8c, 0x3e, 0xff, 0xff, 0x08, 0x00, 0x00, 0x00, 0x10, 0x00, 0x00, 0x00, 
  0x01, 0x00, 0x00, 0x00, 0x07, 0x00, 0x00, 0x00, 0x00, 0x00, 0x00, 0x00, 
  0x01, 0x00, 0x00, 0x00, 0xb5, 0xa4, 0x5d, 0x3b, 0x43, 0x00, 0x00, 0x00, 
  0x73, 0x61, 0x66, 0x65, 0x62, 0x61, 0x6e, 0x64, 0x5f, 0x76, 0x32, 0x5f, 
  0x64, 0x65, 0x70, 0x6c, 0x6f, 0x79, 0x6d, 0x65, 0x6e, 0x74, 0x2f, 0x6d, 
  0x6f, 0x74, 0x69, 0x6f, 0x6e, 0x5f, 0x65, 0x6e, 0x63, 0x6f, 0x64, 0x65, 
  0x72, 0x2f, 0x65, 0x6e, 0x63, 0x5f, 0x73, 0x65, 0x71, 0x5f, 0x67, 0x72, 
  0x75, 0x32, 0x2f, 0x67, 0x72, 0x75, 0x5f, 0x63, 0x65, 0x6c, 0x6c, 0x5f, 
  0x31, 0x2f, 0x61, 0x64, 0x64, 0x5f, 0x31, 0x00, 0x02, 0x00, 0x00, 0x00, 
  0x01, 0x00, 0x00, 0x00, 0x04, 0x00, 0x00, 0x00, 0x46, 0x3f, 0xff, 0xff, 
  0x00, 0x00, 0x00, 0x01, 0x18, 0x00, 0x00, 0x00, 0x20, 0x00, 0x00, 0x00, 
  0x3c, 0x00, 0x00, 0x00, 0xee, 0x00, 0x00, 0x00, 0x00, 0x00, 0x00, 0x09, 
  0x78, 0x00, 0x00, 0x00, 0x02, 0x00, 0x00, 0x00, 0xff, 0xff, 0xff, 0xff, 
  0x04, 0x00, 0x00, 0x00, 0x2c, 0x3f, 0xff, 0xff, 0x08, 0x00, 0x00, 0x00, 
  0x10, 0x00, 0x00, 0x00, 0x01, 0x00, 0x00, 0x00, 0x80, 0xff, 0xff, 0xff, 
  0xff, 0xff, 0xff, 0xff, 0x01, 0x00, 0x00, 0x00, 0xfc, 0xfb, 0x03, 0x3b, 
  0x41, 0x00, 0x00, 0x00, 0x73, 0x61, 0x66, 0x65, 0x62, 0x61, 0x6e, 0x64, 
  0x5f, 0x76, 0x32, 0x5f, 0x64, 0x65, 0x70, 0x6c, 0x6f, 0x79, 0x6d, 0x65, 
  0x6e, 0x74, 0x2f, 0x6d, 0x6f, 0x74, 0x69, 0x6f, 0x6e, 0x5f, 0x65, 0x6e, 
  0x63, 0x6f, 0x64, 0x65, 0x72, 0x2f, 0x65, 0x6e, 0x63, 0x5f, 0x73, 0x65, 
  0x71, 0x5f, 0x67, 0x72, 0x75, 0x32, 0x2f, 0x67, 0x72, 0x75, 0x5f, 0x63, 
  0x65, 0x6c, 0x6c, 0x5f, 0x31, 0x2f, 0x73, 0x75, 0x62, 0x00, 0x00, 0x00, 
  0x02, 0x00, 0x00, 0x00, 0x01, 0x00, 0x00, 0x00, 0x04, 0x00, 0x00, 0x00, 
  0xe6, 0x3f, 0xff, 0xff, 0x00, 0x00, 0x00, 0x01, 0x18, 0x00, 0x00, 0x00, 
  0x20, 0x00, 0x00, 0x00, 0x3c, 0x00, 0x00, 0x00, 0xed, 0x00, 0x00, 0x00, 
  0x00, 0x00, 0x00, 0x09, 0x78, 0x00, 0x00, 0x00, 0x02, 0x00, 0x00, 0x00, 
  0xff, 0xff, 0xff, 0xff, 0x04, 0x00, 0x00, 0x00, 0xcc, 0x3f, 0xff, 0xff, 
  0x08, 0x00, 0x00, 0x00, 0x10, 0x00, 0x00, 0x00, 0x01, 0x00, 0x00, 0x00, 
  0x00, 0x00, 0x00, 0x00, 0x00, 0x00, 0x00, 0x00, 0x01, 0x00, 0x00, 0x00, 
  0x7b, 0xbe, 0x06, 0x32, 0x43, 0x00, 0x00, 0x00, 0x73, 0x61, 0x66, 0x65, 
  0x62, 0x61, 0x6e, 0x64, 0x5f, 0x76, 0x32, 0x5f, 0x64, 0x65, 0x70, 0x6c, 
  0x6f, 0x79, 0x6d, 0x65, 0x6e, 0x74, 0x2f, 0x6d, 0x6f, 0x74, 0x69, 0x6f, 
  0x6e, 0x5f, 0x65, 0x6e, 0x63, 0x6f, 0x64, 0x65, 0x72, 0x2f, 0x65, 0x6e, 
  0x63, 0x5f, 0x73, 0x65, 0x71, 0x5f, 0x67, 0x72, 0x75, 0x32, 0x2f, 0x67, 
  0x72, 0x75, 0x5f, 0x63, 0x65, 0x6c, 0x6c, 0x5f, 0x31, 0x2f, 0x6d, 0x75, 
  0x6c, 0x5f, 0x31, 0x00, 0x02, 0x00, 0x00, 0x00, 0x01, 0x00, 0x00, 0x00, 
  0x04, 0x00, 0x00, 0x00, 0x86, 0x40, 0xff, 0xff, 0x00, 0x00, 0x00, 0x01, 
  0x18, 0x00, 0x00, 0x00, 0x20, 0x00, 0x00, 0x00, 0x40, 0x00, 0x00, 0x00, 
  0xec, 0x00, 0x00, 0x00, 0x00, 0x00, 0x00, 0x09, 0x80, 0x00, 0x00, 0x00, 
  0x02, 0x00, 0x00, 0x00, 0xff, 0xff, 0xff, 0xff, 0x04, 0x00, 0x00, 0x00, 
  0x6c, 0x40, 0xff, 0xff, 0x08, 0x00, 0x00, 0x00, 0x14, 0x00, 0x00, 0x00, 
  0x01, 0x00, 0x00, 0x00, 0x80, 0xff, 0xff, 0xff, 0xff, 0xff, 0xff, 0xff, 
  0x00, 0x00, 0x00, 0x00, 0x01, 0x00, 0x00, 0x00, 0x00, 0x00, 0x80, 0x3b, 
  0x45, 0x00, 0x00, 0x00, 0x73, 0x61, 0x66, 0x65, 0x62, 0x61, 0x6e, 0x64, 
  0x5f, 0x76, 0x32, 0x5f, 0x64, 0x65, 0x70, 0x6c, 0x6f, 0x79, 0x6d, 0x65, 
  0x6e, 0x74, 0x2f, 0x6d, 0x6f, 0x74, 0x69, 0x6f, 0x6e, 0x5f, 0x65, 0x6e, 
  0x63, 0x6f, 0x64, 0x65, 0x72, 0x2f, 0x65, 0x6e, 0x63, 0x5f, 0x73, 0x65, 
  0x71, 0x5f, 0x67, 0x72, 0x75, 0x32, 0x2f, 0x67, 0x72, 0x75, 0x5f, 0x63, 
  0x65, 0x6c, 0x6c, 0x5f, 0x31, 0x2f, 0x53, 0x69, 0x67, 0x6d, 0x6f, 0x69, 
  0x64, 0x00, 0x00, 0x00, 0x02, 0x00, 0x00, 0x00, 0x01, 0x00, 0x00, 0x00, 
  0x04, 0x00, 0x00, 0x00, 0x2e, 0x41, 0xff, 0xff, 0x00, 0x00, 0x00, 0x01, 
  0x18, 0x00, 0x00, 0x00, 0x20, 0x00, 0x00, 0x00, 0x3c, 0x00, 0x00, 0x00, 
  0xeb, 0x00, 0x00, 0x00, 0x00, 0x00, 0x00, 0x09, 0x78, 0x00, 0x00, 0x00, 
  0x02, 0x00, 0x00, 0x00, 0xff, 0xff, 0xff, 0xff, 0x04, 0x00, 0x00, 0x00, 
  0x14, 0x41, 0xff, 0xff, 0x08, 0x00, 0x00, 0x00, 0x10, 0x00, 0x00, 0x00, 
  0x01, 0x00, 0x00, 0x00, 0x96, 0xff, 0xff, 0xff, 0xff, 0xff, 0xff, 0xff, 
  0x01, 0x00, 0x00, 0x00, 0x0c, 0xd8, 0x21, 0x3b, 0x41, 0x00, 0x00, 0x00, 
  0x73, 0x61, 0x66, 0x65, 0x62, 0x61, 0x6e, 0x64, 0x5f, 0x76, 0x32, 0x5f, 
  0x64, 0x65, 0x70, 0x6c, 0x6f, 0x79, 0x6d, 0x65, 0x6e, 0x74, 0x2f, 0x6d, 
  0x6f, 0x74, 0x69, 0x6f, 0x6e, 0x5f, 0x65, 0x6e, 0x63, 0x6f, 0x64, 0x65, 
  0x72, 0x2f, 0x65, 0x6e, 0x63, 0x5f, 0x73, 0x65, 0x71, 0x5f, 0x67, 0x72, 
  0x75, 0x32, 0x2f, 0x67, 0x72, 0x75, 0x5f, 0x63, 0x65, 0x6c, 0x6c, 0x5f, 
  0x31, 0x2f, 0x61, 0x64, 0x64, 0x00, 0x00, 0x00, 0x02, 0x00, 0x00, 0x00, 
  0x01, 0x00, 0x00, 0x00, 0x04, 0x00, 0x00, 0x00, 0xce, 0x41, 0xff, 0xff, 
  0x00, 0x00, 0x00, 0x01, 0x18, 0x00, 0x00, 0x00, 0x20, 0x00, 0x00, 0x00, 
  0x40, 0x00, 0x00, 0x00, 0xea, 0x00, 0x00, 0x00, 0x00, 0x00, 0x00, 0x09, 
  0x08, 0x01, 0x00, 0x00, 0x02, 0x00, 0x00, 0x00, 0xff, 0xff, 0xff, 0xff, 
  0x04, 0x00, 0x00, 0x00, 0xb4, 0x41, 0xff, 0xff, 0x08, 0x00, 0x00, 0x00, 
  0x14, 0x00, 0x00, 0x00, 0x01, 0x00, 0x00, 0x00, 0xf6, 0xff, 0xff, 0xff, 
  0xff, 0xff, 0xff, 0xff, 0x00, 0x00, 0x00, 0x00, 0x01, 0x00, 0x00, 0x00, 
  0xfd, 0x87, 0x0f, 0x3b, 0xce, 0x00, 0x00, 0x00, 0x73, 0x61, 0x66, 0x65, 
  0x62, 0x61, 0x6e, 0x64, 0x5f, 0x76, 0x32, 0x5f, 0x64, 0x65, 0x70, 0x6c, 
  0x6f, 0x79, 0x6d, 0x65, 0x6e, 0x74, 0x2f, 0x6d, 0x6f, 0x74, 0x69, 0x6f, 
  0x6e, 0x5f, 0x65, 0x6e, 0x63, 0x6f, 0x64, 0x65, 0x72, 0x2f, 0x65, 0x6e, 
  0x63, 0x5f, 0x73, 0x65, 0x71, 0x5f, 0x67, 0x72, 0x75, 0x32, 0x2f, 0x67, 
  0x72, 0x75, 0x5f, 0x63, 0x65, 0x6c, 0x6c, 0x5f, 0x31, 0x2f, 0x73, 0x70, 
  0x6c, 0x69, 0x74, 0x3b, 0x73, 0x61, 0x66, 0x65, 0x62, 0x61, 0x6e, 0x64, 
  0x5f, 0x76, 0x32, 0x5f, 0x64, 0x65, 0x70, 0x6c, 0x6f, 0x79, 0x6d, 0x65, 
  0x6e, 0x74, 0x2f, 0x6d, 0x6f, 0x74, 0x69, 0x6f, 0x6e, 0x5f, 0x65, 0x6e, 
  0x63, 0x6f, 0x64, 0x65, 0x72, 0x2f, 0x65, 0x6e, 0x63, 0x5f, 0x73, 0x65, 
  0x71, 0x5f, 0x67, 0x72, 0x75, 0x32, 0x2f, 0x67, 0x72, 0x75, 0x5f, 0x63, 
  0x65, 0x6c, 0x6c, 0x5f, 0x31, 0x2f, 0x73, 0x70, 0x6c, 0x69, 0x74, 0x31, 
  0x3b, 0x73, 0x61, 0x66, 0x65, 0x62, 0x61, 0x6e, 0x64, 0x5f, 0x76, 0x32, 
  0x5f, 0x64, 0x65, 0x70, 0x6c, 0x6f, 0x79, 0x6d, 0x65, 0x6e, 0x74, 0x2f, 
  0x6d, 0x6f, 0x74, 0x69, 0x6f, 0x6e, 0x5f, 0x65, 0x6e, 0x63, 0x6f, 0x64, 
  0x65, 0x72, 0x2f, 0x65, 0x6e, 0x63, 0x5f, 0x73, 0x65, 0x71, 0x5f, 0x67, 
  0x72, 0x75, 0x32, 0x2f, 0x67, 0x72, 0x75, 0x5f, 0x63, 0x65, 0x6c, 0x6c, 
  0x5f, 0x31, 0x2f, 0x73, 0x70, 0x6c, 0x69, 0x74, 0x32, 0x32, 0x00, 0x00, 
  0x02, 0x00, 0x00, 0x00, 0x01, 0x00, 0x00, 0x00, 0x04, 0x00, 0x00, 0x00, 
  0xfe, 0x42, 0xff, 0xff, 0x00, 0x00, 0x00, 0x01, 0x18, 0x00, 0x00, 0x00, 
  0x20, 0x00, 0x00, 0x00, 0x40, 0x00, 0x00, 0x00, 0xe9, 0x00, 0x00, 0x00, 
  0x00, 0x00, 0x00, 0x09, 0x08, 0x01, 0x00, 0x00, 0x02, 0x00, 0x00, 0x00, 
  0xff, 0xff, 0xff, 0xff, 0x04, 0x00, 0x00, 0x00, 0xe4, 0x42, 0xff, 0xff, 
  0x08, 0x00, 0x00, 0x00, 0x14, 0x00, 0x00, 0x00, 0x01, 0x00, 0x00, 0x00, 
  0xf6, 0xff, 0xff, 0xff, 0xff, 0xff, 0xff, 0xff, 0x00, 0x00, 0x00, 0x00, 
  0x01, 0x00, 0x00, 0x00, 0xfd, 0x87, 0x0f, 0x3b, 0xce, 0x00, 0x00, 0x00, 
  0x73, 0x61, 0x66, 0x65, 0x62, 0x61, 0x6e, 0x64, 0x5f, 0x76, 0x32, 0x5f, 
  0x64, 0x65, 0x70, 0x6c, 0x6f, 0x79, 0x6d, 0x65, 0x6e, 0x74, 0x2f, 0x6d, 
  0x6f, 0x74, 0x69, 0x6f, 0x6e, 0x5f, 0x65, 0x6e, 0x63, 0x6f, 0x64, 0x65, 
  0x72, 0x2f, 0x65, 0x6e, 0x63, 0x5f, 0x73, 0x65, 0x71, 0x5f, 0x67, 0x72, 
  0x75, 0x32, 0x2f, 0x67, 0x72, 0x75, 0x5f, 0x63, 0x65, 0x6c, 0x6c, 0x5f, 
  0x31, 0x2f, 0x73, 0x70, 0x6c, 0x69, 0x74, 0x3b, 0x73, 0x61, 0x66, 0x65, 
  0x62, 0x61, 0x6e, 0x64, 0x5f, 0x76, 0x32, 0x5f, 0x64, 0x65, 0x70, 0x6c, 
  0x6f, 0x79, 0x6d, 0x65, 0x6e, 0x74, 0x2f, 0x6d, 0x6f, 0x74, 0x69, 0x6f, 
  0x6e, 0x5f, 0x65, 0x6e, 0x63, 0x6f, 0x64, 0x65, 0x72, 0x2f, 0x65, 0x6e, 
  0x63, 0x5f, 0x73, 0x65, 0x71, 0x5f, 0x67, 0x72, 0x75, 0x32, 0x2f, 0x67, 
  0x72, 0x75, 0x5f, 0x63, 0x65, 0x6c, 0x6c, 0x5f, 0x31, 0x2f, 0x73, 0x70, 
  0x6c, 0x69, 0x74, 0x31, 0x3b, 0x73, 0x61, 0x66, 0x65, 0x62, 0x61, 0x6e, 
  0x64, 0x5f, 0x76, 0x32, 0x5f, 0x64, 0x65, 0x70, 0x6c, 0x6f, 0x79, 0x6d, 
  0x65, 0x6e, 0x74, 0x2f, 0x6d, 0x6f, 0x74, 0x69, 0x6f, 0x6e, 0x5f, 0x65, 
  0x6e, 0x63, 0x6f, 0x64, 0x65, 0x72, 0x2f, 0x65, 0x6e, 0x63, 0x5f, 0x73, 
  0x65, 0x71, 0x5f, 0x67, 0x72, 0x75, 0x32, 0x2f, 0x67, 0x72, 0x75, 0x5f, 
  0x63, 0x65, 0x6c, 0x6c, 0x5f, 0x31, 0x2f, 0x73, 0x70, 0x6c, 0x69, 0x74, 
  0x32, 0x31, 0x00, 0x00, 0x02, 0x00, 0x00, 0x00, 0x01, 0x00, 0x00, 0x00, 
  0x04, 0x00, 0x00, 0x00, 0x2e, 0x44, 0xff, 0xff, 0x00, 0x00, 0x00, 0x01, 
  0x18, 0x00, 0x00, 0x00, 0x20, 0x00, 0x00, 0x00, 0x40, 0x00, 0x00, 0x00, 
  0xe8, 0x00, 0x00, 0x00, 0x00, 0x00, 0x00, 0x09, 0x08, 0x01, 0x00, 0x00, 
  0x02, 0x00, 0x00, 0x00, 0xff, 0xff, 0xff, 0xff, 0x04, 0x00, 0x00, 0x00, 
  0x14, 0x44, 0xff, 0xff, 0x08, 0x00, 0x00, 0x00, 0x14, 0x00, 0x00, 0x00, 
  0x01, 0x00, 0x00, 0x00, 0xf6, 0xff, 0xff, 0xff, 0xff, 0xff, 0xff, 0xff, 
  0x00, 0x00, 0x00, 0x00, 0x01, 0x00, 0x00, 0x00, 0xfd, 0x87, 0x0f, 0x3b, 
  0xcd, 0x00, 0x00, 0x00, 0x73, 0x61, 0x66, 0x65, 0x62, 0x61, 0x6e, 0x64, 
  0x5f, 0x76, 0x32, 0x5f, 0x64, 0x65, 0x70, 0x6c, 0x6f, 0x79, 0x6d, 0x65, 
  0x6e, 0x74, 0x2f, 0x6d, 0x6f, 0x74, 0x69, 0x6f, 0x6e, 0x5f, 0x65, 0x6e, 
  0x63, 0x6f, 0x64, 0x65, 0x72, 0x2f, 0x65, 0x6e, 0x63, 0x5f, 0x73, 0x65, 
  0x71, 0x5f, 0x67, 0x72, 0x75, 0x32, 0x2f, 0x67, 0x72, 0x75, 0x5f, 0x63, 
  0x65, 0x6c, 0x6c, 0x5f, 0x31, 0x2f, 0x73, 0x70, 0x6c, 0x69, 0x74, 0x3b, 
  0x73, 0x61, 0x66, 0x65, 0x62, 0x61, 0x6e, 0x64, 0x5f, 0x76, 0x32, 0x5f, 
  0x64, 0x65, 0x70, 0x6c, 0x6f, 0x79, 0x6d, 0x65, 0x6e, 0x74, 0x2f, 0x6d, 
  0x6f, 0x74, 0x69, 0x6f, 0x6e, 0x5f, 0x65, 0x6e, 0x63, 0x6f, 0x64, 0x65, 
  0x72, 0x2f, 0x65, 0x6e, 0x63, 0x5f, 0x73, 0x65, 0x71, 0x5f, 0x67, 0x72, 
  0x75, 0x32, 0x2f, 0x67, 0x72, 0x75, 0x5f, 0x63, 0x65, 0x6c, 0x6c, 0x5f, 
  0x31, 0x2f, 0x73, 0x70, 0x6c, 0x69, 0x74, 0x31, 0x3b, 0x73, 0x61, 0x66, 
  0x65, 0x62, 0x61, 0x6e, 0x64, 0x5f, 0x76, 0x32, 0x5f, 0x64, 0x65, 0x70, 
  0x6c, 0x6f, 0x79, 0x6d, 0x65, 0x6e, 0x74, 0x2f, 0x6d, 0x6f, 0x74, 0x69, 
  0x6f, 0x6e, 0x5f, 0x65, 0x6e, 0x63, 0x6f, 0x64, 0x65, 0x72, 0x2f, 0x65, 
  0x6e, 0x63, 0x5f, 0x73, 0x65, 0x71, 0x5f, 0x67, 0x72, 0x75, 0x32, 0x2f, 
  0x67, 0x72, 0x75, 0x5f, 0x63, 0x65, 0x6c, 0x6c, 0x5f, 0x31, 0x2f, 0x73, 
  0x70, 0x6c, 0x69, 0x74, 0x32, 0x00, 0x00, 0x00, 0x02, 0x00, 0x00, 0x00, 
  0x01, 0x00, 0x00, 0x00, 0x04, 0x00, 0x00, 0x00, 0x5e, 0x45, 0xff, 0xff, 
  0x00, 0x00, 0x00, 0x01, 0x18, 0x00, 0x00, 0x00, 0x20, 0x00, 0x00, 0x00, 
  0x3c, 0x00, 0x00, 0x00, 0xe7, 0x00, 0x00, 0x00, 0x00, 0x00, 0x00, 0x09, 
  0xc0, 0x00, 0x00, 0x00, 0x02, 0x00, 0x00, 0x00, 0xff, 0xff, 0xff, 0xff, 
  0x0c, 0x00, 0x00, 0x00, 0x44, 0x45, 0xff, 0xff, 0x08, 0x00, 0x00, 0x00, 
  0x10, 0x00, 0x00, 0x00, 0x01, 0x00, 0x00, 0x00, 0xf6, 0xff, 0xff, 0xff, 
  0xff, 0xff, 0xff, 0xff, 0x01, 0x00, 0x00, 0x00, 0xfd, 0x87, 0x0f, 0x3b, 
  0x8a, 0x00, 0x00, 0x00, 0x73, 0x61, 0x66, 0x65, 0x62, 0x61, 0x6e, 0x64, 
  0x5f, 0x76, 0x32, 0x5f, 0x64, 0x65, 0x70, 0x6c, 0x6f, 0x79, 0x6d, 0x65, 
  0x6e, 0x74, 0x2f, 0x6d, 0x6f, 0x74, 0x69, 0x6f, 0x6e, 0x5f, 0x65, 0x6e, 
  0x63, 0x6f, 0x64, 0x65, 0x72, 0x2f, 0x65, 0x6e, 0x63, 0x5f, 0x73, 0x65, 
  0x71, 0x5f, 0x67, 0x72, 0x75, 0x32, 0x2f, 0x67, 0x72, 0x75, 0x5f, 0x63, 
  0x65, 0x6c, 0x6c, 0x5f, 0x31, 0x2f, 0x4d, 0x61, 0x74, 0x4d, 0x75, 0x6c, 
  0x3b, 0x73, 0x61, 0x66, 0x65, 0x62, 0x61, 0x6e, 0x64, 0x5f, 0x76, 0x32, 
  0x5f, 0x64, 0x65, 0x70, 0x6c, 0x6f, 0x79, 0x6d, 0x65, 0x6e, 0x74, 0x2f, 
  0x6d, 0x6f, 0x74, 0x69, 0x6f, 0x6e, 0x5f, 0x65, 0x6e, 0x63, 0x6f, 0x64, 
  0x65, 0x72, 0x2f, 0x65, 0x6e, 0x63, 0x5f, 0x73, 0x65, 0x71, 0x5f, 0x67, 
  0x72, 0x75, 0x32, 0x2f, 0x67, 0x72, 0x75, 0x5f, 0x63, 0x65, 0x6c, 0x6c, 
  0x5f, 0x31, 0x2f, 0x42, 0x69, 0x61, 0x73, 0x41, 0x64, 0x64, 0x00, 0x00, 
  0x02, 0x00, 0x00, 0x00, 0x01, 0x00, 0x00, 0x00, 0x0c, 0x00, 0x00, 0x00, 
  0x46, 0x46, 0xff, 0xff, 0x00, 0x00, 0x00, 0x01, 0x18, 0x00, 0x00, 0x00, 
  0x20, 0x00, 0x00, 0x00, 0x3c, 0x00, 0x00, 0x00, 0xe6, 0x00, 0x00, 0x00, 
  0x00, 0x00, 0x00, 0x09, 0x60, 0x01, 0x00, 0x00, 0x02, 0x00, 0x00, 0x00, 
  0xff, 0xff, 0xff, 0xff, 0x08, 0x00, 0x00, 0x00, 0x2c, 0x46, 0xff, 0xff, 
  0x08, 0x00, 0x00, 0x00, 0x10, 0x00, 0x00, 0x00, 0x01, 0x00, 0x00, 0x00, 
  0xdd, 0xff, 0xff, 0xff, 0xff, 0xff, 0xff, 0xff, 0x01, 0x00, 0x00, 0x00, 
  0xce, 0x57, 0x94, 0x3a, 0x2b, 0x01, 0x00, 0x00, 0x73, 0x61, 0x66, 0x65, 
  0x62, 0x61, 0x6e, 0x64, 0x5f, 0x76, 0x32, 0x5f, 0x64, 0x65, 0x70, 0x6c, 
  0x6f, 0x79, 0x6d, 0x65, 0x6e, 0x74, 0x2f, 0x6d, 0x6f, 0x74, 0x69, 0x6f, 
  0x6e, 0x5f, 0x65, 0x6e, 0x63, 0x6f, 0x64, 0x65, 0x72, 0x2f, 0x65, 0x6e, 
  0x63, 0x5f, 0x73, 0x65, 0x71, 0x5f, 0x67, 0x72, 0x75, 0x32, 0x2f, 0x75, 
  0x6e, 0x73, 0x74, 0x61, 0x63, 0x6b, 0x3b, 0x73, 0x61, 0x66, 0x65, 0x62, 
  0x61, 0x6e, 0x64, 0x5f, 0x76, 0x32, 0x5f, 0x64, 0x65, 0x70, 0x6c, 0x6f, 
  0x79, 0x6d, 0x65, 0x6e, 0x74, 0x2f, 0x6d, 0x6f, 0x74, 0x69, 0x6f, 0x6e, 
  0x5f, 0x65, 0x6e, 0x63, 0x6f, 0x64, 0x65, 0x72, 0x2f, 0x65, 0x6e, 0x63, 
  0x5f, 0x73, 0x65, 0x71, 0x5f, 0x67, 0x72, 0x75, 0x32, 0x2f, 0x75, 0x6e, 
  0x73, 0x74, 0x61, 0x63, 0x6b, 0x31, 0x3b, 0x73, 0x61, 0x66, 0x65, 0x62, 
  0x61, 0x6e, 0x64, 0x5f, 0x76, 0x32, 0x5f, 0x64, 0x65, 0x70, 0x6c, 0x6f, 
  0x79, 0x6d, 0x65, 0x6e, 0x74, 0x2f, 0x6d, 0x6f, 0x74, 0x69, 0x6f, 0x6e, 
  0x5f, 0x65, 0x6e, 0x63, 0x6f, 0x64, 0x65, 0x72, 0x2f, 0x65, 0x6e, 0x63, 
  0x5f, 0x73, 0x65, 0x71, 0x5f, 0x67, 0x72, 0x75, 0x32, 0x2f, 0x75, 0x6e, 
  0x73, 0x74, 0x61, 0x63, 0x6b, 0x32, 0x3b, 0x73, 0x61, 0x66, 0x65, 0x62, 
  0x61, 0x6e, 0x64, 0x5f, 0x76, 0x32, 0x5f, 0x64, 0x65, 0x70, 0x6c, 0x6f, 
  0x79, 0x6d, 0x65, 0x6e, 0x74, 0x2f, 0x6d, 0x6f, 0x74, 0x69, 0x6f, 0x6e, 
  0x5f, 0x65, 0x6e, 0x63, 0x6f, 0x64, 0x65, 0x72, 0x2f, 0x65, 0x6e, 0x63, 
  0x5f, 0x73, 0x65, 0x71, 0x5f, 0x67, 0x72, 0x75, 0x32, 0x2f, 0x75, 0x6e, 
  0x73, 0x74, 0x61, 0x63, 0x6b, 0x33, 0x3b, 0x73, 0x61, 0x66, 0x65, 0x62, 
  0x61, 0x6e, 0x64, 0x5f, 0x76, 0x32, 0x5f, 0x64, 0x65, 0x70, 0x6c, 0x6f, 
  0x79, 0x6d, 0x65, 0x6e, 0x74, 0x2f, 0x6d, 0x6f, 0x74, 0x69, 0x6f, 0x6e, 
  0x5f, 0x65, 0x6e, 0x63, 0x6f, 0x64, 0x65, 0x72, 0x2f, 0x65, 0x6e, 0x63, 
  0x5f, 0x73, 0x65, 0x71, 0x5f, 0x67, 0x72, 0x75, 0x32, 0x2f, 0x75, 0x6e, 
  0x73, 0x74, 0x61, 0x63, 0x6b, 0x34, 0x34, 0x00, 0x02, 0x00, 0x00, 0x00, 
  0x01, 0x00, 0x00, 0x00, 0x08, 0x00, 0x00, 0x00, 0xce, 0x47, 0xff, 0xff, 
  0x00, 0x00, 0x00, 0x01, 0x18, 0x00, 0x00, 0x00, 0x20, 0x00, 0x00, 0x00, 
  0x3c, 0x00, 0x00, 0x00, 0xe5, 0x00, 0x00, 0x00, 0x00, 0x00, 0x00, 0x09, 
  0x60, 0x01, 0x00, 0x00, 0x02, 0x00, 0x00, 0x00, 0xff, 0xff, 0xff, 0xff, 
  0x08, 0x00, 0x00, 0x00, 0xb4, 0x47, 0xff, 0xff, 0x08, 0x00, 0x00, 0x00, 
  0x10, 0x00, 0x00, 0x00, 0x01, 0x00, 0x00, 0x00, 0xdd, 0xff, 0xff, 0xff, 
  0xff, 0xff, 0xff, 0xff, 0x01, 0x00, 0x00, 0x00, 0xce, 0x57, 0x94, 0x3a, 
  0x2b, 0x01, 0x00, 0x00, 0x73, 0x61, 0x66, 0x65, 0x62, 0x61, 0x6e, 0x64, 
  0x5f, 0x76, 0x32, 0x5f, 0x64, 0x65, 0x70, 0x6c, 0x6f, 0x79, 0x6d, 0x65, 
  0x6e, 0x74, 0x2f, 0x6d, 0x6f, 0x74, 0x69, 0x6f, 0x6e, 0x5f, 0x65, 0x6e, 
  0x63, 0x6f, 0x64, 0x65, 0x72, 0x2f, 0x65, 0x6e, 0x63, 0x5f, 0x73, 0x65, 
  0x71, 0x5f, 0x67, 0x72, 0x75, 0x32, 0x2f, 0x75, 0x6e, 0x73, 0x74, 0x61, 
  0x63, 0x6b, 0x3b, 0x73, 0x61, 0x66, 0x65, 0x62, 0x61, 0x6e, 0x64, 0x5f, 
  0x76, 0x32, 0x5f, 0x64, 0x65, 0x70, 0x6c, 0x6f, 0x79, 0x6d, 0x65, 0x6e, 
  0x74, 0x2f, 0x6d, 0x6f, 0x74, 0x69, 0x6f, 0x6e, 0x5f, 0x65, 0x6e, 0x63, 
  0x6f, 0x64, 0x65, 0x72, 0x2f, 0x65, 0x6e, 0x63, 0x5f, 0x73, 0x65, 0x71, 
  0x5f, 0x67, 0x72, 0x75, 0x32, 0x2f, 0x75, 0x6e, 0x73, 0x74, 0x61, 0x63, 
  0x6b, 0x31, 0x3b, 0x73, 0x61, 0x66, 0x65, 0x62, 0x61, 0x6e, 0x64, 0x5f, 
  0x76, 0x32, 0x5f, 0x64, 0x65, 0x70, 0x6c, 0x6f, 0x79, 0x6d, 0x65, 0x6e, 
  0x74, 0x2f, 0x6d, 0x6f, 0x74, 0x69, 0x6f, 0x6e, 0x5f, 0x65, 0x6e, 0x63, 
  0x6f, 0x64, 0x65, 0x72, 0x2f, 0x65, 0x6e, 0x63, 0x5f, 0x73, 0x65, 0x71, 
  0x5f, 0x67, 0x72, 0x75, 0x32, 0x2f, 0x75, 0x6e, 0x73, 0x74, 0x61, 0x63, 
  0x6b, 0x32, 0x3b, 0x73, 0x61, 0x66, 0x65, 0x62, 0x61, 0x6e, 0x64, 0x5f, 
  0x76, 0x32, 0x5f, 0x64, 0x65, 0x70, 0x6c, 0x6f, 0x79, 0x6d, 0x65, 0x6e, 
  0x74, 0x2f, 0x6d, 0x6f, 0x74, 0x69, 0x6f, 0x6e, 0x5f, 0x65, 0x6e, 0x63, 
  0x6f, 0x64, 0x65, 0x72, 0x2f, 0x65, 0x6e, 0x63, 0x5f, 0x73, 0x65, 0x71, 
  0x5f, 0x67, 0x72, 0x75, 0x32, 0x2f, 0x75, 0x6e, 0x73, 0x74, 0x61, 0x63, 
  0x6b, 0x33, 0x3b, 0x73, 0x61, 0x66, 0x65, 0x62, 0x61, 0x6e, 0x64, 0x5f, 
  0x76, 0x32, 0x5f, 0x64, 0x65, 0x70, 0x6c, 0x6f, 0x79, 0x6d, 0x65, 0x6e, 
  0x74, 0x2f, 0x6d, 0x6f, 0x74, 0x69, 0x6f, 0x6e, 0x5f, 0x65, 0x6e, 0x63, 
  0x6f, 0x64, 0x65, 0x72, 0x2f, 0x65, 0x6e, 0x63, 0x5f, 0x73, 0x65, 0x71, 
  0x5f, 0x67, 0x72, 0x75, 0x32, 0x2f, 0x75, 0x6e, 0x73, 0x74, 0x61, 0x63, 
  0x6b, 0x34, 0x33, 0x00, 0x02, 0x00, 0x00, 0x00, 0x01, 0x00, 0x00, 0x00, 
  0x08, 0x00, 0x00, 0x00, 0x56, 0x49, 0xff, 0xff, 0x00, 0x00, 0x00, 0x01, 
  0x18, 0x00, 0x00, 0x00, 0x20, 0x00, 0x00, 0x00, 0x3c, 0x00, 0x00, 0x00, 
  0xe4, 0x00, 0x00, 0x00, 0x00, 0x00, 0x00, 0x09, 0x60, 0x01, 0x00, 0x00, 
  0x02, 0x00, 0x00, 0x00, 0xff, 0xff, 0xff, 0xff, 0x08, 0x00, 0x00, 0x00, 
  0x3c, 0x49, 0xff, 0xff, 0x08, 0x00, 0x00, 0x00, 0x10, 0x00, 0x00, 0x00, 
  0x01, 0x00, 0x00, 0x00, 0xdd, 0xff, 0xff, 0xff, 0xff, 0xff, 0xff, 0xff, 
  0x01, 0x00, 0x00, 0x00, 0xce, 0x57, 0x94, 0x3a, 0x2b, 0x01, 0x00, 0x00, 
  0x73, 0x61, 0x66, 0x65, 0x62, 0x61, 0x6e, 0x64, 0x5f, 0x76, 0x32, 0x5f, 
  0x64, 0x65, 0x70, 0x6c, 0x6f, 0x79, 0x6d, 0x65, 0x6e, 0x74, 0x2f, 0x6d, 
  0x6f, 0x74, 0x69, 0x6f, 0x6e, 0x5f, 0x65, 0x6e, 0x63, 0x6f, 0x64, 0x65, 
  0x72, 0x2f, 0x65, 0x6e, 0x63, 0x5f, 0x73, 0x65, 0x71, 0x5f, 0x67, 0x72, 
  0x75, 0x32, 0x2f, 0x75, 0x6e, 0x73, 0x74, 0x61, 0x63, 0x6b, 0x3b, 0x73, 
  0x61, 0x66, 0x65, 0x62, 0x61, 0x6e, 0x64, 0x5f, 0x76, 0x32, 0x5f, 0x64, 
  0x65, 0x70, 0x6c, 0x6f, 0x79, 0x6d, 0x65, 0x6e, 0x74, 0x2f, 0x6d, 0x6f, 
  0x74, 0x69, 0x6f, 0x6e, 0x5f, 0x65, 0x6e, 0x63, 0x6f, 0x64, 0x65, 0x72, 
  0x2f, 0x65, 0x6e, 0x63, 0x5f, 0x73, 0x65, 0x71, 0x5f, 0x67, 0x72, 0x75, 
  0x32, 0x2f, 0x75, 0x6e, 0x73, 0x74, 0x61, 0x63, 0x6b, 0x31, 0x3b, 0x73, 
  0x61, 0x66, 0x65, 0x62, 0x61, 0x6e, 0x64, 0x5f, 0x76, 0x32, 0x5f, 0x64, 
  0x65, 0x70, 0x6c, 0x6f, 0x79, 0x6d, 0x65, 0x6e, 0x74, 0x2f, 0x6d, 0x6f, 
  0x74, 0x69, 0x6f, 0x6e, 0x5f, 0x65, 0x6e, 0x63, 0x6f, 0x64, 0x65, 0x72, 
  0x2f, 0x65, 0x6e, 0x63, 0x5f, 0x73, 0x65, 0x71, 0x5f, 0x67, 0x72, 0x75, 
  0x32, 0x2f, 0x75, 0x6e, 0x73, 0x74, 0x61, 0x63, 0x6b, 0x32, 0x3b, 0x73, 
  0x61, 0x66, 0x65, 0x62, 0x61, 0x6e, 0x64, 0x5f, 0x76, 0x32, 0x5f, 0x64, 
  0x65, 0x70, 0x6c, 0x6f, 0x79, 0x6d, 0x65, 0x6e, 0x74, 0x2f, 0x6d, 0x6f, 
  0x74, 0x69, 0x6f, 0x6e, 0x5f, 0x65, 0x6e, 0x63, 0x6f, 0x64, 0x65, 0x72, 
  0x2f, 0x65, 0x6e, 0x63, 0x5f, 0x73, 0x65, 0x71, 0x5f, 0x67, 0x72, 0x75, 
  0x32, 0x2f, 0x75, 0x6e, 0x73, 0x74, 0x61, 0x63, 0x6b, 0x33, 0x3b, 0x73, 
  0x61, 0x66, 0x65, 0x62, 0x61, 0x6e, 0x64, 0x5f, 0x76, 0x32, 0x5f, 0x64, 
  0x65, 0x70, 0x6c, 0x6f, 0x79, 0x6d, 0x65, 0x6e, 0x74, 0x2f, 0x6d, 0x6f, 
  0x74, 0x69, 0x6f, 0x6e, 0x5f, 0x65, 0x6e, 0x63, 0x6f, 0x64, 0x65, 0x72, 
  0x2f, 0x65, 0x6e, 0x63, 0x5f, 0x73, 0x65, 0x71, 0x5f, 0x67, 0x72, 0x75, 
  0x32, 0x2f, 0x75, 0x6e, 0x73, 0x74, 0x61, 0x63, 0x6b, 0x34, 0x32, 0x00, 
  0x02, 0x00, 0x00, 0x00, 0x01, 0x00, 0x00, 0x00, 0x08, 0x00, 0x00, 0x00, 
  0xde, 0x4a, 0xff, 0xff, 0x00, 0x00, 0x00, 0x01, 0x18, 0x00, 0x00, 0x00, 
  0x20, 0x00, 0x00, 0x00, 0x3c, 0x00, 0x00, 0x00, 0xe3, 0x00, 0x00, 0x00, 
  0x00, 0x00, 0x00, 0x09, 0x60, 0x01, 0x00, 0x00, 0x02, 0x00, 0x00, 0x00, 
  0xff, 0xff, 0xff, 0xff, 0x08, 0x00, 0x00, 0x00, 0xc4, 0x4a, 0xff, 0xff, 
  0x08, 0x00, 0x00, 0x00, 0x10, 0x00, 0x00, 0x00, 0x01, 0x00, 0x00, 0x00, 
  0xdd, 0xff, 0xff, 0xff, 0xff, 0xff, 0xff, 0xff, 0x01, 0x00, 0x00, 0x00, 
  0xce, 0x57, 0x94, 0x3a, 0x2b, 0x01, 0x00, 0x00, 0x73, 0x61, 0x66, 0x65, 
  0x62, 0x61, 0x6e, 0x64, 0x5f, 0x76, 0x32, 0x5f, 0x64, 0x65, 0x70, 0x6c, 
  0x6f, 0x79, 0x6d, 0x65, 0x6e, 0x74, 0x2f, 0x6d, 0x6f, 0x74, 0x69, 0x6f, 
  0x6e, 0x5f, 0x65, 0x6e, 0x63, 0x6f, 0x64, 0x65, 0x72, 0x2f, 0x65, 0x6e, 
  0x63, 0x5f, 0x73, 0x65, 0x71, 0x5f, 0x67, 0x72, 0x75, 0x32, 0x2f, 0x75, 
  0x6e, 0x73, 0x74, 0x61, 0x63, 0x6b, 0x3b, 0x73, 0x61, 0x66, 0x65, 0x62, 
  0x61, 0x6e, 0x64, 0x5f, 0x76, 0x32, 0x5f, 0x64, 0x65, 0x70, 0x6c, 0x6f, 
  0x79, 0x6d, 0x65, 0x6e, 0x74, 0x2f, 0x6d, 0x6f, 0x74, 0x69, 0x6f, 0x6e, 
  0x5f, 0x65, 0x6e, 0x63, 0x6f, 0x64, 0x65, 0x72, 0x2f, 0x65, 0x6e, 0x63, 
  0x5f, 0x73, 0x65, 0x71, 0x5f, 0x67, 0x72, 0x75, 0x32, 0x2f, 0x75, 0x6e, 
  0x73, 0x74, 0x61, 0x63, 0x6b, 0x31, 0x3b, 0x73, 0x61, 0x66, 0x65, 0x62, 
  0x61, 0x6e, 0x64, 0x5f, 0x76, 0x32, 0x5f, 0x64, 0x65, 0x70, 0x6c, 0x6f, 
  0x79, 0x6d, 0x65, 0x6e, 0x74, 0x2f, 0x6d, 0x6f, 0x74, 0x69, 0x6f, 0x6e, 
  0x5f, 0x65, 0x6e, 0x63, 0x6f, 0x64, 0x65, 0x72, 0x2f, 0x65, 0x6e, 0x63, 
  0x5f, 0x73, 0x65, 0x71, 0x5f, 0x67, 0x72, 0x75, 0x32, 0x2f, 0x75, 0x6e, 
  0x73, 0x74, 0x61, 0x63, 0x6b, 0x32, 0x3b, 0x73, 0x61, 0x66, 0x65, 0x62, 
  0x61, 0x6e, 0x64, 0x5f, 0x76, 0x32, 0x5f, 0x64, 0x65, 0x70, 0x6c, 0x6f, 
  0x79, 0x6d, 0x65, 0x6e, 0x74, 0x2f, 0x6d, 0x6f, 0x74, 0x69, 0x6f, 0x6e, 
  0x5f, 0x65, 0x6e, 0x63, 0x6f, 0x64, 0x65, 0x72, 0x2f, 0x65, 0x6e, 0x63, 
  0x5f, 0x73, 0x65, 0x71, 0x5f, 0x67, 0x72, 0x75, 0x32, 0x2f, 0x75, 0x6e, 
  0x73, 0x74, 0x61, 0x63, 0x6b, 0x33, 0x3b, 0x73, 0x61, 0x66, 0x65, 0x62, 
  0x61, 0x6e, 0x64, 0x5f, 0x76, 0x32, 0x5f, 0x64, 0x65, 0x70, 0x6c, 0x6f, 
  0x79, 0x6d, 0x65, 0x6e, 0x74, 0x2f, 0x6d, 0x6f, 0x74, 0x69, 0x6f, 0x6e, 
  0x5f, 0x65, 0x6e, 0x63, 0x6f, 0x64, 0x65, 0x72, 0x2f, 0x65, 0x6e, 0x63, 
  0x5f, 0x73, 0x65, 0x71, 0x5f, 0x67, 0x72, 0x75, 0x32, 0x2f, 0x75, 0x6e, 
  0x73, 0x74, 0x61, 0x63, 0x6b, 0x34, 0x31, 0x00, 0x02, 0x00, 0x00, 0x00, 
  0x01, 0x00, 0x00, 0x00, 0x08, 0x00, 0x00, 0x00, 0x66, 0x4c, 0xff, 0xff, 
  0x00, 0x00, 0x00, 0x01, 0x18, 0x00, 0x00, 0x00, 0x20, 0x00, 0x00, 0x00, 
  0x3c, 0x00, 0x00, 0x00, 0xe2, 0x00, 0x00, 0x00, 0x00, 0x00, 0x00, 0x09, 
  0x60, 0x01, 0x00, 0x00, 0x02, 0x00, 0x00, 0x00, 0xff, 0xff, 0xff, 0xff, 
  0x08, 0x00, 0x00, 0x00, 0x4c, 0x4c, 0xff, 0xff, 0x08, 0x00, 0x00, 0x00, 
  0x10, 0x00, 0x00, 0x00, 0x01, 0x00, 0x00, 0x00, 0xdd, 0xff, 0xff, 0xff, 
  0xff, 0xff, 0xff, 0xff, 0x01, 0x00, 0x00, 0x00, 0xce, 0x57, 0x94, 0x3a, 
  0x2a, 0x01, 0x00, 0x00, 0x73, 0x61, 0x66, 0x65, 0x62, 0x61, 0x6e, 0x64, 
  0x5f, 0x76, 0x32, 0x5f, 0x64, 0x65, 0x70, 0x6c, 0x6f, 0x79, 0x6d, 0x65, 
  0x6e, 0x74, 0x2f, 0x6d, 0x6f, 0x74, 0x69, 0x6f, 0x6e, 0x5f, 0x65, 0x6e, 
  0x63, 0x6f, 0x64, 0x65, 0x72, 0x2f, 0x65, 0x6e, 0x63, 0x5f, 0x73, 0x65, 
  0x71, 0x5f, 0x67, 0x72, 0x75, 0x32, 0x2f, 0x75, 0x6e, 0x73, 0x74, 0x61, 
  0x63, 0x6b, 0x3b, 0x73, 0x61, 0x66, 0x65, 0x62, 0x61, 0x6e, 0x64, 0x5f, 
  0x76, 0x32, 0x5f, 0x64, 0x65, 0x70, 0x6c, 0x6f, 0x79, 0x6d, 0x65, 0x6e, 
  0x74, 0x2f, 0x6d, 0x6f, 0x74, 0x69, 0x6f, 0x6e, 0x5f, 0x65, 0x6e, 0x63, 
  0x6f, 0x64, 0x65, 0x72, 0x2f, 0x65, 0x6e, 0x63, 0x5f, 0x73, 0x65, 0x71, 
  0x5f, 0x67, 0x72, 0x75, 0x32, 0x2f, 0x75, 0x6e, 0x73, 0x74, 0x61, 0x63, 
  0x6b, 0x31, 0x3b, 0x73, 0x61, 0x66, 0x65, 0x62, 0x61, 0x6e, 0x64, 0x5f, 
  0x76, 0x32, 0x5f, 0x64, 0x65, 0x70, 0x6c, 0x6f, 0x79, 0x6d, 0x65, 0x6e, 
  0x74, 0x2f, 0x6d, 0x6f, 0x74, 0x69, 0x6f, 0x6e, 0x5f, 0x65, 0x6e, 0x63, 
  0x6f, 0x64, 0x65, 0x72, 0x2f, 0x65, 0x6e, 0x63, 0x5f, 0x73, 0x65, 0x71, 
  0x5f, 0x67, 0x72, 0x75, 0x32, 0x2f, 0x75, 0x6e, 0x73, 0x74, 0x61, 0x63, 
  0x6b, 0x32, 0x3b, 0x73, 0x61, 0x66, 0x65, 0x62, 0x61, 0x6e, 0x64, 0x5f, 
  0x76, 0x32, 0x5f, 0x64, 0x65, 0x70, 0x6c, 0x6f, 0x79, 0x6d, 0x65, 0x6e, 
  0x74, 0x2f, 0x6d, 0x6f, 0x74, 0x69, 0x6f, 0x6e, 0x5f, 0x65, 0x6e, 0x63, 
  0x6f, 0x64, 0x65, 0x72, 0x2f, 0x65, 0x6e, 0x63, 0x5f, 0x73, 0x65, 0x71, 
  0x5f, 0x67, 0x72, 0x75, 0x32, 0x2f, 0x75, 0x6e, 0x73, 0x74, 0x61, 0x63, 
  0x6b, 0x33, 0x3b, 0x73, 0x61, 0x66, 0x65, 0x62, 0x61, 0x6e, 0x64, 0x5f, 
  0x76, 0x32, 0x5f, 0x64, 0x65, 0x70, 0x6c, 0x6f, 0x79, 0x6d, 0x65, 0x6e, 
  0x74, 0x2f, 0x6d, 0x6f, 0x74, 0x69, 0x6f, 0x6e, 0x5f, 0x65, 0x6e, 0x63, 
  0x6f, 0x64, 0x65, 0x72, 0x2f, 0x65, 0x6e, 0x63, 0x5f, 0x73, 0x65, 0x71, 
  0x5f, 0x67, 0x72, 0x75, 0x32, 0x2f, 0x75, 0x6e, 0x73, 0x74, 0x61, 0x63, 
  0x6b, 0x34, 0x00, 0x00, 0x02, 0x00, 0x00, 0x00, 0x01, 0x00, 0x00, 0x00, 
  0x08, 0x00, 0x00, 0x00, 0xee, 0x4d, 0xff, 0xff, 0x00, 0x00, 0x00, 0x01, 
  0x18, 0x00, 0x00, 0x00, 0x20, 0x00, 0x00, 0x00, 0x40, 0x00, 0x00, 0x00, 
  0xe1, 0x00, 0x00, 0x00, 0x00, 0x00, 0x00, 0x09, 0x10, 0x01, 0x00, 0x00, 
  0x02, 0x00, 0x00, 0x00, 0xff, 0xff, 0xff, 0xff, 0x04, 0x00, 0x00, 0x00, 
  0xd4, 0x4d, 0xff, 0xff, 0x08, 0x00, 0x00, 0x00, 0x14, 0x00, 0x00, 0x00, 
  0x01, 0x00, 0x00, 0x00, 0xeb, 0xff, 0xff, 0xff, 0xff, 0xff, 0xff, 0xff, 
  0x00, 0x00, 0x00, 0x00, 0x01, 0x00, 0x00, 0x00, 0x92, 0xf6, 0xf2, 0x3a, 
  0xd4, 0x00, 0x00, 0x00, 0x73, 0x61, 0x66, 0x65, 0x62, 0x61, 0x6e, 0x64, 
  0x5f, 0x76, 0x32, 0x5f, 0x64, 0x65, 0x70, 0x6c, 0x6f, 0x79, 0x6d, 0x65, 
  0x6e, 0x74, 0x2f, 0x6d, 0x6f, 0x74, 0x69, 0x6f, 0x6e, 0x5f, 0x65, 0x6e, 
  0x63, 0x6f, 0x64, 0x65, 0x72, 0x2f, 0x65, 0x6e, 0x63, 0x5f, 0x73, 0x65, 
  0x71, 0x5f, 0x67, 0x72, 0x75, 0x32, 0x2f, 0x67, 0x72, 0x75, 0x5f, 0x63, 
  0x65, 0x6c, 0x6c, 0x5f, 0x31, 0x2f, 0x73, 0x70, 0x6c, 0x69, 0x74, 0x5f, 
  0x31, 0x3b, 0x73, 0x61, 0x66, 0x65, 0x62, 0x61, 0x6e, 0x64, 0x5f, 0x76, 
  0x32, 0x5f, 0x64, 0x65, 0x70, 0x6c, 0x6f, 0x79, 0x6d, 0x65, 0x6e, 0x74, 
  0x2f, 0x6d, 0x6f, 0x74, 0x69, 0x6f, 0x6e, 0x5f, 0x65, 0x6e, 0x63, 0x6f, 
  0x64, 0x65, 0x72, 0x2f, 0x65, 0x6e, 0x63, 0x5f, 0x73, 0x65, 0x71, 0x5f, 
  0x67, 0x72, 0x75, 0x32, 0x2f, 0x67, 0x72, 0x75, 0x5f, 0x63, 0x65, 0x6c, 
  0x6c, 0x5f, 0x31, 0x2f, 0x73, 0x70, 0x6c, 0x69, 0x74, 0x5f, 0x31, 0x31, 
  0x3b, 0x73, 0x61, 0x66, 0x65, 0x62, 0x61, 0x6e, 0x64, 0x5f, 0x76, 0x32, 
  0x5f, 0x64, 0x65, 0x70, 0x6c, 0x6f, 0x79, 0x6d, 0x65, 0x6e, 0x74, 0x2f, 
  0x6d, 0x6f, 0x74, 0x69, 0x6f, 0x6e, 0x5f, 0x65, 0x6e, 0x63, 0x6f, 0x64, 
  0x65, 0x72, 0x2f, 0x65, 0x6e, 0x63, 0x5f, 0x73, 0x65, 0x71, 0x5f, 0x67, 
  0x72, 0x75, 0x32, 0x2f, 0x67, 0x72, 0x75, 0x5f, 0x63, 0x65, 0x6c, 0x6c, 
  0x5f, 0x31, 0x2f, 0x73, 0x70, 0x6c, 0x69, 0x74, 0x5f, 0x31, 0x32, 0x32, 
  0x00, 0x00, 0x00, 0x00, 0x02, 0x00, 0x00, 0x00, 0x01, 0x00, 0x00, 0x00, 
  0x04, 0x00, 0x00, 0x00, 0x26, 0x4f, 0xff, 0xff, 0x00, 0x00, 0x00, 0x01, 
  0x18, 0x00, 0x00, 0x00, 0x20, 0x00, 0x00, 0x00, 0x40, 0x00, 0x00, 0x00, 
  0xe0, 0x00, 0x00, 0x00, 0x00, 0x00, 0x00, 0x09, 0x10, 0x01, 0x00, 0x00, 
  0x02, 0x00, 0x00, 0x00, 0xff, 0xff, 0xff, 0xff, 0x04, 0x00, 0x00, 0x00, 
  0x0c, 0x4f, 0xff, 0xff, 0x08, 0x00, 0x00, 0x00, 0x14, 0x00, 0x00, 0x00, 
  0x01, 0x00, 0x00, 0x00, 0xeb, 0xff, 0xff, 0xff, 0xff, 0xff, 0xff, 0xff, 
  0x00, 0x00, 0x00, 0x00, 0x01, 0x00, 0x00, 0x00, 0x92, 0xf6, 0xf2, 0x3a, 
  0xd4, 0x00, 0x00, 0x00, 0x73, 0x61, 0x66, 0x65, 0x62, 0x61, 0x6e, 0x64, 
  0x5f, 0x76, 0x32, 0x5f, 0x64, 0x65, 0x70, 0x6c, 0x6f, 0x79, 0x6d, 0x65, 
  0x6e, 0x74, 0x2f, 0x6d, 0x6f, 0x74, 0x69, 0x6f, 0x6e, 0x5f, 0x65, 0x6e, 
  0x63, 0x6f, 0x64, 0x65, 0x72, 0x2f, 0x65, 0x6e, 0x63, 0x5f, 0x73, 0x65, 
  0x71, 0x5f, 0x67, 0x72, 0x75, 0x32, 0x2f, 0x67, 0x72, 0x75, 0x5f, 0x63, 
  0x65, 0x6c, 0x6c, 0x5f, 0x31, 0x2f, 0x73, 0x70, 0x6c, 0x69, 0x74, 0x5f, 
  0x31, 0x3b, 0x73, 0x61, 0x66, 0x65, 0x62, 0x61, 0x6e, 0x64, 0x5f, 0x76, 
  0x32, 0x5f, 0x64, 0x65, 0x70, 0x6c, 0x6f, 0x79, 0x6d, 0x65, 0x6e, 0x74, 
  0x2f, 0x6d, 0x6f, 0x74, 0x69, 0x6f, 0x6e, 0x5f, 0x65, 0x6e, 0x63, 0x6f, 
  0x64, 0x65, 0x72, 0x2f, 0x65, 0x6e, 0x63, 0x5f, 0x73, 0x65, 0x71, 0x5f, 
  0x67, 0x72, 0x75, 0x32, 0x2f, 0x67, 0x72, 0x75, 0x5f, 0x63, 0x65, 0x6c, 
  0x6c, 0x5f, 0x31, 0x2f, 0x73, 0x70, 0x6c, 0x69, 0x74, 0x5f, 0x31, 0x31, 
  0x3b, 0x73, 0x61, 0x66, 0x65, 0x62, 0x61, 0x6e, 0x64, 0x5f, 0x76, 0x32, 
  0x5f, 0x64, 0x65, 0x70, 0x6c, 0x6f, 0x79, 0x6d, 0x65, 0x6e, 0x74, 0x2f, 
  0x6d, 0x6f, 0x74, 0x69, 0x6f, 0x6e, 0x5f, 0x65, 0x6e, 0x63, 0x6f, 0x64, 
  0x65, 0x72, 0x2f, 0x65, 0x6e, 0x63, 0x5f, 0x73, 0x65, 0x71, 0x5f, 0x67, 
  0x72, 0x75, 0x32, 0x2f, 0x67, 0x72, 0x75, 0x5f, 0x63, 0x65, 0x6c, 0x6c, 
  0x5f, 0x31, 0x2f, 0x73, 0x70, 0x6c, 0x69, 0x74, 0x5f, 0x31, 0x32, 0x31, 
  0x00, 0x00, 0x00, 0x00, 0x02, 0x00, 0x00, 0x00, 0x01, 0x00, 0x00, 0x00, 
  0x04, 0x00, 0x00, 0x00, 0x5e, 0x50, 0xff, 0xff, 0x00, 0x00, 0x00, 0x01, 
  0x18, 0x00, 0x00, 0x00, 0x20, 0x00, 0x00, 0x00, 0x3c, 0x00, 0x00, 0x00, 
  0xdf, 0x00, 0x00, 0x00, 0x00, 0x00, 0x00, 0x09, 0x08, 0x01, 0x00, 0x00, 
  0x02, 0x00, 0x00, 0x00, 0xff, 0xff, 0xff, 0xff, 0x04, 0x00, 0x00, 0x00, 
  0x44, 0x50, 0xff, 0xff, 0x08, 0x00, 0x00, 0x00, 0x10, 0x00, 0x00, 0x00, 
  0x01, 0x00, 0x00, 0x00, 0xeb, 0xff, 0xff, 0xff, 0xff, 0xff, 0xff, 0xff, 
  0x01, 0x00, 0x00, 0x00, 0x92, 0xf6, 0xf2, 0x3a, 0xd3, 0x00, 0x00, 0x00, 
  0x73, 0x61, 0x66, 0x65, 0x62, 0x61, 0x6e, 0x64, 0x5f, 0x76, 0x32, 0x5f, 
  0x64, 0x65, 0x70, 0x6c, 0x6f, 0x79, 0x6d, 0x65, 0x6e, 0x74, 0x2f, 0x6d, 
  0x6f, 0x74, 0x69, 0x6f, 0x6e, 0x5f, 0x65, 0x6e, 0x63, 0x6f, 0x64, 0x65, 
  0x72, 0x2f, 0x65, 0x6e, 0x63, 0x5f, 0x73, 0x65, 0x71, 0x5f, 0x67, 0x72, 
  0x75, 0x32, 0x2f, 0x67, 0x72, 0x75, 0x5f, 0x63, 0x65, 0x6c, 0x6c, 0x5f, 
  0x31, 0x2f, 0x73, 0x70, 0x6c, 0x69, 0x74, 0x5f, 0x31, 0x3b, 0x73, 0x61, 
  0x66, 0x65, 0x62, 0x61, 0x6e, 0x64, 0x5f, 0x76, 0x32, 0x5f, 0x64, 0x65, 
  0x70, 0x6c, 0x6f, 0x79, 0x6d, 0x65, 0x6e, 0x74, 0x2f, 0x6d, 0x6f, 0x74, 
  0x69, 0x6f, 0x6e, 0x5f, 0x65, 0x6e, 0x63, 0x6f, 0x64, 0x65, 0x72, 0x2f, 
  0x65, 0x6e, 0x63, 0x5f, 0x73, 0x65, 0x71, 0x5f, 0x67, 0x72, 0x75, 0x32, 
  0x2f, 0x67, 0x72, 0x75, 0x5f, 0x63, 0x65, 0x6c, 0x6c, 0x5f, 0x31, 0x2f, 
  0x73, 0x70, 0x6c, 0x69, 0x74, 0x5f, 0x31, 0x31, 0x3b, 0x73, 0x61, 0x66, 
  0x65, 0x62, 0x61, 0x6e, 0x64, 0x5f, 0x76, 0x32, 0x5f, 0x64, 0x65, 0x70, 
  0x6c, 0x6f, 0x79, 0x6d, 0x65, 0x6e, 0x74, 0x2f, 0x6d, 0x6f, 0x74, 0x69, 
  0x6f, 0x6e, 0x5f, 0x65, 0x6e, 0x63, 0x6f, 0x64, 0x65, 0x72, 0x2f, 0x65, 
  0x6e, 0x63, 0x5f, 0x73, 0x65, 0x71, 0x5f, 0x67, 0x72, 0x75, 0x32, 0x2f, 
  0x67, 0x72, 0x75, 0x5f, 0x63, 0x65, 0x6c, 0x6c, 0x5f, 0x31, 0x2f, 0x73, 
  0x70, 0x6c, 0x69, 0x74, 0x5f, 0x31, 0x32, 0x00, 0x02, 0x00, 0x00, 0x00, 
  0x01, 0x00, 0x00, 0x00, 0x04, 0x00, 0x00, 0x00, 0x8e, 0x51, 0xff, 0xff, 
  0x00, 0x00, 0x00, 0x01, 0x18, 0x00, 0x00, 0x00, 0x20, 0x00, 0x00, 0x00, 
  0x40, 0x00, 0x00, 0x00, 0xde, 0x00, 0x00, 0x00, 0x00, 0x00, 0x00, 0x09, 
  0xc8, 0x00, 0x00, 0x00, 0x02, 0x00, 0x00, 0x00, 0xff, 0xff, 0xff, 0xff, 
  0x0c, 0x00, 0x00, 0x00, 0x74, 0x51, 0xff, 0xff, 0x08, 0x00, 0x00, 0x00, 
  0x14, 0x00, 0x00, 0x00, 0x01, 0x00, 0x00, 0x00, 0xeb, 0xff, 0xff, 0xff, 
  0xff, 0xff, 0xff, 0xff, 0x00, 0x00, 0x00, 0x00, 0x01, 0x00, 0x00, 0x00, 
  0x92, 0xf6, 0xf2, 0x3a, 0x8e, 0x00, 0x00, 0x00, 0x73, 0x61, 0x66, 0x65, 
  0x62, 0x61, 0x6e, 0x64, 0x5f, 0x76, 0x32, 0x5f, 0x64, 0x65, 0x70, 0x6c, 
  0x6f, 0x79, 0x6d, 0x65, 0x6e, 0x74, 0x2f, 0x6d, 0x6f, 0x74, 0x69, 0x6f, 
  0x6e, 0x5f, 0x65, 0x6e, 0x63, 0x6f, 0x64, 0x65, 0x72, 0x2f, 0x65, 0x6e, 
  0x63, 0x5f, 0x73, 0x65, 0x71, 0x5f, 0x67, 0x72, 0x75, 0x32, 0x2f, 0x67, 
  0x72, 0x75, 0x5f, 0x63, 0x65, 0x6c, 0x6c, 0x5f, 0x31, 0x2f, 0x4d, 0x61, 
  0x74, 0x4d, 0x75, 0x6c, 0x5f, 0x31, 0x3b, 0x73, 0x61, 0x66, 0x65, 0x62, 
  0x61, 0x6e, 0x64, 0x5f, 0x76, 0x32, 0x5f, 0x64, 0x65, 0x70, 0x6c, 0x6f, 
  0x79, 0x6d, 0x65, 0x6e, 0x74, 0x2f, 0x6d, 0x6f, 0x74, 0x69, 0x6f, 0x6e, 
  0x5f, 0x65, 0x6e, 0x63, 0x6f, 0x64, 0x65, 0x72, 0x2f, 0x65, 0x6e, 0x63, 
  0x5f, 0x73, 0x65, 0x71, 0x5f, 0x67, 0x72, 0x75, 0x32, 0x2f, 0x67, 0x72, 
  0x75, 0x5f, 0x63, 0x65, 0x6c, 0x6c, 0x5f, 0x31, 0x2f, 0x42, 0x69, 0x61, 
  0x73, 0x41, 0x64, 0x64, 0x5f, 0x31, 0x00, 0x00, 0x02, 0x00, 0x00, 0x00, 
  0x01, 0x00, 0x00, 0x00, 0x0c, 0x00, 0x00, 0x00, 0x7e, 0x52, 0xff, 0xff, 
  0x00, 0x00, 0x00, 0x01, 0x18, 0x00, 0x00, 0x00, 0x20, 0x00, 0x00, 0x00, 
  0x40, 0x00, 0x00, 0x00, 0xdd, 0x00, 0x00, 0x00, 0x00, 0x00, 0x00, 0x09, 
  0x74, 0x00, 0x00, 0x00, 0x02, 0x00, 0x00, 0x00, 0xff, 0xff, 0xff, 0xff, 
  0x04, 0x00, 0x00, 0x00, 0x64, 0x52, 0xff, 0xff, 0x08, 0x00, 0x00, 0x00, 
  0x14, 0x00, 0x00, 0x00, 0x01, 0x00, 0x00, 0x00, 0x00, 0x00, 0x00, 0x00, 
  0x00, 0x00, 0x00, 0x00, 0x00, 0x00, 0x00, 0x00, 0x01, 0x00, 0x00, 0x00, 
  0x7b, 0xbe, 0x06, 0x32, 0x38, 0x00, 0x00, 0x00, 0x73, 0x61, 0x66, 0x65, 
  0x62, 0x61, 0x6e, 0x64, 0x5f, 0x76, 0x32, 0x5f, 0x64, 0x65, 0x70, 0x6c, 
  0x6f, 0x79, 0x6d, 0x65, 0x6e, 0x74, 0x2f, 0x6d, 0x6f, 0x74, 0x69, 0x6f, 
  0x6e, 0x5f, 0x65, 0x6e, 0x63, 0x6f, 0x64, 0x65, 0x72, 0x2f, 0x65, 0x6e, 
  0x63, 0x5f, 0x73, 0x65, 0x71, 0x5f, 0x67, 0x72, 0x75, 0x32, 0x2f, 0x7a, 
  0x65, 0x72, 0x6f, 0x73, 0x00, 0x00, 0x00, 0x00, 0x02, 0x00, 0x00, 0x00, 
  0x01, 0x00, 0x00, 0x00, 0x04, 0x00, 0x00, 0x00, 0x0e, 0x54, 0xff, 0xff, 
  0x00, 0x00, 0x00, 0x01, 0x14, 0x00, 0x00, 0x00, 0x14, 0x00, 0x00, 0x00, 
  0xdc, 0x00, 0x00, 0x00, 0x00, 0x00, 0x00, 0x02, 0x4c, 0x00, 0x00, 0x00, 
  0xf8, 0x53, 0xff, 0xff, 0x3f, 0x00, 0x00, 0x00, 0x73, 0x61, 0x66, 0x65, 
  0x62, 0x61, 0x6e, 0x64, 0x5f, 0x76, 0x32, 0x5f, 0x64, 0x65, 0x70, 0x6c, 
  0x6f, 0x79, 0x6d, 0x65, 0x6e, 0x74, 0x2f, 0x6d, 0x6f, 0x74, 0x69, 0x6f, 
  0x6e, 0x5f, 0x65, 0x6e, 0x63, 0x6f, 0x64, 0x65, 0x72, 0x2f, 0x65, 0x6e, 
  0x63, 0x5f, 0x73, 0x65, 0x71, 0x5f, 0x67, 0x72, 0x75, 0x32, 0x2f, 0x7a, 
  0x65, 0x72, 0x6f, 0x73, 0x2f, 0x70, 0x61, 0x63, 0x6b, 0x65, 0x64, 0x00, 
  0x01, 0x00, 0x00, 0x00, 0x02, 0x00, 0x00, 0x00, 0x7a, 0x54, 0xff, 0xff, 
  0x00, 0x00, 0x00, 0x01, 0x14, 0x00, 0x00, 0x00, 0x14, 0x00, 0x00, 0x00, 
  0xdb, 0x00, 0x00, 0x00, 0x00, 0x00, 0x00, 0x02, 0x50, 0x00, 0x00, 0x00, 
  0x64, 0x54, 0xff, 0xff, 0x40, 0x00, 0x00, 0x00, 0x73, 0x61, 0x66, 0x65, 
  0x62, 0x61, 0x6e, 0x64, 0x5f, 0x76, 0x32, 0x5f, 0x64, 0x65, 0x70, 0x6c, 
  0x6f, 0x79, 0x6d, 0x65, 0x6e, 0x74, 0x2f, 0x6d, 0x6f, 0x74, 0x69, 0x6f, 
  0x6e, 0x5f, 0x65, 0x6e, 0x63, 0x6f, 0x64, 0x65, 0x72, 0x2f, 0x65, 0x6e, 
  0x63, 0x5f, 0x73, 0x65, 0x71, 0x5f, 0x67, 0x72, 0x75, 0x32, 0x2f, 0x73, 
  0x74, 0x72, 0x69, 0x64, 0x65, 0x64, 0x5f, 0x73, 0x6c, 0x69, 0x63, 0x65, 
  0x00, 0x00, 0x00, 0x00, 0x00, 0x00, 0x00, 0x00, 0xe6, 0x54, 0xff, 0xff, 
  0x00, 0x00, 0x00, 0x01, 0x14, 0x00, 0x00, 0x00, 0x14, 0x00, 0x00, 0x00, 
  0xda, 0x00, 0x00, 0x00, 0x00, 0x00, 0x00, 0x02, 0x48, 0x00, 0x00, 0x00, 
  0xd0, 0x54, 0xff, 0xff, 0x38, 0x00, 0x00, 0x00, 0x73, 0x61, 0x66, 0x65, 
  0x62, 0x61, 0x6e, 0x64, 0x5f, 0x76, 0x32, 0x5f, 0x64, 0x65, 0x70, 0x6c, 
  0x6f, 0x79, 0x6d, 0x65, 0x6e, 0x74, 0x2f, 0x6d, 0x6f, 0x74, 0x69, 0x6f, 
  0x6e, 0x5f, 0x65, 0x6e, 0x63, 0x6f, 0x64, 0x65, 0x72, 0x2f, 0x65, 0x6e, 
  0x63, 0x5f, 0x73, 0x65, 0x71, 0x5f, 0x67, 0x72, 0x75, 0x32, 0x2f, 0x53, 
  0x68, 0x61, 0x70, 0x65, 0x00, 0x00, 0x00, 0x00, 0x01, 0x00, 0x00, 0x00, 
  0x03, 0x00, 0x00, 0x00, 0x5a, 0x54, 0xff, 0xff, 0x00, 0x00, 0x00, 0x01, 
  0x18, 0x00, 0x00, 0x00, 0x24, 0x00, 0x00, 0x00, 0x44, 0x00, 0x00, 0x00, 
  0xd9, 0x00, 0x00, 0x00, 0x00, 0x00, 0x00, 0x09, 0x7c, 0x00, 0x00, 0x00, 
  0x03, 0x00, 0x00, 0x00, 0xff, 0xff, 0xff, 0xff, 0x05, 0x00, 0x00, 0x00, 
  0x08, 0x00, 0x00, 0x00, 0x44, 0x54, 0xff, 0xff, 0x08, 0x00, 0x00, 0x00, 
  0x14, 0x00, 0x00, 0x00, 0x01, 0x00, 0x00, 0x00, 0xdd, 0xff, 0xff, 0xff, 
  0xff, 0xff, 0xff, 0xff, 0x00, 0x00, 0x00, 0x00, 0x01, 0x00, 0x00, 0x00, 
  0xce, 0x57, 0x94, 0x3a, 0x3e, 0x00, 0x00, 0x00, 0x73, 0x61, 0x66, 0x65, 
  0x62, 0x61, 0x6e, 0x64, 0x5f, 0x76, 0x32, 0x5f, 0x64, 0x65, 0x70, 0x6c, 
  0x6f, 0x79, 0x6d, 0x65, 0x6e, 0x74, 0x2f, 0x6d, 0x6f, 0x74, 0x69, 0x6f, 
  0x6e, 0x5f, 0x65, 0x6e, 0x63, 0x6f, 0x64, 0x65, 0x72, 0x2f, 0x65, 0x6e, 
  0x63, 0x5f, 0x73, 0x65, 0x71, 0x5f, 0x67, 0x72, 0x75, 0x31, 0x2f, 0x74, 
  0x72, 0x61, 0x6e, 0x73, 0x70, 0x6f, 0x73, 0x65, 0x5f, 0x31, 0x00, 0x00, 
  0x03, 0x00, 0x00, 0x00, 0x01, 0x00, 0x00, 0x00, 0x05, 0x00, 0x00, 0x00, 
  0x08, 0x00, 0x00, 0x00, 0x02, 0x55, 0xff, 0xff, 0x00, 0x00, 0x00, 0x01, 
  0x18, 0x00, 0x00, 0x00, 0x24, 0x00, 0x00, 0x00, 0x44, 0x00, 0x00, 0x00, 
  0xd8, 0x00, 0x00, 0x00, 0x00, 0x00, 0x00, 0x09, 0x78, 0x00, 0x00, 0x00, 
  0x03, 0x00, 0x00, 0x00, 0x05, 0x00, 0x00, 0x00, 0xff, 0xff, 0xff, 0xff, 
  0x08, 0x00, 0x00, 0x00, 0xec, 0x54, 0xff, 0xff, 0x08, 0x00, 0x00, 0x00, 
  0x14, 0x00, 0x00, 0x00, 0x01, 0x00, 0x00, 0x00, 0xdd, 0xff, 0xff, 0xff, 
  0xff, 0xff, 0xff, 0xff, 0x00, 0x00, 0x00, 0x00, 0x01, 0x00, 0x00, 0x00, 
  0xce, 0x57, 0x94, 0x3a, 0x38, 0x00, 0x00, 0x00, 0x73, 0x61, 0x66, 0x65, 
  0x62, 0x61, 0x6e, 0x64, 0x5f, 0x76, 0x32, 0x5f, 0x64, 0x65, 0x70, 0x6c, 
  0x6f, 0x79, 0x6d, 0x65, 0x6e, 0x74, 0x2f, 0x6d, 0x6f, 0x74, 0x69, 0x6f, 
  0x6e, 0x5f, 0x65, 0x6e, 0x63, 0x6f, 0x64, 0x65, 0x72, 0x2f, 0x65, 0x6e, 
  0x63, 0x5f, 0x73, 0x65, 0x71, 0x5f, 0x67, 0x72, 0x75, 0x31, 0x2f, 0x73, 
  0x74, 0x61, 0x63, 0x6b, 0x00, 0x00, 0x00, 0x00, 0x03, 0x00, 0x00, 0x00, 
  0x05, 0x00, 0x00, 0x00, 0x01, 0x00, 0x00, 0x00, 0x08, 0x00, 0x00, 0x00, 
  0xa6, 0x55, 0xff, 0xff, 0x00, 0x00, 0x00, 0x01, 0x18, 0x00, 0x00, 0x00, 
  0x20, 0x00, 0x00, 0x00, 0x3c, 0x00, 0x00, 0x00, 0xd7, 0x00, 0x00, 0x00, 
  0x00, 0x00, 0x00, 0x09, 0x78, 0x00, 0x00, 0x00, 0x02, 0x00, 0x00, 0x00, 
  0xff, 0xff, 0xff, 0xff, 0x08, 0x00, 0x00, 0x00, 0x8c, 0x55, 0xff, 0xff, 
  0x08, 0x00, 0x00, 0x00, 0x10, 0x00, 0x00, 0x00, 0x01, 0x00, 0x00, 0x00, 
  0xdd, 0xff, 0xff, 0xff, 0xff, 0xff, 0xff, 0xff, 0x01, 0x00, 0x00, 0x00, 
  0xce, 0x57, 0x94, 0x3a, 0x42, 0x00, 0x00, 0x00, 0x73, 0x61, 0x66, 0x65, 
  0x62, 0x61, 0x6e, 0x64, 0x5f, 0x76, 0x32, 0x5f, 0x64, 0x65, 0x70, 0x6c, 
  0x6f, 0x79, 0x6d, 0x65, 0x6e, 0x74, 0x2f, 0x6d, 0x6f, 0x74, 0x69, 0x6f, 
  0x6e, 0x5f, 0x65, 0x6e, 0x63, 0x6f, 0x64, 0x65, 0x72, 0x2f, 0x65, 0x6e, 
  0x63, 0x5f, 0x73, 0x65, 0x71, 0x5f, 0x67, 0x72, 0x75, 0x31, 0x2f, 0x67, 
  0x72, 0x75, 0x5f, 0x63, 0x65, 0x6c, 0x6c, 0x2f, 0x61, 0x64, 0x64, 0x5f, 
  0x31, 0x39, 0x00, 0x00, 0x02, 0x00, 0x00, 0x00, 0x01, 0x00, 0x00, 0x00, 
  0x08, 0x00, 0x00, 0x00, 0x46, 0x56, 0xff, 0xff, 0x00, 0x00, 0x00, 0x01, 
  0x18, 0x00, 0x00, 0x00, 0x20, 0x00, 0x00, 0x00, 0x3c, 0x00, 0x00, 0x00, 
  0xd6, 0x00, 0x00, 0x00, 0x00, 0x00, 0x00, 0x09, 0x78, 0x00, 0x00, 0x00, 
  0x02, 0x00, 0x00, 0x00, 0xff, 0xff, 0xff, 0xff, 0x08, 0x00, 0x00, 0x00, 
  0x2c, 0x56, 0xff, 0xff, 0x08, 0x00, 0x00, 0x00, 0x10, 0x00, 0x00, 0x00, 
  0x01, 0x00, 0x00, 0x00, 0xf7, 0xff, 0xff, 0xff, 0xff, 0xff, 0xff, 0xff, 
  0x01, 0x00, 0x00, 0x00, 0xaf, 0x6b, 0x11, 0x3a, 0x42, 0x00, 0x00, 0x00, 
  0x73, 0x61, 0x66, 0x65, 0x62, 0x61, 0x6e, 0x64, 0x5f, 0x76, 0x32, 0x5f, 
  0x64, 0x65, 0x70, 0x6c, 0x6f, 0x79, 0x6d, 0x65, 0x6e, 0x74, 0x2f, 0x6d, 
  0x6f, 0x74, 0x69, 0x6f, 0x6e, 0x5f, 0x65, 0x6e, 0x63, 0x6f, 0x64, 0x65, 
  0x72, 0x2f, 0x65, 0x6e, 0x63, 0x5f, 0x73, 0x65, 0x71, 0x5f, 0x67, 0x72, 
  0x75, 0x31, 0x2f, 0x67, 0x72, 0x75, 0x5f, 0x63, 0x65, 0x6c, 0x6c, 0x2f, 
  0x6d, 0x75, 0x6c, 0x5f, 0x31, 0x34, 0x00, 0x00, 0x02, 0x00, 0x00, 0x00, 
  0x01, 0x00, 0x00, 0x00, 0x08, 0x00, 0x00, 0x00, 0xe6, 0x56, 0xff, 0xff, 
  0x00, 0x00, 0x00, 0x01, 0x18, 0x00, 0x00, 0x00, 0x20, 0x00, 0x00, 0x00, 
  0x3c, 0x00, 0x00, 0x00, 0xd5, 0x00, 0x00, 0x00, 0x00, 0x00, 0x00, 0x09, 
  0x78, 0x00, 0x00, 0x00, 0x02, 0x00, 0x00, 0x00, 0xff, 0xff, 0xff, 0xff, 
  0x08, 0x00, 0x00, 0x00, 0xcc, 0x56, 0xff, 0xff, 0x08, 0x00, 0x00, 0x00, 
  0x10, 0x00, 0x00, 0x00, 0x01, 0x00, 0x00, 0x00, 0x00, 0x00, 0x00, 0x00, 
  0x00, 0x00, 0x00, 0x00, 0x01, 0x00, 0x00, 0x00, 0x00, 0x00, 0x00, 0x3c, 
  0x42, 0x00, 0x00, 0x00, 0x73, 0x61, 0x66, 0x65, 0x62, 0x61, 0x6e, 0x64, 
  0x5f, 0x76, 0x32, 0x5f, 0x64, 0x65, 0x70, 0x6c, 0x6f, 0x79, 0x6d, 0x65, 
  0x6e, 0x74, 0x2f, 0x6d, 0x6f, 0x74, 0x69, 0x6f, 0x6e, 0x5f, 0x65, 0x6e, 
  0x63, 0x6f, 0x64, 0x65, 0x72, 0x2f, 0x65, 0x6e, 0x63, 0x5f, 0x73, 0x65, 
  0x71, 0x5f, 0x67, 0x72, 0x75, 0x31, 0x2f, 0x67, 0x72, 0x75, 0x5f, 0x63, 
  0x65, 0x6c, 0x6c, 0x2f, 0x54, 0x61, 0x6e, 0x68, 0x5f, 0x34, 0x00, 0x00, 
  0x02, 0x00, 0x00, 0x00, 0x01, 0x00, 0x00, 0x00, 0x08, 0x00, 0x00, 0x00, 
  0x86, 0x57, 0xff, 0xff, 0x00, 0x00, 0x00, 0x01, 0x18, 0x00, 0x00, 0x00, 
  0x20, 0x00, 0x00, 0x00, 0x3c, 0x00, 0x00, 0x00, 0xd4, 0x00, 0x00, 0x00, 
  0x00, 0x00, 0x00, 0x09, 0x78, 0x00, 0x00, 0x00, 0x02, 0x00, 0x00, 0x00, 
  0xff, 0xff, 0xff, 0xff, 0x08, 0x00, 0x00, 0x00, 0x6c, 0x57, 0xff, 0xff, 
  0x08, 0x00, 0x00, 0x00, 0x10, 0x00, 0x00, 0x00, 0x01, 0x00, 0x00, 0x00, 
  0xeb, 0xff, 0xff, 0xff, 0xff, 0xff, 0xff, 0xff, 0x01, 0x00, 0x00, 0x00, 
  0xd7, 0xf7, 0x98, 0x3a, 0x42, 0x00, 0x00, 0x00, 0x73, 0x61, 0x66, 0x65, 
  0x62, 0x61, 0x6e, 0x64, 0x5f, 0x76, 0x32, 0x5f, 0x64, 0x65, 0x70, 0x6c, 
  0x6f, 0x79, 0x6d, 0x65, 0x6e, 0x74, 0x2f, 0x6d, 0x6f, 0x74, 0x69, 0x6f, 
  0x6e, 0x5f, 0x65, 0x6e, 0x63, 0x6f, 0x64, 0x65, 0x72, 0x2f, 0x65, 0x6e, 
  0x63, 0x5f, 0x73, 0x65, 0x71, 0x5f, 0x67, 0x72, 0x75, 0x31, 0x2f, 0x67, 
  0x72, 0x75, 0x5f, 0x63, 0x65, 0x6c, 0x6c, 0x2f, 0x61, 0x64, 0x64, 0x5f, 
  0x31, 0x38, 0x00, 0x00, 0x02, 0x00, 0x00, 0x00, 0x01, 0x00, 0x00, 0x00, 
  0x08, 0x00, 0x00, 0x00, 0x26, 0x58, 0xff, 0xff, 0x00, 0x00, 0x00, 0x01, 
  0x18, 0x00, 0x00, 0x00, 0x20, 0x00, 0x00, 0x00, 0x3c, 0x00, 0x00, 0x00, 
  0xd3, 0x00, 0x00, 0x00, 0x00, 0x00, 0x00, 0x09, 0x78, 0x00, 0x00, 0x00, 
  0x02, 0x00, 0x00, 0x00, 0xff, 0xff, 0xff, 0xff, 0x08, 0x00, 0x00, 0x00, 
  0x0c, 0x58, 0xff, 0xff, 0x08, 0x00, 0x00, 0x00, 0x10, 0x00, 0x00, 0x00, 
  0x01, 0x00, 0x00, 0x00, 0x01, 0x00, 0x00, 0x00, 0x00, 0x00, 0x00, 0x00, 
  0x01, 0x00, 0x00, 0x00, 0x84, 0x71, 0xf6, 0x39, 0x42, 0x00, 0x00, 0x00, 
  0x73, 0x61, 0x66, 0x65, 0x62, 0x61, 0x6e, 0x64, 0x5f, 0x76, 0x32, 0x5f, 
  0x64, 0x65, 0x70, 0x6c, 0x6f, 0x79, 0x6d, 0x65, 0x6e, 0x74, 0x2f, 0x6d, 
  0x6f, 0x74, 0x69, 0x6f, 0x6e, 0x5f, 0x65, 0x6e, 0x63, 0x6f, 0x64, 0x65, 
  0x72, 0x2f, 0x65, 0x6e, 0x63, 0x5f, 0x73, 0x65, 0x71, 0x5f, 0x67, 0x72, 
  0x75, 0x31, 0x2f, 0x67, 0x72, 0x75, 0x5f, 0x63, 0x65, 0x6c, 0x6c, 0x2f, 
  0x6d, 0x75, 0x6c, 0x5f, 0x31, 0x32, 0x00, 0x00, 0x02, 0x00, 0x00, 0x00, 
  0x01, 0x00, 0x00, 0x00, 0x08, 0x00, 0x00, 0x00, 0xc6, 0x58, 0xff, 0xff, 
  0x00, 0x00, 0x00, 0x01, 0x18, 0x00, 0x00, 0x00, 0x20, 0x00, 0x00, 0x00, 
  0x40, 0x00, 0x00, 0x00, 0xd2, 0x00, 0x00, 0x00, 0x00, 0x00, 0x00, 0x09, 
  0x80, 0x00, 0x00, 0x00, 0x02, 0x00, 0x00, 0x00, 0xff, 0xff, 0xff, 0xff, 
  0x08, 0x00, 0x00, 0x00, 0xac, 0x58, 0xff, 0xff, 0x08, 0x00, 0x00, 0x00, 
  0x14, 0x00, 0x00, 0x00, 0x01, 0x00, 0x00, 0x00, 0x80, 0xff, 0xff, 0xff, 
  0xff, 0xff, 0xff, 0xff, 0x00, 0x00, 0x00, 0x00, 0x01, 0x00, 0x00, 0x00, 
  0x00, 0x00, 0x80, 0x3b, 0x45, 0x00, 0x00, 0x00, 0x73, 0x61, 0x66, 0x65, 
  0x62, 0x61, 0x6e, 0x64, 0x5f, 0x76, 0x32, 0x5f, 0x64, 0x65, 0x70, 0x6c, 
  0x6f, 0x79, 0x6d, 0x65, 0x6e, 0x74, 0x2f, 0x6d, 0x6f, 0x74, 0x69, 0x6f, 
  0x6e, 0x5f, 0x65, 0x6e, 0x63, 0x6f, 0x64, 0x65, 0x72, 0x2f, 0x65, 0x6e, 
  0x63, 0x5f, 0x73, 0x65, 0x71, 0x5f, 0x67, 0x72, 0x75, 0x31, 0x2f, 0x67, 
  0x72, 0x75, 0x5f, 0x63, 0x65, 0x6c, 0x6c, 0x2f, 0x53, 0x69, 0x67, 0x6d, 
  0x6f, 0x69, 0x64, 0x5f, 0x39, 0x00, 0x00, 0x00, 0x02, 0x00, 0x00, 0x00, 
  0x01, 0x00, 0x00, 0x00, 0x08, 0x00, 0x00, 0x00, 0x6e, 0x59, 0xff, 0xff, 
  0x00, 0x00, 0x00, 0x01, 0x18, 0x00, 0x00, 0x00, 0x20, 0x00, 0x00, 0x00, 
  0x3c, 0x00, 0x00, 0x00, 0xd1, 0x00, 0x00, 0x00, 0x00, 0x00, 0x00, 0x09, 
  0x78, 0x00, 0x00, 0x00, 0x02, 0x00, 0x00, 0x00, 0xff, 0xff, 0xff, 0xff, 
  0x08, 0x00, 0x00, 0x00, 0x54, 0x59, 0xff, 0xff, 0x08, 0x00, 0x00, 0x00, 
  0x10, 0x00, 0x00, 0x00, 0x01, 0x00, 0x00, 0x00, 0xd3, 0xff, 0xff, 0xff, 
  0xff, 0xff, 0xff, 0xff, 0x01, 0x00, 0x00, 0x00, 0xac, 0x92, 0xb0, 0x3b, 
  0x42, 0x00, 0x00, 0x00, 0x73, 0x61, 0x66, 0x65, 0x62, 0x61, 0x6e, 0x64, 
  0x5f, 0x76, 0x32, 0x5f, 0x64, 0x65, 0x70, 0x6c, 0x6f, 0x79, 0x6d, 0x65, 
  0x6e, 0x74, 0x2f, 0x6d, 0x6f, 0x74, 0x69, 0x6f, 0x6e, 0x5f, 0x65, 0x6e, 
  0x63, 0x6f, 0x64, 0x65, 0x72, 0x2f, 0x65, 0x6e, 0x63, 0x5f, 0x73, 0x65, 
  0x71, 0x5f, 0x67, 0x72, 0x75, 0x31, 0x2f, 0x67, 0x72, 0x75, 0x5f, 0x63, 
  0x65, 0x6c, 0x6c, 0x2f, 0x61, 0x64, 0x64, 0x5f, 0x31, 0x37, 0x00, 0x00, 
  0x02, 0x00, 0x00, 0x00, 0x01, 0x00, 0x00, 0x00, 0x08, 0x00, 0x00, 0x00, 
  0x0e, 0x5a, 0xff, 0xff, 0x00, 0x00, 0x00, 0x01, 0x18, 0x00, 0x00, 0x00, 
  0x20, 0x00, 0x00, 0x00, 0x3c, 0x00, 0x00, 0x00, 0xd0, 0x00, 0x00, 0x00, 
  0x00, 0x00, 0x00, 0x09, 0x78, 0x00, 0x00, 0x00, 0x02, 0x00, 0x00, 0x00, 
  0xff, 0xff, 0xff, 0xff, 0x08, 0x00, 0x00, 0x00, 0xf4, 0x59, 0xff, 0xff, 
  0x08, 0x00, 0x00, 0x00, 0x10, 0x00, 0x00, 0x00, 0x01, 0x00, 0x00, 0x00, 
  0x80, 0xff, 0xff, 0xff, 0xff, 0xff, 0xff, 0xff, 0x01, 0x00, 0x00, 0x00, 
  0x00, 0x77, 0x3b, 0x3b, 0x41, 0x00, 0x00, 0x00, 0x73, 0x61, 0x66, 0x65, 
  0x62, 0x61, 0x6e, 0x64, 0x5f, 0x76, 0x32, 0x5f, 0x64, 0x65, 0x70, 0x6c, 
  0x6f, 0x79, 0x6d, 0x65, 0x6e, 0x74, 0x2f, 0x6d, 0x6f, 0x74, 0x69, 0x6f, 
  0x6e, 0x5f, 0x65, 0x6e, 0x63, 0x6f, 0x64, 0x65, 0x72, 0x2f, 0x65, 0x6e, 
  0x63, 0x5f, 0x73, 0x65, 0x71, 0x5f, 0x67, 0x72, 0x75, 0x31, 0x2f, 0x67, 
  0x72, 0x75, 0x5f, 0x63, 0x65, 0x6c, 0x6c, 0x2f, 0x73, 0x75, 0x62, 0x5f, 
  0x34, 0x00, 0x00, 0x00, 0x02, 0x00, 0x00, 0x00, 0x01, 0x00, 0x00, 0x00, 
  0x08, 0x00, 0x00, 0x00, 0xae, 0x5a, 0xff, 0xff, 0x00, 0x00, 0x00, 0x01, 
  0x18, 0x00, 0x00, 0x00, 0x20, 0x00, 0x00, 0x00, 0x3c, 0x00, 0x00, 0x00, 
  0xcf, 0x00, 0x00, 0x00, 0x00, 0x00, 0x00, 0x09, 0x78, 0x00, 0x00, 0x00, 
  0x02, 0x00, 0x00, 0x00, 0xff, 0xff, 0xff, 0xff, 0x08, 0x00, 0x00, 0x00, 
  0x94, 0x5a, 0xff, 0xff, 0x08, 0x00, 0x00, 0x00, 0x10, 0x00, 0x00, 0x00, 
  0x01, 0x00, 0x00, 0x00, 0xd2, 0xff, 0xff, 0xff, 0xff, 0xff, 0xff, 0xff, 
  0x01, 0x00, 0x00, 0x00, 0x12, 0xc5, 0x34, 0x3a, 0x42, 0x00, 0x00, 0x00, 
  0x73, 0x61, 0x66, 0x65, 0x62, 0x61, 0x6e, 0x64, 0x5f, 0x76, 0x32, 0x5f, 
  0x64, 0x65, 0x70, 0x6c, 0x6f, 0x79, 0x6d, 0x65, 0x6e, 0x74, 0x2f, 0x6d, 
  0x6f, 0x74, 0x69, 0x6f, 0x6e, 0x5f, 0x65, 0x6e, 0x63, 0x6f, 0x64, 0x65, 
  0x72, 0x2f, 0x65, 0x6e, 0x63, 0x5f, 0x73, 0x65, 0x71, 0x5f, 0x67, 0x72, 
  0x75, 0x31, 0x2f, 0x67, 0x72, 0x75, 0x5f, 0x63, 0x65, 0x6c, 0x6c, 0x2f, 
  0x6d, 0x75, 0x6c, 0x5f, 0x31, 0x33, 0x00, 0x00, 0x02, 0x00, 0x00, 0x00, 
  0x01, 0x00, 0x00, 0x00, 0x08, 0x00, 0x00, 0x00, 0x4e, 0x5b, 0xff, 0xff, 
  0x00, 0x00, 0x00, 0x01, 0x18, 0x00, 0x00, 0x00, 0x20, 0x00, 0x00, 0x00, 
  0x40, 0x00, 0x00, 0x00, 0xce, 0x00, 0x00, 0x00, 0x00, 0x00, 0x00, 0x09, 
  0x80, 0x00, 0x00, 0x00, 0x02, 0x00, 0x00, 0x00, 0xff, 0xff, 0xff, 0xff, 
  0x08, 0x00, 0x00, 0x00, 0x34, 0x5b, 0xff, 0xff, 0x08, 0x00, 0x00, 0x00, 
  0x14, 0x00, 0x00, 0x00, 0x01, 0x00, 0x00, 0x00, 0x80, 0xff, 0xff, 0xff, 
  0xff, 0xff, 0xff, 0xff, 0x00, 0x00, 0x00, 0x00, 0x01, 0x00, 0x00, 0x00, 
  0x00, 0x00, 0x80, 0x3b, 0x45, 0x00, 0x00, 0x00, 0x73, 0x61, 0x66, 0x65, 
  0x62, 0x61, 0x6e, 0x64, 0x5f, 0x76, 0x32, 0x5f, 0x64, 0x65, 0x70, 0x6c, 
  0x6f, 0x79, 0x6d, 0x65, 0x6e, 0x74, 0x2f, 0x6d, 0x6f, 0x74, 0x69, 0x6f, 
  0x6e, 0x5f, 0x65, 0x6e, 0x63, 0x6f, 0x64, 0x65, 0x72, 0x2f, 0x65, 0x6e, 
  0x63, 0x5f, 0x73, 0x65, 0x71, 0x5f, 0x67, 0x72, 0x75, 0x31, 0x2f, 0x67, 
  0x72, 0x75, 0x5f, 0x63, 0x65, 0x6c, 0x6c, 0x2f, 0x53, 0x69, 0x67, 0x6d, 
  0x6f, 0x69, 0x64, 0x5f, 0x38, 0x00, 0x00, 0x00, 0x02, 0x00, 0x00, 0x00, 
  0x01, 0x00, 0x00, 0x00, 0x08, 0x00, 0x00, 0x00, 0xf6, 0x5b, 0xff, 0xff, 
  0x00, 0x00, 0x00, 0x01, 0x18, 0x00, 0x00, 0x00, 0x20, 0x00, 0x00, 0x00, 
  0x3c, 0x00, 0x00, 0x00, 0xcd, 0x00, 0x00, 0x00, 0x00, 0x00, 0x00, 0x09, 
  0x78, 0x00, 0x00, 0x00, 0x02, 0x00, 0x00, 0x00, 0xff, 0xff, 0xff, 0xff, 
  0x08, 0x00, 0x00, 0x00, 0xdc, 0x5b, 0xff, 0xff, 0x08, 0x00, 0x00, 0x00, 
  0x10, 0x00, 0x00, 0x00, 0x01, 0x00, 0x00, 0x00, 0xef, 0xff, 0xff, 0xff, 
  0xff, 0xff, 0xff, 0xff, 0x01, 0x00, 0x00, 0x00, 0x52, 0x08, 0x13, 0x3c, 
  0x42, 0x00, 0x00, 0x00, 0x73, 0x61, 0x66, 0x65, 0x62, 0x61, 0x6e, 0x64, 
  0x5f, 0x76, 0x32, 0x5f, 0x64, 0x65, 0x70, 0x6c, 0x6f, 0x79, 0x6d, 0x65, 
  0x6e, 0x74, 0x2f, 0x6d, 0x6f, 0x74, 0x69, 0x6f, 0x6e, 0x5f, 0x65, 0x6e, 
  0x63, 0x6f, 0x64, 0x65, 0x72, 0x2f, 0x65, 0x6e, 0x63, 0x5f, 0x73, 0x65, 
  0x71, 0x5f, 0x67, 0x72, 0x75, 0x31, 0x2f, 0x67, 0x72, 0x75, 0x5f, 0x63, 
  0x65, 0x6c, 0x6c, 0x2f, 0x61, 0x64, 0x64, 0x5f, 0x31, 0x36, 0x00, 0x00, 
  0x02, 0x00, 0x00, 0x00, 0x01, 0x00, 0x00, 0x00, 0x08, 0x00, 0x00, 0x00, 
  0x96, 0x5c, 0xff, 0xff, 0x00, 0x00, 0x00, 0x01, 0x18, 0x00, 0x00, 0x00, 
  0x20, 0x00, 0x00, 0x00, 0x40, 0x00, 0x00, 0x00, 0xcc, 0x00, 0x00, 0x00, 
  0x00, 0x00, 0x00, 0x09, 0x08, 0x01, 0x00, 0x00, 0x02, 0x00, 0x00, 0x00, 
  0xff, 0xff, 0xff, 0xff, 0x08, 0x00, 0x00, 0x00, 0x7c, 0x5c, 0xff, 0xff, 
  0x08, 0x00, 0x00, 0x00, 0x14, 0x00, 0x00, 0x00, 0x01, 0x00, 0x00, 0x00, 
  0xe2, 0xff, 0xff, 0xff, 0xff, 0xff, 0xff, 0xff, 0x00, 0x00, 0x00, 0x00, 
  0x01, 0x00, 0x00, 0x00, 0x1d, 0xe7, 0x9b, 0x3b, 0xce, 0x00, 0x00, 0x00, 
  0x73, 0x61, 0x66, 0x65, 0x62, 0x61, 0x6e, 0x64, 0x5f, 0x76, 0x32, 0x5f, 
  0x64, 0x65, 0x70, 0x6c, 0x6f, 0x79, 0x6d, 0x65, 0x6e, 0x74, 0x2f, 0x6d, 
  0x6f, 0x74, 0x69, 0x6f, 0x6e, 0x5f, 0x65, 0x6e, 0x63, 0x6f, 0x64, 0x65, 
  0x72, 0x2f, 0x65, 0x6e, 0x63, 0x5f, 0x73, 0x65, 0x71, 0x5f, 0x67, 0x72, 
  0x75, 0x31, 0x2f, 0x67, 0x72, 0x75, 0x5f, 0x63, 0x65, 0x6c, 0x6c, 0x2f, 
  0x73, 0x70, 0x6c, 0x69, 0x74, 0x5f, 0x38, 0x3b, 0x73, 0x61, 0x66, 0x65, 
  0x62, 0x61, 0x6e, 0x64, 0x5f, 0x76, 0x32, 0x5f, 0x64, 0x65, 0x70, 0x6c, 
  0x6f, 0x79, 0x6d, 0x65, 0x6e, 0x74, 0x2f, 0x6d, 0x6f, 0x74, 0x69, 0x6f, 
  0x6e, 0x5f, 0x65, 0x6e, 0x63, 0x6f, 0x64, 0x65, 0x72, 0x2f, 0x65, 0x6e, 
  0x63, 0x5f, 0x73, 0x65, 0x71, 0x5f, 0x67, 0x72, 0x75, 0x31, 0x2f, 0x67, 
  0x72, 0x75, 0x5f, 0x63, 0x65, 0x6c, 0x6c, 0x2f, 0x73, 0x70, 0x6c, 0x69, 
  0x74, 0x5f, 0x38, 0x31, 0x3b, 0x73, 0x61, 0x66, 0x65, 0x62, 0x61, 0x6e, 
  0x64, 0x5f, 0x76, 0x32, 0x5f, 0x64, 0x65, 0x70, 0x6c, 0x6f, 0x79, 0x6d, 
  0x65, 0x6e, 0x74, 0x2f, 0x6d, 0x6f, 0x74, 0x69, 0x6f, 0x6e, 0x5f, 0x65, 
  0x6e, 0x63, 0x6f, 0x64, 0x65, 0x72, 0x2f, 0x65, 0x6e, 0x63, 0x5f, 0x73, 
  0x65, 0x71, 0x5f, 0x67, 0x72, 0x75, 0x31, 0x2f, 0x67, 0x72, 0x75, 0x5f, 
  0x63, 0x65, 0x6c, 0x6c, 0x2f, 0x73, 0x70, 0x6c, 0x69, 0x74, 0x5f, 0x38, 
  0x32, 0x32, 0x00, 0x00, 0x02, 0x00, 0x00, 0x00, 0x01, 0x00, 0x00, 0x00, 
  0x08, 0x00, 0x00, 0x00, 0xc6, 0x5d, 0xff, 0xff, 0x00, 0x00, 0x00, 0x01, 
  0x18, 0x00, 0x00, 0x00, 0x20, 0x00, 0x00, 0x00, 0x40, 0x00, 0x00, 0x00, 
  0xcb, 0x00, 0x00, 0x00, 0x00, 0x00, 0x00, 0x09, 0x08, 0x01, 0x00, 0x00, 
  0x02, 0x00, 0x00, 0x00, 0xff, 0xff, 0xff, 0xff, 0x08, 0x00, 0x00, 0x00, 
  0xac, 0x5d, 0xff, 0xff, 0x08, 0x00, 0x00, 0x00, 0x14, 0x00, 0x00, 0x00, 
  0x01, 0x00, 0x00, 0x00, 0xe2, 0xff, 0xff, 0xff, 0xff, 0xff, 0xff, 0xff, 
  0x00, 0x00, 0x00, 0x00, 0x01, 0x00, 0x00, 0x00, 0x1d, 0xe7, 0x9b, 0x3b, 
  0xce, 0x00, 0x00, 0x00, 0x73, 0x61, 0x66, 0x65, 0x62, 0x61, 0x6e, 0x64, 
  0x5f, 0x76, 0x32, 0x5f, 0x64, 0x65, 0x70, 0x6c, 0x6f, 0x79, 0x6d, 0x65, 
  0x6e, 0x74, 0x2f, 0x6d, 0x6f, 0x74, 0x69, 0x6f, 0x6e, 0x5f, 0x65, 0x6e, 
  0x63, 0x6f, 0x64, 0x65, 0x72, 0x2f, 0x65, 0x6e, 0x63, 0x5f, 0x73, 0x65, 
  0x71, 0x5f, 0x67, 0x72, 0x75, 0x31, 0x2f, 0x67, 0x72, 0x75, 0x5f, 0x63, 
  0x65, 0x6c, 0x6c, 0x2f, 0x73, 0x70, 0x6c, 0x69, 0x74, 0x5f, 0x38, 0x3b, 
  0x73, 0x61, 0x66, 0x65, 0x62, 0x61, 0x6e, 0x64, 0x5f, 0x76, 0x32, 0x5f, 
  0x64, 0x65, 0x70, 0x6c, 0x6f, 0x79, 0x6d, 0x65, 0x6e, 0x74, 0x2f, 0x6d, 
  0x6f, 0x74, 0x69, 0x6f, 0x6e, 0x5f, 0x65, 0x6e, 0x63, 0x6f, 0x64, 0x65, 
  0x72, 0x2f, 0x65, 0x6e, 0x63, 0x5f, 0x73, 0x65, 0x71, 0x5f, 0x67, 0x72, 
  0x75, 0x31, 0x2f, 0x67, 0x72, 0x75, 0x5f, 0x63, 0x65, 0x6c, 0x6c, 0x2f, 
  0x73, 0x70, 0x6c, 0x69, 0x74, 0x5f, 0x38, 0x31, 0x3b, 0x73, 0x61, 0x66, 
  0x65, 0x62, 0x61, 0x6e, 0x64, 0x5f, 0x76, 0x32, 0x5f, 0x64, 0x65, 0x70, 
  0x6c, 0x6f, 0x79, 0x6d, 0x65, 0x6e, 0x74, 0x2f, 0x6d, 0x6f, 0x74, 0x69, 
  0x6f, 0x6e, 0x5f, 0x65, 0x6e, 0x63, 0x6f, 0x64, 0x65, 0x72, 0x2f, 0x65, 
  0x6e, 0x63, 0x5f, 0x73, 0x65, 0x71, 0x5f, 0x67, 0x72, 0x75, 0x31, 0x2f, 
  0x67, 0x72, 0x75, 0x5f, 0x63, 0x65, 0x6c, 0x6c, 0x2f, 0x73, 0x70, 0x6c, 
  0x69, 0x74, 0x5f, 0x38, 0x32, 0x31, 0x00, 0x00, 0x02, 0x00, 0x00, 0x00, 
  0x01, 0x00, 0x00, 0x00, 0x08, 0x00, 0x00, 0x00, 0xf6, 0x5e, 0xff, 0xff, 
  0x00, 0x00, 0x00, 0x01, 0x18, 0x00, 0x00, 0x00, 0x20, 0x00, 0x00, 0x00, 
  0x40, 0x00, 0x00, 0x00, 0xca, 0x00, 0x00, 0x00, 0x00, 0x00, 0x00, 0x09, 
  0x08, 0x01, 0x00, 0x00, 0x02, 0x00, 0x00, 0x00, 0xff, 0xff, 0xff, 0xff, 
  0x08, 0x00, 0x00, 0x00, 0xdc, 0x5e, 0xff, 0xff, 0x08, 0x00, 0x00, 0x00, 
  0x14, 0x00, 0x00, 0x00, 0x01, 0x00, 0x00, 0x00, 0xe2, 0xff, 0xff, 0xff, 
  0xff, 0xff, 0xff, 0xff, 0x00, 0x00, 0x00, 0x00, 0x01, 0x00, 0x00, 0x00, 
  0x1d, 0xe7, 0x9b, 0x3b, 0xcd, 0x00, 0x00, 0x00, 0x73, 0x61, 0x66, 0x65, 
  0x62, 0x61, 0x6e, 0x64, 0x5f, 0x76, 0x32, 0x5f, 0x64, 0x65, 0x70, 0x6c, 
  0x6f, 0x79, 0x6d, 0x65, 0x6e, 0x74, 0x2f, 0x6d, 0x6f, 0x74, 0x69, 0x6f, 
  0x6e, 0x5f, 0x65, 0x6e, 0x63, 0x6f, 0x64, 0x65, 0x72, 0x2f, 0x65, 0x6e, 
  0x63, 0x5f, 0x73, 0x65, 0x71, 0x5f, 0x67, 0x72, 0x75, 0x31, 0x2f, 0x67, 
  0x72, 0x75, 0x5f, 0x63, 0x65, 0x6c, 0x6c, 0x2f, 0x73, 0x70, 0x6c, 0x69, 
  0x74, 0x5f, 0x38, 0x3b, 0x73, 0x61, 0x66, 0x65, 0x62, 0x61, 0x6e, 0x64, 
  0x5f, 0x76, 0x32, 0x5f, 0x64, 0x65, 0x70, 0x6c, 0x6f, 0x79, 0x6d, 0x65, 
  0x6e, 0x74, 0x2f, 0x6d, 0x6f, 0x74, 0x69, 0x6f, 0x6e, 0x5f, 0x65, 0x6e, 
  0x63, 0x6f, 0x64, 0x65, 0x72, 0x2f, 0x65, 0x6e, 0x63, 0x5f, 0x73, 0x65, 
  0x71, 0x5f, 0x67, 0x72, 0x75, 0x31, 0x2f, 0x67, 0x72, 0x75, 0x5f, 0x63, 
  0x65, 0x6c, 0x6c, 0x2f, 0x73, 0x70, 0x6c, 0x69, 0x74, 0x5f, 0x38, 0x31, 
  0x3b, 0x73, 0x61, 0x66, 0x65, 0x62, 0x61, 0x6e, 0x64, 0x5f, 0x76, 0x32, 
  0x5f, 0x64, 0x65, 0x70, 0x6c, 0x6f, 0x79, 0x6d, 0x65, 0x6e, 0x74, 0x2f, 
  0x6d, 0x6f, 0x74, 0x69, 0x6f, 0x6e, 0x5f, 0x65, 0x6e, 0x63, 0x6f, 0x64, 
  0x65, 0x72, 0x2f, 0x65, 0x6e, 0x63, 0x5f, 0x73, 0x65, 0x71, 0x5f, 0x67, 
  0x72, 0x75, 0x31, 0x2f, 0x67, 0x72, 0x75, 0x5f, 0x63, 0x65, 0x6c, 0x6c, 
  0x2f, 0x73, 0x70, 0x6c, 0x69, 0x74, 0x5f, 0x38, 0x32, 0x00, 0x00, 0x00, 
  0x02, 0x00, 0x00, 0x00, 0x01, 0x00, 0x00, 0x00, 0x08, 0x00, 0x00, 0x00, 
  0x26, 0x60, 0xff, 0xff, 0x00, 0x00, 0x00, 0x01, 0x18, 0x00, 0x00, 0x00, 
  0x20, 0x00, 0x00, 0x00, 0x3c, 0x00, 0x00, 0x00, 0xc9, 0x00, 0x00, 0x00, 
  0x00, 0x00, 0x00, 0x09, 0xc0, 0x00, 0x00, 0x00, 0x02, 0x00, 0x00, 0x00, 
  0xff, 0xff, 0xff, 0xff, 0x18, 0x00, 0x00, 0x00, 0x0c, 0x60, 0xff, 0xff, 
  0x08, 0x00, 0x00, 0x00, 0x10, 0x00, 0x00, 0x00, 0x01, 0x00, 0x00, 0x00, 
  0xe2, 0xff, 0xff, 0xff, 0xff, 0xff, 0xff, 0xff, 0x01, 0x00, 0x00, 0x00, 
  0x1d, 0xe7, 0x9b, 0x3b, 0x8a, 0x00, 0x00, 0x00, 0x73, 0x61, 0x66, 0x65, 
  0x62, 0x61, 0x6e, 0x64, 0x5f, 0x76, 0x32, 0x5f, 0x64, 0x65, 0x70, 0x6c, 
  0x6f, 0x79, 0x6d, 0x65, 0x6e, 0x74, 0x2f, 0x6d, 0x6f, 0x74, 0x69, 0x6f, 
  0x6e, 0x5f, 0x65, 0x6e, 0x63, 0x6f, 0x64, 0x65, 0x72, 0x2f, 0x65, 0x6e, 
  0x63, 0x5f, 0x73, 0x65, 0x71, 0x5f, 0x67, 0x72, 0x75, 0x31, 0x2f, 0x67, 
  0x72, 0x75, 0x5f, 0x63, 0x65, 0x6c, 0x6c, 0x2f, 0x4d, 0x61, 0x74, 0x4d, 
  0x75, 0x6c, 0x5f, 0x38, 0x3b, 0x73, 0x61, 0x66, 0x65, 0x62, 0x61, 0x6e, 
  0x64, 0x5f, 0x76, 0x32, 0x5f, 0x64, 0x65, 0x70, 0x6c, 0x6f, 0x79, 0x6d, 
  0x65, 0x6e, 0x74, 0x2f, 0x6d, 0x6f, 0x74, 0x69, 0x6f, 0x6e, 0x5f, 0x65, 
  0x6e, 0x63, 0x6f, 0x64, 0x65, 0x72, 0x2f, 0x65, 0x6e, 0x63, 0x5f, 0x73, 
  0x65, 0x71, 0x5f, 0x67, 0x72, 0x75, 0x31, 0x2f, 0x67, 0x72, 0x75, 0x5f, 
  0x63, 0x65, 0x6c, 0x6c, 0x2f, 0x42, 0x69, 0x61, 0x73, 0x41, 0x64, 0x64, 
  0x5f, 0x38, 0x00, 0x00, 0x02, 0x00, 0x00, 0x00, 0x01, 0x00, 0x00, 0x00, 
  0x18, 0x00, 0x00, 0x00, 0x0e, 0x61, 0xff, 0xff, 0x00, 0x00, 0x00, 0x01, 
  0x18, 0x00, 0x00, 0x00, 0x20, 0x00, 0x00, 0x00, 0x40, 0x00, 0x00, 0x00, 
  0xc8, 0x00, 0x00, 0x00, 0x00, 0x00, 0x00, 0x09, 0x08, 0x01, 0x00, 0x00, 
  0x02, 0x00, 0x00, 0x00, 0xff, 0xff, 0xff, 0xff, 0x08, 0x00, 0x00, 0x00, 
  0xf4, 0x60, 0xff, 0xff, 0x08, 0x00, 0x00, 0x00, 0x14, 0x00, 0x00, 0x00, 
  0x01, 0x00, 0x00, 0x00, 0x00, 0x00, 0x00, 0x00, 0x00, 0x00, 0x00, 0x00, 
  0x00, 0x00, 0x00, 0x00, 0x01, 0x00, 0x00, 0x00, 0xb2, 0x46, 0x8e, 0x3b, 
  0xce, 0x00, 0x00, 0x00, 0x73, 0x61, 0x66, 0x65, 0x62, 0x61, 0x6e, 0x64, 
  0x5f, 0x76, 0x32, 0x5f, 0x64, 0x65, 0x70, 0x6c, 0x6f, 0x79, 0x6d, 0x65, 
  0x6e, 0x74, 0x2f, 0x6d, 0x6f, 0x74, 0x69, 0x6f, 0x6e, 0x5f, 0x65, 0x6e, 
  0x63, 0x6f, 0x64, 0x65, 0x72, 0x2f, 0x65, 0x6e, 0x63, 0x5f, 0x73, 0x65, 
  0x71, 0x5f, 0x67, 0x72, 0x75, 0x31, 0x2f, 0x67, 0x72, 0x75, 0x5f, 0x63, 
  0x65, 0x6c, 0x6c, 0x2f, 0x73, 0x70, 0x6c, 0x69, 0x74, 0x5f, 0x39, 0x3b, 
  0x73, 0x61, 0x66, 0x65, 0x62, 0x61, 0x6e, 0x64, 0x5f, 0x76, 0x32, 0x5f, 
  0x64, 0x65, 0x70, 0x6c, 0x6f, 0x79, 0x6d, 0x65, 0x6e, 0x74, 0x2f, 0x6d, 
  0x6f, 0x74, 0x69, 0x6f, 0x6e, 0x5f, 0x65, 0x6e, 0x63, 0x6f, 0x64, 0x65, 
  0x72, 0x2f, 0x65, 0x6e, 0x63, 0x5f, 0x73, 0x65, 0x71, 0x5f, 0x67, 0x72, 
  0x75, 0x31, 0x2f, 0x67, 0x72, 0x75, 0x5f, 0x63, 0x65, 0x6c, 0x6c, 0x2f, 
  0x73, 0x70, 0x6c, 0x69, 0x74, 0x5f, 0x39, 0x31, 0x3b, 0x73, 0x61, 0x66, 
  0x65, 0x62, 0x61, 0x6e, 0x64, 0x5f, 0x76, 0x32, 0x5f, 0x64, 0x65, 0x70, 
  0x6c, 0x6f, 0x79, 0x6d, 0x65, 0x6e, 0x74, 0x2f, 0x6d, 0x6f, 0x74, 0x69, 
  0x6f, 0x6e, 0x5f, 0x65, 0x6e, 0x63, 0x6f, 0x64, 0x65, 0x72, 0x2f, 0x65, 
  0x6e, 0x63, 0x5f, 0x73, 0x65, 0x71, 0x5f, 0x67, 0x72, 0x75, 0x31, 0x2f, 
  0x67, 0x72, 0x75, 0x5f, 0x63, 0x65, 0x6c, 0x6c, 0x2f, 0x73, 0x70, 0x6c, 
  0x69, 0x74, 0x5f, 0x39, 0x32, 0x32, 0x00, 0x00, 0x02, 0x00, 0x00, 0x00, 
  0x01, 0x00, 0x00, 0x00, 0x08, 0x00, 0x00, 0x00, 0x3e, 0x62, 0xff, 0xff, 
  0x00, 0x00, 0x00, 0x01, 0x18, 0x00, 0x00, 0x00, 0x20, 0x00, 0x00, 0x00, 
  0x40, 0x00, 0x00, 0x00, 0xc7, 0x00, 0x00, 0x00, 0x00, 0x00, 0x00, 0x09, 
  0x08, 0x01, 0x00, 0x00, 0x02, 0x00, 0x00, 0x00, 0xff, 0xff, 0xff, 0xff, 
  0x08, 0x00, 0x00, 0x00, 0x24, 0x62, 0xff, 0xff, 0x08, 0x00, 0x00, 0x00, 
  0x14, 0x00, 0x00, 0x00, 0x01, 0x00, 0x00, 0x00, 0x00, 0x00, 0x00, 0x00, 
  0x00, 0x00, 0x00, 0x00, 0x00, 0x00, 0x00, 0x00, 0x01, 0x00, 0x00, 0x00, 
  0xb2, 0x46, 0x8e, 0x3b, 0xce, 0x00, 0x00, 0x00, 0x73, 0x61, 0x66, 0x65, 
  0x62, 0x61, 0x6e, 0x64, 0x5f, 0x76, 0x32, 0x5f, 0x64, 0x65, 0x70, 0x6c, 
  0x6f, 0x79, 0x6d, 0x65, 0x6e, 0x74, 0x2f, 0x6d, 0x6f, 0x74, 0x69, 0x6f, 
  0x6e, 0x5f, 0x65, 0x6e, 0x63, 0x6f, 0x64, 0x65, 0x72, 0x2f, 0x65, 0x6e, 
  0x63, 0x5f, 0x73, 0x65, 0x71, 0x5f, 0x67, 0x72, 0x75, 0x31, 0x2f, 0x67, 
  0x72, 0x75, 0x5f, 0x63, 0x65, 0x6c, 0x6c, 0x2f, 0x73, 0x70, 0x6c, 0x69, 
  0x74, 0x5f, 0x39, 0x3b, 0x73, 0x61, 0x66, 0x65, 0x62, 0x61, 0x6e, 0x64, 
  0x5f, 0x76, 0x32, 0x5f, 0x64, 0x65, 0x70, 0x6c, 0x6f, 0x79, 0x6d, 0x65, 
  0x6e, 0x74, 0x2f, 0x6d, 0x6f, 0x74, 0x69, 0x6f, 0x6e, 0x5f, 0x65, 0x6e, 
  0x63, 0x6f, 0x64, 0x65, 0x72, 0x2f, 0x65, 0x6e, 0x63, 0x5f, 0x73, 0x65, 
  0x71, 0x5f, 0x67, 0x72, 0x75, 0x31, 0x2f, 0x67, 0x72, 0x75, 0x5f, 0x63, 
  0x65, 0x6c, 0x6c, 0x2f, 0x73, 0x70, 0x6c, 0x69, 0x74, 0x5f, 0x39, 0x31, 
  0x3b, 0x73, 0x61, 0x66, 0x65, 0x62, 0x61, 0x6e, 0x64, 0x5f, 0x76, 0x32, 
  0x5f, 0x64, 0x65, 0x70, 0x6c, 0x6f, 0x79, 0x6d, 0x65, 0x6e, 0x74, 0x2f, 
  0x6d, 0x6f, 0x74, 0x69, 0x6f, 0x6e, 0x5f, 0x65, 0x6e, 0x63, 0x6f, 0x64, 
  0x65, 0x72, 0x2f, 0x65, 0x6e, 0x63, 0x5f, 0x73, 0x65, 0x71, 0x5f, 0x67, 
  0x72, 0x75, 0x31, 0x2f, 0x67, 0x72, 0x75, 0x5f, 0x63, 0x65, 0x6c, 0x6c, 
  0x2f, 0x73, 0x70, 0x6c, 0x69, 0x74, 0x5f, 0x39, 0x32, 0x31, 0x00, 0x00, 
  0x02, 0x00, 0x00, 0x00, 0x01, 0x00, 0x00, 0x00, 0x08, 0x00, 0x00, 0x00, 
  0x6e, 0x63, 0xff, 0xff, 0x00, 0x00, 0x00, 0x01, 0x18, 0x00, 0x00, 0x00, 
  0x20, 0x00, 0x00, 0x00, 0x40, 0x00, 0x00, 0x00, 0xc6, 0x00, 0x00, 0x00, 
  0x00, 0x00, 0x00, 0x09, 0x08, 0x01, 0x00, 0x00, 0x02, 0x00, 0x00, 0x00, 
  0xff, 0xff, 0xff, 0xff, 0x08, 0x00, 0x00, 0x00, 0x54, 0x63, 0xff, 0xff, 
  0x08, 0x00, 0x00, 0x00, 0x14, 0x00, 0x00, 0x00, 0x01, 0x00, 0x00, 0x00, 
  0x00, 0x00, 0x00, 0x00, 0x00, 0x00, 0x00, 0x00, 0x00, 0x00, 0x00, 0x00, 
  0x01, 0x00, 0x00, 0x00, 0xb2, 0x46, 0x8e, 0x3b, 0xcd, 0x00, 0x00, 0x00, 
  0x73, 0x61, 0x66, 0x65, 0x62, 0x61, 0x6e, 0x64, 0x5f, 0x76, 0x32, 0x5f, 
  0x64, 0x65, 0x70, 0x6c, 0x6f, 0x79, 0x6d, 0x65, 0x6e, 0x74, 0x2f, 0x6d, 
  0x6f, 0x74, 0x69, 0x6f, 0x6e, 0x5f, 0x65, 0x6e, 0x63, 0x6f, 0x64, 0x65, 
  0x72, 0x2f, 0x65, 0x6e, 0x63, 0x5f, 0x73, 0x65, 0x71, 0x5f, 0x67, 0x72, 
  0x75, 0x31, 0x2f, 0x67, 0x72, 0x75, 0x5f, 0x63, 0x65, 0x6c, 0x6c, 0x2f, 
  0x73, 0x70, 0x6c, 0x69, 0x74, 0x5f, 0x39, 0x3b, 0x73, 0x61, 0x66, 0x65, 
  0x62, 0x61, 0x6e, 0x64, 0x5f, 0x76, 0x32, 0x5f, 0x64, 0x65, 0x70, 0x6c, 
  0x6f, 0x79, 0x6d, 0x65, 0x6e, 0x74, 0x2f, 0x6d, 0x6f, 0x74, 0x69, 0x6f, 
  0x6e, 0x5f, 0x65, 0x6e, 0x63, 0x6f, 0x64, 0x65, 0x72, 0x2f, 0x65, 0x6e, 
  0x63, 0x5f, 0x73, 0x65, 0x71, 0x5f, 0x67, 0x72, 0x75, 0x31, 0x2f, 0x67, 
  0x72, 0x75, 0x5f, 0x63, 0x65, 0x6c, 0x6c, 0x2f, 0x73, 0x70, 0x6c, 0x69, 
  0x74, 0x5f, 0x39, 0x31, 0x3b, 0x73, 0x61, 0x66, 0x65, 0x62, 0x61, 0x6e, 
  0x64, 0x5f, 0x76, 0x32, 0x5f, 0x64, 0x65, 0x70, 0x6c, 0x6f, 0x79, 0x6d, 
  0x65, 0x6e, 0x74, 0x2f, 0x6d, 0x6f, 0x74, 0x69, 0x6f, 0x6e, 0x5f, 0x65, 
  0x6e, 0x63, 0x6f, 0x64, 0x65, 0x72, 0x2f, 0x65, 0x6e, 0x63, 0x5f, 0x73, 
  0x65, 0x71, 0x5f, 0x67, 0x72, 0x75, 0x31, 0x2f, 0x67, 0x72, 0x75, 0x5f, 
  0x63, 0x65, 0x6c, 0x6c, 0x2f, 0x73, 0x70, 0x6c, 0x69, 0x74, 0x5f, 0x39, 
  0x32, 0x00, 0x00, 0x00, 0x02, 0x00, 0x00, 0x00, 0x01, 0x00, 0x00, 0x00, 
  0x08, 0x00, 0x00, 0x00, 0x9e, 0x64, 0xff, 0xff, 0x00, 0x00, 0x00, 0x01, 
  0x18, 0x00, 0x00, 0x00, 0x20, 0x00, 0x00, 0x00, 0x3c, 0x00, 0x00, 0x00, 
  0xc5, 0x00, 0x00, 0x00, 0x00, 0x00, 0x00, 0x09, 0xc0, 0x00, 0x00, 0x00, 
  0x02, 0x00, 0x00, 0x00, 0xff, 0xff, 0xff, 0xff, 0x18, 0x00, 0x00, 0x00, 
  0x84, 0x64, 0xff, 0xff, 0x08, 0x00, 0x00, 0x00, 0x10, 0x00, 0x00, 0x00, 
  0x01, 0x00, 0x00, 0x00, 0x00, 0x00, 0x00, 0x00, 0x00, 0x00, 0x00, 0x00, 
  0x01, 0x00, 0x00, 0x00, 0xb2, 0x46, 0x8e, 0x3b, 0x8a, 0x00, 0x00, 0x00, 
  0x73, 0x61, 0x66, 0x65, 0x62, 0x61, 0x6e, 0x64, 0x5f, 0x76, 0x32, 0x5f, 
  0x64, 0x65, 0x70, 0x6c, 0x6f, 0x79, 0x6d, 0x65, 0x6e, 0x74, 0x2f, 0x6d, 
  0x6f, 0x74, 0x69, 0x6f, 0x6e, 0x5f, 0x65, 0x6e, 0x63, 0x6f, 0x64, 0x65, 
  0x72, 0x2f, 0x65, 0x6e, 0x63, 0x5f, 0x73, 0x65, 0x71, 0x5f, 0x67, 0x72, 
  0x75, 0x31, 0x2f, 0x67, 0x72, 0x75, 0x5f, 0x63, 0x65, 0x6c, 0x6c, 0x2f, 
  0x4d, 0x61, 0x74, 0x4d, 0x75, 0x6c, 0x5f, 0x39, 0x3b, 0x73, 0x61, 0x66, 
  0x65, 0x62, 0x61, 0x6e, 0x64, 0x5f, 0x76, 0x32, 0x5f, 0x64, 0x65, 0x70, 
  0x6c, 0x6f, 0x79, 0x6d, 0x65, 0x6e, 0x74, 0x2f, 0x6d, 0x6f, 0x74, 0x69, 
  0x6f, 0x6e, 0x5f, 0x65, 0x6e, 0x63, 0x6f, 0x64, 0x65, 0x72, 0x2f, 0x65, 
  0x6e, 0x63, 0x5f, 0x73, 0x65, 0x71, 0x5f, 0x67, 0x72, 0x75, 0x31, 0x2f, 
  0x67, 0x72, 0x75, 0x5f, 0x63, 0x65, 0x6c, 0x6c, 0x2f, 0x42, 0x69, 0x61, 
  0x73, 0x41, 0x64, 0x64, 0x5f, 0x39, 0x00, 0x00, 0x02, 0x00, 0x00, 0x00, 
  0x01, 0x00, 0x00, 0x00, 0x18, 0x00, 0x00, 0x00, 0x86, 0x65, 0xff, 0xff, 
  0x00, 0x00, 0x00, 0x01, 0x18, 0x00, 0x00, 0x00, 0x20, 0x00, 0x00, 0x00, 
  0x3c, 0x00, 0x00, 0x00, 0xc4, 0x00, 0x00, 0x00, 0x00, 0x00, 0x00, 0x09, 
  0x78, 0x00, 0x00, 0x00, 0x02, 0x00, 0x00, 0x00, 0xff, 0xff, 0xff, 0xff, 
  0x08, 0x00, 0x00, 0x00, 0x6c, 0x65, 0xff, 0xff, 0x08, 0x00, 0x00, 0x00, 
  0x10, 0x00, 0x00, 0x00, 0x01, 0x00, 0x00, 0x00, 0xdd, 0xff, 0xff, 0xff, 
  0xff, 0xff, 0xff, 0xff, 0x01, 0x00, 0x00, 0x00, 0xce, 0x57, 0x94, 0x3a, 
  0x42, 0x00, 0x00, 0x00, 0x73, 0x61, 0x66, 0x65, 0x62, 0x61, 0x6e, 0x64, 
  0x5f, 0x76, 0x32, 0x5f, 0x64, 0x65, 0x70, 0x6c, 0x6f, 0x79, 0x6d, 0x65, 
  0x6e, 0x74, 0x2f, 0x6d, 0x6f, 0x74, 0x69, 0x6f, 0x6e, 0x5f, 0x65, 0x6e, 
  0x63, 0x6f, 0x64, 0x65, 0x72, 0x2f, 0x65, 0x6e, 0x63, 0x5f, 0x73, 0x65, 
  0x71, 0x5f, 0x67, 0x72, 0x75, 0x31, 0x2f, 0x67, 0x72, 0x75, 0x5f, 0x63, 
  0x65, 0x6c, 0x6c, 0x2f, 0x61, 0x64, 0x64, 0x5f, 0x31, 0x35, 0x00, 0x00, 
  0x02, 0x00, 0x00, 0x00, 0x01, 0x00, 0x00, 0x00, 0x08, 0x00, 0x00, 0x00, 
  0x26, 0x66, 0xff, 0xff, 0x00, 0x00, 0x00, 0x01, 0x18, 0x00, 0x00, 0x00, 
  0x20, 0x00, 0x00, 0x00, 0x3c, 0x00, 0x00, 0x00, 0xc3, 0x00, 0x00, 0x00, 
  0x00, 0x00, 0x00, 0x09, 0x78, 0x00, 0x00, 0x00, 0x02, 0x00, 0x00, 0x00, 
  0xff, 0xff, 0xff, 0xff, 0x08, 0x00, 0x00, 0x00, 0x0c, 0x66, 0xff, 0xff, 
  0x08, 0x00, 0x00, 0x00, 0x10, 0x00, 0x00, 0x00, 0x01, 0x00, 0x00, 0x00, 
  0xde, 0xff, 0xff, 0xff, 0xff, 0xff, 0xff, 0xff, 0x01, 0x00, 0x00, 0x00, 
  0x69, 0x5b, 0x2f, 0x3a, 0x42, 0x00, 0x00, 0x00, 0x73, 0x61, 0x66, 0x65, 
  0x62, 0x61, 0x6e, 0x64, 0x5f, 0x76, 0x32, 0x5f, 0x64, 0x65, 0x70, 0x6c, 
  0x6f, 0x79, 0x6d, 0x65, 0x6e, 0x74, 0x2f, 0x6d, 0x6f, 0x74, 0x69, 0x6f, 
  0x6e, 0x5f, 0x65, 0x6e, 0x63, 0x6f, 0x64, 0x65, 0x72, 0x2f, 0x65, 0x6e, 
  0x63, 0x5f, 0x73, 0x65, 0x71, 0x5f, 0x67, 0x72, 0x75, 0x31, 0x2f, 0x67, 
  0x72, 0x75, 0x5f, 0x63, 0x65, 0x6c, 0x6c, 0x2f, 0x6d, 0x75, 0x6c, 0x5f, 
  0x31, 0x31, 0x00, 0x00, 0x02, 0x00, 0x00, 0x00, 0x01, 0x00, 0x00, 0x00, 
  0x08, 0x00, 0x00, 0x00, 0xc6, 0x66, 0xff, 0xff, 0x00, 0x00, 0x00, 0x01, 
  0x18, 0x00, 0x00, 0x00, 0x20, 0x00, 0x00, 0x00, 0x3c, 0x00, 0x00, 0x00, 
  0xc2, 0x00, 0x00, 0x00, 0x00, 0x00, 0x00, 0x09, 0x78, 0x00, 0x00, 0x00, 
  0x02, 0x00, 0x00, 0x00, 0xff, 0xff, 0xff, 0xff, 0x08, 0x00, 0x00, 0x00, 
  0xac, 0x66, 0xff, 0xff, 0x08, 0x00, 0x00, 0x00, 0x10, 0x00, 0x00, 0x00, 
  0x01, 0x00, 0x00, 0x00, 0x00, 0x00, 0x00, 0x00, 0x00, 0x00, 0x00, 0x00, 
  0x01, 0x00, 0x00, 0x00, 0x00, 0x00, 0x00, 0x3c, 0x42, 0x00, 0x00, 0x00, 
  0x73, 0x61, 0x66, 0x65, 0x62, 0x61, 0x6e, 0x64, 0x5f, 0x76, 0x32, 0x5f, 
  0x64, 0x65, 0x70, 0x6c, 0x6f, 0x79, 0x6d, 0x65, 0x6e, 0x74, 0x2f, 0x6d, 
  0x6f, 0x74, 0x69, 0x6f, 0x6e, 0x5f, 0x65, 0x6e, 0x63, 0x6f, 0x64, 0x65, 
  0x72, 0x2f, 0x65, 0x6e, 0x63, 0x5f, 0x73, 0x65, 0x71, 0x5f, 0x67, 0x72, 
  0x75, 0x31, 0x2f, 0x67, 0x72, 0x75, 0x5f, 0x63, 0x65, 0x6c, 0x6c, 0x2f, 
  0x54, 0x61, 0x6e, 0x68, 0x5f, 0x33, 0x00, 0x00, 0x02, 0x00, 0x00, 0x00, 
  0x01, 0x00, 0x00, 0x00, 0x08, 0x00, 0x00, 0x00, 0x66, 0x67, 0xff, 0xff, 
  0x00, 0x00, 0x00, 0x01, 0x18, 0x00, 0x00, 0x00, 0x20, 0x00, 0x00, 0x00, 
  0x3c, 0x00, 0x00, 0x00, 0xc1, 0x00, 0x00, 0x00, 0x00, 0x00, 0x00, 0x09, 
  0x78, 0x00, 0x00, 0x00, 0x02, 0x00, 0x00, 0x00, 0xff, 0xff, 0xff, 0xff, 
  0x08, 0x00, 0x00, 0x00, 0x4c, 0x67, 0xff, 0xff, 0x08, 0x00, 0x00, 0x00, 
  0x10, 0x00, 0x00, 0x00, 0x01, 0x00, 0x00, 0x00, 0xd7, 0xff, 0xff, 0xff, 
  0xff, 0xff, 0xff, 0xff, 0x01, 0x00, 0x00, 0x00, 0x81, 0x48, 0xb5, 0x3a, 
  0x42, 0x00, 0x00, 0x00, 0x73, 0x61, 0x66, 0x65, 0x62, 0x61, 0x6e, 0x64, 
  0x5f, 0x76, 0x32, 0x5f, 0x64, 0x65, 0x70, 0x6c, 0x6f, 0x79, 0x6d, 0x65, 
  0x6e, 0x74, 0x2f, 0x6d, 0x6f, 0x74, 0x69, 0x6f, 0x6e, 0x5f, 0x65, 0x6e, 
  0x63, 0x6f, 0x64, 0x65, 0x72, 0x2f, 0x65, 0x6e, 0x63, 0x5f, 0x73, 0x65, 
  0x71, 0x5f, 0x67, 0x72, 0x75, 0x31, 0x2f, 0x67, 0x72, 0x75, 0x5f, 0x63, 
  0x65, 0x6c, 0x6c, 0x2f, 0x61, 0x64, 0x64, 0x5f, 0x31, 0x34, 0x00, 0x00, 
  0x02, 0x00, 0x00, 0x00, 0x01, 0x00, 0x00, 0x00, 0x08, 0x00, 0x00, 0x00, 
  0x06, 0x68, 0xff, 0xff, 0x00, 0x00, 0x00, 0x01, 0x18, 0x00, 0x00, 0x00, 
  0x20, 0x00, 0x00, 0x00, 0x3c, 0x00, 0x00, 0x00, 0xc0, 0x00, 0x00, 0x00, 
  0x00, 0x00, 0x00, 0x09, 0x78, 0x00, 0x00, 0x00, 0x02, 0x00, 0x00, 0x00, 
  0xff, 0xff, 0xff, 0xff, 0x08, 0x00, 0x00, 0x00, 0xec, 0x67, 0xff, 0xff, 
  0x08, 0x00, 0x00, 0x00, 0x10, 0x00, 0x00, 0x00, 0x01, 0x00, 0x00, 0x00, 
  0x02, 0x00, 0x00, 0x00, 0x00, 0x00, 0x00, 0x00, 0x01, 0x00, 0x00, 0x00, 
  0x0e, 0x31, 0xdd, 0x39, 0x41, 0x00, 0x00, 0x00, 0x73, 0x61, 0x66, 0x65, 
  0x62, 0x61, 0x6e, 0x64, 0x5f, 0x76, 0x32, 0x5f, 0x64, 0x65, 0x70, 0x6c, 
  0x6f, 0x79, 0x6d, 0x65, 0x6e, 0x74, 0x2f, 0x6d, 0x6f, 0x74, 0x69, 0x6f, 
  0x6e, 0x5f, 0x65, 0x6e, 0x63, 0x6f, 0x64, 0x65, 0x72, 0x2f, 0x65, 0x6e, 
  0x63, 0x5f, 0x73, 0x65, 0x71, 0x5f, 0x67, 0x72, 0x75, 0x31, 0x2f, 0x67, 
  0x72, 0x75, 0x5f, 0x63, 0x65, 0x6c, 0x6c, 0x2f, 0x6d, 0x75, 0x6c, 0x5f, 
  0x39, 0x00, 0x00, 0x00, 0x02, 0x00, 0x00, 0x00, 0x01, 0x00, 0x00, 0x00, 
  0x08, 0x00, 0x00, 0x00, 0xa6, 0x68, 0xff, 0xff, 0x00, 0x00, 0x00, 0x01, 
  0x18, 0x00, 0x00, 0x00, 0x20, 0x00, 0x00, 0x00, 0x40, 0x00, 0x00, 0x00, 
  0xbf, 0x00, 0x00, 0x00, 0x00, 0x00, 0x00, 0x09, 0x80, 0x00, 0x00, 0x00, 
  0x02, 0x00, 0x00, 0x00, 0xff, 0xff, 0xff, 0xff, 0x08, 0x00, 0x00, 0x00, 
  0x8c, 0x68, 0xff, 0xff, 0x08, 0x00, 0x00, 0x00, 0x14, 0x00, 0x00, 0x00, 
  0x01, 0x00, 0x00, 0x00, 0x80, 0xff, 0xff, 0xff, 0xff, 0xff, 0xff, 0xff, 
  0x00, 0x00, 0x00, 0x00, 0x01, 0x00, 0x00, 0x00, 0x00, 0x00, 0x80, 0x3b, 
  0x45, 0x00, 0x00, 0x00, 0x73, 0x61, 0x66, 0x65, 0x62, 0x61, 0x6e, 0x64, 
  0x5f, 0x76, 0x32, 0x5f, 0x64, 0x65, 0x70, 0x6c, 0x6f, 0x79, 0x6d, 0x65, 
  0x6e, 0x74, 0x2f, 0x6d, 0x6f, 0x74, 0x69, 0x6f, 0x6e, 0x5f, 0x65, 0x6e, 
  0x63, 0x6f, 0x64, 0x65, 0x72, 0x2f, 0x65, 0x6e, 0x63, 0x5f, 0x73, 0x65, 
  0x71, 0x5f, 0x67, 0x72, 0x75, 0x31, 0x2f, 0x67, 0x72, 0x75, 0x5f, 0x63, 
  0x65, 0x6c, 0x6c, 0x2f, 0x53, 0x69, 0x67, 0x6d, 0x6f, 0x69, 0x64, 0x5f, 
  0x37, 0x00, 0x00, 0x00, 0x02, 0x00, 0x00, 0x00, 0x01, 0x00, 0x00, 0x00, 
  0x08, 0x00, 0x00, 0x00, 0x4e, 0x69, 0xff, 0xff, 0x00, 0x00, 0x00, 0x01, 
  0x18, 0x00, 0x00, 0x00, 0x20, 0x00, 0x00, 0x00, 0x3c, 0x00, 0x00, 0x00, 
  0xbe, 0x00, 0x00, 0x00, 0x00, 0x00, 0x00, 0x09, 0x78, 0x00, 0x00, 0x00, 
  0x02, 0x00, 0x00, 0x00, 0xff, 0xff, 0xff, 0xff, 0x08, 0x00, 0x00, 0x00, 
  0x34, 0x69, 0xff, 0xff, 0x08, 0x00, 0x00, 0x00, 0x10, 0x00, 0x00, 0x00, 
  0x01, 0x00, 0x00, 0x00, 0xd5, 0xff, 0xff, 0xff, 0xff, 0xff, 0xff, 0xff, 
  0x01, 0x00, 0x00, 0x00, 0x38, 0xae, 0xb5, 0x3b, 0x42, 0x00, 0x00, 0x00, 
  0x73, 0x61, 0x66, 0x65, 0x62, 0x61, 0x6e, 0x64, 0x5f, 0x76, 0x32, 0x5f, 
  0x64, 0x65, 0x70, 0x6c, 0x6f, 0x79, 0x6d, 0x65, 0x6e, 0x74, 0x2f, 0x6d, 
  0x6f, 0x74, 0x69, 0x6f, 0x6e, 0x5f, 0x65, 0x6e, 0x63, 0x6f, 0x64, 0x65, 
  0x72, 0x2f, 0x65, 0x6e, 0x63, 0x5f, 0x73, 0x65, 0x71, 0x5f, 0x67, 0x72, 
  0x75, 0x31, 0x2f, 0x67, 0x72, 0x75, 0x5f, 0x63, 0x65, 0x6c, 0x6c, 0x2f, 
  0x61, 0x64, 0x64, 0x5f, 0x31, 0x33, 0x00, 0x00, 0x02, 0x00, 0x00, 0x00, 
  0x01, 0x00, 0x00, 0x00, 0x08, 0x00, 0x00, 0x00, 0xee, 0x69, 0xff, 0xff, 
  0x00, 0x00, 0x00, 0x01, 0x18, 0x00, 0x00, 0x00, 0x20, 0x00, 0x00, 0x00, 
  0x3c, 0x00, 0x00, 0x00, 0xbd, 0x00, 0x00, 0x00, 0x00, 0x00, 0x00, 0x09, 
  0x78, 0x00, 0x00, 0x00, 0x02, 0x00, 0x00, 0x00, 0xff, 0xff, 0xff, 0xff, 
  0x08, 0x00, 0x00, 0x00, 0xd4, 0x69, 0xff, 0xff, 0x08, 0x00, 0x00, 0x00, 
  0x10, 0x00, 0x00, 0x00, 0x01, 0x00, 0x00, 0x00, 0x80, 0xff, 0xff, 0xff, 
  0xff, 0xff, 0xff, 0xff, 0x01, 0x00, 0x00, 0x00, 0xd6, 0x07, 0x3a, 0x3b, 
  0x41, 0x00, 0x00, 0x00, 0x73, 0x61, 0x66, 0x65, 0x62, 0x61, 0x6e, 0x64, 
  0x5f, 0x76, 0x32, 0x5f, 0x64, 0x65, 0x70, 0x6c, 0x6f, 0x79, 0x6d, 0x65, 
  0x6e, 0x74, 0x2f, 0x6d, 0x6f, 0x74, 0x69, 0x6f, 0x6e, 0x5f, 0x65, 0x6e, 
  0x63, 0x6f, 0x64, 0x65, 0x72, 0x2f, 0x65, 0x6e, 0x63, 0x5f, 0x73, 0x65, 
  0x71, 0x5f, 0x67, 0x72, 0x75, 0x31, 0x2f, 0x67, 0x72, 0x75, 0x5f, 0x63, 
  0x65, 0x6c, 0x6c, 0x2f, 0x73, 0x75, 0x62, 0x5f, 0x33, 0x00, 0x00, 0x00, 
  0x02, 0x00, 0x00, 0x00, 0x01, 0x00, 0x00, 0x00, 0x08, 0x00, 0x00, 0x00, 
  0x8e, 0x6a, 0xff, 0xff, 0x00, 0x00, 0x00, 0x01, 0x18, 0x00, 0x00, 0x00, 
  0x20, 0x00, 0x00, 0x00, 0x3c, 0x00, 0x00, 0x00, 0xbc, 0x00, 0x00, 0x00, 
  0x00, 0x00, 0x00, 0x09, 0x78, 0x00, 0x00, 0x00, 0x02, 0x00, 0x00, 0x00, 
  0xff, 0xff, 0xff, 0xff, 0x08, 0x00, 0x00, 0x00, 0x74, 0x6a, 0xff, 0xff, 
  0x08, 0x00, 0x00, 0x00, 0x10, 0x00, 0x00, 0x00, 0x01, 0x00, 0x00, 0x00, 
  0xce, 0xff, 0xff, 0xff, 0xff, 0xff, 0xff, 0xff, 0x01, 0x00, 0x00, 0x00, 
  0x12, 0xc7, 0x19, 0x3a, 0x42, 0x00, 0x00, 0x00, 0x73, 0x61, 0x66, 0x65, 
  0x62, 0x61, 0x6e, 0x64, 0x5f, 0x76, 0x32, 0x5f, 0x64, 0x65, 0x70, 0x6c, 
  0x6f, 0x79, 0x6d, 0x65, 0x6e, 0x74, 0x2f, 0x6d, 0x6f, 0x74, 0x69, 0x6f, 
  0x6e, 0x5f, 0x65, 0x6e, 0x63, 0x6f, 0x64, 0x65, 0x72, 0x2f, 0x65, 0x6e, 
  0x63, 0x5f, 0x73, 0x65, 0x71, 0x5f, 0x67, 0x72, 0x75, 0x31, 0x2f, 0x67, 
  0x72, 0x75, 0x5f, 0x63, 0x65, 0x6c, 0x6c, 0x2f, 0x6d, 0x75, 0x6c, 0x5f, 
  0x31, 0x30, 0x00, 0x00, 0x02, 0x00, 0x00, 0x00, 0x01, 0x00, 0x00, 0x00, 
  0x08, 0x00, 0x00, 0x00, 0x2e, 0x6b, 0xff, 0xff, 0x00, 0x00, 0x00, 0x01, 
  0x18, 0x00, 0x00, 0x00, 0x20, 0x00, 0x00, 0x00, 0x40, 0x00, 0x00, 0x00, 
  0xbb, 0x00, 0x00, 0x00, 0x00, 0x00, 0x00, 0x09, 0x80, 0x00, 0x00, 0x00, 
  0x02, 0x00, 0x00, 0x00, 0xff, 0xff, 0xff, 0xff, 0x08, 0x00, 0x00, 0x00, 
  0x14, 0x6b, 0xff, 0xff, 0x08, 0x00, 0x00, 0x00, 0x14, 0x00, 0x00, 0x00, 
  0x01, 0x00, 0x00, 0x00, 0x80, 0xff, 0xff, 0xff, 0xff, 0xff, 0xff, 0xff, 
  0x00, 0x00, 0x00, 0x00, 0x01, 0x00, 0x00, 0x00, 0x00, 0x00, 0x80, 0x3b, 
  0x45, 0x00, 0x00, 0x00, 0x73, 0x61, 0x66, 0x65, 0x62, 0x61, 0x6e, 0x64, 
  0x5f, 0x76, 0x32, 0x5f, 0x64, 0x65, 0x70, 0x6c, 0x6f, 0x79, 0x6d, 0x65, 
  0x6e, 0x74, 0x2f, 0x6d, 0x6f, 0x74, 0x69, 0x6f, 0x6e, 0x5f, 0x65, 0x6e, 
  0x63, 0x6f, 0x64, 0x65, 0x72, 0x2f, 0x65, 0x6e, 0x63, 0x5f, 0x73, 0x65, 
  0x71, 0x5f, 0x67, 0x72, 0x75, 0x31, 0x2f, 0x67, 0x72, 0x75, 0x5f, 0x63, 
  0x65, 0x6c, 0x6c, 0x2f, 0x53, 0x69, 0x67, 0x6d, 0x6f, 0x69, 0x64, 0x5f, 
  0x36, 0x00, 0x00, 0x00, 0x02, 0x00, 0x00, 0x00, 0x01, 0x00, 0x00, 0x00, 
  0x08, 0x00, 0x00, 0x00, 0xd6, 0x6b, 0xff, 0xff, 0x00, 0x00, 0x00, 0x01, 
  0x18, 0x00, 0x00, 0x00, 0x20, 0x00, 0x00, 0x00, 0x3c, 0x00, 0x00, 0x00, 
  0xba, 0x00, 0x00, 0x00, 0x00, 0x00, 0x00, 0x09, 0x78, 0x00, 0x00, 0x00, 
  0x02, 0x00, 0x00, 0x00, 0xff, 0xff, 0xff, 0xff, 0x08, 0x00, 0x00, 0x00, 
  0xbc, 0x6b, 0xff, 0xff, 0x08, 0x00, 0x00, 0x00, 0x10, 0x00, 0x00, 0x00, 
  0x01, 0x00, 0x00, 0x00, 0xe8, 0xff, 0xff, 0xff, 0xff, 0xff, 0xff, 0xff, 
  0x01, 0x00, 0x00, 0x00, 0x6b, 0x11, 0x18, 0x3c, 0x42, 0x00, 0x00, 0x00, 
  0x73, 0x61, 0x66, 0x65, 0x62, 0x61, 0x6e, 0x64, 0x5f, 0x76, 0x32, 0x5f, 
  0x64, 0x65, 0x70, 0x6c, 0x6f, 0x79, 0x6d, 0x65, 0x6e, 0x74, 0x2f, 0x6d, 
  0x6f, 0x74, 0x69, 0x6f, 0x6e, 0x5f, 0x65, 0x6e, 0x63, 0x6f, 0x64, 0x65, 
  0x72, 0x2f, 0x65, 0x6e, 0x63, 0x5f, 0x73, 0x65, 0x71, 0x5f, 0x67, 0x72, 
  0x75, 0x31, 0x2f, 0x67, 0x72, 0x75, 0x5f, 0x63, 0x65, 0x6c, 0x6c, 0x2f, 
  0x61, 0x64, 0x64, 0x5f, 0x31, 0x32, 0x00, 0x00, 0x02, 0x00, 0x00, 0x00, 
  0x01, 0x00, 0x00, 0x00, 0x08, 0x00, 0x00, 0x00, 0x76, 0x6c, 0xff, 0xff, 
  0x00, 0x00, 0x00, 0x01, 0x18, 0x00, 0x00, 0x00, 0x20, 0x00, 0x00, 0x00, 
  0x40, 0x00, 0x00, 0x00, 0xb9, 0x00, 0x00, 0x00, 0x00, 0x00, 0x00, 0x09, 
  0x08, 0x01, 0x00, 0x00, 0x02, 0x00, 0x00, 0x00, 0xff, 0xff, 0xff, 0xff, 
  0x08, 0x00, 0x00, 0x00, 0x5c, 0x6c, 0xff, 0xff, 0x08, 0x00, 0x00, 0x00, 
  0x14, 0x00, 0x00, 0x00, 0x01, 0x00, 0x00, 0x00, 0xd8, 0xff, 0xff, 0xff, 
  0xff, 0xff, 0xff, 0xff, 0x00, 0x00, 0x00, 0x00, 0x01, 0x00, 0x00, 0x00, 
  0x88, 0x30, 0xac, 0x3b, 0xce, 0x00, 0x00, 0x00, 0x73, 0x61, 0x66, 0x65, 
  0x62, 0x61, 0x6e, 0x64, 0x5f, 0x76, 0x32, 0x5f, 0x64, 0x65, 0x70, 0x6c, 
  0x6f, 0x79, 0x6d, 0x65, 0x6e, 0x74, 0x2f, 0x6d, 0x6f, 0x74, 0x69, 0x6f, 
  0x6e, 0x5f, 0x65, 0x6e, 0x63, 0x6f, 0x64, 0x65, 0x72, 0x2f, 0x65, 0x6e, 
  0x63, 0x5f, 0x73, 0x65, 0x71, 0x5f, 0x67, 0x72, 0x75, 0x31, 0x2f, 0x67, 
  0x72, 0x75, 0x5f, 0x63, 0x65, 0x6c, 0x6c, 0x2f, 0x73, 0x70, 0x6c, 0x69, 
  0x74, 0x5f, 0x36, 0x3b, 0x73, 0x61, 0x66, 0x65, 0x62, 0x61, 0x6e, 0x64, 
  0x5f, 0x76, 0x32, 0x5f, 0x64, 0x65, 0x70, 0x6c, 0x6f, 0x79, 0x6d, 0x65, 
  0x6e, 0x74, 0x2f, 0x6d, 0x6f, 0x74, 0x69, 0x6f, 0x6e, 0x5f, 0x65, 0x6e, 
  0x63, 0x6f, 0x64, 0x65, 0x72, 0x2f, 0x65, 0x6e, 0x63, 0x5f, 0x73, 0x65, 
  0x71, 0x5f, 0x67, 0x72, 0x75, 0x31, 0x2f, 0x67, 0x72, 0x75, 0x5f, 0x63, 
  0x65, 0x6c, 0x6c, 0x2f, 0x73, 0x70, 0x6c, 0x69, 0x74, 0x5f, 0x36, 0x31, 
  0x3b, 0x73, 0x61, 0x66, 0x65, 0x62, 0x61, 0x6e, 0x64, 0x5f, 0x76, 0x32, 
  0x5f, 0x64, 0x65, 0x70, 0x6c, 0x6f, 0x79, 0x6d, 0x65, 0x6e, 0x74, 0x2f, 
  0x6d, 0x6f, 0x74, 0x69, 0x6f, 0x6e, 0x5f, 0x65, 0x6e, 0x63, 0x6f, 0x64, 
  0x65, 0x72, 0x2f, 0x65, 0x6e, 0x63, 0x5f, 0x73, 0x65, 0x71, 0x5f, 0x67, 
  0x72, 0x75, 0x31, 0x2f, 0x67, 0x72, 0x75, 0x5f, 0x63, 0x65, 0x6c, 0x6c, 
  0x2f, 0x73, 0x70, 0x6c, 0x69, 0x74, 0x5f, 0x36, 0x32, 0x32, 0x00, 0x00, 
  0x02, 0x00, 0x00, 0x00, 0x01, 0x00, 0x00, 0x00, 0x08, 0x00, 0x00, 0x00, 
  0xa6, 0x6d, 0xff, 0xff, 0x00, 0x00, 0x00, 0x01, 0x18, 0x00, 0x00, 0x00, 
  0x20, 0x00, 0x00, 0x00, 0x40, 0x00, 0x00, 0x00, 0xb8, 0x00, 0x00, 0x00, 
  0x00, 0x00, 0x00, 0x09, 0x08, 0x01, 0x00, 0x00, 0x02, 0x00, 0x00, 0x00, 
  0xff, 0xff, 0xff, 0xff, 0x08, 0x00, 0x00, 0x00, 0x8c, 0x6d, 0xff, 0xff, 
  0x08, 0x00, 0x00, 0x00, 0x14, 0x00, 0x00, 0x00, 0x01, 0x00, 0x00, 0x00, 
  0xd8, 0xff, 0xff, 0xff, 0xff, 0xff, 0xff, 0xff, 0x00, 0x00, 0x00, 0x00, 
  0x01, 0x00, 0x00, 0x00, 0x88, 0x30, 0xac, 0x3b, 0xce, 0x00, 0x00, 0x00, 
  0x73, 0x61, 0x66, 0x65, 0x62, 0x61, 0x6e, 0x64, 0x5f, 0x76, 0x32, 0x5f, 
  0x64, 0x65, 0x70, 0x6c, 0x6f, 0x79, 0x6d, 0x65, 0x6e, 0x74, 0x2f, 0x6d, 
  0x6f, 0x74, 0x69, 0x6f, 0x6e, 0x5f, 0x65, 0x6e, 0x63, 0x6f, 0x64, 0x65, 
  0x72, 0x2f, 0x65, 0x6e, 0x63, 0x5f, 0x73, 0x65, 0x71, 0x5f, 0x67, 0x72, 
  0x75, 0x31, 0x2f, 0x67, 0x72, 0x75, 0x5f, 0x63, 0x65, 0x6c, 0x6c, 0x2f, 
  0x73, 0x70, 0x6c, 0x69, 0x74, 0x5f, 0x36, 0x3b, 0x73, 0x61, 0x66, 0x65, 
  0x62, 0x61, 0x6e, 0x64, 0x5f, 0x76, 0x32, 0x5f, 0x64, 0x65, 0x70, 0x6c, 
  0x6f, 0x79, 0x6d, 0x65, 0x6e, 0x74, 0x2f, 0x6d, 0x6f, 0x74, 0x69, 0x6f, 
  0x6e, 0x5f, 0x65, 0x6e, 0x63, 0x6f, 0x64, 0x65, 0x72, 0x2f, 0x65, 0x6e, 
  0x63, 0x5f, 0x73, 0x65, 0x71, 0x5f, 0x67, 0x72, 0x75, 0x31, 0x2f, 0x67, 
  0x72, 0x75, 0x5f, 0x63, 0x65, 0x6c, 0x6c, 0x2f, 0x73, 0x70, 0x6c, 0x69, 
  0x74, 0x5f, 0x36, 0x31, 0x3b, 0x73, 0x61, 0x66, 0x65, 0x62, 0x61, 0x6e, 
  0x64, 0x5f, 0x76, 0x32, 0x5f, 0x64, 0x65, 0x70, 0x6c, 0x6f, 0x79, 0x6d, 
  0x65, 0x6e, 0x74, 0x2f, 0x6d, 0x6f, 0x74, 0x69, 0x6f, 0x6e, 0x5f, 0x65, 
  0x6e, 0x63, 0x6f, 0x64, 0x65, 0x72, 0x2f, 0x65, 0x6e, 0x63, 0x5f, 0x73, 
  0x65, 0x71, 0x5f, 0x67, 0x72, 0x75, 0x31, 0x2f, 0x67, 0x72, 0x75, 0x5f, 
  0x63, 0x65, 0x6c, 0x6c, 0x2f, 0x73, 0x70, 0x6c, 0x69, 0x74, 0x5f, 0x36, 
  0x32, 0x31, 0x00, 0x00, 0x02, 0x00, 0x00, 0x00, 0x01, 0x00, 0x00, 0x00, 
  0x08, 0x00, 0x00, 0x00, 0xd6, 0x6e, 0xff, 0xff, 0x00, 0x00, 0x00, 0x01, 
  0x18, 0x00, 0x00, 0x00, 0x20, 0x00, 0x00, 0x00, 0x40, 0x00, 0x00, 0x00, 
  0xb7, 0x00, 0x00, 0x00, 0x00, 0x00, 0x00, 0x09, 0x08, 0x01, 0x00, 0x00, 
  0x02, 0x00, 0x00, 0x00, 0xff, 0xff, 0xff, 0xff, 0x08, 0x00, 0x00, 0x00, 
  0xbc, 0x6e, 0xff, 0xff, 0x08, 0x00, 0x00, 0x00, 0x14, 0x00, 0x00, 0x00, 
  0x01, 0x00, 0x00, 0x00, 0xd8, 0xff, 0xff, 0xff, 0xff, 0xff, 0xff, 0xff, 
  0x00, 0x00, 0x00, 0x00, 0x01, 0x00, 0x00, 0x00, 0x88, 0x30, 0xac, 0x3b, 
  0xcd, 0x00, 0x00, 0x00, 0x73, 0x61, 0x66, 0x65, 0x62, 0x61, 0x6e, 0x64, 
  0x5f, 0x76, 0x32, 0x5f, 0x64, 0x65, 0x70, 0x6c, 0x6f, 0x79, 0x6d, 0x65, 
  0x6e, 0x74, 0x2f, 0x6d, 0x6f, 0x74, 0x69, 0x6f, 0x6e, 0x5f, 0x65, 0x6e, 
  0x63, 0x6f, 0x64, 0x65, 0x72, 0x2f, 0x65, 0x6e, 0x63, 0x5f, 0x73, 0x65, 
  0x71, 0x5f, 0x67, 0x72, 0x75, 0x31, 0x2f, 0x67, 0x72, 0x75, 0x5f, 0x63, 
  0x65, 0x6c, 0x6c, 0x2f, 0x73, 0x70, 0x6c, 0x69, 0x74, 0x5f, 0x36, 0x3b, 
  0x73, 0x61, 0x66, 0x65, 0x62, 0x61, 0x6e, 0x64, 0x5f, 0x76, 0x32, 0x5f, 
  0x64, 0x65, 0x70, 0x6c, 0x6f, 0x79, 0x6d, 0x65, 0x6e, 0x74, 0x2f, 0x6d, 
  0x6f, 0x74, 0x69, 0x6f, 0x6e, 0x5f, 0x65, 0x6e, 0x63, 0x6f, 0x64, 0x65, 
  0x72, 0x2f, 0x65, 0x6e, 0x63, 0x5f, 0x73, 0x65, 0x71, 0x5f, 0x67, 0x72, 
  0x75, 0x31, 0x2f, 0x67, 0x72, 0x75, 0x5f, 0x63, 0x65, 0x6c, 0x6c, 0x2f, 
  0x73, 0x70, 0x6c, 0x69, 0x74, 0x5f, 0x36, 0x31, 0x3b, 0x73, 0x61, 0x66, 
  0x65, 0x62, 0x61, 0x6e, 0x64, 0x5f, 0x76, 0x32, 0x5f, 0x64, 0x65, 0x70, 
  0x6c, 0x6f, 0x79, 0x6d, 0x65, 0x6e, 0x74, 0x2f, 0x6d, 0x6f, 0x74, 0x69, 
  0x6f, 0x6e, 0x5f, 0x65, 0x6e, 0x63, 0x6f, 0x64, 0x65, 0x72, 0x2f, 0x65, 
  0x6e, 0x63, 0x5f, 0x73, 0x65, 0x71, 0x5f, 0x67, 0x72, 0x75, 0x31, 0x2f, 
  0x67, 0x72, 0x75, 0x5f, 0x63, 0x65, 0x6c, 0x6c, 0x2f, 0x73, 0x70, 0x6c, 
  0x69, 0x74, 0x5f, 0x36, 0x32, 0x00, 0x00, 0x00, 0x02, 0x00, 0x00, 0x00, 
  0x01, 0x00, 0x00, 0x00, 0x08, 0x00, 0x00, 0x00, 0x06, 0x70, 0xff, 0xff, 
  0x00, 0x00, 0x00, 0x01, 0x18, 0x00, 0x00, 0x00, 0x20, 0x00, 0x00, 0x00, 
  0x3c, 0x00, 0x00, 0x00, 0xb6, 0x00, 0x00, 0x00, 0x00, 0x00, 0x00, 0x09, 
  0xc0, 0x00, 0x00, 0x00, 0x02, 0x00, 0x00, 0x00, 0xff, 0xff, 0xff, 0xff, 
  0x18, 0x00, 0x00, 0x00, 0xec, 0x6f, 0xff, 0xff, 0x08, 0x00, 0x00, 0x00, 
  0x10, 0x00, 0x00, 0x00, 0x01, 0x00, 0x00, 0x00, 0xd8, 0xff, 0xff, 0xff, 
  0xff, 0xff, 0xff, 0xff, 0x01, 0x00, 0x00, 0x00, 0x88, 0x30, 0xac, 0x3b, 
  0x8a, 0x00, 0x00, 0x00, 0x73, 0x61, 0x66, 0x65, 0x62, 0x61, 0x6e, 0x64, 
  0x5f, 0x76, 0x32, 0x5f, 0x64, 0x65, 0x70, 0x6c, 0x6f, 0x79, 0x6d, 0x65, 
  0x6e, 0x74, 0x2f, 0x6d, 0x6f, 0x74, 0x69, 0x6f, 0x6e, 0x5f, 0x65, 0x6e, 
  0x63, 0x6f, 0x64, 0x65, 0x72, 0x2f, 0x65, 0x6e, 0x63, 0x5f, 0x73, 0x65, 
  0x71, 0x5f, 0x67, 0x72, 0x75, 0x31, 0x2f, 0x67, 0x72, 0x75, 0x5f, 0x63, 
  0x65, 0x6c, 0x6c, 0x2f, 0x4d, 0x61, 0x74, 0x4d, 0x75, 0x6c, 0x5f, 0x36, 
  0x3b, 0x73, 0x61, 0x66, 0x65, 0x62, 0x61, 0x6e, 0x64, 0x5f, 0x76, 0x32, 
  0x5f, 0x64, 0x65, 0x70, 0x6c, 0x6f, 0x79, 0x6d, 0x65, 0x6e, 0x74, 0x2f, 
  0x6d, 0x6f, 0x74, 0x69, 0x6f, 0x6e, 0x5f, 0x65, 0x6e, 0x63, 0x6f, 0x64, 
  0x65, 0x72, 0x2f, 0x65, 0x6e, 0x63, 0x5f, 0x73, 0x65, 0x71, 0x5f, 0x67, 
  0x72, 0x75, 0x31, 0x2f, 0x67, 0x72, 0x75, 0x5f, 0x63, 0x65, 0x6c, 0x6c, 
  0x2f, 0x42, 0x69, 0x61, 0x73, 0x41, 0x64, 0x64, 0x5f, 0x36, 0x00, 0x00, 
  0x02, 0x00, 0x00, 0x00, 0x01, 0x00, 0x00, 0x00, 0x18, 0x00, 0x00, 0x00, 
  0xee, 0x70, 0xff, 0xff, 0x00, 0x00, 0x00, 0x01, 0x18, 0x00, 0x00, 0x00, 
  0x20, 0x00, 0x00, 0x00, 0x40, 0x00, 0x00, 0x00, 0xb5, 0x00, 0x00, 0x00, 
  0x00, 0x00, 0x00, 0x09, 0x08, 0x01, 0x00, 0x00, 0x02, 0x00, 0x00, 0x00, 
  0xff, 0xff, 0xff, 0xff, 0x08, 0x00, 0x00, 0x00, 0xd4, 0x70, 0xff, 0xff, 
  0x08, 0x00, 0x00, 0x00, 0x14, 0x00, 0x00, 0x00, 0x01, 0x00, 0x00, 0x00, 
  0x00, 0x00, 0x00, 0x00, 0x00, 0x00, 0x00, 0x00, 0x00, 0x00, 0x00, 0x00, 
  0x01, 0x00, 0x00, 0x00, 0x1d, 0xb7, 0x87, 0x3b, 0xce, 0x00, 0x00, 0x00, 
  0x73, 0x61, 0x66, 0x65, 0x62, 0x61, 0x6e, 0x64, 0x5f, 0x76, 0x32, 0x5f, 
  0x64, 0x65, 0x70, 0x6c, 0x6f, 0x79, 0x6d, 0x65, 0x6e, 0x74, 0x2f, 0x6d, 
  0x6f, 0x74, 0x69, 0x6f, 0x6e, 0x5f, 0x65, 0x6e, 0x63, 0x6f, 0x64, 0x65, 
  0x72, 0x2f, 0x65, 0x6e, 0x63, 0x5f, 0x73, 0x65, 0x71, 0x5f, 0x67, 0x72, 
  0x75, 0x31, 0x2f, 0x67, 0x72, 0x75, 0x5f, 0x63, 0x65, 0x6c, 0x6c, 0x2f, 
  0x73, 0x70, 0x6c, 0x69, 0x74, 0x5f, 0x37, 0x3b, 0x73, 0x61, 0x66, 0x65, 
  0x62, 0x61, 0x6e, 0x64, 0x5f, 0x76, 0x32, 0x5f, 0x64, 0x65, 0x70, 0x6c, 
  0x6f, 0x79, 0x6d, 0x65, 0x6e, 0x74, 0x2f, 0x6d, 0x6f, 0x74, 0x69, 0x6f, 
  0x6e, 0x5f, 0x65, 0x6e, 0x63, 0x6f, 0x64, 0x65, 0x72, 0x2f, 0x65, 0x6e, 
  0x63, 0x5f, 0x73, 0x65, 0x71, 0x5f, 0x67, 0x72, 0x75, 0x31, 0x2f, 0x67, 
  0x72, 0x75, 0x5f, 0x63, 0x65, 0x6c, 0x6c, 0x2f, 0x73, 0x70, 0x6c, 0x69, 
  0x74, 0x5f, 0x37, 0x31, 0x3b, 0x73, 0x61, 0x66, 0x65, 0x62, 0x61, 0x6e, 
  0x64, 0x5f, 0x76, 0x32, 0x5f, 0x64, 0x65, 0x70, 0x6c, 0x6f, 0x79, 0x6d, 
  0x65, 0x6e, 0x74, 0x2f, 0x6d, 0x6f, 0x74, 0x69, 0x6f, 0x6e, 0x5f, 0x65, 
  0x6e, 0x63, 0x6f, 0x64, 0x65, 0x72, 0x2f, 0x65, 0x6e, 0x63, 0x5f, 0x73, 
  0x65, 0x71, 0x5f, 0x67, 0x72, 0x75, 0x31, 0x2f, 0x67, 0x72, 0x75, 0x5f, 
  0x63, 0x65, 0x6c, 0x6c, 0x2f, 0x73, 0x70, 0x6c, 0x69, 0x74, 0x5f, 0x37, 
  0x32, 0x32, 0x00, 0x00, 0x02, 0x00, 0x00, 0x00, 0x01, 0x00, 0x00, 0x00, 
  0x08, 0x00, 0x00, 0x00, 0x1e, 0x72, 0xff, 0xff, 0x00, 0x00, 0x00, 0x01, 
  0x18, 0x00, 0x00, 0x00, 0x20, 0x00, 0x00, 0x00, 0x40, 0x00, 0x00, 0x00, 
  0xb4, 0x00, 0x00, 0x00, 0x00, 0x00, 0x00, 0x09, 0x08, 0x01, 0x00, 0x00, 
  0x02, 0x00, 0x00, 0x00, 0xff, 0xff, 0xff, 0xff, 0x08, 0x00, 0x00, 0x00, 
  0x04, 0x72, 0xff, 0xff, 0x08, 0x00, 0x00, 0x00, 0x14, 0x00, 0x00, 0x00, 
  0x01, 0x00, 0x00, 0x00, 0x00, 0x00, 0x00, 0x00, 0x00, 0x00, 0x00, 0x00, 
  0x00, 0x00, 0x00, 0x00, 0x01, 0x00, 0x00, 0x00, 0x1d, 0xb7, 0x87, 0x3b, 
  0xce, 0x00, 0x00, 0x00, 0x73, 0x61, 0x66, 0x65, 0x62, 0x61, 0x6e, 0x64, 
  0x5f, 0x76, 0x32, 0x5f, 0x64, 0x65, 0x70, 0x6c, 0x6f, 0x79, 0x6d, 0x65, 
  0x6e, 0x74, 0x2f, 0x6d, 0x6f, 0x74, 0x69, 0x6f, 0x6e, 0x5f, 0x65, 0x6e, 
  0x63, 0x6f, 0x64, 0x65, 0x72, 0x2f, 0x65, 0x6e, 0x63, 0x5f, 0x73, 0x65, 
  0x71, 0x5f, 0x67, 0x72, 0x75, 0x31, 0x2f, 0x67, 0x72, 0x75, 0x5f, 0x63, 
  0x65, 0x6c, 0x6c, 0x2f, 0x73, 0x70, 0x6c, 0x69, 0x74, 0x5f, 0x37, 0x3b, 
  0x73, 0x61, 0x66, 0x65, 0x62, 0x61, 0x6e, 0x64, 0x5f, 0x76, 0x32, 0x5f, 
  0x64, 0x65, 0x70, 0x6c, 0x6f, 0x79, 0x6d, 0x65, 0x6e, 0x74, 0x2f, 0x6d, 
  0x6f, 0x74, 0x69, 0x6f, 0x6e, 0x5f, 0x65, 0x6e, 0x63, 0x6f, 0x64, 0x65, 
  0x72, 0x2f, 0x65, 0x6e, 0x63, 0x5f, 0x73, 0x65, 0x71, 0x5f, 0x67, 0x72, 
  0x75, 0x31, 0x2f, 0x67, 0x72, 0x75, 0x5f, 0x63, 0x65, 0x6c, 0x6c, 0x2f, 
  0x73, 0x70, 0x6c, 0x69, 0x74, 0x5f, 0x37, 0x31, 0x3b, 0x73, 0x61, 0x66, 
  0x65, 0x62, 0x61, 0x6e, 0x64, 0x5f, 0x76, 0x32, 0x5f, 0x64, 0x65, 0x70, 
  0x6c, 0x6f, 0x79, 0x6d, 0x65, 0x6e, 0x74, 0x2f, 0x6d, 0x6f, 0x74, 0x69, 
  0x6f, 0x6e, 0x5f, 0x65, 0x6e, 0x63, 0x6f, 0x64, 0x65, 0x72, 0x2f, 0x65, 
  0x6e, 0x63, 0x5f, 0x73, 0x65, 0x71, 0x5f, 0x67, 0x72, 0x75, 0x31, 0x2f, 
  0x67, 0x72, 0x75, 0x5f, 0x63, 0x65, 0x6c, 0x6c, 0x2f, 0x73, 0x70, 0x6c, 
  0x69, 0x74, 0x5f, 0x37, 0x32, 0x31, 0x00, 0x00, 0x02, 0x00, 0x00, 0x00, 
  0x01, 0x00, 0x00, 0x00, 0x08, 0x00, 0x00, 0x00, 0x4e, 0x73, 0xff, 0xff, 
  0x00, 0x00, 0x00, 0x01, 0x18, 0x00, 0x00, 0x00, 0x20, 0x00, 0x00, 0x00, 
  0x40, 0x00, 0x00, 0x00, 0xb3, 0x00, 0x00, 0x00, 0x00, 0x00, 0x00, 0x09, 
  0x08, 0x01, 0x00, 0x00, 0x02, 0x00, 0x00, 0x00, 0xff, 0xff, 0xff, 0xff, 
  0x08, 0x00, 0x00, 0x00, 0x34, 0x73, 0xff, 0xff, 0x08, 0x00, 0x00, 0x00, 
  0x14, 0x00, 0x00, 0x00, 0x01, 0x00, 0x00, 0x00, 0x00, 0x00, 0x00, 0x00, 
  0x00, 0x00, 0x00, 0x00, 0x00, 0x00, 0x00, 0x00, 0x01, 0x00, 0x00, 0x00, 
  0x1d, 0xb7, 0x87, 0x3b, 0xcd, 0x00, 0x00, 0x00, 0x73, 0x61, 0x66, 0x65, 
  0x62, 0x61, 0x6e, 0x64, 0x5f, 0x76, 0x32, 0x5f, 0x64, 0x65, 0x70, 0x6c, 
  0x6f, 0x79, 0x6d, 0x65, 0x6e, 0x74, 0x2f, 0x6d, 0x6f, 0x74, 0x69, 0x6f, 
  0x6e, 0x5f, 0x65, 0x6e, 0x63, 0x6f, 0x64, 0x65, 0x72, 0x2f, 0x65, 0x6e, 
  0x63, 0x5f, 0x73, 0x65, 0x71, 0x5f, 0x67, 0x72, 0x75, 0x31, 0x2f, 0x67, 
  0x72, 0x75, 0x5f, 0x63, 0x65, 0x6c, 0x6c, 0x2f, 0x73, 0x70, 0x6c, 0x69, 
  0x74, 0x5f, 0x37, 0x3b, 0x73, 0x61, 0x66, 0x65, 0x62, 0x61, 0x6e, 0x64, 
  0x5f, 0x76, 0x32, 0x5f, 0x64, 0x65, 0x70, 0x6c, 0x6f, 0x79, 0x6d, 0x65, 
  0x6e, 0x74, 0x2f, 0x6d, 0x6f, 0x74, 0x69, 0x6f, 0x6e, 0x5f, 0x65, 0x6e, 
  0x63, 0x6f, 0x64, 0x65, 0x72, 0x2f, 0x65, 0x6e, 0x63, 0x5f, 0x73, 0x65, 
  0x71, 0x5f, 0x67, 0x72, 0x75, 0x31, 0x2f, 0x67, 0x72, 0x75, 0x5f, 0x63, 
  0x65, 0x6c, 0x6c, 0x2f, 0x73, 0x70, 0x6c, 0x69, 0x74, 0x5f, 0x37, 0x31, 
  0x3b, 0x73, 0x61, 0x66, 0x65, 0x62, 0x61, 0x6e, 0x64, 0x5f, 0x76, 0x32, 
  0x5f, 0x64, 0x65, 0x70, 0x6c, 0x6f, 0x79, 0x6d, 0x65, 0x6e, 0x74, 0x2f, 
  0x6d, 0x6f, 0x74, 0x69, 0x6f, 0x6e, 0x5f, 0x65, 0x6e, 0x63, 0x6f, 0x64, 
  0x65, 0x72, 0x2f, 0x65, 0x6e, 0x63, 0x5f, 0x73, 0x65, 0x71, 0x5f, 0x67, 
  0x72, 0x75, 0x31, 0x2f, 0x67, 0x72, 0x75, 0x5f, 0x63, 0x65, 0x6c, 0x6c, 
  0x2f, 0x73, 0x70, 0x6c, 0x69, 0x74, 0x5f, 0x37, 0x32, 0x00, 0x00, 0x00, 
  0x02, 0x00, 0x00, 0x00, 0x01, 0x00, 0x00, 0x00, 0x08, 0x00, 0x00, 0x00, 
  0x7e, 0x74, 0xff, 0xff, 0x00, 0x00, 0x00, 0x01, 0x18, 0x00, 0x00, 0x00, 
  0x20, 0x00, 0x00, 0x00, 0x3c, 0x00, 0x00, 0x00, 0xb2, 0x00, 0x00, 0x00, 
  0x00, 0x00, 0x00, 0x09, 0xc0, 0x00, 0x00, 0x00, 0x02, 0x00, 0x00, 0x00, 
  0xff, 0xff, 0xff, 0xff, 0x18, 0x00, 0x00, 0x00, 0x64, 0x74, 0xff, 0xff, 
  0x08, 0x00, 0x00, 0x00, 0x10, 0x00, 0x00, 0x00, 0x01, 0x00, 0x00, 0x00, 
  0x00, 0x00, 0x00, 0x00, 0x00, 0x00, 0x00, 0x00, 0x01, 0x00, 0x00, 0x00, 
  0x1d, 0xb7, 0x87, 0x3b, 0x8a, 0x00, 0x00, 0x00, 0x73, 0x61, 0x66, 0x65, 
  0x62, 0x61, 0x6e, 0x64, 0x5f, 0x76, 0x32, 0x5f, 0x64, 0x65, 0x70, 0x6c, 
  0x6f, 0x79, 0x6d, 0x65, 0x6e, 0x74, 0x2f, 0x6d, 0x6f, 0x74, 0x69, 0x6f, 
  0x6e, 0x5f, 0x65, 0x6e, 0x63, 0x6f, 0x64, 0x65, 0x72, 0x2f, 0x65, 0x6e, 
  0x63, 0x5f, 0x73, 0x65, 0x71, 0x5f, 0x67, 0x72, 0x75, 0x31, 0x2f, 0x67, 
  0x72, 0x75, 0x5f, 0x63, 0x65, 0x6c, 0x6c, 0x2f, 0x4d, 0x61, 0x74, 0x4d, 
  0x75, 0x6c, 0x5f, 0x37, 0x3b, 0x73, 0x61, 0x66, 0x65, 0x62, 0x61, 0x6e, 
  0x64, 0x5f, 0x76, 0x32, 0x5f, 0x64, 0x65, 0x70, 0x6c, 0x6f, 0x79, 0x6d, 
  0x65, 0x6e, 0x74, 0x2f, 0x6d, 0x6f, 0x74, 0x69, 0x6f, 0x6e, 0x5f, 0x65, 
  0x6e, 0x63, 0x6f, 0x64, 0x65, 0x72, 0x2f, 0x65, 0x6e, 0x63, 0x5f, 0x73, 
  0x65, 0x71, 0x5f, 0x67, 0x72, 0x75, 0x31, 0x2f, 0x67, 0x72, 0x75, 0x5f, 
  0x63, 0x65, 0x6c, 0x6c, 0x2f, 0x42, 0x69, 0x61, 0x73, 0x41, 0x64, 0x64, 
  0x5f, 0x37, 0x00, 0x00, 0x02, 0x00, 0x00, 0x00, 0x01, 0x00, 0x00, 0x00, 
  0x18, 0x00, 0x00, 0x00, 0x66, 0x75, 0xff, 0xff, 0x00, 0x00, 0x00, 0x01, 
  0x18, 0x00, 0x00, 0x00, 0x20, 0x00, 0x00, 0x00, 0x3c, 0x00, 0x00, 0x00, 
  0xb1, 0x00, 0x00, 0x00, 0x00, 0x00, 0x00, 0x09, 0x78, 0x00, 0x00, 0x00, 
  0x02, 0x00, 0x00, 0x00, 0xff, 0xff, 0xff, 0xff, 0x08, 0x00, 0x00, 0x00, 
  0x4c, 0x75, 0xff, 0xff, 0x08, 0x00, 0x00, 0x00, 0x10, 0x00, 0x00, 0x00, 
  0x01, 0x00, 0x00, 0x00, 0xdd, 0xff, 0xff, 0xff, 0xff, 0xff, 0xff, 0xff, 
  0x01, 0x00, 0x00, 0x00, 0xce, 0x57, 0x94, 0x3a, 0x42, 0x00, 0x00, 0x00, 
  0x73, 0x61, 0x66, 0x65, 0x62, 0x61, 0x6e, 0x64, 0x5f, 0x76, 0x32, 0x5f, 
  0x64, 0x65, 0x70, 0x6c, 0x6f, 0x79, 0x6d, 0x65, 0x6e, 0x74, 0x2f, 0x6d, 
  0x6f, 0x74, 0x69, 0x6f, 0x6e, 0x5f, 0x65, 0x6e, 0x63, 0x6f, 0x64, 0x65, 
  0x72, 0x2f, 0x65, 0x6e, 0x63, 0x5f, 0x73, 0x65, 0x71, 0x5f, 0x67, 0x72, 
  0x75, 0x31, 0x2f, 0x67, 0x72, 0x75, 0x5f, 0x63, 0x65, 0x6c, 0x6c, 0x2f, 
  0x61, 0x64, 0x64, 0x5f, 0x31, 0x31, 0x00, 0x00, 0x02, 0x00, 0x00, 0x00, 
  0x01, 0x00, 0x00, 0x00, 0x08, 0x00, 0x00, 0x00, 0x06, 0x76, 0xff, 0xff, 
  0x00, 0x00, 0x00, 0x01, 0x18, 0x00, 0x00, 0x00, 0x20, 0x00, 0x00, 0x00, 
  0x3c, 0x00, 0x00, 0x00, 0xb0, 0x00, 0x00, 0x00, 0x00, 0x00, 0x00, 0x09, 
  0x78, 0x00, 0x00, 0x00, 0x02, 0x00, 0x00, 0x00, 0xff, 0xff, 0xff, 0xff, 
  0x08, 0x00, 0x00, 0x00, 0xec, 0x75, 0xff, 0xff, 0x08, 0x00, 0x00, 0x00, 
  0x10, 0x00, 0x00, 0x00, 0x01, 0x00, 0x00, 0x00, 0xe2, 0xff, 0xff, 0xff, 
  0xff, 0xff, 0xff, 0xff, 0x01, 0x00, 0x00, 0x00, 0xd1, 0x46, 0x1f, 0x3a, 
  0x41, 0x00, 0x00, 0x00, 0x73, 0x61, 0x66, 0x65, 0x62, 0x61, 0x6e, 0x64, 
  0x5f, 0x76, 0x32, 0x5f, 0x64, 0x65, 0x70, 0x6c, 0x6f, 0x79, 0x6d, 0x65, 
  0x6e, 0x74, 0x2f, 0x6d, 0x6f, 0x74, 0x69, 0x6f, 0x6e, 0x5f, 0x65, 0x6e, 
  0x63, 0x6f, 0x64, 0x65, 0x72, 0x2f, 0x65, 0x6e, 0x63, 0x5f, 0x73, 0x65, 
  0x71, 0x5f, 0x67, 0x72, 0x75, 0x31, 0x2f, 0x67, 0x72, 0x75, 0x5f, 0x63, 
  0x65, 0x6c, 0x6c, 0x2f, 0x6d, 0x75, 0x6c, 0x5f, 0x38, 0x00, 0x00, 0x00, 
  0x02, 0x00, 0x00, 0x00, 0x01, 0x00, 0x00, 0x00, 0x08, 0x00, 0x00, 0x00, 
  0xa6, 0x76, 0xff, 0xff, 0x00, 0x00, 0x00, 0x01, 0x18, 0x00, 0x00, 0x00, 
  0x20, 0x00, 0x00, 0x00, 0x3c, 0x00, 0x00, 0x00, 0xaf, 0x00, 0x00, 0x00, 
  0x00, 0x00, 0x00, 0x09, 0x78, 0x00, 0x00, 0x00, 0x02, 0x00, 0x00, 0x00, 
  0xff, 0xff, 0xff, 0xff, 0x08, 0x00, 0x00, 0x00, 0x8c, 0x76, 0xff, 0xff, 
  0x08, 0x00, 0x00, 0x00, 0x10, 0x00, 0x00, 0x00, 0x01, 0x00, 0x00, 0x00, 
  0x00, 0x00, 0x00, 0x00, 0x00, 0x00, 0x00, 0x00, 0x01, 0x00, 0x00, 0x00, 
  0x00, 0x00, 0x00, 0x3c, 0x42, 0x00, 0x00, 0x00, 0x73, 0x61, 0x66, 0x65, 
  0x62, 0x61, 0x6e, 0x64, 0x5f, 0x76, 0x32, 0x5f, 0x64, 0x65, 0x70, 0x6c, 
  0x6f, 0x79, 0x6d, 0x65, 0x6e, 0x74, 0x2f, 0x6d, 0x6f, 0x74, 0x69, 0x6f, 
  0x6e, 0x5f, 0x65, 0x6e, 0x63, 0x6f, 0x64, 0x65, 0x72, 0x2f, 0x65, 0x6e, 
  0x63, 0x5f, 0x73, 0x65, 0x71, 0x5f, 0x67, 0x72, 0x75, 0x31, 0x2f, 0x67, 
  0x72, 0x75, 0x5f, 0x63, 0x65, 0x6c, 0x6c, 0x2f, 0x54, 0x61, 0x6e, 0x68, 
  0x5f, 0x32, 0x00, 0x00, 0x02, 0x00, 0x00, 0x00, 0x01, 0x00, 0x00, 0x00, 
  0x08, 0x00, 0x00, 0x00, 0x46, 0x77, 0xff, 0xff, 0x00, 0x00, 0x00, 0x01, 
  0x18, 0x00, 0x00, 0x00, 0x20, 0x00, 0x00, 0x00, 0x3c, 0x00, 0x00, 0x00, 
  0xae, 0x00, 0x00, 0x00, 0x00, 0x00, 0x00, 0x09, 0x78, 0x00, 0x00, 0x00, 
  0x02, 0x00, 0x00, 0x00, 0xff, 0xff, 0xff, 0xff, 0x08, 0x00, 0x00, 0x00, 
  0x2c, 0x77, 0xff, 0xff, 0x08, 0x00, 0x00, 0x00, 0x10, 0x00, 0x00, 0x00, 
  0x01, 0x00, 0x00, 0x00, 0xd4, 0xff, 0xff, 0xff, 0xff, 0xff, 0xff, 0xff, 
  0x01, 0x00, 0x00, 0x00, 0x50, 0x7a, 0xae, 0x3a, 0x42, 0x00, 0x00, 0x00, 
  0x73, 0x61, 0x66, 0x65, 0x62, 0x61, 0x6e, 0x64, 0x5f, 0x76, 0x32, 0x5f, 
  0x64, 0x65, 0x70, 0x6c, 0x6f, 0x79, 0x6d, 0x65, 0x6e, 0x74, 0x2f, 0x6d, 
  0x6f, 0x74, 0x69, 0x6f, 0x6e, 0x5f, 0x65, 0x6e, 0x63, 0x6f, 0x64, 0x65, 
  0x72, 0x2f, 0x65, 0x6e, 0x63, 0x5f, 0x73, 0x65, 0x71, 0x5f, 0x67, 0x72, 
  0x75, 0x31, 0x2f, 0x67, 0x72, 0x75, 0x5f, 0x63, 0x65, 0x6c, 0x6c, 0x2f, 
  0x61, 0x64, 0x64, 0x5f, 0x31, 0x30, 0x00, 0x00, 0x02, 0x00, 0x00, 0x00, 
  0x01, 0x00, 0x00, 0x00, 0x08, 0x00, 0x00, 0x00, 0xe6, 0x77, 0xff, 0xff, 
  0x00, 0x00, 0x00, 0x01, 0x18, 0x00, 0x00, 0x00, 0x20, 0x00, 0x00, 0x00, 
  0x3c, 0x00, 0x00, 0x00, 0xad, 0x00, 0x00, 0x00, 0x00, 0x00, 0x00, 0x09, 
  0x78, 0x00, 0x00, 0x00, 0x02, 0x00, 0x00, 0x00, 0xff, 0xff, 0xff, 0xff, 
  0x08, 0x00, 0x00, 0x00, 0xcc, 0x77, 0xff, 0xff, 0x08, 0x00, 0x00, 0x00, 
  0x10, 0x00, 0x00, 0x00, 0x01, 0x00, 0x00, 0x00, 0x07, 0x00, 0x00, 0x00, 
  0x00, 0x00, 0x00, 0x00, 0x01, 0x00, 0x00, 0x00, 0x41, 0xe1, 0xa9, 0x39, 
  0x41, 0x00, 0x00, 0x00, 0x73, 0x61, 0x66, 0x65, 0x62, 0x61, 0x6e, 0x64, 
  0x5f, 0x76, 0x32, 0x5f, 0x64, 0x65, 0x70, 0x6c, 0x6f, 0x79, 0x6d, 0x65, 
  0x6e, 0x74, 0x2f, 0x6d, 0x6f, 0x74, 0x69, 0x6f, 0x6e, 0x5f, 0x65, 0x6e, 
  0x63, 0x6f, 0x64, 0x65, 0x72, 0x2f, 0x65, 0x6e, 0x63, 0x5f, 0x73, 0x65, 
  0x71, 0x5f, 0x67, 0x72, 0x75, 0x31, 0x2f, 0x67, 0x72, 0x75, 0x5f, 0x63, 
  0x65, 0x6c, 0x6c, 0x2f, 0x6d, 0x75, 0x6c, 0x5f, 0x36, 0x00, 0x00, 0x00, 
  0x02, 0x00, 0x00, 0x00, 0x01, 0x00, 0x00, 0x00, 0x08, 0x00, 0x00, 0x00, 
  0x86, 0x78, 0xff, 0xff, 0x00, 0x00, 0x00, 0x01, 0x18, 0x00, 0x00, 0x00, 
  0x20, 0x00, 0x00, 0x00, 0x40, 0x00, 0x00, 0x00, 0xac, 0x00, 0x00, 0x00, 
  0x00, 0x00, 0x00, 0x09, 0x80, 0x00, 0x00, 0x00, 0x02, 0x00, 0x00, 0x00, 
  0xff, 0xff, 0xff, 0xff, 0x08, 0x00, 0x00, 0x00, 0x6c, 0x78, 0xff, 0xff, 
  0x08, 0x00, 0x00, 0x00, 0x14, 0x00, 0x00, 0x00, 0x01, 0x00, 0x00, 0x00, 
  0x80, 0xff, 0xff, 0xff, 0xff, 0xff, 0xff, 0xff, 0x00, 0x00, 0x00, 0x00, 
  0x01, 0x00, 0x00, 0x00, 0x00, 0x00, 0x80, 0x3b, 0x45, 0x00, 0x00, 0x00, 
  0x73, 0x61, 0x66, 0x65, 0x62, 0x61, 0x6e, 0x64, 0x5f, 0x76, 0x32, 0x5f, 
  0x64, 0x65, 0x70, 0x6c, 0x6f, 0x79, 0x6d, 0x65, 0x6e, 0x74, 0x2f, 0x6d, 
  0x6f, 0x74, 0x69, 0x6f, 0x6e, 0x5f, 0x65, 0x6e, 0x63, 0x6f, 0x64, 0x65, 
  0x72, 0x2f, 0x65, 0x6e, 0x63, 0x5f, 0x73, 0x65, 0x71, 0x5f, 0x67, 0x72, 
  0x75, 0x31, 0x2f, 0x67, 0x72, 0x75, 0x5f, 0x63, 0x65, 0x6c, 0x6c, 0x2f, 
  0x53, 0x69, 0x67, 0x6d, 0x6f, 0x69, 0x64, 0x5f, 0x35, 0x00, 0x00, 0x00, 
  0x02, 0x00, 0x00, 0x00, 0x01, 0x00, 0x00, 0x00, 0x08, 0x00, 0x00, 0x00, 
  0x2e, 0x79, 0xff, 0xff, 0x00, 0x00, 0x00, 0x01, 0x18, 0x00, 0x00, 0x00, 
  0x20, 0x00, 0x00, 0x00, 0x3c, 0x00, 0x00, 0x00, 0xab, 0x00, 0x00, 0x00, 
  0x00, 0x00, 0x00, 0x09, 0x78, 0x00, 0x00, 0x00, 0x02, 0x00, 0x00, 0x00, 
  0xff, 0xff, 0xff, 0xff, 0x08, 0x00, 0x00, 0x00, 0x14, 0x79, 0xff, 0xff, 
  0x08, 0x00, 0x00, 0x00, 0x10, 0x00, 0x00, 0x00, 0x01, 0x00, 0x00, 0x00, 
  0xd2, 0xff, 0xff, 0xff, 0xff, 0xff, 0xff, 0xff, 0x01, 0x00, 0x00, 0x00, 
  0x38, 0x1f, 0xa9, 0x3b, 0x41, 0x00, 0x00, 0x00, 0x73, 0x61, 0x66, 0x65, 
  0x62, 0x61, 0x6e, 0x64, 0x5f, 0x76, 0x32, 0x5f, 0x64, 0x65, 0x70, 0x6c, 
  0x6f, 0x79, 0x6d, 0x65, 0x6e, 0x74, 0x2f, 0x6d, 0x6f, 0x74, 0x69, 0x6f, 
  0x6e, 0x5f, 0x65, 0x6e, 0x63, 0x6f, 0x64, 0x65, 0x72, 0x2f, 0x65, 0x6e, 
  0x63, 0x5f, 0x73, 0x65, 0x71, 0x5f, 0x67, 0x72, 0x75, 0x31, 0x2f, 0x67, 
  0x72, 0x75, 0x5f, 0x63, 0x65, 0x6c, 0x6c, 0x2f, 0x61, 0x64, 0x64, 0x5f, 
  0x39, 0x00, 0x00, 0x00, 0x02, 0x00, 0x00, 0x00, 0x01, 0x00, 0x00, 0x00, 
  0x08, 0x00, 0x00, 0x00, 0xce, 0x79, 0xff, 0xff, 0x00, 0x00, 0x00, 0x01, 
  0x18, 0x00, 0x00, 0x00, 0x20, 0x00, 0x00, 0x00, 0x3c, 0x00, 0x00, 0x00, 
  0xaa, 0x00, 0x00, 0x00, 0x00, 0x00, 0x00, 0x09, 0x78, 0x00, 0x00, 0x00, 
  0x02, 0x00, 0x00, 0x00, 0xff, 0xff, 0xff, 0xff, 0x08, 0x00, 0x00, 0x00, 
  0xb4, 0x79, 0xff, 0xff, 0x08, 0x00, 0x00, 0x00, 0x10, 0x00, 0x00, 0x00, 
  0x01, 0x00, 0x00, 0x00, 0x80, 0xff, 0xff, 0xff, 0xff, 0xff, 0xff, 0xff, 
  0x01, 0x00, 0x00, 0x00, 0x8f, 0x65, 0x37, 0x3b, 0x41, 0x00, 0x00, 0x00, 
  0x73, 0x61, 0x66, 0x65, 0x62, 0x61, 0x6e, 0x64, 0x5f, 0x76, 0x32, 0x5f, 
  0x64, 0x65, 0x70, 0x6c, 0x6f, 0x79, 0x6d, 0x65, 0x6e, 0x74, 0x2f, 0x6d, 
  0x6f, 0x74, 0x69, 0x6f, 0x6e, 0x5f, 0x65, 0x6e, 0x63, 0x6f, 0x64, 0x65, 
  0x72, 0x2f, 0x65, 0x6e, 0x63, 0x5f, 0x73, 0x65, 0x71, 0x5f, 0x67, 0x72, 
  0x75, 0x31, 0x2f, 0x67, 0x72, 0x75, 0x5f, 0x63, 0x65, 0x6c, 0x6c, 0x2f, 
  0x73, 0x75, 0x62, 0x5f, 0x32, 0x00, 0x00, 0x00, 0x02, 0x00, 0x00, 0x00, 
  0x01, 0x00, 0x00, 0x00, 0x08, 0x00, 0x00, 0x00, 0x6e, 0x7a, 0xff, 0xff, 
  0x00, 0x00, 0x00, 0x01, 0x18, 0x00, 0x00, 0x00, 0x20, 0x00, 0x00, 0x00, 
  0x3c, 0x00, 0x00, 0x00, 0xa9, 0x00, 0x00, 0x00, 0x00, 0x00, 0x00, 0x09, 
  0x78, 0x00, 0x00, 0x00, 0x02, 0x00, 0x00, 0x00, 0xff, 0xff, 0xff, 0xff, 
  0x08, 0x00, 0x00, 0x00, 0x54, 0x7a, 0xff, 0xff, 0x08, 0x00, 0x00, 0x00, 
  0x10, 0x00, 0x00, 0x00, 0x01, 0x00, 0x00, 0x00, 0xca, 0xff, 0xff, 0xff, 
  0xff, 0xff, 0xff, 0xff, 0x01, 0x00, 0x00, 0x00, 0x69, 0x4c, 0xe5, 0x39, 
  0x41, 0x00, 0x00, 0x00, 0x73, 0x61, 0x66, 0x65, 0x62, 0x61, 0x6e, 0x64, 
  0x5f, 0x76, 0x32, 0x5f, 0x64, 0x65, 0x70, 0x6c, 0x6f, 0x79, 0x6d, 0x65, 
  0x6e, 0x74, 0x2f, 0x6d, 0x6f, 0x74, 0x69, 0x6f, 0x6e, 0x5f, 0x65, 0x6e, 
  0x63, 0x6f, 0x64, 0x65, 0x72, 0x2f, 0x65, 0x6e, 0x63, 0x5f, 0x73, 0x65, 
  0x71, 0x5f, 0x67, 0x72, 0x75, 0x31, 0x2f, 0x67, 0x72, 0x75, 0x5f, 0x63, 
  0x65, 0x6c, 0x6c, 0x2f, 0x6d, 0x75, 0x6c, 0x5f, 0x37, 0x00, 0x00, 0x00, 
  0x02, 0x00, 0x00, 0x00, 0x01, 0x00, 0x00, 0x00, 0x08, 0x00, 0x00, 0x00, 
  0x0e, 0x7b, 0xff, 0xff, 0x00, 0x00, 0x00, 0x01, 0x18, 0x00, 0x00, 0x00, 
  0x20, 0x00, 0x00, 0x00, 0x40, 0x00, 0x00, 0x00, 0xa8, 0x00, 0x00, 0x00, 
  0x00, 0x00, 0x00, 0x09, 0x80, 0x00, 0x00, 0x00, 0x02, 0x00, 0x00, 0x00, 
  0xff, 0xff, 0xff, 0xff, 0x08, 0x00, 0x00, 0x00, 0xf4, 0x7a, 0xff, 0xff, 
  0x08, 0x00, 0x00, 0x00, 0x14, 0x00, 0x00, 0x00, 0x01, 0x00, 0x00, 0x00, 
  0x80, 0xff, 0xff, 0xff, 0xff, 0xff, 0xff, 0xff, 0x00, 0x00, 0x00, 0x00, 
  0x01, 0x00, 0x00, 0x00, 0x00, 0x00, 0x80, 0x3b, 0x45, 0x00, 0x00, 0x00, 
  0x73, 0x61, 0x66, 0x65, 0x62, 0x61, 0x6e, 0x64, 0x5f, 0x76, 0x32, 0x5f, 
  0x64, 0x65, 0x70, 0x6c, 0x6f, 0x79, 0x6d, 0x65, 0x6e, 0x74, 0x2f, 0x6d, 
  0x6f, 0x74, 0x69, 0x6f, 0x6e, 0x5f, 0x65, 0x6e, 0x63, 0x6f, 0x64, 0x65, 
  0x72, 0x2f, 0x65, 0x6e, 0x63, 0x5f, 0x73, 0x65, 0x71, 0x5f, 0x67, 0x72, 
  0x75, 0x31, 0x2f, 0x67, 0x72, 0x75, 0x5f, 0x63, 0x65, 0x6c, 0x6c, 0x2f, 
  0x53, 0x69, 0x67, 0x6d, 0x6f, 0x69, 0x64, 0x5f, 0x34, 0x00, 0x00, 0x00, 
  0x02, 0x00, 0x00, 0x00, 0x01, 0x00, 0x00, 0x00, 0x08, 0x00, 0x00, 0x00, 
  0xb6, 0x7b, 0xff, 0xff, 0x00, 0x00, 0x00, 0x01, 0x18, 0x00, 0x00, 0x00, 
  0x20, 0x00, 0x00, 0x00, 0x3c, 0x00, 0x00, 0x00, 0xa7, 0x00, 0x00, 0x00, 
  0x00, 0x00, 0x00, 0x09, 0x78, 0x00, 0x00, 0x00, 0x02, 0x00, 0x00, 0x00, 
  0xff, 0xff, 0xff, 0xff, 0x08, 0x00, 0x00, 0x00, 0x9c, 0x7b, 0xff, 0xff, 
  0x08, 0x00, 0x00, 0x00, 0x10, 0x00, 0x00, 0x00, 0x01, 0x00, 0x00, 0x00, 
  0xe7, 0xff, 0xff, 0xff, 0xff, 0xff, 0xff, 0xff, 0x01, 0x00, 0x00, 0x00, 
  0x52, 0x0b, 0x11, 0x3c, 0x41, 0x00, 0x00, 0x00, 0x73, 0x61, 0x66, 0x65, 
  0x62, 0x61, 0x6e, 0x64, 0x5f, 0x76, 0x32, 0x5f, 0x64, 0x65, 0x70, 0x6c, 
  0x6f, 0x79, 0x6d, 0x65, 0x6e, 0x74, 0x2f, 0x6d, 0x6f, 0x74, 0x69, 0x6f, 
  0x6e, 0x5f, 0x65, 0x6e, 0x63, 0x6f, 0x64, 0x65, 0x72, 0x2f, 0x65, 0x6e, 
  0x63, 0x5f, 0x73, 0x65, 0x71, 0x5f, 0x67, 0x72, 0x75, 0x31, 0x2f, 0x67, 
  0x72, 0x75, 0x5f, 0x63, 0x65, 0x6c, 0x6c, 0x2f, 0x61, 0x64, 0x64, 0x5f, 
  0x38, 0x00, 0x00, 0x00, 0x02, 0x00, 0x00, 0x00, 0x01, 0x00, 0x00, 0x00, 
  0x08, 0x00, 0x00, 0x00, 0x56, 0x7c, 0xff, 0xff, 0x00, 0x00, 0x00, 0x01, 
  0x18, 0x00, 0x00, 0x00, 0x20, 0x00, 0x00, 0x00, 0x40, 0x00, 0x00, 0x00, 
  0xa6, 0x00, 0x00, 0x00, 0x00, 0x00, 0x00, 0x09, 0x08, 0x01, 0x00, 0x00, 
  0x02, 0x00, 0x00, 0x00, 0xff, 0xff, 0xff, 0xff, 0x08, 0x00, 0x00, 0x00, 
  0x3c, 0x7c, 0xff, 0xff, 0x08, 0x00, 0x00, 0x00, 0x14, 0x00, 0x00, 0x00, 
  0x01, 0x00, 0x00, 0x00, 0xd9, 0xff, 0xff, 0xff, 0xff, 0xff, 0xff, 0xff, 
  0x00, 0x00, 0x00, 0x00, 0x01, 0x00, 0x00, 0x00, 0x10, 0x5d, 0xab, 0x3b, 
  0xce, 0x00, 0x00, 0x00, 0x73, 0x61, 0x66, 0x65, 0x62, 0x61, 0x6e, 0x64, 
  0x5f, 0x76, 0x32, 0x5f, 0x64, 0x65, 0x70, 0x6c, 0x6f, 0x79, 0x6d, 0x65, 
  0x6e, 0x74, 0x2f, 0x6d, 0x6f, 0x74, 0x69, 0x6f, 0x6e, 0x5f, 0x65, 0x6e, 
  0x63, 0x6f, 0x64, 0x65, 0x72, 0x2f, 0x65, 0x6e, 0x63, 0x5f, 0x73, 0x65, 
  0x71, 0x5f, 0x67, 0x72, 0x75, 0x31, 0x2f, 0x67, 0x72, 0x75, 0x5f, 0x63, 
  0x65, 0x6c, 0x6c, 0x2f, 0x73, 0x70, 0x6c, 0x69, 0x74, 0x5f, 0x34, 0x3b, 
  0x73, 0x61, 0x66, 0x65, 0x62, 0x61, 0x6e, 0x64, 0x5f, 0x76, 0x32, 0x5f, 
  0x64, 0x65, 0x70, 0x6c, 0x6f, 0x79, 0x6d, 0x65, 0x6e, 0x74, 0x2f, 0x6d, 
  0x6f, 0x74, 0x69, 0x6f, 0x6e, 0x5f, 0x65, 0x6e, 0x63, 0x6f, 0x64, 0x65, 
  0x72, 0x2f, 0x65, 0x6e, 0x63, 0x5f, 0x73, 0x65, 0x71, 0x5f, 0x67, 0x72, 
  0x75, 0x31, 0x2f, 0x67, 0x72, 0x75, 0x5f, 0x63, 0x65, 0x6c, 0x6c, 0x2f, 
  0x73, 0x70, 0x6c, 0x69, 0x74, 0x5f, 0x34, 0x31, 0x3b, 0x73, 0x61, 0x66, 
  0x65, 0x62, 0x61, 0x6e, 0x64, 0x5f, 0x76, 0x32, 0x5f, 0x64, 0x65, 0x70, 
  0x6c, 0x6f, 0x79, 0x6d, 0x65, 0x6e, 0x74, 0x2f, 0x6d, 0x6f, 0x74, 0x69, 
  0x6f, 0x6e, 0x5f, 0x65, 0x6e, 0x63, 0x6f, 0x64, 0x65, 0x72, 0x2f, 0x65, 
  0x6e, 0x63, 0x5f, 0x73, 0x65, 0x71, 0x5f, 0x67, 0x72, 0x75, 0x31, 0x2f, 
  0x67, 0x72, 0x75, 0x5f, 0x63, 0x65, 0x6c, 0x6c, 0x2f, 0x73, 0x70, 0x6c, 
  0x69, 0x74, 0x5f, 0x34, 0x32, 0x32, 0x00, 0x00, 0x02, 0x00, 0x00, 0x00, 
  0x01, 0x00, 0x00, 0x00, 0x08, 0x00, 0x00, 0x00, 0x86, 0x7d, 0xff, 0xff, 
  0x00, 0x00, 0x00, 0x01, 0x18, 0x00, 0x00, 0x00, 0x20, 0x00, 0x00, 0x00, 
  0x40, 0x00, 0x00, 0x00, 0xa5, 0x00, 0x00, 0x00, 0x00, 0x00, 0x00, 0x09, 
  0x08, 0x01, 0x00, 0x00, 0x02, 0x00, 0x00, 0x00, 0xff, 0xff, 0xff, 0xff, 
  0x08, 0x00, 0x00, 0x00, 0x6c, 0x7d, 0xff, 0xff, 0x08, 0x00, 0x00, 0x00, 
  0x14, 0x00, 0x00, 0x00, 0x01, 0x00, 0x00, 0x00, 0xd9, 0xff, 0xff, 0xff, 
  0xff, 0xff, 0xff, 0xff, 0x00, 0x00, 0x00, 0x00, 0x01, 0x00, 0x00, 0x00, 
  0x10, 0x5d, 0xab, 0x3b, 0xce, 0x00, 0x00, 0x00, 0x73, 0x61, 0x66, 0x65, 
  0x62, 0x61, 0x6e, 0x64, 0x5f, 0x76, 0x32, 0x5f, 0x64, 0x65, 0x70, 0x6c, 
  0x6f, 0x79, 0x6d, 0x65, 0x6e, 0x74, 0x2f, 0x6d, 0x6f, 0x74, 0x69, 0x6f, 
  0x6e, 0x5f, 0x65, 0x6e, 0x63, 0x6f, 0x64, 0x65, 0x72, 0x2f, 0x65, 0x6e, 
  0x63, 0x5f, 0x73, 0x65, 0x71, 0x5f, 0x67, 0x72, 0x75, 0x31, 0x2f, 0x67, 
  0x72, 0x75, 0x5f, 0x63, 0x65, 0x6c, 0x6c, 0x2f, 0x73, 0x70, 0x6c, 0x69, 
  0x74, 0x5f, 0x34, 0x3b, 0x73, 0x61, 0x66, 0x65, 0x62, 0x61, 0x6e, 0x64, 
  0x5f, 0x76, 0x32, 0x5f, 0x64, 0x65, 0x70, 0x6c, 0x6f, 0x79, 0x6d, 0x65, 
  0x6e, 0x74, 0x2f, 0x6d, 0x6f, 0x74, 0x69, 0x6f, 0x6e, 0x5f, 0x65, 0x6e, 
  0x63, 0x6f, 0x64, 0x65, 0x72, 0x2f, 0x65, 0x6e, 0x63, 0x5f, 0x73, 0x65, 
  0x71, 0x5f, 0x67, 0x72, 0x75, 0x31, 0x2f, 0x67, 0x72, 0x75, 0x5f, 0x63, 
  0x65, 0x6c, 0x6c, 0x2f, 0x73, 0x70, 0x6c, 0x69, 0x74, 0x5f, 0x34, 0x31, 
  0x3b, 0x73, 0x61, 0x66, 0x65, 0x62, 0x61, 0x6e, 0x64, 0x5f, 0x76, 0x32, 
  0x5f, 0x64, 0x65, 0x70, 0x6c, 0x6f, 0x79, 0x6d, 0x65, 0x6e, 0x74, 0x2f, 
  0x6d, 0x6f, 0x74, 0x69, 0x6f, 0x6e, 0x5f, 0x65, 0x6e, 0x63, 0x6f, 0x64, 
  0x65, 0x72, 0x2f, 0x65, 0x6e, 0x63, 0x5f, 0x73, 0x65, 0x71, 0x5f, 0x67, 
  0x72, 0x75, 0x31, 0x2f, 0x67, 0x72, 0x75, 0x5f, 0x63, 0x65, 0x6c, 0x6c, 
  0x2f, 0x73, 0x70, 0x6c, 0x69, 0x74, 0x5f, 0x34, 0x32, 0x31, 0x00, 0x00, 
  0x02, 0x00, 0x00, 0x00, 0x01, 0x00, 0x00, 0x00, 0x08, 0x00, 0x00, 0x00, 
  0xb6, 0x7e, 0xff, 0xff, 0x00, 0x00, 0x00, 0x01, 0x18, 0x00, 0x00, 0x00, 
  0x20, 0x00, 0x00, 0x00, 0x40, 0x00, 0x00, 0x00, 0xa4, 0x00, 0x00, 0x00, 
  0x00, 0x00, 0x00, 0x09, 0x08, 0x01, 0x00, 0x00, 0x02, 0x00, 0x00, 0x00, 
  0xff, 0xff, 0xff, 0xff, 0x08, 0x00, 0x00, 0x00, 0x9c, 0x7e, 0xff, 0xff, 
  0x08, 0x00, 0x00, 0x00, 0x14, 0x00, 0x00, 0x00, 0x01, 0x00, 0x00, 0x00, 
  0xd9, 0xff, 0xff, 0xff, 0xff, 0xff, 0xff, 0xff, 0x00, 0x00, 0x00, 0x00, 
  0x01, 0x00, 0x00, 0x00, 0x10, 0x5d, 0xab, 0x3b, 0xcd, 0x00, 0x00, 0x00, 
  0x73, 0x61, 0x66, 0x65, 0x62, 0x61, 0x6e, 0x64, 0x5f, 0x76, 0x32, 0x5f, 
  0x64, 0x65, 0x70, 0x6c, 0x6f, 0x79, 0x6d, 0x65, 0x6e, 0x74, 0x2f, 0x6d, 
  0x6f, 0x74, 0x69, 0x6f, 0x6e, 0x5f, 0x65, 0x6e, 0x63, 0x6f, 0x64, 0x65, 
  0x72, 0x2f, 0x65, 0x6e, 0x63, 0x5f, 0x73, 0x65, 0x71, 0x5f, 0x67, 0x72, 
  0x75, 0x31, 0x2f, 0x67, 0x72, 0x75, 0x5f, 0x63, 0x65, 0x6c, 0x6c, 0x2f, 
  0x73, 0x70, 0x6c, 0x69, 0x74, 0x5f, 0x34, 0x3b, 0x73, 0x61, 0x66, 0x65, 
  0x62, 0x61, 0x6e, 0x64, 0x5f, 0x76, 0x32, 0x5f, 0x64, 0x65, 0x70, 0x6c, 
  0x6f, 0x79, 0x6d, 0x65, 0x6e, 0x74, 0x2f, 0x6d, 0x6f, 0x74, 0x69, 0x6f, 
  0x6e, 0x5f, 0x65, 0x6e, 0x63, 0x6f, 0x64, 0x65, 0x72, 0x2f, 0x65, 0x6e, 
  0x63, 0x5f, 0x73, 0x65, 0x71, 0x5f, 0x67, 0x72, 0x75, 0x31, 0x2f, 0x67, 
  0x72, 0x75, 0x5f, 0x63, 0x65, 0x6c, 0x6c, 0x2f, 0x73, 0x70, 0x6c, 0x69, 
  0x74, 0x5f, 0x34, 0x31, 0x3b, 0x73, 0x61, 0x66, 0x65, 0x62, 0x61, 0x6e, 
  0x64, 0x5f, 0x76, 0x32, 0x5f, 0x64, 0x65, 0x70, 0x6c, 0x6f, 0x79, 0x6d, 
  0x65, 0x6e, 0x74, 0x2f, 0x6d, 0x6f, 0x74, 0x69, 0x6f, 0x6e, 0x5f, 0x65, 
  0x6e, 0x63, 0x6f, 0x64, 0x65, 0x72, 0x2f, 0x65, 0x6e, 0x63, 0x5f, 0x73, 
  0x65, 0x71, 0x5f, 0x67, 0x72, 0x75, 0x31, 0x2f, 0x67, 0x72, 0x75, 0x5f, 
  0x63, 0x65, 0x6c, 0x6c, 0x2f, 0x73, 0x70, 0x6c, 0x69, 0x74, 0x5f, 0x34, 
  0x32, 0x00, 0x00, 0x00, 0x02, 0x00, 0x00, 0x00, 0x01, 0x00, 0x00, 0x00, 
  0x08, 0x00, 0x00, 0x00, 0xe6, 0x7f, 0xff, 0xff, 0x00, 0x00, 0x00, 0x01, 
  0x18, 0x00, 0x00, 0x00, 0x20, 0x00, 0x00, 0x00, 0x3c, 0x00, 0x00, 0x00, 
  0xa3, 0x00, 0x00, 0x00, 0x00, 0x00, 0x00, 0x09, 0xc0, 0x00, 0x00, 0x00, 
  0x02, 0x00, 0x00, 0x00, 0xff, 0xff, 0xff, 0xff, 0x18, 0x00, 0x00, 0x00, 
  0xcc, 0x7f, 0xff, 0xff, 0x08, 0x00, 0x00, 0x00, 0x10, 0x00, 0x00, 0x00, 
  0x01, 0x00, 0x00, 0x00, 0xd9, 0xff, 0xff, 0xff, 0xff, 0xff, 0xff, 0xff, 
  0x01, 0x00, 0x00, 0x00, 0x10, 0x5d, 0xab, 0x3b, 0x8a, 0x00, 0x00, 0x00, 
  0x73, 0x61, 0x66, 0x65, 0x62, 0x61, 0x6e, 0x64, 0x5f, 0x76, 0x32, 0x5f, 
  0x64, 0x65, 0x70, 0x6c, 0x6f, 0x79, 0x6d, 0x65, 0x6e, 0x74, 0x2f, 0x6d, 
  0x6f, 0x74, 0x69, 0x6f, 0x6e, 0x5f, 0x65, 0x6e, 0x63, 0x6f, 0x64, 0x65, 
  0x72, 0x2f, 0x65, 0x6e, 0x63, 0x5f, 0x73, 0x65, 0x71, 0x5f, 0x67, 0x72, 
  0x75, 0x31, 0x2f, 0x67, 0x72, 0x75, 0x5f, 0x63, 0x65, 0x6c, 0x6c, 0x2f, 
  0x4d, 0x61, 0x74, 0x4d, 0x75, 0x6c, 0x5f, 0x34, 0x3b, 0x73, 0x61, 0x66, 
  0x65, 0x62, 0x61, 0x6e, 0x64, 0x5f, 0x76, 0x32, 0x5f, 0x64, 0x65, 0x70, 
  0x6c, 0x6f, 0x79, 0x6d, 0x65, 0x6e, 0x74, 0x2f, 0x6d, 0x6f, 0x74, 0x69, 
  0x6f, 0x6e, 0x5f, 0x65, 0x6e, 0x63, 0x6f, 0x64, 0x65, 0x72, 0x2f, 0x65, 
  0x6e, 0x63, 0x5f, 0x73, 0x65, 0x71, 0x5f, 0x67, 0x72, 0x75, 0x31, 0x2f, 
  0x67, 0x72, 0x75, 0x5f, 0x63, 0x65, 0x6c, 0x6c, 0x2f, 0x42, 0x69, 0x61, 
  0x73, 0x41, 0x64, 0x64, 0x5f, 0x34, 0x00, 0x00, 0x02, 0x00, 0x00, 0x00, 
  0x01, 0x00, 0x00, 0x00, 0x18, 0x00, 0x00, 0x00, 0xce, 0x80, 0xff, 0xff, 
  0x00, 0x00, 0x00, 0x01, 0x18, 0x00, 0x00, 0x00, 0x20, 0x00, 0x00, 0x00, 
  0x40, 0x00, 0x00, 0x00, 0xa2, 0x00, 0x00, 0x00, 0x00, 0x00, 0x00, 0x09, 
  0x08, 0x01, 0x00, 0x00, 0x02, 0x00, 0x00, 0x00, 0xff, 0xff, 0xff, 0xff, 
  0x08, 0x00, 0x00, 0x00, 0xb4, 0x80, 0xff, 0xff, 0x08, 0x00, 0x00, 0x00, 
  0x14, 0x00, 0x00, 0x00, 0x01, 0x00, 0x00, 0x00, 0x02, 0x00, 0x00, 0x00, 
  0x00, 0x00, 0x00, 0x00, 0x00, 0x00, 0x00, 0x00, 0x01, 0x00, 0x00, 0x00, 
  0xa8, 0x71, 0x7a, 0x3b, 0xce, 0x00, 0x00, 0x00, 0x73, 0x61, 0x66, 0x65, 
  0x62, 0x61, 0x6e, 0x64, 0x5f, 0x76, 0x32, 0x5f, 0x64, 0x65, 0x70, 0x6c, 
  0x6f, 0x79, 0x6d, 0x65, 0x6e, 0x74, 0x2f, 0x6d, 0x6f, 0x74, 0x69, 0x6f, 
  0x6e, 0x5f, 0x65, 0x6e, 0x63, 0x6f, 0x64, 0x65, 0x72, 0x2f, 0x65, 0x6e, 
  0x63, 0x5f, 0x73, 0x65, 0x71, 0x5f, 0x67, 0x72, 0x75, 0x31, 0x2f, 0x67, 
  0x72, 0x75, 0x5f, 0x63, 0x65, 0x6c, 0x6c, 0x2f, 0x73, 0x70, 0x6c, 0x69, 
  0x74, 0x5f, 0x35, 0x3b, 0x73, 0x61, 0x66, 0x65, 0x62, 0x61, 0x6e, 0x64, 
  0x5f, 0x76, 0x32, 0x5f, 0x64, 0x65, 0x70, 0x6c, 0x6f, 0x79, 0x6d, 0x65, 
  0x6e, 0x74, 0x2f, 0x6d, 0x6f, 0x74, 0x69, 0x6f, 0x6e, 0x5f, 0x65, 0x6e, 
  0x63, 0x6f, 0x64, 0x65, 0x72, 0x2f, 0x65, 0x6e, 0x63, 0x5f, 0x73, 0x65, 
  0x71, 0x5f, 0x67, 0x72, 0x75, 0x31, 0x2f, 0x67, 0x72, 0x75, 0x5f, 0x63, 
  0x65, 0x6c, 0x6c, 0x2f, 0x73, 0x70, 0x6c, 0x69, 0x74, 0x5f, 0x35, 0x31, 
  0x3b, 0x73, 0x61, 0x66, 0x65, 0x62, 0x61, 0x6e, 0x64, 0x5f, 0x76, 0x32, 
  0x5f, 0x64, 0x65, 0x70, 0x6c, 0x6f, 0x79, 0x6d, 0x65, 0x6e, 0x74, 0x2f, 
  0x6d, 0x6f, 0x74, 0x69, 0x6f, 0x6e, 0x5f, 0x65, 0x6e, 0x63, 0x6f, 0x64, 
  0x65, 0x72, 0x2f, 0x65, 0x6e, 0x63, 0x5f, 0x73, 0x65, 0x71, 0x5f, 0x67, 
  0x72, 0x75, 0x31, 0x2f, 0x67, 0x72, 0x75, 0x5f, 0x63, 0x65, 0x6c, 0x6c, 
  0x2f, 0x73, 0x70, 0x6c, 0x69, 0x74, 0x5f, 0x35, 0x32, 0x32, 0x00, 0x00, 
  0x02, 0x00, 0x00, 0x00, 0x01, 0x00, 0x00, 0x00, 0x08, 0x00, 0x00, 0x00, 
  0xfe, 0x81, 0xff, 0xff, 0x00, 0x00, 0x00, 0x01, 0x18, 0x00, 0x00, 0x00, 
  0x20, 0x00, 0x00, 0x00, 0x40, 0x00, 0x00, 0x00, 0xa1, 0x00, 0x00, 0x00, 
  0x00, 0x00, 0x00, 0x09, 0x08, 0x01, 0x00, 0x00, 0x02, 0x00, 0x00, 0x00, 
  0xff, 0xff, 0xff, 0xff, 0x08, 0x00, 0x00, 0x00, 0xe4, 0x81, 0xff, 0xff, 
  0x08, 0x00, 0x00, 0x00, 0x14, 0x00, 0x00, 0x00, 0x01, 0x00, 0x00, 0x00, 
  0x02, 0x00, 0x00, 0x00, 0x00, 0x00, 0x00, 0x00, 0x00, 0x00, 0x00, 0x00, 
  0x01, 0x00, 0x00, 0x00, 0xa8, 0x71, 0x7a, 0x3b, 0xce, 0x00, 0x00, 0x00, 
  0x73, 0x61, 0x66, 0x65, 0x62, 0x61, 0x6e, 0x64, 0x5f, 0x76, 0x32, 0x5f, 
  0x64, 0x65, 0x70, 0x6c, 0x6f, 0x79, 0x6d, 0x65, 0x6e, 0x74, 0x2f, 0x6d, 
  0x6f, 0x74, 0x69, 0x6f, 0x6e, 0x5f, 0x65, 0x6e, 0x63, 0x6f, 0x64, 0x65, 
  0x72, 0x2f, 0x65, 0x6e, 0x63, 0x5f, 0x73, 0x65, 0x71, 0x5f, 0x67, 0x72, 
  0x75, 0x31, 0x2f, 0x67, 0x72, 0x75, 0x5f, 0x63, 0x65, 0x6c, 0x6c, 0x2f, 
  0x73, 0x70, 0x6c, 0x69, 0x74, 0x5f, 0x35, 0x3b, 0x73, 0x61, 0x66, 0x65, 
  0x62, 0x61, 0x6e, 0x64, 0x5f, 0x76, 0x32, 0x5f, 0x64, 0x65, 0x70, 0x6c, 
  0x6f, 0x79, 0x6d, 0x65, 0x6e, 0x74, 0x2f, 0x6d, 0x6f, 0x74, 0x69, 0x6f, 
  0x6e, 0x5f, 0x65, 0x6e, 0x63, 0x6f, 0x64, 0x65, 0x72, 0x2f, 0x65, 0x6e, 
  0x63, 0x5f, 0x73, 0x65, 0x71, 0x5f, 0x67, 0x72, 0x75, 0x31, 0x2f, 0x67, 
  0x72, 0x75, 0x5f, 0x63, 0x65, 0x6c, 0x6c, 0x2f, 0x73, 0x70, 0x6c, 0x69, 
  0x74, 0x5f, 0x35, 0x31, 0x3b, 0x73, 0x61, 0x66, 0x65, 0x62, 0x61, 0x6e, 
  0x64, 0x5f, 0x76, 0x32, 0x5f, 0x64, 0x65, 0x70, 0x6c, 0x6f, 0x79, 0x6d, 
  0x65, 0x6e, 0x74, 0x2f, 0x6d, 0x6f, 0x74, 0x69, 0x6f, 0x6e, 0x5f, 0x65, 
  0x6e, 0x63, 0x6f, 0x64, 0x65, 0x72, 0x2f, 0x65, 0x6e, 0x63, 0x5f, 0x73, 
  0x65, 0x71, 0x5f, 0x67, 0x72, 0x75, 0x31, 0x2f, 0x67, 0x72, 0x75, 0x5f, 
  0x63, 0x65, 0x6c, 0x6c, 0x2f, 0x73, 0x70, 0x6c, 0x69, 0x74, 0x5f, 0x35, 
  0x32, 0x31, 0x00, 0x00, 0x02, 0x00, 0x00, 0x00, 0x01, 0x00, 0x00, 0x00, 
  0x08, 0x00, 0x00, 0x00, 0x2e, 0x83, 0xff, 0xff, 0x00, 0x00, 0x00, 0x01, 
  0x18, 0x00, 0x00, 0x00, 0x20, 0x00, 0x00, 0x00, 0x40, 0x00, 0x00, 0x00, 
  0xa0, 0x00, 0x00, 0x00, 0x00, 0x00, 0x00, 0x09, 0x08, 0x01, 0x00, 0x00, 
  0x02, 0x00, 0x00, 0x00, 0xff, 0xff, 0xff, 0xff, 0x08, 0x00, 0x00, 0x00, 
  0x14, 0x83, 0xff, 0xff, 0x08, 0x00, 0x00, 0x00, 0x14, 0x00, 0x00, 0x00, 
  0x01, 0x00, 0x00, 0x00, 0x02, 0x00, 0x00, 0x00, 0x00, 0x00, 0x00, 0x00, 
  0x00, 0x00, 0x00, 0x00, 0x01, 0x00, 0x00, 0x00, 0xa8, 0x71, 0x7a, 0x3b, 
  0xcd, 0x00, 0x00, 0x00, 0x73, 0x61, 0x66, 0x65, 0x62, 0x61, 0x6e, 0x64, 
  0x5f, 0x76, 0x32, 0x5f, 0x64, 0x65, 0x70, 0x6c, 0x6f, 0x79, 0x6d, 0x65, 
  0x6e, 0x74, 0x2f, 0x6d, 0x6f, 0x74, 0x69, 0x6f, 0x6e, 0x5f, 0x65, 0x6e, 
  0x63, 0x6f, 0x64, 0x65, 0x72, 0x2f, 0x65, 0x6e, 0x63, 0x5f, 0x73, 0x65, 
  0x71, 0x5f, 0x67, 0x72, 0x75, 0x31, 0x2f, 0x67, 0x72, 0x75, 0x5f, 0x63, 
  0x65, 0x6c, 0x6c, 0x2f, 0x73, 0x70, 0x6c, 0x69, 0x74, 0x5f, 0x35, 0x3b, 
  0x73, 0x61, 0x66, 0x65, 0x62, 0x61, 0x6e, 0x64, 0x5f, 0x76, 0x32, 0x5f, 
  0x64, 0x65, 0x70, 0x6c, 0x6f, 0x79, 0x6d, 0x65, 0x6e, 0x74, 0x2f, 0x6d, 
  0x6f, 0x74, 0x69, 0x6f, 0x6e, 0x5f, 0x65, 0x6e, 0x63, 0x6f, 0x64, 0x65, 
  0x72, 0x2f, 0x65, 0x6e, 0x63, 0x5f, 0x73, 0x65, 0x71, 0x5f, 0x67, 0x72, 
  0x75, 0x31, 0x2f, 0x67, 0x72, 0x75, 0x5f, 0x63, 0x65, 0x6c, 0x6c, 0x2f, 
  0x73, 0x70, 0x6c, 0x69, 0x74, 0x5f, 0x35, 0x31, 0x3b, 0x73, 0x61, 0x66, 
  0x65, 0x62, 0x61, 0x6e, 0x64, 0x5f, 0x76, 0x32, 0x5f, 0x64, 0x65, 0x70, 
  0x6c, 0x6f, 0x79, 0x6d, 0x65, 0x6e, 0x74, 0x2f, 0x6d, 0x6f, 0x74, 0x69, 
  0x6f, 0x6e, 0x5f, 0x65, 0x6e, 0x63, 0x6f, 0x64, 0x65, 0x72, 0x2f, 0x65, 
  0x6e, 0x63, 0x5f, 0x73, 0x65, 0x71, 0x5f, 0x67, 0x72, 0x75, 0x31, 0x2f, 
  0x67, 0x72, 0x75, 0x5f, 0x63, 0x65, 0x6c, 0x6c, 0x2f, 0x73, 0x70, 0x6c, 
  0x69, 0x74, 0x5f, 0x35, 0x32, 0x00, 0x00, 0x00, 0x02, 0x00, 0x00, 0x00, 
  0x01, 0x00, 0x00, 0x00, 0x08, 0x00, 0x00, 0x00, 0x5e, 0x84, 0xff, 0xff, 
  0x00, 0x00, 0x00, 0x01, 0x18, 0x00, 0x00, 0x00, 0x20, 0x00, 0x00, 0x00, 
  0x3c, 0x00, 0x00, 0x00, 0x9f, 0x00, 0x00, 0x00, 0x00, 0x00, 0x00, 0x09, 
  0xc0, 0x00, 0x00, 0x00, 0x02, 0x00, 0x00, 0x00, 0xff, 0xff, 0xff, 0xff, 
  0x18, 0x00, 0x00, 0x00, 0x44, 0x84, 0xff, 0xff, 0x08, 0x00, 0x00, 0x00, 
  0x10, 0x00, 0x00, 0x00, 0x01, 0x00, 0x00, 0x00, 0x02, 0x00, 0x00, 0x00, 
  0x00, 0x00, 0x00, 0x00, 0x01, 0x00, 0x00, 0x00, 0xa8, 0x71, 0x7a, 0x3b, 
  0x8a, 0x00, 0x00, 0x00, 0x73, 0x61, 0x66, 0x65, 0x62, 0x61, 0x6e, 0x64, 
  0x5f, 0x76, 0x32, 0x5f, 0x64, 0x65, 0x70, 0x6c, 0x6f, 0x79, 0x6d, 0x65, 
  0x6e, 0x74, 0x2f, 0x6d, 0x6f, 0x74, 0x69, 0x6f, 0x6e, 0x5f, 0x65, 0x6e, 
  0x63, 0x6f, 0x64, 0x65, 0x72, 0x2f, 0x65, 0x6e, 0x63, 0x5f, 0x73, 0x65, 
  0x71, 0x5f, 0x67, 0x72, 0x75, 0x31, 0x2f, 0x67, 0x72, 0x75, 0x5f, 0x63, 
  0x65, 0x6c, 0x6c, 0x2f, 0x4d, 0x61, 0x74, 0x4d, 0x75, 0x6c, 0x5f, 0x35, 
  0x3b, 0x73, 0x61, 0x66, 0x65, 0x62, 0x61, 0x6e, 0x64, 0x5f, 0x76, 0x32, 
  0x5f, 0x64, 0x65, 0x70, 0x6c, 0x6f, 0x79, 0x6d, 0x65, 0x6e, 0x74, 0x2f, 
  0x6d, 0x6f, 0x74, 0x69, 0x6f, 0x6e, 0x5f, 0x65, 0x6e, 0x63, 0x6f, 0x64, 
  0x65, 0x72, 0x2f, 0x65, 0x6e, 0x63, 0x5f, 0x73, 0x65, 0x71, 0x5f, 0x67, 
  0x72, 0x75, 0x31, 0x2f, 0x67, 0x72, 0x75, 0x5f, 0x63, 0x65, 0x6c, 0x6c, 
  0x2f, 0x42, 0x69, 0x61, 0x73, 0x41, 0x64, 0x64, 0x5f, 0x35, 0x00, 0x00, 
  0x02, 0x00, 0x00, 0x00, 0x01, 0x00, 0x00, 0x00, 0x18, 0x00, 0x00, 0x00, 
  0x46, 0x85, 0xff, 0xff, 0x00, 0x00, 0x00, 0x01, 0x18, 0x00, 0x00, 0x00, 
  0x20, 0x00, 0x00, 0x00, 0x3c, 0x00, 0x00, 0x00, 0x9e, 0x00, 0x00, 0x00, 
  0x00, 0x00, 0x00, 0x09, 0x78, 0x00, 0x00, 0x00, 0x02, 0x00, 0x00, 0x00, 
  0xff, 0xff, 0xff, 0xff, 0x08, 0x00, 0x00, 0x00, 0x2c, 0x85, 0xff, 0xff, 
  0x08, 0x00, 0x00, 0x00, 0x10, 0x00, 0x00, 0x00, 0x01, 0x00, 0x00, 0x00, 
  0xdd, 0xff, 0xff, 0xff, 0xff, 0xff, 0xff, 0xff, 0x01, 0x00, 0x00, 0x00, 
  0xce, 0x57, 0x94, 0x3a, 0x41, 0x00, 0x00, 0x00, 0x73, 0x61, 0x66, 0x65, 
  0x62, 0x61, 0x6e, 0x64, 0x5f, 0x76, 0x32, 0x5f, 0x64, 0x65, 0x70, 0x6c, 
  0x6f, 0x79, 0x6d, 0x65, 0x6e, 0x74, 0x2f, 0x6d, 0x6f, 0x74, 0x69, 0x6f, 
  0x6e, 0x5f, 0x65, 0x6e, 0x63, 0x6f, 0x64, 0x65, 0x72, 0x2f, 0x65, 0x6e, 
  0x63, 0x5f, 0x73, 0x65, 0x71, 0x5f, 0x67, 0x72, 0x75, 0x31, 0x2f, 0x67, 
  0x72, 0x75, 0x5f, 0x63, 0x65, 0x6c, 0x6c, 0x2f, 0x61, 0x64, 0x64, 0x5f, 
  0x37, 0x00, 0x00, 0x00, 0x02, 0x00, 0x00, 0x00, 0x01, 0x00, 0x00, 0x00, 
  0x08, 0x00, 0x00, 0x00, 0xe6, 0x85, 0xff, 0xff, 0x00, 0x00, 0x00, 0x01, 
  0x18, 0x00, 0x00, 0x00, 0x20, 0x00, 0x00, 0x00, 0x3c, 0x00, 0x00, 0x00, 
  0x9d, 0x00, 0x00, 0x00, 0x00, 0x00, 0x00, 0x09, 0x78, 0x00, 0x00, 0x00, 
  0x02, 0x00, 0x00, 0x00, 0xff, 0xff, 0xff, 0xff, 0x08, 0x00, 0x00, 0x00, 
  0xcc, 0x85, 0xff, 0xff, 0x08, 0x00, 0x00, 0x00, 0x10, 0x00, 0x00, 0x00, 
  0x01, 0x00, 0x00, 0x00, 0xe5, 0xff, 0xff, 0xff, 0xff, 0xff, 0xff, 0xff, 
  0x01, 0x00, 0x00, 0x00, 0xcf, 0x5c, 0x11, 0x3a, 0x41, 0x00, 0x00, 0x00, 
  0x73, 0x61, 0x66, 0x65, 0x62, 0x61, 0x6e, 0x64, 0x5f, 0x76, 0x32, 0x5f, 
  0x64, 0x65, 0x70, 0x6c, 0x6f, 0x79, 0x6d, 0x65, 0x6e, 0x74, 0x2f, 0x6d, 
  0x6f, 0x74, 0x69, 0x6f, 0x6e, 0x5f, 0x65, 0x6e, 0x63, 0x6f, 0x64, 0x65, 
  0x72, 0x2f, 0x65, 0x6e, 0x63, 0x5f, 0x73, 0x65, 0x71, 0x5f, 0x67, 0x72, 
  0x75, 0x31, 0x2f, 0x67, 0x72, 0x75, 0x5f, 0x63, 0x65, 0x6c, 0x6c, 0x2f, 
  0x6d, 0x75, 0x6c, 0x5f, 0x35, 0x00, 0x00, 0x00, 0x02, 0x00, 0x00, 0x00, 
  0x01, 0x00, 0x00, 0x00, 0x08, 0x00, 0x00, 0x00, 0x86, 0x86, 0xff, 0xff, 
  0x00, 0x00, 0x00, 0x01, 0x18, 0x00, 0x00, 0x00, 0x20, 0x00, 0x00, 0x00, 
  0x3c, 0x00, 0x00, 0x00, 0x9c, 0x00, 0x00, 0x00, 0x00, 0x00, 0x00, 0x09, 
  0x78, 0x00, 0x00, 0x00, 0x02, 0x00, 0x00, 0x00, 0xff, 0xff, 0xff, 0xff, 
  0x08, 0x00, 0x00, 0x00, 0x6c, 0x86, 0xff, 0xff, 0x08, 0x00, 0x00, 0x00, 
  0x10, 0x00, 0x00, 0x00, 0x01, 0x00, 0x00, 0x00, 0x00, 0x00, 0x00, 0x00, 
  0x00, 0x00, 0x00, 0x00, 0x01, 0x00, 0x00, 0x00, 0x00, 0x00, 0x00, 0x3c, 
  0x42, 0x00, 0x00, 0x00, 0x73, 0x61, 0x66, 0x65, 0x62, 0x61, 0x6e, 0x64, 
  0x5f, 0x76, 0x32, 0x5f, 0x64, 0x65, 0x70, 0x6c, 0x6f, 0x79, 0x6d, 0x65, 
  0x6e, 0x74, 0x2f, 0x6d, 0x6f, 0x74, 0x69, 0x6f, 0x6e, 0x5f, 0x65, 0x6e, 
  0x63, 0x6f, 0x64, 0x65, 0x72, 0x2f, 0x65, 0x6e, 0x63, 0x5f, 0x73, 0x65, 
  0x71, 0x5f, 0x67, 0x72, 0x75, 0x31, 0x2f, 0x67, 0x72, 0x75, 0x5f, 0x63, 
  0x65, 0x6c, 0x6c, 0x2f, 0x54, 0x61, 0x6e, 0x68, 0x5f, 0x31, 0x00, 0x00, 
  0x02, 0x00, 0x00, 0x00, 0x01, 0x00, 0x00, 0x00, 0x08, 0x00, 0x00, 0x00, 
  0x26, 0x87, 0xff, 0xff, 0x00, 0x00, 0x00, 0x01, 0x18, 0x00, 0x00, 0x00, 
  0x20, 0x00, 0x00, 0x00, 0x3c, 0x00, 0x00, 0x00, 0x9b, 0x00, 0x00, 0x00, 
  0x00, 0x00, 0x00, 0x09, 0x78, 0x00, 0x00, 0x00, 0x02, 0x00, 0x00, 0x00, 
  0xff, 0xff, 0xff, 0xff, 0x08, 0x00, 0x00, 0x00, 0x0c, 0x87, 0xff, 0xff, 
  0x08, 0x00, 0x00, 0x00, 0x10, 0x00, 0x00, 0x00, 0x01, 0x00, 0x00, 0x00, 
  0xcf, 0xff, 0xff, 0xff, 0xff, 0xff, 0xff, 0xff, 0x01, 0x00, 0x00, 0x00, 
  0x98, 0xf8, 0xa3, 0x3a, 0x41, 0x00, 0x00, 0x00, 0x73, 0x61, 0x66, 0x65, 
  0x62, 0x61, 0x6e, 0x64, 0x5f, 0x76, 0x32, 0x5f, 0x64, 0x65, 0x70, 0x6c, 
  0x6f, 0x79, 0x6d, 0x65, 0x6e, 0x74, 0x2f, 0x6d, 0x6f, 0x74, 0x69, 0x6f, 
  0x6e, 0x5f, 0x65, 0x6e, 0x63, 0x6f, 0x64, 0x65, 0x72, 0x2f, 0x65, 0x6e, 
  0x63, 0x5f, 0x73, 0x65, 0x71, 0x5f, 0x67, 0x72, 0x75, 0x31, 0x2f, 0x67, 
  0x72, 0x75, 0x5f, 0x63, 0x65, 0x6c, 0x6c, 0x2f, 0x61, 0x64, 0x64, 0x5f, 
  0x36, 0x00, 0x00, 0x00, 0x02, 0x00, 0x00, 0x00, 0x01, 0x00, 0x00, 0x00, 
  0x08, 0x00, 0x00, 0x00, 0xc6, 0x87, 0xff, 0xff, 0x00, 0x00, 0x00, 0x01, 
  0x18, 0x00, 0x00, 0x00, 0x20, 0x00, 0x00, 0x00, 0x3c, 0x00, 0x00, 0x00, 
  0x9a, 0x00, 0x00, 0x00, 0x00, 0x00, 0x00, 0x09, 0x78, 0x00, 0x00, 0x00, 
  0x02, 0x00, 0x00, 0x00, 0xff, 0xff, 0xff, 0xff, 0x08, 0x00, 0x00, 0x00, 
  0xac, 0x87, 0xff, 0xff, 0x08, 0x00, 0x00, 0x00, 0x10, 0x00, 0x00, 0x00, 
  0x01, 0x00, 0x00, 0x00, 0x10, 0x00, 0x00, 0x00, 0x00, 0x00, 0x00, 0x00, 
  0x01, 0x00, 0x00, 0x00, 0xa2, 0x39, 0x2a, 0x39, 0x41, 0x00, 0x00, 0x00, 
  0x73, 0x61, 0x66, 0x65, 0x62, 0x61, 0x6e, 0x64, 0x5f, 0x76, 0x32, 0x5f, 
  0x64, 0x65, 0x70, 0x6c, 0x6f, 0x79, 0x6d, 0x65, 0x6e, 0x74, 0x2f, 0x6d, 
  0x6f, 0x74, 0x69, 0x6f, 0x6e, 0x5f, 0x65, 0x6e, 0x63, 0x6f, 0x64, 0x65, 
  0x72, 0x2f, 0x65, 0x6e, 0x63, 0x5f, 0x73, 0x65, 0x71, 0x5f, 0x67, 0x72, 
  0x75, 0x31, 0x2f, 0x67, 0x72, 0x75, 0x5f, 0x63, 0x65, 0x6c, 0x6c, 0x2f, 
  0x6d, 0x75, 0x6c, 0x5f, 0x33, 0x00, 0x00, 0x00, 0x02, 0x00, 0x00, 0x00, 
  0x01, 0x00, 0x00, 0x00, 0x08, 0x00, 0x00, 0x00, 0x66, 0x88, 0xff, 0xff, 
  0x00, 0x00, 0x00, 0x01, 0x18, 0x00, 0x00, 0x00, 0x20, 0x00, 0x00, 0x00, 
  0x40, 0x00, 0x00, 0x00, 0x99, 0x00, 0x00, 0x00, 0x00, 0x00, 0x00, 0x09, 
  0x80, 0x00, 0x00, 0x00, 0x02, 0x00, 0x00, 0x00, 0xff, 0xff, 0xff, 0xff, 
  0x08, 0x00, 0x00, 0x00, 0x4c, 0x88, 0xff, 0xff, 0x08, 0x00, 0x00, 0x00, 
  0x14, 0x00, 0x00, 0x00, 0x01, 0x00, 0x00, 0x00, 0x80, 0xff, 0xff, 0xff, 
  0xff, 0xff, 0xff, 0xff, 0x00, 0x00, 0x00, 0x00, 0x01, 0x00, 0x00, 0x00, 
  0x00, 0x00, 0x80, 0x3b, 0x45, 0x00, 0x00, 0x00, 0x73, 0x61, 0x66, 0x65, 
  0x62, 0x61, 0x6e, 0x64, 0x5f, 0x76, 0x32, 0x5f, 0x64, 0x65, 0x70, 0x6c, 
  0x6f, 0x79, 0x6d, 0x65, 0x6e, 0x74, 0x2f, 0x6d, 0x6f, 0x74, 0x69, 0x6f, 
  0x6e, 0x5f, 0x65, 0x6e, 0x63, 0x6f, 0x64, 0x65, 0x72, 0x2f, 0x65, 0x6e, 
  0x63, 0x5f, 0x73, 0x65, 0x71, 0x5f, 0x67, 0x72, 0x75, 0x31, 0x2f, 0x67, 
  0x72, 0x75, 0x5f, 0x63, 0x65, 0x6c, 0x6c, 0x2f, 0x53, 0x69, 0x67, 0x6d, 
  0x6f, 0x69, 0x64, 0x5f, 0x33, 0x00, 0x00, 0x00, 0x02, 0x00, 0x00, 0x00, 
  0x01, 0x00, 0x00, 0x00, 0x08, 0x00, 0x00, 0x00, 0x0e, 0x89, 0xff, 0xff, 
  0x00, 0x00, 0x00, 0x01, 0x18, 0x00, 0x00, 0x00, 0x20, 0x00, 0x00, 0x00, 
  0x3c, 0x00, 0x00, 0x00, 0x98, 0x00, 0x00, 0x00, 0x00, 0x00, 0x00, 0x09, 
  0x78, 0x00, 0x00, 0x00, 0x02, 0x00, 0x00, 0x00, 0xff, 0xff, 0xff, 0xff, 
  0x08, 0x00, 0x00, 0x00, 0xf4, 0x88, 0xff, 0xff, 0x08, 0x00, 0x00, 0x00, 
  0x10, 0x00, 0x00, 0x00, 0x01, 0x00, 0x00, 0x00, 0xd0, 0xff, 0xff, 0xff, 
  0xff, 0xff, 0xff, 0xff, 0x01, 0x00, 0x00, 0x00, 0xad, 0x64, 0x91, 0x3b, 
  0x41, 0x00, 0x00, 0x00, 0x73, 0x61, 0x66, 0x65, 0x62, 0x61, 0x6e, 0x64, 
  0x5f, 0x76, 0x32, 0x5f, 0x64, 0x65, 0x70, 0x6c, 0x6f, 0x79, 0x6d, 0x65, 
  0x6e, 0x74, 0x2f, 0x6d, 0x6f, 0x74, 0x69, 0x6f, 0x6e, 0x5f, 0x65, 0x6e, 
  0x63, 0x6f, 0x64, 0x65, 0x72, 0x2f, 0x65, 0x6e, 0x63, 0x5f, 0x73, 0x65, 
  0x71, 0x5f, 0x67, 0x72, 0x75, 0x31, 0x2f, 0x67, 0x72, 0x75, 0x5f, 0x63, 
  0x65, 0x6c, 0x6c, 0x2f, 0x61, 0x64, 0x64, 0x5f, 0x35, 0x00, 0x00, 0x00, 
  0x02, 0x00, 0x00, 0x00, 0x01, 0x00, 0x00, 0x00, 0x08, 0x00, 0x00, 0x00, 
  0xae, 0x89, 0xff, 0xff, 0x00, 0x00, 0x00, 0x01, 0x18, 0x00, 0x00, 0x00, 
  0x20, 0x00, 0x00, 0x00, 0x3c, 0x00, 0x00, 0x00, 0x97, 0x00, 0x00, 0x00, 
  0x00, 0x00, 0x00, 0x09, 0x78, 0x00, 0x00, 0x00, 0x02, 0x00, 0x00, 0x00, 
  0xff, 0xff, 0xff, 0xff, 0x08, 0x00, 0x00, 0x00, 0x94, 0x89, 0xff, 0xff, 
  0x08, 0x00, 0x00, 0x00, 0x10, 0x00, 0x00, 0x00, 0x01, 0x00, 0x00, 0x00, 
  0x80, 0xff, 0xff, 0xff, 0xff, 0xff, 0xff, 0xff, 0x01, 0x00, 0x00, 0x00, 
  0xcf, 0x2f, 0x34, 0x3b, 0x41, 0x00, 0x00, 0x00, 0x73, 0x61, 0x66, 0x65, 
  0x62, 0x61, 0x6e, 0x64, 0x5f, 0x76, 0x32, 0x5f, 0x64, 0x65, 0x70, 0x6c, 
  0x6f, 0x79, 0x6d, 0x65, 0x6e, 0x74, 0x2f, 0x6d, 0x6f, 0x74, 0x69, 0x6f, 
  0x6e, 0x5f, 0x65, 0x6e, 0x63, 0x6f, 0x64, 0x65, 0x72, 0x2f, 0x65, 0x6e, 
  0x63, 0x5f, 0x73, 0x65, 0x71, 0x5f, 0x67, 0x72, 0x75, 0x31, 0x2f, 0x67, 
  0x72, 0x75, 0x5f, 0x63, 0x65, 0x6c, 0x6c, 0x2f, 0x73, 0x75, 0x62, 0x5f, 
  0x31, 0x00, 0x00, 0x00, 0x02, 0x00, 0x00, 0x00, 0x01, 0x00, 0x00, 0x00, 
  0x08, 0x00, 0x00, 0x00, 0x4e, 0x8a, 0xff, 0xff, 0x00, 0x00, 0x00, 0x01, 
  0x18, 0x00, 0x00, 0x00, 0x20, 0x00, 0x00, 0x00, 0x3c, 0x00, 0x00, 0x00, 
  0x96, 0x00, 0x00, 0x00, 0x00, 0x00, 0x00, 0x09, 0x78, 0x00, 0x00, 0x00, 
  0x02, 0x00, 0x00, 0x00, 0xff, 0xff, 0xff, 0xff, 0x08, 0x00, 0x00, 0x00, 
  0x34, 0x8a, 0xff, 0xff, 0x08, 0x00, 0x00, 0x00, 0x10, 0x00, 0x00, 0x00, 
  0x01, 0x00, 0x00, 0x00, 0xbf, 0xff, 0xff, 0xff, 0xff, 0xff, 0xff, 0xff, 
  0x01, 0x00, 0x00, 0x00, 0x6f, 0xda, 0x6c, 0x39, 0x41, 0x00, 0x00, 0x00, 
  0x73, 0x61, 0x66, 0x65, 0x62, 0x61, 0x6e, 0x64, 0x5f, 0x76, 0x32, 0x5f, 
  0x64, 0x65, 0x70, 0x6c, 0x6f, 0x79, 0x6d, 0x65, 0x6e, 0x74, 0x2f, 0x6d, 
  0x6f, 0x74, 0x69, 0x6f, 0x6e, 0x5f, 0x65, 0x6e, 0x63, 0x6f, 0x64, 0x65, 
  0x72, 0x2f, 0x65, 0x6e, 0x63, 0x5f, 0x73, 0x65, 0x71, 0x5f, 0x67, 0x72, 
  0x75, 0x31, 0x2f, 0x67, 0x72, 0x75, 0x5f, 0x63, 0x65, 0x6c, 0x6c, 0x2f, 
  0x6d, 0x75, 0x6c, 0x5f, 0x34, 0x00, 0x00, 0x00, 0x02, 0x00, 0x00, 0x00, 
  0x01, 0x00, 0x00, 0x00, 0x08, 0x00, 0x00, 0x00, 0xee, 0x8a, 0xff, 0xff, 
  0x00, 0x00, 0x00, 0x01, 0x18, 0x00, 0x00, 0x00, 0x20, 0x00, 0x00, 0x00, 
  0x40, 0x00, 0x00, 0x00, 0x95, 0x00, 0x00, 0x00, 0x00, 0x00, 0x00, 0x09, 
  0x80, 0x00, 0x00, 0x00, 0x02, 0x00, 0x00, 0x00, 0xff, 0xff, 0xff, 0xff, 
  0x08, 0x00, 0x00, 0x00, 0xd4, 0x8a, 0xff, 0xff, 0x08, 0x00, 0x00, 0x00, 
  0x14, 0x00, 0x00, 0x00, 0x01, 0x00, 0x00, 0x00, 0x80, 0xff, 0xff, 0xff, 
  0xff, 0xff, 0xff, 0xff, 0x00, 0x00, 0x00, 0x00, 0x01, 0x00, 0x00, 0x00, 
  0x00, 0x00, 0x80, 0x3b, 0x45, 0x00, 0x00, 0x00, 0x73, 0x61, 0x66, 0x65, 
  0x62, 0x61, 0x6e, 0x64, 0x5f, 0x76, 0x32, 0x5f, 0x64, 0x65, 0x70, 0x6c, 
  0x6f, 0x79, 0x6d, 0x65, 0x6e, 0x74, 0x2f, 0x6d, 0x6f, 0x74, 0x69, 0x6f, 
  0x6e, 0x5f, 0x65, 0x6e, 0x63, 0x6f, 0x64, 0x65, 0x72, 0x2f, 0x65, 0x6e, 
  0x63, 0x5f, 0x73, 0x65, 0x71, 0x5f, 0x67, 0x72, 0x75, 0x31, 0x2f, 0x67, 
  0x72, 0x75, 0x5f, 0x63, 0x65, 0x6c, 0x6c, 0x2f, 0x53, 0x69, 0x67, 0x6d, 
  0x6f, 0x69, 0x64, 0x5f, 0x32, 0x00, 0x00, 0x00, 0x02, 0x00, 0x00, 0x00, 
  0x01, 0x00, 0x00, 0x00, 0x08, 0x00, 0x00, 0x00, 0x96, 0x8b, 0xff, 0xff, 
  0x00, 0x00, 0x00, 0x01, 0x18, 0x00, 0x00, 0x00, 0x20, 0x00, 0x00, 0x00, 
  0x3c, 0x00, 0x00, 0x00, 0x94, 0x00, 0x00, 0x00, 0x00, 0x00, 0x00, 0x09, 
  0x78, 0x00, 0x00, 0x00, 0x02, 0x00, 0x00, 0x00, 0xff, 0xff, 0xff, 0xff, 
  0x08, 0x00, 0x00, 0x00, 0x7c, 0x8b, 0xff, 0xff, 0x08, 0x00, 0x00, 0x00, 
  0x10, 0x00, 0x00, 0x00, 0x01, 0x00, 0x00, 0x00, 0xe8, 0xff, 0xff, 0xff, 
  0xff, 0xff, 0xff, 0xff, 0x01, 0x00, 0x00, 0x00, 0x15, 0x70, 0x06, 0x3c, 
  0x41, 0x00, 0x00, 0x00, 0x73, 0x61, 0x66, 0x65, 0x62, 0x61, 0x6e, 0x64, 
  0x5f, 0x76, 0x32, 0x5f, 0x64, 0x65, 0x70, 0x6c, 0x6f, 0x79, 0x6d, 0x65, 
  0x6e, 0x74, 0x2f, 0x6d, 0x6f, 0x74, 0x69, 0x6f, 0x6e, 0x5f, 0x65, 0x6e, 
  0x63, 0x6f, 0x64, 0x65, 0x72, 0x2f, 0x65, 0x6e, 0x63, 0x5f, 0x73, 0x65, 
  0x71, 0x5f, 0x67, 0x72, 0x75, 0x31, 0x2f, 0x67, 0x72, 0x75, 0x5f, 0x63, 
  0x65, 0x6c, 0x6c, 0x2f, 0x61, 0x64, 0x64, 0x5f, 0x34, 0x00, 0x00, 0x00, 
  0x02, 0x00, 0x00, 0x00, 0x01, 0x00, 0x00, 0x00, 0x08, 0x00, 0x00, 0x00, 
  0x36, 0x8c, 0xff, 0xff, 0x00, 0x00, 0x00, 0x01, 0x18, 0x00, 0x00, 0x00, 
  0x20, 0x00, 0x00, 0x00, 0x40, 0x00, 0x00, 0x00, 0x93, 0x00, 0x00, 0x00, 
  0x00, 0x00, 0x00, 0x09, 0x08, 0x01, 0x00, 0x00, 0x02, 0x00, 0x00, 0x00, 
  0xff, 0xff, 0xff, 0xff, 0x08, 0x00, 0x00, 0x00, 0x1c, 0x8c, 0xff, 0xff, 
  0x08, 0x00, 0x00, 0x00, 0x14, 0x00, 0x00, 0x00, 0x01, 0x00, 0x00, 0x00, 
  0xda, 0xff, 0xff, 0xff, 0xff, 0xff, 0xff, 0xff, 0x00, 0x00, 0x00, 0x00, 
  0x01, 0x00, 0x00, 0x00, 0xde, 0x07, 0xa9, 0x3b, 0xce, 0x00, 0x00, 0x00, 
  0x73, 0x61, 0x66, 0x65, 0x62, 0x61, 0x6e, 0x64, 0x5f, 0x76, 0x32, 0x5f, 
  0x64, 0x65, 0x70, 0x6c, 0x6f, 0x79, 0x6d, 0x65, 0x6e, 0x74, 0x2f, 0x6d, 
  0x6f, 0x74, 0x69, 0x6f, 0x6e, 0x5f, 0x65, 0x6e, 0x63, 0x6f, 0x64, 0x65, 
  0x72, 0x2f, 0x65, 0x6e, 0x63, 0x5f, 0x73, 0x65, 0x71, 0x5f, 0x67, 0x72, 
  0x75, 0x31, 0x2f, 0x67, 0x72, 0x75, 0x5f, 0x63, 0x65, 0x6c, 0x6c, 0x2f, 
  0x73, 0x70, 0x6c, 0x69, 0x74, 0x5f, 0x32, 0x3b, 0x73, 0x61, 0x66, 0x65, 
  0x62, 0x61, 0x6e, 0x64, 0x5f, 0x76, 0x32, 0x5f, 0x64, 0x65, 0x70, 0x6c, 
  0x6f, 0x79, 0x6d, 0x65, 0x6e, 0x74, 0x2f, 0x6d, 0x6f, 0x74, 0x69, 0x6f, 
  0x6e, 0x5f, 0x65, 0x6e, 0x63, 0x6f, 0x64, 0x65, 0x72, 0x2f, 0x65, 0x6e, 
  0x63, 0x5f, 0x73, 0x65, 0x71, 0x5f, 0x67, 0x72, 0x75, 0x31, 0x2f, 0x67, 
  0x72, 0x75, 0x5f, 0x63, 0x65, 0x6c, 0x6c, 0x2f, 0x73, 0x70, 0x6c, 0x69, 
  0x74, 0x5f, 0x32, 0x31, 0x3b, 0x73, 0x61, 0x66, 0x65, 0x62, 0x61, 0x6e, 
  0x64, 0x5f, 0x76, 0x32, 0x5f, 0x64, 0x65, 0x70, 0x6c, 0x6f, 0x79, 0x6d, 
  0x65, 0x6e, 0x74, 0x2f, 0x6d, 0x6f, 0x74, 0x69, 0x6f, 0x6e, 0x5f, 0x65, 
  0x6e, 0x63, 0x6f, 0x64, 0x65, 0x72, 0x2f, 0x65, 0x6e, 0x63, 0x5f, 0x73, 
  0x65, 0x71, 0x5f, 0x67, 0x72, 0x75, 0x31, 0x2f, 0x67, 0x72, 0x75, 0x5f, 
  0x63, 0x65, 0x6c, 0x6c, 0x2f, 0x73, 0x70, 0x6c, 0x69, 0x74, 0x5f, 0x32, 
  0x32, 0x32, 0x00, 0x00, 0x02, 0x00, 0x00, 0x00, 0x01, 0x00, 0x00, 0x00, 
  0x08, 0x00, 0x00, 0x00, 0x66, 0x8d, 0xff, 0xff, 0x00, 0x00, 0x00, 0x01, 
  0x18, 0x00, 0x00, 0x00, 0x20, 0x00, 0x00, 0x00, 0x40, 0x00, 0x00, 0x00, 
  0x92, 0x00, 0x00, 0x00, 0x00, 0x00, 0x00, 0x09, 0x08, 0x01, 0x00, 0x00, 
  0x02, 0x00, 0x00, 0x00, 0xff, 0xff, 0xff, 0xff, 0x08, 0x00, 0x00, 0x00, 
  0x4c, 0x8d, 0xff, 0xff, 0x08, 0x00, 0x00, 0x00, 0x14, 0x00, 0x00, 0x00, 
  0x01, 0x00, 0x00, 0x00, 0xda, 0xff, 0xff, 0xff, 0xff, 0xff, 0xff, 0xff, 
  0x00, 0x00, 0x00, 0x00, 0x01, 0x00, 0x00, 0x00, 0xde, 0x07, 0xa9, 0x3b, 
  0xce, 0x00, 0x00, 0x00, 0x73, 0x61, 0x66, 0x65, 0x62, 0x61, 0x6e, 0x64, 
  0x5f, 0x76, 0x32, 0x5f, 0x64, 0x65, 0x70, 0x6c, 0x6f, 0x79, 0x6d, 0x65, 
  0x6e, 0x74, 0x2f, 0x6d, 0x6f, 0x74, 0x69, 0x6f, 0x6e, 0x5f, 0x65, 0x6e, 
  0x63, 0x6f, 0x64, 0x65, 0x72, 0x2f, 0x65, 0x6e, 0x63, 0x5f, 0x73, 0x65, 
  0x71, 0x5f, 0x67, 0x72, 0x75, 0x31, 0x2f, 0x67, 0x72, 0x75, 0x5f, 0x63, 
  0x65, 0x6c, 0x6c, 0x2f, 0x73, 0x70, 0x6c, 0x69, 0x74, 0x5f, 0x32, 0x3b, 
  0x73, 0x61, 0x66, 0x65, 0x62, 0x61, 0x6e, 0x64, 0x5f, 0x76, 0x32, 0x5f, 
  0x64, 0x65, 0x70, 0x6c, 0x6f, 0x79, 0x6d, 0x65, 0x6e, 0x74, 0x2f, 0x6d, 
  0x6f, 0x74, 0x69, 0x6f, 0x6e, 0x5f, 0x65, 0x6e, 0x63, 0x6f, 0x64, 0x65, 
  0x72, 0x2f, 0x65, 0x6e, 0x63, 0x5f, 0x73, 0x65, 0x71, 0x5f, 0x67, 0x72, 
  0x75, 0x31, 0x2f, 0x67, 0x72, 0x75, 0x5f, 0x63, 0x65, 0x6c, 0x6c, 0x2f, 
  0x73, 0x70, 0x6c, 0x69, 0x74, 0x5f, 0x32, 0x31, 0x3b, 0x73, 0x61, 0x66, 
  0x65, 0x62, 0x61, 0x6e, 0x64, 0x5f, 0x76, 0x32, 0x5f, 0x64, 0x65, 0x70, 
  0x6c, 0x6f, 0x79, 0x6d, 0x65, 0x6e, 0x74, 0x2f, 0x6d, 0x6f, 0x74, 0x69, 
  0x6f, 0x6e, 0x5f, 0x65, 0x6e, 0x63, 0x6f, 0x64, 0x65, 0x72, 0x2f, 0x65, 
  0x6e, 0x63, 0x5f, 0x73, 0x65, 0x71, 0x5f, 0x67, 0x72, 0x75, 0x31, 0x2f, 
  0x67, 0x72, 0x75, 0x5f, 0x63, 0x65, 0x6c, 0x6c, 0x2f, 0x73, 0x70, 0x6c, 
  0x69, 0x74, 0x5f, 0x32, 0x32, 0x31, 0x00, 0x00, 0x02, 0x00, 0x00, 0x00, 
  0x01, 0x00, 0x00, 0x00, 0x08, 0x00, 0x00, 0x00, 0x96, 0x8e, 0xff, 0xff, 
  0x00, 0x00, 0x00, 0x01, 0x18, 0x00, 0x00, 0x00, 0x20, 0x00, 0x00, 0x00, 
  0x40, 0x00, 0x00, 0x00, 0x91, 0x00, 0x00, 0x00, 0x00, 0x00, 0x00, 0x09, 
  0x08, 0x01, 0x00, 0x00, 0x02, 0x00, 0x00, 0x00, 0xff, 0xff, 0xff, 0xff, 
  0x08, 0x00, 0x00, 0x00, 0x7c, 0x8e, 0xff, 0xff, 0x08, 0x00, 0x00, 0x00, 
  0x14, 0x00, 0x00, 0x00, 0x01, 0x00, 0x00, 0x00, 0xda, 0xff, 0xff, 0xff, 
  0xff, 0xff, 0xff, 0xff, 0x00, 0x00, 0x00, 0x00, 0x01, 0x00, 0x00, 0x00, 
  0xde, 0x07, 0xa9, 0x3b, 0xcd, 0x00, 0x00, 0x00, 0x73, 0x61, 0x66, 0x65, 
  0x62, 0x61, 0x6e, 0x64, 0x5f, 0x76, 0x32, 0x5f, 0x64, 0x65, 0x70, 0x6c, 
  0x6f, 0x79, 0x6d, 0x65, 0x6e, 0x74, 0x2f, 0x6d, 0x6f, 0x74, 0x69, 0x6f, 
  0x6e, 0x5f, 0x65, 0x6e, 0x63, 0x6f, 0x64, 0x65, 0x72, 0x2f, 0x65, 0x6e, 
  0x63, 0x5f, 0x73, 0x65, 0x71, 0x5f, 0x67, 0x72, 0x75, 0x31, 0x2f, 0x67, 
  0x72, 0x75, 0x5f, 0x63, 0x65, 0x6c, 0x6c, 0x2f, 0x73, 0x70, 0x6c, 0x69, 
  0x74, 0x5f, 0x32, 0x3b, 0x73, 0x61, 0x66, 0x65, 0x62, 0x61, 0x6e, 0x64, 
  0x5f, 0x76, 0x32, 0x5f, 0x64, 0x65, 0x70, 0x6c, 0x6f, 0x79, 0x6d, 0x65, 
  0x6e, 0x74, 0x2f, 0x6d, 0x6f, 0x74, 0x69, 0x6f, 0x6e, 0x5f, 0x65, 0x6e, 
  0x63, 0x6f, 0x64, 0x65, 0x72, 0x2f, 0x65, 0x6e, 0x63, 0x5f, 0x73, 0x65, 
  0x71, 0x5f, 0x67, 0x72, 0x75, 0x31, 0x2f, 0x67, 0x72, 0x75, 0x5f, 0x63, 
  0x65, 0x6c, 0x6c, 0x2f, 0x73, 0x70, 0x6c, 0x69, 0x74, 0x5f, 0x32, 0x31, 
  0x3b, 0x73, 0x61, 0x66, 0x65, 0x62, 0x61, 0x6e, 0x64, 0x5f, 0x76, 0x32, 
  0x5f, 0x64, 0x65, 0x70, 0x6c, 0x6f, 0x79, 0x6d, 0x65, 0x6e, 0x74, 0x2f, 
  0x6d, 0x6f, 0x74, 0x69, 0x6f, 0x6e, 0x5f, 0x65, 0x6e, 0x63, 0x6f, 0x64, 
  0x65, 0x72, 0x2f, 0x65, 0x6e, 0x63, 0x5f, 0x73, 0x65, 0x71, 0x5f, 0x67, 
  0x72, 0x75, 0x31, 0x2f, 0x67, 0x72, 0x75, 0x5f, 0x63, 0x65, 0x6c, 0x6c, 
  0x2f, 0x73, 0x70, 0x6c, 0x69, 0x74, 0x5f, 0x32, 0x32, 0x00, 0x00, 0x00, 
  0x02, 0x00, 0x00, 0x00, 0x01, 0x00, 0x00, 0x00, 0x08, 0x00, 0x00, 0x00, 
  0xc6, 0x8f, 0xff, 0xff, 0x00, 0x00, 0x00, 0x01, 0x18, 0x00, 0x00, 0x00, 
  0x20, 0x00, 0x00, 0x00, 0x3c, 0x00, 0x00, 0x00, 0x90, 0x00, 0x00, 0x00, 
  0x00, 0x00, 0x00, 0x09, 0xc0, 0x00, 0x00, 0x00, 0x02, 0x00, 0x00, 0x00, 
  0xff, 0xff, 0xff, 0xff, 0x18, 0x00, 0x00, 0x00, 0xac, 0x8f, 0xff, 0xff, 
  0x08, 0x00, 0x00, 0x00, 0x10, 0x00, 0x00, 0x00, 0x01, 0x00, 0x00, 0x00, 
  0xda, 0xff, 0xff, 0xff, 0xff, 0xff, 0xff, 0xff, 0x01, 0x00, 0x00, 0x00, 
  0xde, 0x07, 0xa9, 0x3b, 0x8a, 0x00, 0x00, 0x00, 0x73, 0x61, 0x66, 0x65, 
  0x62, 0x61, 0x6e, 0x64, 0x5f, 0x76, 0x32, 0x5f, 0x64, 0x65, 0x70, 0x6c, 
  0x6f, 0x79, 0x6d, 0x65, 0x6e, 0x74, 0x2f, 0x6d, 0x6f, 0x74, 0x69, 0x6f, 
  0x6e, 0x5f, 0x65, 0x6e, 0x63, 0x6f, 0x64, 0x65, 0x72, 0x2f, 0x65, 0x6e, 
  0x63, 0x5f, 0x73, 0x65, 0x71, 0x5f, 0x67, 0x72, 0x75, 0x31, 0x2f, 0x67, 
  0x72, 0x75, 0x5f, 0x63, 0x65, 0x6c, 0x6c, 0x2f, 0x4d, 0x61, 0x74, 0x4d, 
  0x75, 0x6c, 0x5f, 0x32, 0x3b, 0x73, 0x61, 0x66, 0x65, 0x62, 0x61, 0x6e, 
  0x64, 0x5f, 0x76, 0x32, 0x5f, 0x64, 0x65, 0x70, 0x6c, 0x6f, 0x79, 0x6d, 
  0x65, 0x6e, 0x74, 0x2f, 0x6d, 0x6f, 0x74, 0x69, 0x6f, 0x6e, 0x5f, 0x65, 
  0x6e, 0x63, 0x6f, 0x64, 0x65, 0x72, 0x2f, 0x65, 0x6e, 0x63, 0x5f, 0x73, 
  0x65, 0x71, 0x5f, 0x67, 0x72, 0x75, 0x31, 0x2f, 0x67, 0x72, 0x75, 0x5f, 
  0x63, 0x65, 0x6c, 0x6c, 0x2f, 0x42, 0x69, 0x61, 0x73, 0x41, 0x64, 0x64, 
  0x5f, 0x32, 0x00, 0x00, 0x02, 0x00, 0x00, 0x00, 0x01, 0x00, 0x00, 0x00, 
  0x18, 0x00, 0x00, 0x00, 0xae, 0x90, 0xff, 0xff, 0x00, 0x00, 0x00, 0x01, 
  0x18, 0x00, 0x00, 0x00, 0x20, 0x00, 0x00, 0x00, 0x40, 0x00, 0x00, 0x00, 
  0x8f, 0x00, 0x00, 0x00, 0x00, 0x00, 0x00, 0x09, 0x08, 0x01, 0x00, 0x00, 
  0x02, 0x00, 0x00, 0x00, 0xff, 0xff, 0xff, 0xff, 0x08, 0x00, 0x00, 0x00, 
  0x94, 0x90, 0xff, 0xff, 0x08, 0x00, 0x00, 0x00, 0x14, 0x00, 0x00, 0x00, 
  0x01, 0x00, 0x00, 0x00, 0x08, 0x00, 0x00, 0x00, 0x00, 0x00, 0x00, 0x00, 
  0x00, 0x00, 0x00, 0x00, 0x01, 0x00, 0x00, 0x00, 0x44, 0x85, 0x55, 0x3b, 
  0xce, 0x00, 0x00, 0x00, 0x73, 0x61, 0x66, 0x65, 0x62, 0x61, 0x6e, 0x64, 
  0x5f, 0x76, 0x32, 0x5f, 0x64, 0x65, 0x70, 0x6c, 0x6f, 0x79, 0x6d, 0x65, 
  0x6e, 0x74, 0x2f, 0x6d, 0x6f, 0x74, 0x69, 0x6f, 0x6e, 0x5f, 0x65, 0x6e, 
  0x63, 0x6f, 0x64, 0x65, 0x72, 0x2f, 0x65, 0x6e, 0x63, 0x5f, 0x73, 0x65, 
  0x71, 0x5f, 0x67, 0x72, 0x75, 0x31, 0x2f, 0x67, 0x72, 0x75, 0x5f, 0x63, 
  0x65, 0x6c, 0x6c, 0x2f, 0x73, 0x70, 0x6c, 0x69, 0x74, 0x5f, 0x33, 0x3b, 
  0x73, 0x61, 0x66, 0x65, 0x62, 0x61, 0x6e, 0x64, 0x5f, 0x76, 0x32, 0x5f, 
  0x64, 0x65, 0x70, 0x6c, 0x6f, 0x79, 0x6d, 0x65, 0x6e, 0x74, 0x2f, 0x6d, 
  0x6f, 0x74, 0x69, 0x6f, 0x6e, 0x5f, 0x65, 0x6e, 0x63, 0x6f, 0x64, 0x65, 
  0x72, 0x2f, 0x65, 0x6e, 0x63, 0x5f, 0x73, 0x65, 0x71, 0x5f, 0x67, 0x72, 
  0x75, 0x31, 0x2f, 0x67, 0x72, 0x75, 0x5f, 0x63, 0x65, 0x6c, 0x6c, 0x2f, 
  0x73, 0x70, 0x6c, 0x69, 0x74, 0x5f, 0x33, 0x31, 0x3b, 0x73, 0x61, 0x66, 
  0x65, 0x62, 0x61, 0x6e, 0x64, 0x5f, 0x76, 0x32, 0x5f, 0x64, 0x65, 0x70, 
  0x6c, 0x6f, 0x79, 0x6d, 0x65, 0x6e, 0x74, 0x2f, 0x6d, 0x6f, 0x74, 0x69, 
  0x6f, 0x6e, 0x5f, 0x65, 0x6e, 0x63, 0x6f, 0x64, 0x65, 0x72, 0x2f, 0x65, 
  0x6e, 0x63, 0x5f, 0x73, 0x65, 0x71, 0x5f, 0x67, 0x72, 0x75, 0x31, 0x2f, 
  0x67, 0x72, 0x75, 0x5f, 0x63, 0x65, 0x6c, 0x6c, 0x2f, 0x73, 0x70, 0x6c, 
  0x69, 0x74, 0x5f, 0x33, 0x32, 0x32, 0x00, 0x00, 0x02, 0x00, 0x00, 0x00, 
  0x01, 0x00, 0x00, 0x00, 0x08, 0x00, 0x00, 0x00, 0xde, 0x91, 0xff, 0xff, 
  0x00, 0x00, 0x00, 0x01, 0x18, 0x00, 0x00, 0x00, 0x20, 0x00, 0x00, 0x00, 
  0x40, 0x00, 0x00, 0x00, 0x8e, 0x00, 0x00, 0x00, 0x00, 0x00, 0x00, 0x09, 
  0x08, 0x01, 0x00, 0x00, 0x02, 0x00, 0x00, 0x00, 0xff, 0xff, 0xff, 0xff, 
  0x08, 0x00, 0x00, 0x00, 0xc4, 0x91, 0xff, 0xff, 0x08, 0x00, 0x00, 0x00, 
  0x14, 0x00, 0x00, 0x00, 0x01, 0x00, 0x00, 0x00, 0x08, 0x00, 0x00, 0x00, 
  0x00, 0x00, 0x00, 0x00, 0x00, 0x00, 0x00, 0x00, 0x01, 0x00, 0x00, 0x00, 
  0x44, 0x85, 0x55, 0x3b, 0xce, 0x00, 0x00, 0x00, 0x73, 0x61, 0x66, 0x65, 
  0x62, 0x61, 0x6e, 0x64, 0x5f, 0x76, 0x32, 0x5f, 0x64, 0x65, 0x70, 0x6c, 
  0x6f, 0x79, 0x6d, 0x65, 0x6e, 0x74, 0x2f, 0x6d, 0x6f, 0x74, 0x69, 0x6f, 
  0x6e, 0x5f, 0x65, 0x6e, 0x63, 0x6f, 0x64, 0x65, 0x72, 0x2f, 0x65, 0x6e, 
  0x63, 0x5f, 0x73, 0x65, 0x71, 0x5f, 0x67, 0x72, 0x75, 0x31, 0x2f, 0x67, 
  0x72, 0x75, 0x5f, 0x63, 0x65, 0x6c, 0x6c, 0x2f, 0x73, 0x70, 0x6c, 0x69, 
  0x74, 0x5f, 0x33, 0x3b, 0x73, 0x61, 0x66, 0x65, 0x62, 0x61, 0x6e, 0x64, 
  0x5f, 0x76, 0x32, 0x5f, 0x64, 0x65, 0x70, 0x6c, 0x6f, 0x79, 0x6d, 0x65, 
  0x6e, 0x74, 0x2f, 0x6d, 0x6f, 0x74, 0x69, 0x6f, 0x6e, 0x5f, 0x65, 0x6e, 
  0x63, 0x6f, 0x64, 0x65, 0x72, 0x2f, 0x65, 0x6e, 0x63, 0x5f, 0x73, 0x65, 
  0x71, 0x5f, 0x67, 0x72, 0x75, 0x31, 0x2f, 0x67, 0x72, 0x75, 0x5f, 0x63, 
  0x65, 0x6c, 0x6c, 0x2f, 0x73, 0x70, 0x6c, 0x69, 0x74, 0x5f, 0x33, 0x31, 
  0x3b, 0x73, 0x61, 0x66, 0x65, 0x62, 0x61, 0x6e, 0x64, 0x5f, 0x76, 0x32, 
  0x5f, 0x64, 0x65, 0x70, 0x6c, 0x6f, 0x79, 0x6d, 0x65, 0x6e, 0x74, 0x2f, 
  0x6d, 0x6f, 0x74, 0x69, 0x6f, 0x6e, 0x5f, 0x65, 0x6e, 0x63, 0x6f, 0x64, 
  0x65, 0x72, 0x2f, 0x65, 0x6e, 0x63, 0x5f, 0x73, 0x65, 0x71, 0x5f, 0x67, 
  0x72, 0x75, 0x31, 0x2f, 0x67, 0x72, 0x75, 0x5f, 0x63, 0x65, 0x6c, 0x6c, 
  0x2f, 0x73, 0x70, 0x6c, 0x69, 0x74, 0x5f, 0x33, 0x32, 0x31, 0x00, 0x00, 
  0x02, 0x00, 0x00, 0x00, 0x01, 0x00, 0x00, 0x00, 0x08, 0x00, 0x00, 0x00, 
  0x0e, 0x93, 0xff, 0xff, 0x00, 0x00, 0x00, 0x01, 0x18, 0x00, 0x00, 0x00, 
  0x20, 0x00, 0x00, 0x00, 0x40, 0x00, 0x00, 0x00, 0x8d, 0x00, 0x00, 0x00, 
  0x00, 0x00, 0x00, 0x09, 0x08, 0x01, 0x00, 0x00, 0x02, 0x00, 0x00, 0x00, 
  0xff, 0xff, 0xff, 0xff, 0x08, 0x00, 0x00, 0x00, 0xf4, 0x92, 0xff, 0xff, 
  0x08, 0x00, 0x00, 0x00, 0x14, 0x00, 0x00, 0x00, 0x01, 0x00, 0x00, 0x00, 
  0x08, 0x00, 0x00, 0x00, 0x00, 0x00, 0x00, 0x00, 0x00, 0x00, 0x00, 0x00, 
  0x01, 0x00, 0x00, 0x00, 0x44, 0x85, 0x55, 0x3b, 0xcd, 0x00, 0x00, 0x00, 
  0x73, 0x61, 0x66, 0x65, 0x62, 0x61, 0x6e, 0x64, 0x5f, 0x76, 0x32, 0x5f, 
  0x64, 0x65, 0x70, 0x6c, 0x6f, 0x79, 0x6d, 0x65, 0x6e, 0x74, 0x2f, 0x6d, 
  0x6f, 0x74, 0x69, 0x6f, 0x6e, 0x5f, 0x65, 0x6e, 0x63, 0x6f, 0x64, 0x65, 
  0x72, 0x2f, 0x65, 0x6e, 0x63, 0x5f, 0x73, 0x65, 0x71, 0x5f, 0x67, 0x72, 
  0x75, 0x31, 0x2f, 0x67, 0x72, 0x75, 0x5f, 0x63, 0x65, 0x6c, 0x6c, 0x2f, 
  0x73, 0x70, 0x6c, 0x69, 0x74, 0x5f, 0x33, 0x3b, 0x73, 0x61, 0x66, 0x65, 
  0x62, 0x61, 0x6e, 0x64, 0x5f, 0x76, 0x32, 0x5f, 0x64, 0x65, 0x70, 0x6c, 
  0x6f, 0x79, 0x6d, 0x65, 0x6e, 0x74, 0x2f, 0x6d, 0x6f, 0x74, 0x69, 0x6f, 
  0x6e, 0x5f, 0x65, 0x6e, 0x63, 0x6f, 0x64, 0x65, 0x72, 0x2f, 0x65, 0x6e, 
  0x63, 0x5f, 0x73, 0x65, 0x71, 0x5f, 0x67, 0x72, 0x75, 0x31, 0x2f, 0x67, 
  0x72, 0x75, 0x5f, 0x63, 0x65, 0x6c, 0x6c, 0x2f, 0x73, 0x70, 0x6c, 0x69, 
  0x74, 0x5f, 0x33, 0x31, 0x3b, 0x73, 0x61, 0x66, 0x65, 0x62, 0x61, 0x6e, 
  0x64, 0x5f, 0x76, 0x32, 0x5f, 0x64, 0x65, 0x70, 0x6c, 0x6f, 0x79, 0x6d, 
  0x65, 0x6e, 0x74, 0x2f, 0x6d, 0x6f, 0x74, 0x69, 0x6f, 0x6e, 0x5f, 0x65, 
  0x6e, 0x63, 0x6f, 0x64, 0x65, 0x72, 0x2f, 0x65, 0x6e, 0x63, 0x5f, 0x73, 
  0x65, 0x71, 0x5f, 0x67, 0x72, 0x75, 0x31, 0x2f, 0x67, 0x72, 0x75, 0x5f, 
  0x63, 0x65, 0x6c, 0x6c, 0x2f, 0x73, 0x70, 0x6c, 0x69, 0x74, 0x5f, 0x33, 
  0x32, 0x00, 0x00, 0x00, 0x02, 0x00, 0x00, 0x00, 0x01, 0x00, 0x00, 0x00, 
  0x08, 0x00, 0x00, 0x00, 0x3e, 0x94, 0xff, 0xff, 0x00, 0x00, 0x00, 0x01, 
  0x18, 0x00, 0x00, 0x00, 0x20, 0x00, 0x00, 0x00, 0x3c, 0x00, 0x00, 0x00, 
  0x8c, 0x00, 0x00, 0x00, 0x00, 0x00, 0x00, 0x09, 0xc0, 0x00, 0x00, 0x00, 
  0x02, 0x00, 0x00, 0x00, 0xff, 0xff, 0xff, 0xff, 0x18, 0x00, 0x00, 0x00, 
  0x24, 0x94, 0xff, 0xff, 0x08, 0x00, 0x00, 0x00, 0x10, 0x00, 0x00, 0x00, 
  0x01, 0x00, 0x00, 0x00, 0x08, 0x00, 0x00, 0x00, 0x00, 0x00, 0x00, 0x00, 
  0x01, 0x00, 0x00, 0x00, 0x44, 0x85, 0x55, 0x3b, 0x8a, 0x00, 0x00, 0x00, 
  0x73, 0x61, 0x66, 0x65, 0x62, 0x61, 0x6e, 0x64, 0x5f, 0x76, 0x32, 0x5f, 
  0x64, 0x65, 0x70, 0x6c, 0x6f, 0x79, 0x6d, 0x65, 0x6e, 0x74, 0x2f, 0x6d, 
  0x6f, 0x74, 0x69, 0x6f, 0x6e, 0x5f, 0x65, 0x6e, 0x63, 0x6f, 0x64, 0x65, 
  0x72, 0x2f, 0x65, 0x6e, 0x63, 0x5f, 0x73, 0x65, 0x71, 0x5f, 0x67, 0x72, 
  0x75, 0x31, 0x2f, 0x67, 0x72, 0x75, 0x5f, 0x63, 0x65, 0x6c, 0x6c, 0x2f, 
  0x4d, 0x61, 0x74, 0x4d, 0x75, 0x6c, 0x5f, 0x33, 0x3b, 0x73, 0x61, 0x66, 
  0x65, 0x62, 0x61, 0x6e, 0x64, 0x5f, 0x76, 0x32, 0x5f, 0x64, 0x65, 0x70, 
  0x6c, 0x6f, 0x79, 0x6d, 0x65, 0x6e, 0x74, 0x2f, 0x6d, 0x6f, 0x74, 0x69, 
  0x6f, 0x6e, 0x5f, 0x65, 0x6e, 0x63, 0x6f, 0x64, 0x65, 0x72, 0x2f, 0x65, 
  0x6e, 0x63, 0x5f, 0x73, 0x65, 0x71, 0x5f, 0x67, 0x72, 0x75, 0x31, 0x2f, 
  0x67, 0x72, 0x75, 0x5f, 0x63, 0x65, 0x6c, 0x6c, 0x2f, 0x42, 0x69, 0x61, 
  0x73, 0x41, 0x64, 0x64, 0x5f, 0x33, 0x00, 0x00, 0x02, 0x00, 0x00, 0x00, 
  0x01, 0x00, 0x00, 0x00, 0x18, 0x00, 0x00, 0x00, 0x26, 0x95, 0xff, 0xff, 
  0x00, 0x00, 0x00, 0x01, 0x18, 0x00, 0x00, 0x00, 0x20, 0x00, 0x00, 0x00, 
  0x3c, 0x00, 0x00, 0x00, 0x8b, 0x00, 0x00, 0x00, 0x00, 0x00, 0x00, 0x09, 
  0x78, 0x00, 0x00, 0x00, 0x02, 0x00, 0x00, 0x00, 0xff, 0xff, 0xff, 0xff, 
  0x08, 0x00, 0x00, 0x00, 0x0c, 0x95, 0xff, 0xff, 0x08, 0x00, 0x00, 0x00, 
  0x10, 0x00, 0x00, 0x00, 0x01, 0x00, 0x00, 0x00, 0xdd, 0xff, 0xff, 0xff, 
  0xff, 0xff, 0xff, 0xff, 0x01, 0x00, 0x00, 0x00, 0xce, 0x57, 0x94, 0x3a, 
  0x41, 0x00, 0x00, 0x00, 0x73, 0x61, 0x66, 0x65, 0x62, 0x61, 0x6e, 0x64, 
  0x5f, 0x76, 0x32, 0x5f, 0x64, 0x65, 0x70, 0x6c, 0x6f, 0x79, 0x6d, 0x65, 
  0x6e, 0x74, 0x2f, 0x6d, 0x6f, 0x74, 0x69, 0x6f, 0x6e, 0x5f, 0x65, 0x6e, 
  0x63, 0x6f, 0x64, 0x65, 0x72, 0x2f, 0x65, 0x6e, 0x63, 0x5f, 0x73, 0x65, 
  0x71, 0x5f, 0x67, 0x72, 0x75, 0x31, 0x2f, 0x67, 0x72, 0x75, 0x5f, 0x63, 
  0x65, 0x6c, 0x6c, 0x2f, 0x61, 0x64, 0x64, 0x5f, 0x33, 0x00, 0x00, 0x00, 
  0x02, 0x00, 0x00, 0x00, 0x01, 0x00, 0x00, 0x00, 0x08, 0x00, 0x00, 0x00, 
  0xc6, 0x95, 0xff, 0xff, 0x00, 0x00, 0x00, 0x01, 0x18, 0x00, 0x00, 0x00, 
  0x20, 0x00, 0x00, 0x00, 0x3c, 0x00, 0x00, 0x00, 0x8a, 0x00, 0x00, 0x00, 
  0x00, 0x00, 0x00, 0x09, 0x78, 0x00, 0x00, 0x00, 0x02, 0x00, 0x00, 0x00, 
  0xff, 0xff, 0xff, 0xff, 0x08, 0x00, 0x00, 0x00, 0xac, 0x95, 0xff, 0xff, 
  0x08, 0x00, 0x00, 0x00, 0x10, 0x00, 0x00, 0x00, 0x01, 0x00, 0x00, 0x00, 
  0xe1, 0xff, 0xff, 0xff, 0xff, 0xff, 0xff, 0xff, 0x01, 0x00, 0x00, 0x00, 
  0x20, 0x45, 0xe3, 0x39, 0x41, 0x00, 0x00, 0x00, 0x73, 0x61, 0x66, 0x65, 
  0x62, 0x61, 0x6e, 0x64, 0x5f, 0x76, 0x32, 0x5f, 0x64, 0x65, 0x70, 0x6c, 
  0x6f, 0x79, 0x6d, 0x65, 0x6e, 0x74, 0x2f, 0x6d, 0x6f, 0x74, 0x69, 0x6f, 
  0x6e, 0x5f, 0x65, 0x6e, 0x63, 0x6f, 0x64, 0x65, 0x72, 0x2f, 0x65, 0x6e, 
  0x63, 0x5f, 0x73, 0x65, 0x71, 0x5f, 0x67, 0x72, 0x75, 0x31, 0x2f, 0x67, 
  0x72, 0x75, 0x5f, 0x63, 0x65, 0x6c, 0x6c, 0x2f, 0x6d, 0x75, 0x6c, 0x5f, 
  0x32, 0x00, 0x00, 0x00, 0x02, 0x00, 0x00, 0x00, 0x01, 0x00, 0x00, 0x00, 
  0x08, 0x00, 0x00, 0x00, 0x66, 0x96, 0xff, 0xff, 0x00, 0x00, 0x00, 0x01, 
  0x18, 0x00, 0x00, 0x00, 0x20, 0x00, 0x00, 0x00, 0x3c, 0x00, 0x00, 0x00, 
  0x89, 0x00, 0x00, 0x00, 0x00, 0x00, 0x00, 0x09, 0x78, 0x00, 0x00, 0x00, 
  0x02, 0x00, 0x00, 0x00, 0xff, 0xff, 0xff, 0xff, 0x08, 0x00, 0x00, 0x00, 
  0x4c, 0x96, 0xff, 0xff, 0x08, 0x00, 0x00, 0x00, 0x10, 0x00, 0x00, 0x00, 
  0x01, 0x00, 0x00, 0x00, 0x00, 0x00, 0x00, 0x00, 0x00, 0x00, 0x00, 0x00, 
  0x01, 0x00, 0x00, 0x00, 0x00, 0x00, 0x00, 0x3c, 0x40, 0x00, 0x00, 0x00, 
  0x73, 0x61, 0x66, 0x65, 0x62, 0x61, 0x6e, 0x64, 0x5f, 0x76, 0x32, 0x5f, 
  0x64, 0x65, 0x70, 0x6c, 0x6f, 0x79, 0x6d, 0x65, 0x6e, 0x74, 0x2f, 0x6d, 
  0x6f, 0x74, 0x69, 0x6f, 0x6e, 0x5f, 0x65, 0x6e, 0x63, 0x6f, 0x64, 0x65, 
  0x72, 0x2f, 0x65, 0x6e, 0x63, 0x5f, 0x73, 0x65, 0x71, 0x5f, 0x67, 0x72, 
  0x75, 0x31, 0x2f, 0x67, 0x72, 0x75, 0x5f, 0x63, 0x65, 0x6c, 0x6c, 0x2f, 
  0x54, 0x61, 0x6e, 0x68, 0x00, 0x00, 0x00, 0x00, 0x02, 0x00, 0x00, 0x00, 
  0x01, 0x00, 0x00, 0x00, 0x08, 0x00, 0x00, 0x00, 0x06, 0x97, 0xff, 0xff, 
  0x00, 0x00, 0x00, 0x01, 0x18, 0x00, 0x00, 0x00, 0x20, 0x00, 0x00, 0x00, 
  0x3c, 0x00, 0x00, 0x00, 0x88, 0x00, 0x00, 0x00, 0x00, 0x00, 0x00, 0x09, 
  0x78, 0x00, 0x00, 0x00, 0x02, 0x00, 0x00, 0x00, 0xff, 0xff, 0xff, 0xff, 
  0x08, 0x00, 0x00, 0x00, 0xec, 0x96, 0xff, 0xff, 0x08, 0x00, 0x00, 0x00, 
  0x10, 0x00, 0x00, 0x00, 0x01, 0x00, 0x00, 0x00, 0xc0, 0xff, 0xff, 0xff, 
  0xff, 0xff, 0xff, 0xff, 0x01, 0x00, 0x00, 0x00, 0x7b, 0x3a, 0x78, 0x3a, 
  0x41, 0x00, 0x00, 0x00, 0x73, 0x61, 0x66, 0x65, 0x62, 0x61, 0x6e, 0x64, 
  0x5f, 0x76, 0x32, 0x5f, 0x64, 0x65, 0x70, 0x6c, 0x6f, 0x79, 0x6d, 0x65, 
  0x6e, 0x74, 0x2f, 0x6d, 0x6f, 0x74, 0x69, 0x6f, 0x6e, 0x5f, 0x65, 0x6e, 
  0x63, 0x6f, 0x64, 0x65, 0x72, 0x2f, 0x65, 0x6e, 0x63, 0x5f, 0x73, 0x65, 
  0x71, 0x5f, 0x67, 0x72, 0x75, 0x31, 0x2f, 0x67, 0x72, 0x75, 0x5f, 0x63, 
  0x65, 0x6c, 0x6c, 0x2f, 0x61, 0x64, 0x64, 0x5f, 0x32, 0x00, 0x00, 0x00, 
  0x02, 0x00, 0x00, 0x00, 0x01, 0x00, 0x00, 0x00, 0x08, 0x00, 0x00, 0x00, 
  0xa6, 0x97, 0xff, 0xff, 0x00, 0x00, 0x00, 0x01, 0x18, 0x00, 0x00, 0x00, 
  0x20, 0x00, 0x00, 0x00, 0x40, 0x00, 0x00, 0x00, 0x87, 0x00, 0x00, 0x00, 
  0x00, 0x00, 0x00, 0x09, 0x78, 0x00, 0x00, 0x00, 0x02, 0x00, 0x00, 0x00, 
  0xff, 0xff, 0xff, 0xff, 0x08, 0x00, 0x00, 0x00, 0x8c, 0x97, 0xff, 0xff, 
  0x08, 0x00, 0x00, 0x00, 0x14, 0x00, 0x00, 0x00, 0x01, 0x00, 0x00, 0x00, 
  0xc9, 0xff, 0xff, 0xff, 0xff, 0xff, 0xff, 0xff, 0x00, 0x00, 0x00, 0x00, 
  0x01, 0x00, 0x00, 0x00, 0x4e, 0xfa, 0x3a, 0x38, 0x3f, 0x00, 0x00, 0x00, 
  0x73, 0x61, 0x66, 0x65, 0x62, 0x61, 0x6e, 0x64, 0x5f, 0x76, 0x32, 0x5f, 
  0x64, 0x65, 0x70, 0x6c, 0x6f, 0x79, 0x6d, 0x65, 0x6e, 0x74, 0x2f, 0x6d, 
  0x6f, 0x74, 0x69, 0x6f, 0x6e, 0x5f, 0x65, 0x6e, 0x63, 0x6f, 0x64, 0x65, 
  0x72, 0x2f, 0x65, 0x6e, 0x63, 0x5f, 0x73, 0x65, 0x71, 0x5f, 0x67, 0x72, 
  0x75, 0x31, 0x2f, 0x67, 0x72, 0x75, 0x5f, 0x63, 0x65, 0x6c, 0x6c, 0x2f, 
  0x6d, 0x75, 0x6c, 0x00, 0x02, 0x00, 0x00, 0x00, 0x01, 0x00, 0x00, 0x00, 
  0x08, 0x00, 0x00, 0x00, 0x46, 0x98, 0xff, 0xff, 0x00, 0x00, 0x00, 0x01, 
  0x18, 0x00, 0x00, 0x00, 0x20, 0x00, 0x00, 0x00, 0x40, 0x00, 0x00, 0x00, 
  0x86, 0x00, 0x00, 0x00, 0x00, 0x00, 0x00, 0x09, 0x80, 0x00, 0x00, 0x00, 
  0x02, 0x00, 0x00, 0x00, 0xff, 0xff, 0xff, 0xff, 0x08, 0x00, 0x00, 0x00, 
  0x2c, 0x98, 0xff, 0xff, 0x08, 0x00, 0x00, 0x00, 0x14, 0x00, 0x00, 0x00, 
  0x01, 0x00, 0x00, 0x00, 0x80, 0xff, 0xff, 0xff, 0xff, 0xff, 0xff, 0xff, 
  0x00, 0x00, 0x00, 0x00, 0x01, 0x00, 0x00, 0x00, 0x00, 0x00, 0x80, 0x3b, 
  0x45, 0x00, 0x00, 0x00, 0x73, 0x61, 0x66, 0x65, 0x62, 0x61, 0x6e, 0x64, 
  0x5f, 0x76, 0x32, 0x5f, 0x64, 0x65, 0x70, 0x6c, 0x6f, 0x79, 0x6d, 0x65, 
  0x6e, 0x74, 0x2f, 0x6d, 0x6f, 0x74, 0x69, 0x6f, 0x6e, 0x5f, 0x65, 0x6e, 
  0x63, 0x6f, 0x64, 0x65, 0x72, 0x2f, 0x65, 0x6e, 0x63, 0x5f, 0x73, 0x65, 
  0x71, 0x5f, 0x67, 0x72, 0x75, 0x31, 0x2f, 0x67, 0x72, 0x75, 0x5f, 0x63, 
  0x65, 0x6c, 0x6c, 0x2f, 0x53, 0x69, 0x67, 0x6d, 0x6f, 0x69, 0x64, 0x5f, 
  0x31, 0x00, 0x00, 0x00, 0x02, 0x00, 0x00, 0x00, 0x01, 0x00, 0x00, 0x00, 
  0x08, 0x00, 0x00, 0x00, 0xee, 0x98, 0xff, 0xff, 0x00, 0x00, 0x00, 0x01, 
  0x18, 0x00, 0x00, 0x00, 0x20, 0x00, 0x00, 0x00, 0x3c, 0x00, 0x00, 0x00, 
  0x85, 0x00, 0x00, 0x00, 0x00, 0x00, 0x00, 0x09, 0x78, 0x00, 0x00, 0x00, 
  0x02, 0x00, 0x00, 0x00, 0xff, 0xff, 0xff, 0xff, 0x08, 0x00, 0x00, 0x00, 
  0xd4, 0x98, 0xff, 0xff, 0x08, 0x00, 0x00, 0x00, 0x10, 0x00, 0x00, 0x00, 
  0x01, 0x00, 0x00, 0x00, 0xd6, 0xff, 0xff, 0xff, 0xff, 0xff, 0xff, 0xff, 
  0x01, 0x00, 0x00, 0x00, 0x51, 0xfe, 0x74, 0x3b, 0x41, 0x00, 0x00, 0x00, 
  0x73, 0x61, 0x66, 0x65, 0x62, 0x61, 0x6e, 0x64, 0x5f, 0x76, 0x32, 0x5f, 
  0x64, 0x65, 0x70, 0x6c, 0x6f, 0x79, 0x6d, 0x65, 0x6e, 0x74, 0x2f, 0x6d, 
  0x6f, 0x74, 0x69, 0x6f, 0x6e, 0x5f, 0x65, 0x6e, 0x63, 0x6f, 0x64, 0x65, 
  0x72, 0x2f, 0x65, 0x6e, 0x63, 0x5f, 0x73, 0x65, 0x71, 0x5f, 0x67, 0x72, 
  0x75, 0x31, 0x2f, 0x67, 0x72, 0x75, 0x5f, 0x63, 0x65, 0x6c, 0x6c, 0x2f, 
  0x61, 0x64, 0x64, 0x5f, 0x31, 0x00, 0x00, 0x00, 0x02, 0x00, 0x00, 0x00, 
  0x01, 0x00, 0x00, 0x00, 0x08, 0x00, 0x00, 0x00, 0x8e, 0x99, 0xff, 0xff, 
  0x00, 0x00, 0x00, 0x01, 0x18, 0x00, 0x00, 0x00, 0x20, 0x00, 0x00, 0x00, 
  0x40, 0x00, 0x00, 0x00, 0x84, 0x00, 0x00, 0x00, 0x00, 0x00, 0x00, 0x09, 
  0x78, 0x00, 0x00, 0x00, 0x02, 0x00, 0x00, 0x00, 0xff, 0xff, 0xff, 0xff, 
  0x08, 0x00, 0x00, 0x00, 0x74, 0x99, 0xff, 0xff, 0x08, 0x00, 0x00, 0x00, 
  0x14, 0x00, 0x00, 0x00, 0x01, 0x00, 0x00, 0x00, 0x80, 0xff, 0xff, 0xff, 
  0xff, 0xff, 0xff, 0xff, 0x00, 0x00, 0x00, 0x00, 0x01, 0x00, 0x00, 0x00, 
  0xc6, 0xa1, 0x33, 0x3b, 0x3f, 0x00, 0x00, 0x00, 0x73, 0x61, 0x66, 0x65, 
  0x62, 0x61, 0x6e, 0x64, 0x5f, 0x76, 0x32, 0x5f, 0x64, 0x65, 0x70, 0x6c, 
  0x6f, 0x79, 0x6d, 0x65, 0x6e, 0x74, 0x2f, 0x6d, 0x6f, 0x74, 0x69, 0x6f, 
  0x6e, 0x5f, 0x65, 0x6e, 0x63, 0x6f, 0x64, 0x65, 0x72, 0x2f, 0x65, 0x6e, 
  0x63, 0x5f, 0x73, 0x65, 0x71, 0x5f, 0x67, 0x72, 0x75, 0x31, 0x2f, 0x67, 
  0x72, 0x75, 0x5f, 0x63, 0x65, 0x6c, 0x6c, 0x2f, 0x73, 0x75, 0x62, 0x00, 
  0x02, 0x00, 0x00, 0x00, 0x01, 0x00, 0x00, 0x00, 0x08, 0x00, 0x00, 0x00, 
  0x2e, 0x9a, 0xff, 0xff, 0x00, 0x00, 0x00, 0x01, 0x18, 0x00, 0x00, 0x00, 
  0x20, 0x00, 0x00, 0x00, 0x3c, 0x00, 0x00, 0x00, 0x83, 0x00, 0x00, 0x00, 
  0x00, 0x00, 0x00, 0x09, 0x78, 0x00, 0x00, 0x00, 0x02, 0x00, 0x00, 0x00, 
  0xff, 0xff, 0xff, 0xff, 0x08, 0x00, 0x00, 0x00, 0x14, 0x9a, 0xff, 0xff, 
  0x08, 0x00, 0x00, 0x00, 0x10, 0x00, 0x00, 0x00, 0x01, 0x00, 0x00, 0x00, 
  0x00, 0x00, 0x00, 0x00, 0x00, 0x00, 0x00, 0x00, 0x01, 0x00, 0x00, 0x00, 
  0x7b, 0xbe, 0x06, 0x32, 0x41, 0x00, 0x00, 0x00, 0x73, 0x61, 0x66, 0x65, 
  0x62, 0x61, 0x6e, 0x64, 0x5f, 0x76, 0x32, 0x5f, 0x64, 0x65, 0x70, 0x6c, 
  0x6f, 0x79, 0x6d, 0x65, 0x6e, 0x74, 0x2f, 0x6d, 0x6f, 0x74, 0x69, 0x6f, 
  0x6e, 0x5f, 0x65, 0x6e, 0x63, 0x6f, 0x64, 0x65, 0x72, 0x2f, 0x65, 0x6e, 
  0x63, 0x5f, 0x73, 0x65, 0x71, 0x5f, 0x67, 0x72, 0x75, 0x31, 0x2f, 0x67, 
  0x72, 0x75, 0x5f, 0x63, 0x65, 0x6c, 0x6c, 0x2f, 0x6d, 0x75, 0x6c, 0x5f, 
  0x31, 0x00, 0x00, 0x00, 0x02, 0x00, 0x00, 0x00, 0x01, 0x00, 0x00, 0x00, 
  0x08, 0x00, 0x00, 0x00, 0xce, 0x9a, 0xff, 0xff, 0x00, 0x00, 0x00, 0x01, 
  0x18, 0x00, 0x00, 0x00, 0x20, 0x00, 0x00, 0x00, 0x3c, 0x00, 0x00, 0x00, 
  0x82, 0x00, 0x00, 0x00, 0x00, 0x00, 0x00, 0x09, 0x78, 0x00, 0x00, 0x00, 
  0x02, 0x00, 0x00, 0x00, 0xff, 0xff, 0xff, 0xff, 0x08, 0x00, 0x00, 0x00, 
  0xb4, 0x9a, 0xff, 0xff, 0x08, 0x00, 0x00, 0x00, 0x10, 0x00, 0x00, 0x00, 
  0x01, 0x00, 0x00, 0x00, 0x80, 0xff, 0xff, 0xff, 0xff, 0xff, 0xff, 0xff, 
  0x01, 0x00, 0x00, 0x00, 0x00, 0x00, 0x80, 0x3b, 0x43, 0x00, 0x00, 0x00, 
  0x73, 0x61, 0x66, 0x65, 0x62, 0x61, 0x6e, 0x64, 0x5f, 0x76, 0x32, 0x5f, 
  0x64, 0x65, 0x70, 0x6c, 0x6f, 0x79, 0x6d, 0x65, 0x6e, 0x74, 0x2f, 0x6d, 
  0x6f, 0x74, 0x69, 0x6f, 0x6e, 0x5f, 0x65, 0x6e, 0x63, 0x6f, 0x64, 0x65, 
  0x72, 0x2f, 0x65, 0x6e, 0x63, 0x5f, 0x73, 0x65, 0x71, 0x5f, 0x67, 0x72, 
  0x75, 0x31, 0x2f, 0x67, 0x72, 0x75, 0x5f, 0x63, 0x65, 0x6c, 0x6c, 0x2f, 
  0x53, 0x69, 0x67, 0x6d, 0x6f, 0x69, 0x64, 0x00, 0x02, 0x00, 0x00, 0x00, 
  0x01, 0x00, 0x00, 0x00, 0x08, 0x00, 0x00, 0x00, 0x6e, 0x9b, 0xff, 0xff, 
  0x00, 0x00, 0x00, 0x01, 0x18, 0x00, 0x00, 0x00, 0x20, 0x00, 0x00, 0x00, 
  0x40, 0x00, 0x00, 0x00, 0x81, 0x00, 0x00, 0x00, 0x00, 0x00, 0x00, 0x09, 
  0x78, 0x00, 0x00, 0x00, 0x02, 0x00, 0x00, 0x00, 0xff, 0xff, 0xff, 0xff, 
  0x08, 0x00, 0x00, 0x00, 0x54, 0x9b, 0xff, 0xff, 0x08, 0x00, 0x00, 0x00, 
  0x14, 0x00, 0x00, 0x00, 0x01, 0x00, 0x00, 0x00, 0xf3, 0xff, 0xff, 0xff, 
  0xff, 0xff, 0xff, 0xff, 0x00, 0x00, 0x00, 0x00, 0x01, 0x00, 0x00, 0x00, 
  0x5a, 0xff, 0xef, 0x3b, 0x3f, 0x00, 0x00, 0x00, 0x73, 0x61, 0x66, 0x65, 
  0x62, 0x61, 0x6e, 0x64, 0x5f, 0x76, 0x32, 0x5f, 0x64, 0x65, 0x70, 0x6c, 
  0x6f, 0x79, 0x6d, 0x65, 0x6e, 0x74, 0x2f, 0x6d, 0x6f, 0x74, 0x69, 0x6f, 
  0x6e, 0x5f, 0x65, 0x6e, 0x63, 0x6f, 0x64, 0x65, 0x72, 0x2f, 0x65, 0x6e, 
  0x63, 0x5f, 0x73, 0x65, 0x71, 0x5f, 0x67, 0x72, 0x75, 0x31, 0x2f, 0x67, 
  0x72, 0x75, 0x5f, 0x63, 0x65, 0x6c, 0x6c, 0x2f, 0x61, 0x64, 0x64, 0x00, 
  0x02, 0x00, 0x00, 0x00, 0x01, 0x00, 0x00, 0x00, 0x08, 0x00, 0x00, 0x00, 
  0x0e, 0x9c, 0xff, 0xff, 0x00, 0x00, 0x00, 0x01, 0x18, 0x00, 0x00, 0x00, 
  0x20, 0x00, 0x00, 0x00, 0x3c, 0x00, 0x00, 0x00, 0x80, 0x00, 0x00, 0x00, 
  0x00, 0x00, 0x00, 0x09, 0x00, 0x01, 0x00, 0x00, 0x02, 0x00, 0x00, 0x00, 
  0xff, 0xff, 0xff, 0xff, 0x08, 0x00, 0x00, 0x00, 0xf4, 0x9b, 0xff, 0xff, 
  0x08, 0x00, 0x00, 0x00, 0x10, 0x00, 0x00, 0x00, 0x01, 0x00, 0x00, 0x00, 
  0xe0, 0xff, 0xff, 0xff, 0xff, 0xff, 0xff, 0xff, 0x01, 0x00, 0x00, 0x00, 
  0x5b, 0xc1, 0x9e, 0x3b, 0xc8, 0x00, 0x00, 0x00, 0x73, 0x61, 0x66, 0x65, 
  0x62, 0x61, 0x6e, 0x64, 0x5f, 0x76, 0x32, 0x5f, 0x64, 0x65, 0x70, 0x6c, 
  0x6f, 0x79, 0x6d, 0x65, 0x6e, 0x74, 0x2f, 0x6d, 0x6f, 0x74, 0x69, 0x6f, 
  0x6e, 0x5f, 0x65, 0x6e, 0x63, 0x6f, 0x64, 0x65, 0x72, 0x2f, 0x65, 0x6e, 
  0x63, 0x5f, 0x73, 0x65, 0x71, 0x5f, 0x67, 0x72, 0x75, 0x31, 0x2f, 0x67, 
  0x72, 0x75, 0x5f, 0x63, 0x65, 0x6c, 0x6c, 0x2f, 0x73, 0x70, 0x6c, 0x69, 
  0x74, 0x3b, 0x73, 0x61, 0x66, 0x65, 0x62, 0x61, 0x6e, 0x64, 0x5f, 0x76, 
  0x32, 0x5f, 0x64, 0x65, 0x70, 0x6c, 0x6f, 0x79, 0x6d, 0x65, 0x6e, 0x74, 
  0x2f, 0x6d, 0x6f, 0x74, 0x69, 0x6f, 0x6e, 0x5f, 0x65, 0x6e, 0x63, 0x6f, 
  0x64, 0x65, 0x72, 0x2f, 0x65, 0x6e, 0x63, 0x5f, 0x73, 0x65, 0x71, 0x5f, 
  0x67, 0x72, 0x75, 0x31, 0x2f, 0x67, 0x72, 0x75, 0x5f, 0x63, 0x65, 0x6c, 
  0x6c, 0x2f, 0x73, 0x70, 0x6c, 0x69, 0x74, 0x31, 0x3b, 0x73, 0x61, 0x66, 
  0x65, 0x62, 0x61, 0x6e, 0x64, 0x5f, 0x76, 0x32, 0x5f, 0x64, 0x65, 0x70, 
  0x6c, 0x6f, 0x79, 0x6d, 0x65, 0x6e, 0x74, 0x2f, 0x6d, 0x6f, 0x74, 0x69, 
  0x6f, 0x6e, 0x5f, 0x65, 0x6e, 0x63, 0x6f, 0x64, 0x65, 0x72, 0x2f, 0x65, 
  0x6e, 0x63, 0x5f, 0x73, 0x65, 0x71, 0x5f, 0x67, 0x72, 0x75, 0x31, 0x2f, 
  0x67, 0x72, 0x75, 0x5f, 0x63, 0x65, 0x6c, 0x6c, 0x2f, 0x73, 0x70, 0x6c, 
  0x69, 0x74, 0x32, 0x32, 0x00, 0x00, 0x00, 0x00, 0x02, 0x00, 0x00, 0x00, 
  0x01, 0x00, 0x00, 0x00, 0x08, 0x00, 0x00, 0x00, 0x36, 0x9d, 0xff, 0xff, 
  0x00, 0x00, 0x00, 0x01, 0x18, 0x00, 0x00, 0x00, 0x20, 0x00, 0x00, 0x00, 
  0x3c, 0x00, 0x00, 0x00, 0x7f, 0x00, 0x00, 0x00, 0x00, 0x00, 0x00, 0x09, 
  0x00, 0x01, 0x00, 0x00, 0x02, 0x00, 0x00, 0x00, 0xff, 0xff, 0xff, 0xff, 
  0x08, 0x00, 0x00, 0x00, 0x1c, 0x9d, 0xff, 0xff, 0x08, 0x00, 0x00, 0x00, 
  0x10, 0x00, 0x00, 0x00, 0x01, 0x00, 0x00, 0x00, 0xe0, 0xff, 0xff, 0xff, 
  0xff, 0xff, 0xff, 0xff, 0x01, 0x00, 0x00, 0x00, 0x5b, 0xc1, 0x9e, 0x3b, 
  0xc8, 0x00, 0x00, 0x00, 0x73, 0x61, 0x66, 0x65, 0x62, 0x61, 0x6e, 0x64, 
  0x5f, 0x76, 0x32, 0x5f, 0x64, 0x65, 0x70, 0x6c, 0x6f, 0x79, 0x6d, 0x65, 
  0x6e, 0x74, 0x2f, 0x6d, 0x6f, 0x74, 0x69, 0x6f, 0x6e, 0x5f, 0x65, 0x6e, 
  0x63, 0x6f, 0x64, 0x65, 0x72, 0x2f, 0x65, 0x6e, 0x63, 0x5f, 0x73, 0x65, 
  0x71, 0x5f, 0x67, 0x72, 0x75, 0x31, 0x2f, 0x67, 0x72, 0x75, 0x5f, 0x63, 
  0x65, 0x6c, 0x6c, 0x2f, 0x73, 0x70, 0x6c, 0x69, 0x74, 0x3b, 0x73, 0x61, 
  0x66, 0x65, 0x62, 0x61, 0x6e, 0x64, 0x5f, 0x76, 0x32, 0x5f, 0x64, 0x65, 
  0x70, 0x6c, 0x6f, 0x79, 0x6d, 0x65, 0x6e, 0x74, 0x2f, 0x6d, 0x6f, 0x74, 
  0x69, 0x6f, 0x6e, 0x5f, 0x65, 0x6e, 0x63, 0x6f, 0x64, 0x65, 0x72, 0x2f, 
  0x65, 0x6e, 0x63, 0x5f, 0x73, 0x65, 0x71, 0x5f, 0x67, 0x72, 0x75, 0x31, 
  0x2f, 0x67, 0x72, 0x75, 0x5f, 0x63, 0x65, 0x6c, 0x6c, 0x2f, 0x73, 0x70, 
  0x6c, 0x69, 0x74, 0x31, 0x3b, 0x73, 0x61, 0x66, 0x65, 0x62, 0x61, 0x6e, 
  0x64, 0x5f, 0x76, 0x32, 0x5f, 0x64, 0x65, 0x70, 0x6c, 0x6f, 0x79, 0x6d, 
  0x65, 0x6e, 0x74, 0x2f, 0x6d, 0x6f, 0x74, 0x69, 0x6f, 0x6e, 0x5f, 0x65, 
  0x6e, 0x63, 0x6f, 0x64, 0x65, 0x72, 0x2f, 0x65, 0x6e, 0x63, 0x5f, 0x73, 
  0x65, 0x71, 0x5f, 0x67, 0x72, 0x75, 0x31, 0x2f, 0x67, 0x72, 0x75, 0x5f, 
  0x63, 0x65, 0x6c, 0x6c, 0x2f, 0x73, 0x70, 0x6c, 0x69, 0x74, 0x32, 0x31, 
  0x00, 0x00, 0x00, 0x00, 0x02, 0x00, 0x00, 0x00, 0x01, 0x00, 0x00, 0x00, 
  0x08, 0x00, 0x00, 0x00, 0x5e, 0x9e, 0xff, 0xff, 0x00, 0x00, 0x00, 0x01, 
  0x18, 0x00, 0x00, 0x00, 0x20, 0x00, 0x00, 0x00, 0x40, 0x00, 0x00, 0x00, 
  0x7e, 0x00, 0x00, 0x00, 0x00, 0x00, 0x00, 0x09, 0x00, 0x01, 0x00, 0x00, 
  0x02, 0x00, 0x00, 0x00, 0xff, 0xff, 0xff, 0xff, 0x08, 0x00, 0x00, 0x00, 
  0x44, 0x9e, 0xff, 0xff, 0x08, 0x00, 0x00, 0x00, 0x14, 0x00, 0x00, 0x00, 
  0x01, 0x00, 0x00, 0x00, 0xe0, 0xff, 0xff, 0xff, 0xff, 0xff, 0xff, 0xff, 
  0x00, 0x00, 0x00, 0x00, 0x01, 0x00, 0x00, 0x00, 0x5b, 0xc1, 0x9e, 0x3b, 
  0xc7, 0x00, 0x00, 0x00, 0x73, 0x61, 0x66, 0x65, 0x62, 0x61, 0x6e, 0x64, 
  0x5f, 0x76, 0x32, 0x5f, 0x64, 0x65, 0x70, 0x6c, 0x6f, 0x79, 0x6d, 0x65, 
  0x6e, 0x74, 0x2f, 0x6d, 0x6f, 0x74, 0x69, 0x6f, 0x6e, 0x5f, 0x65, 0x6e, 
  0x63, 0x6f, 0x64, 0x65, 0x72, 0x2f, 0x65, 0x6e, 0x63, 0x5f, 0x73, 0x65, 
  0x71, 0x5f, 0x67, 0x72, 0x75, 0x31, 0x2f, 0x67, 0x72, 0x75, 0x5f, 0x63, 
  0x65, 0x6c, 0x6c, 0x2f, 0x73, 0x70, 0x6c, 0x69, 0x74, 0x3b, 0x73, 0x61, 
  0x66, 0x65, 0x62, 0x61, 0x6e, 0x64, 0x5f, 0x76, 0x32, 0x5f, 0x64, 0x65, 
  0x70, 0x6c, 0x6f, 0x79, 0x6d, 0x65, 0x6e, 0x74, 0x2f, 0x6d, 0x6f, 0x74, 
  0x69, 0x6f, 0x6e, 0x5f, 0x65, 0x6e, 0x63, 0x6f, 0x64, 0x65, 0x72, 0x2f, 
  0x65, 0x6e, 0x63, 0x5f, 0x73, 0x65, 0x71, 0x5f, 0x67, 0x72, 0x75, 0x31, 
  0x2f, 0x67, 0x72, 0x75, 0x5f, 0x63, 0x65, 0x6c, 0x6c, 0x2f, 0x73, 0x70, 
  0x6c, 0x69, 0x74, 0x31, 0x3b, 0x73, 0x61, 0x66, 0x65, 0x62, 0x61, 0x6e, 
  0x64, 0x5f, 0x76, 0x32, 0x5f, 0x64, 0x65, 0x70, 0x6c, 0x6f, 0x79, 0x6d, 
  0x65, 0x6e, 0x74, 0x2f, 0x6d, 0x6f, 0x74, 0x69, 0x6f, 0x6e, 0x5f, 0x65, 
  0x6e, 0x63, 0x6f, 0x64, 0x65, 0x72, 0x2f, 0x65, 0x6e, 0x63, 0x5f, 0x73, 
  0x65, 0x71, 0x5f, 0x67, 0x72, 0x75, 0x31, 0x2f, 0x67, 0x72, 0x75, 0x5f, 
  0x63, 0x65, 0x6c, 0x6c, 0x2f, 0x73, 0x70, 0x6c, 0x69, 0x74, 0x32, 0x00, 
  0x02, 0x00, 0x00, 0x00, 0x01, 0x00, 0x00, 0x00, 0x08, 0x00, 0x00, 0x00, 
  0x86, 0x9f, 0xff, 0xff, 0x00, 0x00, 0x00, 0x01, 0x18, 0x00, 0x00, 0x00, 
  0x20, 0x00, 0x00, 0x00, 0x40, 0x00, 0x00, 0x00, 0x7d, 0x00, 0x00, 0x00, 
  0x00, 0x00, 0x00, 0x09, 0xc0, 0x00, 0x00, 0x00, 0x02, 0x00, 0x00, 0x00, 
  0xff, 0xff, 0xff, 0xff, 0x18, 0x00, 0x00, 0x00, 0x6c, 0x9f, 0xff, 0xff, 
  0x08, 0x00, 0x00, 0x00, 0x14, 0x00, 0x00, 0x00, 0x01, 0x00, 0x00, 0x00, 
  0xe0, 0xff, 0xff, 0xff, 0xff, 0xff, 0xff, 0xff, 0x00, 0x00, 0x00, 0x00, 
  0x01, 0x00, 0x00, 0x00, 0x5b, 0xc1, 0x9e, 0x3b, 0x86, 0x00, 0x00, 0x00, 
  0x73, 0x61, 0x66, 0x65, 0x62, 0x61, 0x6e, 0x64, 0x5f, 0x76, 0x32, 0x5f, 
  0x64, 0x65, 0x70, 0x6c, 0x6f, 0x79, 0x6d, 0x65, 0x6e, 0x74, 0x2f, 0x6d, 
  0x6f, 0x74, 0x69, 0x6f, 0x6e, 0x5f, 0x65, 0x6e, 0x63, 0x6f, 0x64, 0x65, 
  0x72, 0x2f, 0x65, 0x6e, 0x63, 0x5f, 0x73, 0x65, 0x71, 0x5f, 0x67, 0x72, 
  0x75, 0x31, 0x2f, 0x67, 0x72, 0x75, 0x5f, 0x63, 0x65, 0x6c, 0x6c, 0x2f, 
  0x4d, 0x61, 0x74, 0x4d, 0x75, 0x6c, 0x3b, 0x73, 0x61, 0x66, 0x65, 0x62, 
  0x61, 0x6e, 0x64, 0x5f, 0x76, 0x32, 0x5f, 0x64, 0x65, 0x70, 0x6c, 0x6f, 
  0x79, 0x6d, 0x65, 0x6e, 0x74, 0x2f, 0x6d, 0x6f, 0x74, 0x69, 0x6f, 0x6e, 
  0x5f, 0x65, 0x6e, 0x63, 0x6f, 0x64, 0x65, 0x72, 0x2f, 0x65, 0x6e, 0x63, 
  0x5f, 0x73, 0x65, 0x71, 0x5f, 0x67, 0x72, 0x75, 0x31, 0x2f, 0x67, 0x72, 
  0x75, 0x5f, 0x63, 0x65, 0x6c, 0x6c, 0x2f, 0x42, 0x69, 0x61, 0x73, 0x41, 
  0x64, 0x64, 0x00, 0x00, 0x02, 0x00, 0x00, 0x00, 0x01, 0x00, 0x00, 0x00, 
  0x18, 0x00, 0x00, 0x00, 0x6e, 0xa0, 0xff, 0xff, 0x00, 0x00, 0x00, 0x01, 
  0x18, 0x00, 0x00, 0x00, 0x20, 0x00, 0x00, 0x00, 0x3c, 0x00, 0x00, 0x00, 
  0x7c, 0x00, 0x00, 0x00, 0x00, 0x00, 0x00, 0x09, 0x60, 0x01, 0x00, 0x00, 
  0x02, 0x00, 0x00, 0x00, 0xff, 0xff, 0xff, 0xff, 0x08, 0x00, 0x00, 0x00, 
  0x54, 0xa0, 0xff, 0xff, 0x08, 0x00, 0x00, 0x00, 0x10, 0x00, 0x00, 0x00, 
  0x01, 0x00, 0x00, 0x00, 0x80, 0xff, 0xff, 0xff, 0xff, 0xff, 0xff, 0xff, 
  0x01, 0x00, 0x00, 0x00, 0xf1, 0x3f, 0x9c, 0x3a, 0x2b, 0x01, 0x00, 0x00, 
  0x73, 0x61, 0x66, 0x65, 0x62, 0x61, 0x6e, 0x64, 0x5f, 0x76, 0x32, 0x5f, 
  0x64, 0x65, 0x70, 0x6c, 0x6f, 0x79, 0x6d, 0x65, 0x6e, 0x74, 0x2f, 0x6d, 
  0x6f, 0x74, 0x69, 0x6f, 0x6e, 0x5f, 0x65, 0x6e, 0x63, 0x6f, 0x64, 0x65, 
  0x72, 0x2f, 0x65, 0x6e, 0x63, 0x5f, 0x73, 0x65, 0x71, 0x5f, 0x67, 0x72, 
  0x75, 0x31, 0x2f, 0x75, 0x6e, 0x73, 0x74, 0x61, 0x63, 0x6b, 0x3b, 0x73, 
  0x61, 0x66, 0x65, 0x62, 0x61, 0x6e, 0x64, 0x5f, 0x76, 0x32, 0x5f, 0x64, 
  0x65, 0x70, 0x6c, 0x6f, 0x79, 0x6d, 0x65, 0x6e, 0x74, 0x2f, 0x6d, 0x6f, 
  0x74, 0x69, 0x6f, 0x6e, 0x5f, 0x65, 0x6e, 0x63, 0x6f, 0x64, 0x65, 0x72, 
  0x2f, 0x65, 0x6e, 0x63, 0x5f, 0x73, 0x65, 0x71, 0x5f, 0x67, 0x72, 0x75, 
  0x31, 0x2f, 0x75, 0x6e, 0x73, 0x74, 0x61, 0x63, 0x6b, 0x31, 0x3b, 0x73, 
  0x61, 0x66, 0x65, 0x62, 0x61, 0x6e, 0x64, 0x5f, 0x76, 0x32, 0x5f, 0x64, 
  0x65, 0x70, 0x6c, 0x6f, 0x79, 0x6d, 0x65, 0x6e, 0x74, 0x2f, 0x6d, 0x6f, 
  0x74, 0x69, 0x6f, 0x6e, 0x5f, 0x65, 0x6e, 0x63, 0x6f, 0x64, 0x65, 0x72, 
  0x2f, 0x65, 0x6e, 0x63, 0x5f, 0x73, 0x65, 0x71, 0x5f, 0x67, 0x72, 0x75, 
  0x31, 0x2f, 0x75, 0x6e, 0x73, 0x74, 0x61, 0x63, 0x6b, 0x32, 0x3b, 0x73, 
  0x61, 0x66, 0x65, 0x62, 0x61, 0x6e, 0x64, 0x5f, 0x76, 0x32, 0x5f, 0x64, 
  0x65, 0x70, 0x6c, 0x6f, 0x79, 0x6d, 0x65, 0x6e, 0x74, 0x2f, 0x6d, 0x6f, 
  0x74, 0x69, 0x6f, 0x6e, 0x5f, 0x65, 0x6e, 0x63, 0x6f, 0x64, 0x65, 0x72, 
  0x2f, 0x65, 0x6e, 0x63, 0x5f, 0x73, 0x65, 0x71, 0x5f, 0x67, 0x72, 0x75, 
  0x31, 0x2f, 0x75, 0x6e, 0x73, 0x74, 0x61, 0x63, 0x6b, 0x33, 0x3b, 0x73, 
  0x61, 0x66, 0x65, 0x62, 0x61, 0x6e, 0x64, 0x5f, 0x76, 0x32, 0x5f, 0x64, 
  0x65, 0x70, 0x6c, 0x6f, 0x79, 0x6d, 0x65, 0x6e, 0x74, 0x2f, 0x6d, 0x6f, 
  0x74, 0x69, 0x6f, 0x6e, 0x5f, 0x65, 0x6e, 0x63, 0x6f, 0x64, 0x65, 0x72, 
  0x2f, 0x65, 0x6e, 0x63, 0x5f, 0x73, 0x65, 0x71, 0x5f, 0x67, 0x72, 0x75, 
  0x31, 0x2f, 0x75, 0x6e, 0x73, 0x74, 0x61, 0x63, 0x6b, 0x34, 0x34, 0x00, 
  0x02, 0x00, 0x00, 0x00, 0x01, 0x00, 0x00, 0x00, 0x08, 0x00, 0x00, 0x00, 
  0xf6, 0xa1, 0xff, 0xff, 0x00, 0x00, 0x00, 0x01, 0x18, 0x00, 0x00, 0x00, 
  0x20, 0x00, 0x00, 0x00, 0x3c, 0x00, 0x00, 0x00, 0x7b, 0x00, 0x00, 0x00, 
  0x00, 0x00, 0x00, 0x09, 0x60, 0x01, 0x00, 0x00, 0x02, 0x00, 0x00, 0x00, 
  0xff, 0xff, 0xff, 0xff, 0x08, 0x00, 0x00, 0x00, 0xdc, 0xa1, 0xff, 0xff, 
  0x08, 0x00, 0x00, 0x00, 0x10, 0x00, 0x00, 0x00, 0x01, 0x00, 0x00, 0x00, 
  0x80, 0xff, 0xff, 0xff, 0xff, 0xff, 0xff, 0xff, 0x01, 0x00, 0x00, 0x00, 
  0xf1, 0x3f, 0x9c, 0x3a, 0x2b, 0x01, 0x00, 0x00, 0x73, 0x61, 0x66, 0x65, 
  0x62, 0x61, 0x6e, 0x64, 0x5f, 0x76, 0x32, 0x5f, 0x64, 0x65, 0x70, 0x6c, 
  0x6f, 0x79, 0x6d, 0x65, 0x6e, 0x74, 0x2f, 0x6d, 0x6f, 0x74, 0x69, 0x6f, 
  0x6e, 0x5f, 0x65, 0x6e, 0x63, 0x6f, 0x64, 0x65, 0x72, 0x2f, 0x65, 0x6e, 
  0x63, 0x5f, 0x73, 0x65, 0x71, 0x5f, 0x67, 0x72, 0x75, 0x31, 0x2f, 0x75, 
  0x6e, 0x73, 0x74, 0x61, 0x63, 0x6b, 0x3b, 0x73, 0x61, 0x66, 0x65, 0x62, 
  0x61, 0x6e, 0x64, 0x5f, 0x76, 0x32, 0x5f, 0x64, 0x65, 0x70, 0x6c, 0x6f, 
  0x79, 0x6d, 0x65, 0x6e, 0x74, 0x2f, 0x6d, 0x6f, 0x74, 0x69, 0x6f, 0x6e, 
  0x5f, 0x65, 0x6e, 0x63, 0x6f, 0x64, 0x65, 0x72, 0x2f, 0x65, 0x6e, 0x63, 
  0x5f, 0x73, 0x65, 0x71, 0x5f, 0x67, 0x72, 0x75, 0x31, 0x2f, 0x75, 0x6e, 
  0x73, 0x74, 0x61, 0x63, 0x6b, 0x31, 0x3b, 0x73, 0x61, 0x66, 0x65, 0x62, 
  0x61, 0x6e, 0x64, 0x5f, 0x76, 0x32, 0x5f, 0x64, 0x65, 0x70, 0x6c, 0x6f, 
  0x79, 0x6d, 0x65, 0x6e, 0x74, 0x2f, 0x6d, 0x6f, 0x74, 0x69, 0x6f, 0x6e, 
  0x5f, 0x65, 0x6e, 0x63, 0x6f, 0x64, 0x65, 0x72, 0x2f, 0x65, 0x6e, 0x63, 
  0x5f, 0x73, 0x65, 0x71, 0x5f, 0x67, 0x72, 0x75, 0x31, 0x2f, 0x75, 0x6e, 
  0x73, 0x74, 0x61, 0x63, 0x6b, 0x32, 0x3b, 0x73, 0x61, 0x66, 0x65, 0x62, 
  0x61, 0x6e, 0x64, 0x5f, 0x76, 0x32, 0x5f, 0x64, 0x65, 0x70, 0x6c, 0x6f, 
  0x79, 0x6d, 0x65, 0x6e, 0x74, 0x2f, 0x6d, 0x6f, 0x74, 0x69, 0x6f, 0x6e, 
  0x5f, 0x65, 0x6e, 0x63, 0x6f, 0x64, 0x65, 0x72, 0x2f, 0x65, 0x6e, 0x63, 
  0x5f, 0x73, 0x65, 0x71, 0x5f, 0x67, 0x72, 0x75, 0x31, 0x2f, 0x75, 0x6e, 
  0x73, 0x74, 0x61, 0x63, 0x6b, 0x33, 0x3b, 0x73, 0x61, 0x66, 0x65, 0x62, 
  0x61, 0x6e, 0x64, 0x5f, 0x76, 0x32, 0x5f, 0x64, 0x65, 0x70, 0x6c, 0x6f, 
  0x79, 0x6d, 0x65, 0x6e, 0x74, 0x2f, 0x6d, 0x6f, 0x74, 0x69, 0x6f, 0x6e, 
  0x5f, 0x65, 0x6e, 0x63, 0x6f, 0x64, 0x65, 0x72, 0x2f, 0x65, 0x6e, 0x63, 
  0x5f, 0x73, 0x65, 0x71, 0x5f, 0x67, 0x72, 0x75, 0x31, 0x2f, 0x75, 0x6e, 
  0x73, 0x74, 0x61, 0x63, 0x6b, 0x34, 0x33, 0x00, 0x02, 0x00, 0x00, 0x00, 
  0x01, 0x00, 0x00, 0x00, 0x08, 0x00, 0x00, 0x00, 0x7e, 0xa3, 0xff, 0xff, 
  0x00, 0x00, 0x00, 0x01, 0x18, 0x00, 0x00, 0x00, 0x20, 0x00, 0x00, 0x00, 
  0x3c, 0x00, 0x00, 0x00, 0x7a, 0x00, 0x00, 0x00, 0x00, 0x00, 0x00, 0x09, 
  0x60, 0x01, 0x00, 0x00, 0x02, 0x00, 0x00, 0x00, 0xff, 0xff, 0xff, 0xff, 
  0x08, 0x00, 0x00, 0x00, 0x64, 0xa3, 0xff, 0xff, 0x08, 0x00, 0x00, 0x00, 
  0x10, 0x00, 0x00, 0x00, 0x01, 0x00, 0x00, 0x00, 0x80, 0xff, 0xff, 0xff, 
  0xff, 0xff, 0xff, 0xff, 0x01, 0x00, 0x00, 0x00, 0xf1, 0x3f, 0x9c, 0x3a, 
  0x2b, 0x01, 0x00, 0x00, 0x73, 0x61, 0x66, 0x65, 0x62, 0x61, 0x6e, 0x64, 
  0x5f, 0x76, 0x32, 0x5f, 0x64, 0x65, 0x70, 0x6c, 0x6f, 0x79, 0x6d, 0x65, 
  0x6e, 0x74, 0x2f, 0x6d, 0x6f, 0x74, 0x69, 0x6f, 0x6e, 0x5f, 0x65, 0x6e, 
  0x63, 0x6f, 0x64, 0x65, 0x72, 0x2f, 0x65, 0x6e, 0x63, 0x5f, 0x73, 0x65, 
  0x71, 0x5f, 0x67, 0x72, 0x75, 0x31, 0x2f, 0x75, 0x6e, 0x73, 0x74, 0x61, 
  0x63, 0x6b, 0x3b, 0x73, 0x61, 0x66, 0x65, 0x62, 0x61, 0x6e, 0x64, 0x5f, 
  0x76, 0x32, 0x5f, 0x64, 0x65, 0x70, 0x6c, 0x6f, 0x79, 0x6d, 0x65, 0x6e, 
  0x74, 0x2f, 0x6d, 0x6f, 0x74, 0x69, 0x6f, 0x6e, 0x5f, 0x65, 0x6e, 0x63, 
  0x6f, 0x64, 0x65, 0x72, 0x2f, 0x65, 0x6e, 0x63, 0x5f, 0x73, 0x65, 0x71, 
  0x5f, 0x67, 0x72, 0x75, 0x31, 0x2f, 0x75, 0x6e, 0x73, 0x74, 0x61, 0x63, 
  0x6b, 0x31, 0x3b, 0x73, 0x61, 0x66, 0x65, 0x62, 0x61, 0x6e, 0x64, 0x5f, 
  0x76, 0x32, 0x5f, 0x64, 0x65, 0x70, 0x6c, 0x6f, 0x79, 0x6d, 0x65, 0x6e, 
  0x74, 0x2f, 0x6d, 0x6f, 0x74, 0x69, 0x6f, 0x6e, 0x5f, 0x65, 0x6e, 0x63, 
  0x6f, 0x64, 0x65, 0x72, 0x2f, 0x65, 0x6e, 0x63, 0x5f, 0x73, 0x65, 0x71, 
  0x5f, 0x67, 0x72, 0x75, 0x31, 0x2f, 0x75, 0x6e, 0x73, 0x74, 0x61, 0x63, 
  0x6b, 0x32, 0x3b, 0x73, 0x61, 0x66, 0x65, 0x62, 0x61, 0x6e, 0x64, 0x5f, 
  0x76, 0x32, 0x5f, 0x64, 0x65, 0x70, 0x6c, 0x6f, 0x79, 0x6d, 0x65, 0x6e, 
  0x74, 0x2f, 0x6d, 0x6f, 0x74, 0x69, 0x6f, 0x6e, 0x5f, 0x65, 0x6e, 0x63, 
  0x6f, 0x64, 0x65, 0x72, 0x2f, 0x65, 0x6e, 0x63, 0x5f, 0x73, 0x65, 0x71, 
  0x5f, 0x67, 0x72, 0x75, 0x31, 0x2f, 0x75, 0x6e, 0x73, 0x74, 0x61, 0x63, 
  0x6b, 0x33, 0x3b, 0x73, 0x61, 0x66, 0x65, 0x62, 0x61, 0x6e, 0x64, 0x5f, 
  0x76, 0x32, 0x5f, 0x64, 0x65, 0x70, 0x6c, 0x6f, 0x79, 0x6d, 0x65, 0x6e, 
  0x74, 0x2f, 0x6d, 0x6f, 0x74, 0x69, 0x6f, 0x6e, 0x5f, 0x65, 0x6e, 0x63, 
  0x6f, 0x64, 0x65, 0x72, 0x2f, 0x65, 0x6e, 0x63, 0x5f, 0x73, 0x65, 0x71, 
  0x5f, 0x67, 0x72, 0x75, 0x31, 0x2f, 0x75, 0x6e, 0x73, 0x74, 0x61, 0x63, 
  0x6b, 0x34, 0x32, 0x00, 0x02, 0x00, 0x00, 0x00, 0x01, 0x00, 0x00, 0x00, 
  0x08, 0x00, 0x00, 0x00, 0x06, 0xa5, 0xff, 0xff, 0x00, 0x00, 0x00, 0x01, 
  0x18, 0x00, 0x00, 0x00, 0x20, 0x00, 0x00, 0x00, 0x3c, 0x00, 0x00, 0x00, 
  0x79, 0x00, 0x00, 0x00, 0x00, 0x00, 0x00, 0x09, 0x60, 0x01, 0x00, 0x00, 
  0x02, 0x00, 0x00, 0x00, 0xff, 0xff, 0xff, 0xff, 0x08, 0x00, 0x00, 0x00, 
  0xec, 0xa4, 0xff, 0xff, 0x08, 0x00, 0x00, 0x00, 0x10, 0x00, 0x00, 0x00, 
  0x01, 0x00, 0x00, 0x00, 0x80, 0xff, 0xff, 0xff, 0xff, 0xff, 0xff, 0xff, 
  0x01, 0x00, 0x00, 0x00, 0xf1, 0x3f, 0x9c, 0x3a, 0x2b, 0x01, 0x00, 0x00, 
  0x73, 0x61, 0x66, 0x65, 0x62, 0x61, 0x6e, 0x64, 0x5f, 0x76, 0x32, 0x5f, 
  0x64, 0x65, 0x70, 0x6c, 0x6f, 0x79, 0x6d, 0x65, 0x6e, 0x74, 0x2f, 0x6d, 
  0x6f, 0x74, 0x69, 0x6f, 0x6e, 0x5f, 0x65, 0x6e, 0x63, 0x6f, 0x64, 0x65, 
  0x72, 0x2f, 0x65, 0x6e, 0x63, 0x5f, 0x73, 0x65, 0x71, 0x5f, 0x67, 0x72, 
  0x75, 0x31, 0x2f, 0x75, 0x6e, 0x73, 0x74, 0x61, 0x63, 0x6b, 0x3b, 0x73, 
  0x61, 0x66, 0x65, 0x62, 0x61, 0x6e, 0x64, 0x5f, 0x76, 0x32, 0x5f, 0x64, 
  0x65, 0x70, 0x6c, 0x6f, 0x79, 0x6d, 0x65, 0x6e, 0x74, 0x2f, 0x6d, 0x6f, 
  0x74, 0x69, 0x6f, 0x6e, 0x5f, 0x65, 0x6e, 0x63, 0x6f, 0x64, 0x65, 0x72, 
  0x2f, 0x65, 0x6e, 0x63, 0x5f, 0x73, 0x65, 0x71, 0x5f, 0x67, 0x72, 0x75, 
  0x31, 0x2f, 0x75, 0x6e, 0x73, 0x74, 0x61, 0x63, 0x6b, 0x31, 0x3b, 0x73, 
  0x61, 0x66, 0x65, 0x62, 0x61, 0x6e, 0x64, 0x5f, 0x76, 0x32, 0x5f, 0x64, 
  0x65, 0x70, 0x6c, 0x6f, 0x79, 0x6d, 0x65, 0x6e, 0x74, 0x2f, 0x6d, 0x6f, 
  0x74, 0x69, 0x6f, 0x6e, 0x5f, 0x65, 0x6e, 0x63, 0x6f, 0x64, 0x65, 0x72, 
  0x2f, 0x65, 0x6e, 0x63, 0x5f, 0x73, 0x65, 0x71, 0x5f, 0x67, 0x72, 0x75, 
  0x31, 0x2f, 0x75, 0x6e, 0x73, 0x74, 0x61, 0x63, 0x6b, 0x32, 0x3b, 0x73, 
  0x61, 0x66, 0x65, 0x62, 0x61, 0x6e, 0x64, 0x5f, 0x76, 0x32, 0x5f, 0x64, 
  0x65, 0x70, 0x6c, 0x6f, 0x79, 0x6d, 0x65, 0x6e, 0x74, 0x2f, 0x6d, 0x6f, 
  0x74, 0x69, 0x6f, 0x6e, 0x5f, 0x65, 0x6e, 0x63, 0x6f, 0x64, 0x65, 0x72, 
  0x2f, 0x65, 0x6e, 0x63, 0x5f, 0x73, 0x65, 0x71, 0x5f, 0x67, 0x72, 0x75, 
  0x31, 0x2f, 0x75, 0x6e, 0x73, 0x74, 0x61, 0x63, 0x6b, 0x33, 0x3b, 0x73, 
  0x61, 0x66, 0x65, 0x62, 0x61, 0x6e, 0x64, 0x5f, 0x76, 0x32, 0x5f, 0x64, 
  0x65, 0x70, 0x6c, 0x6f, 0x79, 0x6d, 0x65, 0x6e, 0x74, 0x2f, 0x6d, 0x6f, 
  0x74, 0x69, 0x6f, 0x6e, 0x5f, 0x65, 0x6e, 0x63, 0x6f, 0x64, 0x65, 0x72, 
  0x2f, 0x65, 0x6e, 0x63, 0x5f, 0x73, 0x65, 0x71, 0x5f, 0x67, 0x72, 0x75, 
  0x31, 0x2f, 0x75, 0x6e, 0x73, 0x74, 0x61, 0x63, 0x6b, 0x34, 0x31, 0x00, 
  0x02, 0x00, 0x00, 0x00, 0x01, 0x00, 0x00, 0x00, 0x08, 0x00, 0x00, 0x00, 
  0x8e, 0xa6, 0xff, 0xff, 0x00, 0x00, 0x00, 0x01, 0x18, 0x00, 0x00, 0x00, 
  0x20, 0x00, 0x00, 0x00, 0x40, 0x00, 0x00, 0x00, 0x78, 0x00, 0x00, 0x00, 
  0x00, 0x00, 0x00, 0x09, 0x64, 0x01, 0x00, 0x00, 0x02, 0x00, 0x00, 0x00, 
  0xff, 0xff, 0xff, 0xff, 0x08, 0x00, 0x00, 0x00, 0x74, 0xa6, 0xff, 0xff, 
  0x08, 0x00, 0x00, 0x00, 0x14, 0x00, 0x00, 0x00, 0x01, 0x00, 0x00, 0x00, 
  0x80, 0xff, 0xff, 0xff, 0xff, 0xff, 0xff, 0xff, 0x00, 0x00, 0x00, 0x00, 
  0x01, 0x00, 0x00, 0x00, 0xf1, 0x3f, 0x9c, 0x3a, 0x2a, 0x01, 0x00, 0x00, 
  0x73, 0x61, 0x66, 0x65, 0x62, 0x61, 0x6e, 0x64, 0x5f, 0x76, 0x32, 0x5f, 
  0x64, 0x65, 0x70, 0x6c, 0x6f, 0x79, 0x6d, 0x65, 0x6e, 0x74, 0x2f, 0x6d, 
  0x6f, 0x74, 0x69, 0x6f, 0x6e, 0x5f, 0x65, 0x6e, 0x63, 0x6f, 0x64, 0x65, 
  0x72, 0x2f, 0x65, 0x6e, 0x63, 0x5f, 0x73, 0x65, 0x71, 0x5f, 0x67, 0x72, 
  0x75, 0x31, 0x2f, 0x75, 0x6e, 0x73, 0x74, 0x61, 0x63, 0x6b, 0x3b, 0x73, 
  0x61, 0x66, 0x65, 0x62, 0x61, 0x6e, 0x64, 0x5f, 0x76, 0x32, 0x5f, 0x64, 
  0x65, 0x70, 0x6c, 0x6f, 0x79, 0x6d, 0x65, 0x6e, 0x74, 0x2f, 0x6d, 0x6f, 
  0x74, 0x69, 0x6f, 0x6e, 0x5f, 0x65, 0x6e, 0x63, 0x6f, 0x64, 0x65, 0x72, 
  0x2f, 0x65, 0x6e, 0x63, 0x5f, 0x73, 0x65, 0x71, 0x5f, 0x67, 0x72, 0x75, 
  0x31, 0x2f, 0x75, 0x6e, 0x73, 0x74, 0x61, 0x63, 0x6b, 0x31, 0x3b, 0x73, 
  0x61, 0x66, 0x65, 0x62, 0x61, 0x6e, 0x64, 0x5f, 0x76, 0x32, 0x5f, 0x64, 
  0x65, 0x70, 0x6c, 0x6f, 0x79, 0x6d, 0x65, 0x6e, 0x74, 0x2f, 0x6d, 0x6f, 
  0x74, 0x69, 0x6f, 0x6e, 0x5f, 0x65, 0x6e, 0x63, 0x6f, 0x64, 0x65, 0x72, 
  0x2f, 0x65, 0x6e, 0x63, 0x5f, 0x73, 0x65, 0x71, 0x5f, 0x67, 0x72, 0x75, 
  0x31, 0x2f, 0x75, 0x6e, 0x73, 0x74, 0x61, 0x63, 0x6b, 0x32, 0x3b, 0x73, 
  0x61, 0x66, 0x65, 0x62, 0x61, 0x6e, 0x64, 0x5f, 0x76, 0x32, 0x5f, 0x64, 
  0x65, 0x70, 0x6c, 0x6f, 0x79, 0x6d, 0x65, 0x6e, 0x74, 0x2f, 0x6d, 0x6f, 
  0x74, 0x69, 0x6f, 0x6e, 0x5f, 0x65, 0x6e, 0x63, 0x6f, 0x64, 0x65, 0x72, 
  0x2f, 0x65, 0x6e, 0x63, 0x5f, 0x73, 0x65, 0x71, 0x5f, 0x67, 0x72, 0x75, 
  0x31, 0x2f, 0x75, 0x6e, 0x73, 0x74, 0x61, 0x63, 0x6b, 0x33, 0x3b, 0x73, 
  0x61, 0x66, 0x65, 0x62, 0x61, 0x6e, 0x64, 0x5f, 0x76, 0x32, 0x5f, 0x64, 
  0x65, 0x70, 0x6c, 0x6f, 0x79, 0x6d, 0x65, 0x6e, 0x74, 0x2f, 0x6d, 0x6f, 
  0x74, 0x69, 0x6f, 0x6e, 0x5f, 0x65, 0x6e, 0x63, 0x6f, 0x64, 0x65, 0x72, 
  0x2f, 0x65, 0x6e, 0x63, 0x5f, 0x73, 0x65, 0x71, 0x5f, 0x67, 0x72, 0x75, 
  0x31, 0x2f, 0x75, 0x6e, 0x73, 0x74, 0x61, 0x63, 0x6b, 0x34, 0x00, 0x00, 
  0x02, 0x00, 0x00, 0x00, 0x01, 0x00, 0x00, 0x00, 0x08, 0x00, 0x00, 0x00, 
  0x1a, 0xa8, 0xff, 0xff, 0x00, 0x00, 0x00, 0x01, 0x18, 0x00, 0x00, 0x00, 
  0x24, 0x00, 0x00, 0x00, 0x40, 0x00, 0x00, 0x00, 0x77, 0x00, 0x00, 0x00, 
  0x00, 0x00, 0x00, 0x09, 0x78, 0x00, 0x00, 0x00, 0x03, 0x00, 0x00, 0x00, 
  0x05, 0x00, 0x00, 0x00, 0xff, 0xff, 0xff, 0xff, 0x08, 0x00, 0x00, 0x00, 
  0x04, 0xa8, 0xff, 0xff, 0x08, 0x00, 0x00, 0x00, 0x10, 0x00, 0x00, 0x00, 
  0x01, 0x00, 0x00, 0x00, 0x80, 0xff, 0xff, 0xff, 0xff, 0xff, 0xff, 0xff, 
  0x01, 0x00, 0x00, 0x00, 0xf1, 0x3f, 0x9c, 0x3a, 0x3c, 0x00, 0x00, 0x00, 
  0x73, 0x61, 0x66, 0x65, 0x62, 0x61, 0x6e, 0x64, 0x5f, 0x76, 0x32, 0x5f, 
  0x64, 0x65, 0x70, 0x6c, 0x6f, 0x79, 0x6d, 0x65, 0x6e, 0x74, 0x2f, 0x6d, 
  0x6f, 0x74, 0x69, 0x6f, 0x6e, 0x5f, 0x65, 0x6e, 0x63, 0x6f, 0x64, 0x65, 
  0x72, 0x2f, 0x65, 0x6e, 0x63, 0x5f, 0x73, 0x65, 0x71, 0x5f, 0x67, 0x72, 
  0x75, 0x31, 0x2f, 0x74, 0x72, 0x61, 0x6e, 0x73, 0x70, 0x6f, 0x73, 0x65, 
  0x00, 0x00, 0x00, 0x00, 0x03, 0x00, 0x00, 0x00, 0x05, 0x00, 0x00, 0x00, 
  0x01, 0x00, 0x00, 0x00, 0x08, 0x00, 0x00, 0x00, 0xbe, 0xa8, 0xff, 0xff, 
  0x00, 0x00, 0x00, 0x01, 0x18, 0x00, 0x00, 0x00, 0x20, 0x00, 0x00, 0x00, 
  0x40, 0x00, 0x00, 0x00, 0x76, 0x00, 0x00, 0x00, 0x00, 0x00, 0x00, 0x09, 
  0x08, 0x01, 0x00, 0x00, 0x02, 0x00, 0x00, 0x00, 0xff, 0xff, 0xff, 0xff, 
  0x08, 0x00, 0x00, 0x00, 0xa4, 0xa8, 0xff, 0xff, 0x08, 0x00, 0x00, 0x00, 
  0x14, 0x00, 0x00, 0x00, 0x01, 0x00, 0x00, 0x00, 0x19, 0x00, 0x00, 0x00, 
  0x00, 0x00, 0x00, 0x00, 0x00, 0x00, 0x00, 0x00, 0x01, 0x00, 0x00, 0x00, 
  0xfe, 0x7b, 0x22, 0x3b, 0xce, 0x00, 0x00, 0x00, 0x73, 0x61, 0x66, 0x65, 
  0x62, 0x61, 0x6e, 0x64, 0x5f, 0x76, 0x32, 0x5f, 0x64, 0x65, 0x70, 0x6c, 
  0x6f, 0x79, 0x6d, 0x65, 0x6e, 0x74, 0x2f, 0x6d, 0x6f, 0x74, 0x69, 0x6f, 
  0x6e, 0x5f, 0x65, 0x6e, 0x63, 0x6f, 0x64, 0x65, 0x72, 0x2f, 0x65, 0x6e, 
  0x63, 0x5f, 0x73, 0x65, 0x71, 0x5f, 0x67, 0x72, 0x75, 0x31, 0x2f, 0x67, 
  0x72, 0x75, 0x5f, 0x63, 0x65, 0x6c, 0x6c, 0x2f, 0x73, 0x70, 0x6c, 0x69, 
  0x74, 0x5f, 0x31, 0x3b, 0x73, 0x61, 0x66, 0x65, 0x62, 0x61, 0x6e, 0x64, 
  0x5f, 0x76, 0x32, 0x5f, 0x64, 0x65, 0x70, 0x6c, 0x6f, 0x79, 0x6d, 0x65, 
  0x6e, 0x74, 0x2f, 0x6d, 0x6f, 0x74, 0x69, 0x6f, 0x6e, 0x5f, 0x65, 0x6e, 
  0x63, 0x6f, 0x64, 0x65, 0x72, 0x2f, 0x65, 0x6e, 0x63, 0x5f, 0x73, 0x65, 
  0x71, 0x5f, 0x67, 0x72, 0x75, 0x31, 0x2f, 0x67, 0x72, 0x75, 0x5f, 0x63, 
  0x65, 0x6c, 0x6c, 0x2f, 0x73, 0x70, 0x6c, 0x69, 0x74, 0x5f, 0x31, 0x31, 
  0x3b, 0x73, 0x61, 0x66, 0x65, 0x62, 0x61, 0x6e, 0x64, 0x5f, 0x76, 0x32, 
  0x5f, 0x64, 0x65, 0x70, 0x6c, 0x6f, 0x79, 0x6d, 0x65, 0x6e, 0x74, 0x2f, 
  0x6d, 0x6f, 0x74, 0x69, 0x6f, 0x6e, 0x5f, 0x65, 0x6e, 0x63, 0x6f, 0x64, 
  0x65, 0x72, 0x2f, 0x65, 0x6e, 0x63, 0x5f, 0x73, 0x65, 0x71, 0x5f, 0x67, 
  0x72, 0x75, 0x31, 0x2f, 0x67, 0x72, 0x75, 0x5f, 0x63, 0x65, 0x6c, 0x6c, 
  0x2f, 0x73, 0x70, 0x6c, 0x69, 0x74, 0x5f, 0x31, 0x32, 0x32, 0x00, 0x00, 
  0x02, 0x00, 0x00, 0x00, 0x01, 0x00, 0x00, 0x00, 0x08, 0x00, 0x00, 0x00, 
  0xee, 0xa9, 0xff, 0xff, 0x00, 0x00, 0x00, 0x01, 0x18, 0x00, 0x00, 0x00, 
  0x20, 0x00, 0x00, 0x00, 0x40, 0x00, 0x00, 0x00, 0x75, 0x00, 0x00, 0x00, 
  0x00, 0x00, 0x00, 0x09, 0x08, 0x01, 0x00, 0x00, 0x02, 0x00, 0x00, 0x00, 
  0xff, 0xff, 0xff, 0xff, 0x08, 0x00, 0x00, 0x00, 0xd4, 0xa9, 0xff, 0xff, 
  0x08, 0x00, 0x00, 0x00, 0x14, 0x00, 0x00, 0x00, 0x01, 0x00, 0x00, 0x00, 
  0x19, 0x00, 0x00, 0x00, 0x00, 0x00, 0x00, 0x00, 0x00, 0x00, 0x00, 0x00, 
  0x01, 0x00, 0x00, 0x00, 0xfe, 0x7b, 0x22, 0x3b, 0xce, 0x00, 0x00, 0x00, 
  0x73, 0x61, 0x66, 0x65, 0x62, 0x61, 0x6e, 0x64, 0x5f, 0x76, 0x32, 0x5f, 
  0x64, 0x65, 0x70, 0x6c, 0x6f, 0x79, 0x6d, 0x65, 0x6e, 0x74, 0x2f, 0x6d, 
  0x6f, 0x74, 0x69, 0x6f, 0x6e, 0x5f, 0x65, 0x6e, 0x63, 0x6f, 0x64, 0x65, 
  0x72, 0x2f, 0x65, 0x6e, 0x63, 0x5f, 0x73, 0x65, 0x71, 0x5f, 0x67, 0x72, 
  0x75, 0x31, 0x2f, 0x67, 0x72, 0x75, 0x5f, 0x63, 0x65, 0x6c, 0x6c, 0x2f, 
  0x73, 0x70, 0x6c, 0x69, 0x74, 0x5f, 0x31, 0x3b, 0x73, 0x61, 0x66, 0x65, 
  0x62, 0x61, 0x6e, 0x64, 0x5f, 0x76, 0x32, 0x5f, 0x64, 0x65, 0x70, 0x6c, 
  0x6f, 0x79, 0x6d, 0x65, 0x6e, 0x74, 0x2f, 0x6d, 0x6f, 0x74, 0x69, 0x6f, 
  0x6e, 0x5f, 0x65, 0x6e, 0x63, 0x6f, 0x64, 0x65, 0x72, 0x2f, 0x65, 0x6e, 
  0x63, 0x5f, 0x73, 0x65, 0x71, 0x5f, 0x67, 0x72, 0x75, 0x31, 0x2f, 0x67, 
  0x72, 0x75, 0x5f, 0x63, 0x65, 0x6c, 0x6c, 0x2f, 0x73, 0x70, 0x6c, 0x69, 
  0x74, 0x5f, 0x31, 0x31, 0x3b, 0x73, 0x61, 0x66, 0x65, 0x62, 0x61, 0x6e, 
  0x64, 0x5f, 0x76, 0x32, 0x5f, 0x64, 0x65, 0x70, 0x6c, 0x6f, 0x79, 0x6d, 
  0x65, 0x6e, 0x74, 0x2f, 0x6d, 0x6f, 0x74, 0x69, 0x6f, 0x6e, 0x5f, 0x65, 
  0x6e, 0x63, 0x6f, 0x64, 0x65, 0x72, 0x2f, 0x65, 0x6e, 0x63, 0x5f, 0x73, 
  0x65, 0x71, 0x5f, 0x67, 0x72, 0x75, 0x31, 0x2f, 0x67, 0x72, 0x75, 0x5f, 
  0x63, 0x65, 0x6c, 0x6c, 0x2f, 0x73, 0x70, 0x6c, 0x69, 0x74, 0x5f, 0x31, 
  0x32, 0x31, 0x00, 0x00, 0x02, 0x00, 0x00, 0x00, 0x01, 0x00, 0x00, 0x00, 
  0x08, 0x00, 0x00, 0x00, 0x1e, 0xab, 0xff, 0xff, 0x00, 0x00, 0x00, 0x01, 
  0x18, 0x00, 0x00, 0x00, 0x20, 0x00, 0x00, 0x00, 0x40, 0x00, 0x00, 0x00, 
  0x74, 0x00, 0x00, 0x00, 0x00, 0x00, 0x00, 0x09, 0x08, 0x01, 0x00, 0x00, 
  0x02, 0x00, 0x00, 0x00, 0xff, 0xff, 0xff, 0xff, 0x08, 0x00, 0x00, 0x00, 
  0x04, 0xab, 0xff, 0xff, 0x08, 0x00, 0x00, 0x00, 0x14, 0x00, 0x00, 0x00, 
  0x01, 0x00, 0x00, 0x00, 0x19, 0x00, 0x00, 0x00, 0x00, 0x00, 0x00, 0x00, 
  0x00, 0x00, 0x00, 0x00, 0x01, 0x00, 0x00, 0x00, 0xfe, 0x7b, 0x22, 0x3b, 
  0xcd, 0x00, 0x00, 0x00, 0x73, 0x61, 0x66, 0x65, 0x62, 0x61, 0x6e, 0x64, 
  0x5f, 0x76, 0x32, 0x5f, 0x64, 0x65, 0x70, 0x6c, 0x6f, 0x79, 0x6d, 0x65, 
  0x6e, 0x74, 0x2f, 0x6d, 0x6f, 0x74, 0x69, 0x6f, 0x6e, 0x5f, 0x65, 0x6e, 
  0x63, 0x6f, 0x64, 0x65, 0x72, 0x2f, 0x65, 0x6e, 0x63, 0x5f, 0x73, 0x65, 
  0x71, 0x5f, 0x67, 0x72, 0x75, 0x31, 0x2f, 0x67, 0x72, 0x75, 0x5f, 0x63, 
  0x65, 0x6c, 0x6c, 0x2f, 0x73, 0x70, 0x6c, 0x69, 0x74, 0x5f, 0x31, 0x3b, 
  0x73, 0x61, 0x66, 0x65, 0x62, 0x61, 0x6e, 0x64, 0x5f, 0x76, 0x32, 0x5f, 
  0x64, 0x65, 0x70, 0x6c, 0x6f, 0x79, 0x6d, 0x65, 0x6e, 0x74, 0x2f, 0x6d, 
  0x6f, 0x74, 0x69, 0x6f, 0x6e, 0x5f, 0x65, 0x6e, 0x63, 0x6f, 0x64, 0x65, 
  0x72, 0x2f, 0x65, 0x6e, 0x63, 0x5f, 0x73, 0x65, 0x71, 0x5f, 0x67, 0x72, 
  0x75, 0x31, 0x2f, 0x67, 0x72, 0x75, 0x5f, 0x63, 0x65, 0x6c, 0x6c, 0x2f, 
  0x73, 0x70, 0x6c, 0x69, 0x74, 0x5f, 0x31, 0x31, 0x3b, 0x73, 0x61, 0x66, 
  0x65, 0x62, 0x61, 0x6e, 0x64, 0x5f, 0x76, 0x32, 0x5f, 0x64, 0x65, 0x70, 
  0x6c, 0x6f, 0x79, 0x6d, 0x65, 0x6e, 0x74, 0x2f, 0x6d, 0x6f, 0x74, 0x69, 
  0x6f, 0x6e, 0x5f, 0x65, 0x6e, 0x63, 0x6f, 0x64, 0x65, 0x72, 0x2f, 0x65, 
  0x6e, 0x63, 0x5f, 0x73, 0x65, 0x71, 0x5f, 0x67, 0x72, 0x75, 0x31, 0x2f, 
  0x67, 0x72, 0x75, 0x5f, 0x63, 0x65, 0x6c, 0x6c, 0x2f, 0x73, 0x70, 0x6c, 
  0x69, 0x74, 0x5f, 0x31, 0x32, 0x00, 0x00, 0x00, 0x02, 0x00, 0x00, 0x00, 
  0x01, 0x00, 0x00, 0x00, 0x08, 0x00, 0x00, 0x00, 0x4e, 0xac, 0xff, 0xff, 
  0x00, 0x00, 0x00, 0x01, 0x18, 0x00, 0x00, 0x00, 0x20, 0x00, 0x00, 0x00, 
  0x3c, 0x00, 0x00, 0x00, 0x73, 0x00, 0x00, 0x00, 0x00, 0x00, 0x00, 0x09, 
  0xc0, 0x00, 0x00, 0x00, 0x02, 0x00, 0x00, 0x00, 0xff, 0xff, 0xff, 0xff, 
  0x18, 0x00, 0x00, 0x00, 0x34, 0xac, 0xff, 0xff, 0x08, 0x00, 0x00, 0x00, 
  0x10, 0x00, 0x00, 0x00, 0x01, 0x00, 0x00, 0x00, 0x19, 0x00, 0x00, 0x00, 
  0x00, 0x00, 0x00, 0x00, 0x01, 0x00, 0x00, 0x00, 0xfe, 0x7b, 0x22, 0x3b, 
  0x8a, 0x00, 0x00, 0x00, 0x73, 0x61, 0x66, 0x65, 0x62, 0x61, 0x6e, 0x64, 
  0x5f, 0x76, 0x32, 0x5f, 0x64, 0x65, 0x70, 0x6c, 0x6f, 0x79, 0x6d, 0x65, 
  0x6e, 0x74, 0x2f, 0x6d, 0x6f, 0x74, 0x69, 0x6f, 0x6e, 0x5f, 0x65, 0x6e, 
  0x63, 0x6f, 0x64, 0x65, 0x72, 0x2f, 0x65, 0x6e, 0x63, 0x5f, 0x73, 0x65, 
  0x71, 0x5f, 0x67, 0x72, 0x75, 0x31, 0x2f, 0x67, 0x72, 0x75, 0x5f, 0x63, 
  0x65, 0x6c, 0x6c, 0x2f, 0x4d, 0x61, 0x74, 0x4d, 0x75, 0x6c, 0x5f, 0x31, 
  0x3b, 0x73, 0x61, 0x66, 0x65, 0x62, 0x61, 0x6e, 0x64, 0x5f, 0x76, 0x32, 
  0x5f, 0x64, 0x65, 0x70, 0x6c, 0x6f, 0x79, 0x6d, 0x65, 0x6e, 0x74, 0x2f, 
  0x6d, 0x6f, 0x74, 0x69, 0x6f, 0x6e, 0x5f, 0x65, 0x6e, 0x63, 0x6f, 0x64, 
  0x65, 0x72, 0x2f, 0x65, 0x6e, 0x63, 0x5f, 0x73, 0x65, 0x71, 0x5f, 0x67, 
  0x72, 0x75, 0x31, 0x2f, 0x67, 0x72, 0x75, 0x5f, 0x63, 0x65, 0x6c, 0x6c, 
  0x2f, 0x42, 0x69, 0x61, 0x73, 0x41, 0x64, 0x64, 0x5f, 0x31, 0x00, 0x00, 
  0x02, 0x00, 0x00, 0x00, 0x01, 0x00, 0x00, 0x00, 0x18, 0x00, 0x00, 0x00, 
  0x36, 0xad, 0xff, 0xff, 0x00, 0x00, 0x00, 0x01, 0x18, 0x00, 0x00, 0x00, 
  0x20, 0x00, 0x00, 0x00, 0x40, 0x00, 0x00, 0x00, 0x72, 0x00, 0x00, 0x00, 
  0x00, 0x00, 0x00, 0x09, 0x74, 0x00, 0x00, 0x00, 0x02, 0x00, 0x00, 0x00, 
  0xff, 0xff, 0xff, 0xff, 0x08, 0x00, 0x00, 0x00, 0x1c, 0xad, 0xff, 0xff, 
  0x08, 0x00, 0x00, 0x00, 0x14, 0x00, 0x00, 0x00, 0x01, 0x00, 0x00, 0x00, 
  0x00, 0x00, 0x00, 0x00, 0x00, 0x00, 0x00, 0x00, 0x00, 0x00, 0x00, 0x00, 
  0x01, 0x00, 0x00, 0x00, 0x7b, 0xbe, 0x06, 0x32, 0x38, 0x00, 0x00, 0x00, 
  0x73, 0x61, 0x66, 0x65, 0x62, 0x61, 0x6e, 0x64, 0x5f, 0x76, 0x32, 0x5f, 
  0x64, 0x65, 0x70, 0x6c, 0x6f, 0x79, 0x6d, 0x65, 0x6e, 0x74, 0x2f, 0x6d, 
  0x6f, 0x74, 0x69, 0x6f, 0x6e, 0x5f, 0x65, 0x6e, 0x63, 0x6f, 0x64, 0x65, 
  0x72, 0x2f, 0x65, 0x6e, 0x63, 0x5f, 0x73, 0x65, 0x71, 0x5f, 0x67, 0x72, 
  0x75, 0x31, 0x2f, 0x7a, 0x65, 0x72, 0x6f, 0x73, 0x00, 0x00, 0x00, 0x00, 
  0x02, 0x00, 0x00, 0x00, 0x01, 0x00, 0x00, 0x00, 0x08, 0x00, 0x00, 0x00, 
  0xc6, 0xae, 0xff, 0xff, 0x00, 0x00, 0x00, 0x01, 0x14, 0x00, 0x00, 0x00, 
  0x14, 0x00, 0x00, 0x00, 0x71, 0x00, 0x00, 0x00, 0x00, 0x00, 0x00, 0x02, 
  0x4c, 0x00, 0x00, 0x00, 0xb0, 0xae, 0xff, 0xff, 0x3f, 0x00, 0x00, 0x00, 
  0x73, 0x61, 0x66, 0x65, 0x62, 0x61, 0x6e, 0x64, 0x5f, 0x76, 0x32, 0x5f, 
  0x64, 0x65, 0x70, 0x6c, 0x6f, 0x79, 0x6d, 0x65, 0x6e, 0x74, 0x2f, 0x6d, 
  0x6f, 0x74, 0x69, 0x6f, 0x6e, 0x5f, 0x65, 0x6e, 0x63, 0x6f, 0x64, 0x65, 
  0x72, 0x2f, 0x65, 0x6e, 0x63, 0x5f, 0x73, 0x65, 0x71, 0x5f, 0x67, 0x72, 
  0x75, 0x31, 0x2f, 0x7a, 0x65, 0x72, 0x6f, 0x73, 0x2f, 0x70, 0x61, 0x63, 
  0x6b, 0x65, 0x64, 0x00, 0x01, 0x00, 0x00, 0x00, 0x02, 0x00, 0x00, 0x00, 
  0x32, 0xaf, 0xff, 0xff, 0x00, 0x00, 0x00, 0x01, 0x14, 0x00, 0x00, 0x00, 
  0x14, 0x00, 0x00, 0x00, 0x70, 0x00, 0x00, 0x00, 0x00, 0x00, 0x00, 0x02, 
  0x50, 0x00, 0x00, 0x00, 0x1c, 0xaf, 0xff, 0xff, 0x40, 0x00, 0x00, 0x00, 
  0x73, 0x61, 0x66, 0x65, 0x62, 0x61, 0x6e, 0x64, 0x5f, 0x76, 0x32, 0x5f, 
  0x64, 0x65, 0x70, 0x6c, 0x6f, 0x79, 0x6d, 0x65, 0x6e, 0x74, 0x2f, 0x6d, 
  0x6f, 0x74, 0x69, 0x6f, 0x6e, 0x5f, 0x65, 0x6e, 0x63, 0x6f, 0x64, 0x65, 
  0x72, 0x2f, 0x65, 0x6e, 0x63, 0x5f, 0x73, 0x65, 0x71, 0x5f, 0x67, 0x72, 
  0x75, 0x31, 0x2f, 0x73, 0x74, 0x72, 0x69, 0x64, 0x65, 0x64, 0x5f, 0x73, 
  0x6c, 0x69, 0x63, 0x65, 0x00, 0x00, 0x00, 0x00, 0x00, 0x00, 0x00, 0x00, 
  0x9e, 0xaf, 0xff, 0xff, 0x00, 0x00, 0x00, 0x01, 0x14, 0x00, 0x00, 0x00, 
  0x14, 0x00, 0x00, 0x00, 0x6f, 0x00, 0x00, 0x00, 0x00, 0x00, 0x00, 0x02, 
  0x48, 0x00, 0x00, 0x00, 0x88, 0xaf, 0xff, 0xff, 0x38, 0x00, 0x00, 0x00, 
  0x73, 0x61, 0x66, 0x65, 0x62, 0x61, 0x6e, 0x64, 0x5f, 0x76, 0x32, 0x5f, 
  0x64, 0x65, 0x70, 0x6c, 0x6f, 0x79, 0x6d, 0x65, 0x6e, 0x74, 0x2f, 0x6d, 
  0x6f, 0x74, 0x69, 0x6f, 0x6e, 0x5f, 0x65, 0x6e, 0x63, 0x6f, 0x64, 0x65, 
  0x72, 0x2f, 0x65, 0x6e, 0x63, 0x5f, 0x73, 0x65, 0x71, 0x5f, 0x67, 0x72, 
  0x75, 0x31, 0x2f, 0x53, 0x68, 0x61, 0x70, 0x65, 0x00, 0x00, 0x00, 0x00, 
  0x01, 0x00, 0x00, 0x00, 0x03, 0x00, 0x00, 0x00, 0x12, 0xaf, 0xff, 0xff, 
  0x00, 0x00, 0x00, 0x01, 0x18, 0x00, 0x00, 0x00, 0x24, 0x00, 0x00, 0x00, 
  0x40, 0x00, 0x00, 0x00, 0x6e, 0x00, 0x00, 0x00, 0x00, 0x00, 0x00, 0x09, 
  0x48, 0x01, 0x00, 0x00, 0x03, 0x00, 0x00, 0x00, 0xff, 0xff, 0xff, 0xff, 
  0x05, 0x00, 0x00, 0x00, 0x08, 0x00, 0x00, 0x00, 0xfc, 0xae, 0xff, 0xff, 
  0x08, 0x00, 0x00, 0x00, 0x10, 0x00, 0x00, 0x00, 0x01, 0x00, 0x00, 0x00, 
  0x80, 0xff, 0xff, 0xff, 0xff, 0xff, 0xff, 0xff, 0x01, 0x00, 0x00, 0x00, 
  0xf1, 0x3f, 0x9c, 0x3a, 0x0e, 0x01, 0x00, 0x00, 0x73, 0x61, 0x66, 0x65, 
  0x62, 0x61, 0x6e, 0x64, 0x5f, 0x76, 0x32, 0x5f, 0x64, 0x65, 0x70, 0x6c, 
  0x6f, 0x79, 0x6d, 0x65, 0x6e, 0x74, 0x2f, 0x6d, 0x6f, 0x74, 0x69, 0x6f, 
  0x6e, 0x5f, 0x65, 0x6e, 0x63, 0x6f, 0x64, 0x65, 0x72, 0x2f, 0x65, 0x6e, 
  0x63, 0x5f, 0x73, 0x65, 0x71, 0x5f, 0x70, 0x77, 0x5f, 0x63, 0x6f, 0x6e, 
  0x76, 0x32, 0x2f, 0x52, 0x65, 0x6c, 0x75, 0x3b, 0x73, 0x61, 0x66, 0x65, 
  0x62, 0x61, 0x6e, 0x64, 0x5f, 0x76, 0x32, 0x5f, 0x64, 0x65, 0x70, 0x6c, 
  0x6f, 0x79, 0x6d, 0x65, 0x6e, 0x74, 0x2f, 0x6d, 0x6f, 0x74, 0x69, 0x6f, 
  0x6e, 0x5f, 0x65, 0x6e, 0x63, 0x6f, 0x64, 0x65, 0x72, 0x2f, 0x65, 0x6e, 
  0x63, 0x5f, 0x73, 0x65, 0x71, 0x5f, 0x70, 0x77, 0x5f, 0x63, 0x6f, 0x6e, 
  0x76, 0x32, 0x2f, 0x42, 0x69, 0x61, 0x73, 0x41, 0x64, 0x64, 0x3b, 0x73, 
  0x61, 0x66, 0x65, 0x62, 0x61, 0x6e, 0x64, 0x5f, 0x76, 0x32, 0x5f, 0x64, 
  0x65, 0x70, 0x6c, 0x6f, 0x79, 0x6d, 0x65, 0x6e, 0x74, 0x2f, 0x6d, 0x6f, 
  0x74, 0x69, 0x6f, 0x6e, 0x5f, 0x65, 0x6e, 0x63, 0x6f, 0x64, 0x65, 0x72, 
  0x2f, 0x65, 0x6e, 0x63, 0x5f, 0x73, 0x65, 0x71, 0x5f, 0x70, 0x77, 0x5f, 
  0x63, 0x6f, 0x6e, 0x76, 0x32, 0x2f, 0x43, 0x6f, 0x6e, 0x76, 0x31, 0x44, 
  0x2f, 0x53, 0x71, 0x75, 0x65, 0x65, 0x7a, 0x65, 0x3b, 0x73, 0x61, 0x66, 
  0x65, 0x62, 0x61, 0x6e, 0x64, 0x5f, 0x76, 0x32, 0x5f, 0x64, 0x65, 0x70, 
  0x6c, 0x6f, 0x79, 0x6d, 0x65, 0x6e, 0x74, 0x2f, 0x6d, 0x6f, 0x74, 0x69, 
  0x6f, 0x6e, 0x5f, 0x65, 0x6e, 0x63, 0x6f, 0x64, 0x65, 0x72, 0x2f, 0x65, 
  0x6e, 0x63, 0x5f, 0x73, 0x65, 0x71, 0x5f, 0x70, 0x77, 0x5f, 0x63, 0x6f, 
  0x6e, 0x76, 0x32, 0x2f, 0x42, 0x69, 0x61, 0x73, 0x41, 0x64, 0x64, 0x2f, 
  0x52, 0x65, 0x61, 0x64, 0x56, 0x61, 0x72, 0x69, 0x61, 0x62, 0x6c, 0x65, 
  0x4f, 0x70, 0x00, 0x00, 0x03, 0x00, 0x00, 0x00, 0x01, 0x00, 0x00, 0x00, 
  0x05, 0x00, 0x00, 0x00, 0x08, 0x00, 0x00, 0x00, 0x86, 0xb0, 0xff, 0xff, 
  0x00, 0x00, 0x00, 0x01, 0x18, 0x00, 0x00, 0x00, 0x28, 0x00, 0x00, 0x00, 
  0x48, 0x00, 0x00, 0x00, 0x6d, 0x00, 0x00, 0x00, 0x00, 0x00, 0x00, 0x09, 
  0x90, 0x01, 0x00, 0x00, 0x04, 0x00, 0x00, 0x00, 0xff, 0xff, 0xff, 0xff, 
  0x01, 0x00, 0x00, 0x00, 0x05, 0x00, 0x00, 0x00, 0x08, 0x00, 0x00, 0x00, 
  0x74, 0xb0, 0xff, 0xff, 0x08, 0x00, 0x00, 0x00, 0x14, 0x00, 0x00, 0x00, 
  0x01, 0x00, 0x00, 0x00, 0x80, 0xff, 0xff, 0xff, 0xff, 0xff, 0xff, 0xff, 
  0x00, 0x00, 0x00, 0x00, 0x01, 0x00, 0x00, 0x00, 0xf1, 0x3f, 0x9c, 0x3a, 
  0x4c, 0x01, 0x00, 0x00, 0x73, 0x61, 0x66, 0x65, 0x62, 0x61, 0x6e, 0x64, 
  0x5f, 0x76, 0x32, 0x5f, 0x64, 0x65, 0x70, 0x6c, 0x6f, 0x79, 0x6d, 0x65, 
  0x6e, 0x74, 0x2f, 0x6d, 0x6f, 0x74, 0x69, 0x6f, 0x6e, 0x5f, 0x65, 0x6e, 
  0x63, 0x6f, 0x64, 0x65, 0x72, 0x2f, 0x65, 0x6e, 0x63, 0x5f, 0x73, 0x65, 
  0x71, 0x5f, 0x70, 0x77, 0x5f, 0x63, 0x6f, 0x6e, 0x76, 0x32, 0x2f, 0x52, 
  0x65, 0x6c, 0x75, 0x3b, 0x73, 0x61, 0x66, 0x65, 0x62, 0x61, 0x6e, 0x64, 
  0x5f, 0x76, 0x32, 0x5f, 0x64, 0x65, 0x70, 0x6c, 0x6f, 0x79, 0x6d, 0x65, 
  0x6e, 0x74, 0x2f, 0x6d, 0x6f, 0x74, 0x69, 0x6f, 0x6e, 0x5f, 0x65, 0x6e, 
  0x63, 0x6f, 0x64, 0x65, 0x72, 0x2f, 0x65, 0x6e, 0x63, 0x5f, 0x73, 0x65, 
  0x71, 0x5f, 0x70, 0x77, 0x5f, 0x63, 0x6f, 0x6e, 0x76, 0x32, 0x2f, 0x42, 
  0x69, 0x61, 0x73, 0x41, 0x64, 0x64, 0x3b, 0x73, 0x61, 0x66, 0x65, 0x62, 
  0x61, 0x6e, 0x64, 0x5f, 0x76, 0x32, 0x5f, 0x64, 0x65, 0x70, 0x6c, 0x6f, 
  0x79, 0x6d, 0x65, 0x6e, 0x74, 0x2f, 0x6d, 0x6f, 0x74, 0x69, 0x6f, 0x6e, 
  0x5f, 0x65, 0x6e, 0x63, 0x6f, 0x64, 0x65, 0x72, 0x2f, 0x65, 0x6e, 0x63, 
  0x5f, 0x73, 0x65, 0x71, 0x5f, 0x70, 0x77, 0x5f, 0x63, 0x6f, 0x6e, 0x76, 
  0x32, 0x2f, 0x43, 0x6f, 0x6e, 0x76, 0x31, 0x44, 0x2f, 0x53, 0x71, 0x75, 
  0x65, 0x65, 0x7a, 0x65, 0x3b, 0x73, 0x61, 0x66, 0x65, 0x62, 0x61, 0x6e, 
  0x64, 0x5f, 0x76, 0x32, 0x5f, 0x64, 0x65, 0x70, 0x6c, 0x6f, 0x79, 0x6d, 
  0x65, 0x6e, 0x74, 0x2f, 0x6d, 0x6f, 0x74, 0x69, 0x6f, 0x6e, 0x5f, 0x65, 
  0x6e, 0x63, 0x6f, 0x64, 0x65, 0x72, 0x2f, 0x65, 0x6e, 0x63, 0x5f, 0x73, 
  0x65, 0x71, 0x5f, 0x70, 0x77, 0x5f, 0x63, 0x6f, 0x6e, 0x76, 0x32, 0x2f, 
  0x42, 0x69, 0x61, 0x73, 0x41, 0x64, 0x64, 0x2f, 0x52, 0x65, 0x61, 0x64, 
  0x56, 0x61, 0x72, 0x69, 0x61, 0x62, 0x6c, 0x65, 0x4f, 0x70, 0x3b, 0x73, 
  0x61, 0x66, 0x65, 0x62, 0x61, 0x6e, 0x64, 0x5f, 0x76, 0x32, 0x5f, 0x64, 
  0x65, 0x70, 0x6c, 0x6f, 0x79, 0x6d, 0x65, 0x6e, 0x74, 0x2f, 0x6d, 0x6f, 
  0x74, 0x69, 0x6f, 0x6e, 0x5f, 0x65, 0x6e, 0x63, 0x6f, 0x64, 0x65, 0x72, 
  0x2f, 0x65, 0x6e, 0x63, 0x5f, 0x73, 0x65, 0x71, 0x5f, 0x70, 0x77, 0x5f, 
  0x63, 0x6f, 0x6e, 0x76, 0x32, 0x2f, 0x43, 0x6f, 0x6e, 0x76, 0x31, 0x44, 
  0x00, 0x00, 0x00, 0x00, 0x04, 0x00, 0x00, 0x00, 0x01, 0x00, 0x00, 0x00, 
  0x01, 0x00, 0x00, 0x00, 0x05, 0x00, 0x00, 0x00, 0x08, 0x00, 0x00, 0x00, 
  0x46, 0xb2, 0xff, 0xff, 0x00, 0x00, 0x00, 0x01, 0x18, 0x00, 0x00, 0x00, 
  0x28, 0x00, 0x00, 0x00, 0x48, 0x00, 0x00, 0x00, 0x6c, 0x00, 0x00, 0x00, 
  0x00, 0x00, 0x00, 0x09, 0x8c, 0x00, 0x00, 0x00, 0x04, 0x00, 0x00, 0x00, 
  0xff, 0xff, 0xff, 0xff, 0x01, 0x00, 0x00, 0x00, 0x05, 0x00, 0x00, 0x00, 
  0x04, 0x00, 0x00, 0x00, 0x34, 0xb2, 0xff, 0xff, 0x08, 0x00, 0x00, 0x00, 
  0x14, 0x00, 0x00, 0x00, 0x01, 0x00, 0x00, 0x00, 0xc3, 0xff, 0xff, 0xff, 
  0xff, 0xff, 0xff, 0xff, 0x00, 0x00, 0x00, 0x00, 0x01, 0x00, 0x00, 0x00, 
  0xdd, 0x60, 0x7e, 0x3b, 0x48, 0x00, 0x00, 0x00, 0x73, 0x61, 0x66, 0x65, 
  0x62, 0x61, 0x6e, 0x64, 0x5f, 0x76, 0x32, 0x5f, 0x64, 0x65, 0x70, 0x6c, 
  0x6f, 0x79, 0x6d, 0x65, 0x6e, 0x74, 0x2f, 0x6d, 0x6f, 0x74, 0x69, 0x6f, 
  0x6e, 0x5f, 0x65, 0x6e, 0x63, 0x6f, 0x64, 0x65, 0x72, 0x2f, 0x65, 0x6e, 
  0x63, 0x5f, 0x73, 0x65, 0x71, 0x5f, 0x70, 0x77, 0x5f, 0x63, 0x6f, 0x6e, 
  0x76, 0x32, 0x2f, 0x43, 0x6f, 0x6e, 0x76, 0x31, 0x44, 0x2f, 0x45, 0x78, 
  0x70, 0x61, 0x6e, 0x64, 0x44, 0x69, 0x6d, 0x73, 0x00, 0x00, 0x00, 0x00, 
  0x04, 0x00, 0x00, 0x00, 0x01, 0x00, 0x00, 0x00, 0x01, 0x00, 0x00, 0x00, 
  0x05, 0x00, 0x00, 0x00, 0x04, 0x00, 0x00, 0x00, 0x02, 0xb3, 0xff, 0xff, 
  0x00, 0x00, 0x00, 0x01, 0x18, 0x00, 0x00, 0x00, 0x24, 0x00, 0x00, 0x00, 
  0x40, 0x00, 0x00, 0x00, 0x6b, 0x00, 0x00, 0x00, 0x00, 0x00, 0x00, 0x09, 
  0x78, 0x00, 0x00, 0x00, 0x03, 0x00, 0x00, 0x00, 0xff, 0xff, 0xff, 0xff, 
  0x05, 0x00, 0x00, 0x00, 0x04, 0x00, 0x00, 0x00, 0xec, 0xb2, 0xff, 0xff, 
  0x08, 0x00, 0x00, 0x00, 0x10, 0x00, 0x00, 0x00, 0x01, 0x00, 0x00, 0x00, 
  0xc3, 0xff, 0xff, 0xff, 0xff, 0xff, 0xff, 0xff, 0x01, 0x00, 0x00, 0x00, 
  0xdd, 0x60, 0x7e, 0x3b, 0x3f, 0x00, 0x00, 0x00, 0x73, 0x61, 0x66, 0x65, 
  0x62, 0x61, 0x6e, 0x64, 0x5f, 0x76, 0x32, 0x5f, 0x64, 0x65, 0x70, 0x6c, 
  0x6f, 0x79, 0x6d, 0x65, 0x6e, 0x74, 0x2f, 0x6d, 0x6f, 0x74, 0x69, 0x6f, 
  0x6e, 0x5f, 0x65, 0x6e, 0x63, 0x6f, 0x64, 0x65, 0x72, 0x2f, 0x65, 0x6e, 
  0x63, 0x5f, 0x73, 0x65, 0x71, 0x5f, 0x64, 0x77, 0x5f, 0x63, 0x6f, 0x6e, 
  0x76, 0x32, 0x2f, 0x53, 0x71, 0x75, 0x65, 0x65, 0x7a, 0x65, 0x31, 0x00, 
  0x03, 0x00, 0x00, 0x00, 0x01, 0x00, 0x00, 0x00, 0x05, 0x00, 0x00, 0x00, 
  0x04, 0x00, 0x00, 0x00, 0xa6, 0xb3, 0xff, 0xff, 0x00, 0x00, 0x00, 0x01, 
  0x18, 0x00, 0x00, 0x00, 0x28, 0x00, 0x00, 0x00, 0x48, 0x00, 0x00, 0x00, 
  0x6a, 0x00, 0x00, 0x00, 0x00, 0x00, 0x00, 0x09, 0x10, 0x01, 0x00, 0x00, 
  0x04, 0x00, 0x00, 0x00, 0xff, 0xff, 0xff, 0xff, 0x01, 0x00, 0x00, 0x00, 
  0x05, 0x00, 0x00, 0x00, 0x04, 0x00, 0x00, 0x00, 0x94, 0xb3, 0xff, 0xff, 
  0x08, 0x00, 0x00, 0x00, 0x14, 0x00, 0x00, 0x00, 0x01, 0x00, 0x00, 0x00, 
  0xc3, 0xff, 0xff, 0xff, 0xff, 0xff, 0xff, 0xff, 0x00, 0x00, 0x00, 0x00, 
  0x01, 0x00, 0x00, 0x00, 0xdd, 0x60, 0x7e, 0x3b, 0xcd, 0x00, 0x00, 0x00, 
  0x73, 0x61, 0x66, 0x65, 0x62, 0x61, 0x6e, 0x64, 0x5f, 0x76, 0x32, 0x5f, 
  0x64, 0x65, 0x70, 0x6c, 0x6f, 0x79, 0x6d, 0x65, 0x6e, 0x74, 0x2f, 0x6d, 
  0x6f, 0x74, 0x69, 0x6f, 0x6e, 0x5f, 0x65, 0x6e, 0x63, 0x6f, 0x64, 0x65, 
  0x72, 0x2f, 0x65, 0x6e, 0x63, 0x5f, 0x73, 0x65, 0x71, 0x5f, 0x64, 0x77, 
  0x5f, 0x63, 0x6f, 0x6e, 0x76, 0x32, 0x2f, 0x42, 0x69, 0x61, 0x73, 0x41, 
  0x64, 0x64, 0x3b, 0x73, 0x61, 0x66, 0x65, 0x62, 0x61, 0x6e, 0x64, 0x5f, 
  0x76, 0x32, 0x5f, 0x64, 0x65, 0x70, 0x6c, 0x6f, 0x79, 0x6d, 0x65, 0x6e, 
  0x74, 0x2f, 0x6d, 0x6f, 0x74, 0x69, 0x6f, 0x6e, 0x5f, 0x65, 0x6e, 0x63, 
  0x6f, 0x64, 0x65, 0x72, 0x2f, 0x65, 0x6e, 0x63, 0x5f, 0x73, 0x65, 0x71, 
  0x5f, 0x64, 0x77, 0x5f, 0x63, 0x6f, 0x6e, 0x76, 0x32, 0x2f, 0x64, 0x65, 
  0x70, 0x74, 0x68, 0x77, 0x69, 0x73, 0x65, 0x3b, 0x73, 0x61, 0x66, 0x65, 
  0x62, 0x61, 0x6e, 0x64, 0x5f, 0x76, 0x32, 0x5f, 0x64, 0x65, 0x70, 0x6c, 
  0x6f, 0x79, 0x6d, 0x65, 0x6e, 0x74, 0x2f, 0x6d, 0x6f, 0x74, 0x69, 0x6f, 
  0x6e, 0x5f, 0x65, 0x6e, 0x63, 0x6f, 0x64, 0x65, 0x72, 0x2f, 0x65, 0x6e, 
  0x63, 0x5f, 0x73, 0x65, 0x71, 0x5f, 0x64, 0x77, 0x5f, 0x63, 0x6f, 0x6e, 
  0x76, 0x32, 0x2f, 0x42, 0x69, 0x61, 0x73, 0x41, 0x64, 0x64, 0x2f, 0x52, 
  0x65, 0x61, 0x64, 0x56, 0x61, 0x72, 0x69, 0x61, 0x62, 0x6c, 0x65, 0x4f, 
  0x70, 0x00, 0x00, 0x00, 0x04, 0x00, 0x00, 0x00, 0x01, 0x00, 0x00, 0x00, 
  0x01, 0x00, 0x00, 0x00, 0x05, 0x00, 0x00, 0x00, 0x04, 0x00, 0x00, 0x00, 
  0xe6, 0xb4, 0xff, 0xff, 0x00, 0x00, 0x00, 0x01, 0x18, 0x00, 0x00, 0x00, 
  0x28, 0x00, 0x00, 0x00, 0x48, 0x00, 0x00, 0x00, 0x69, 0x00, 0x00, 0x00, 
  0x00, 0x00, 0x00, 0x09, 0x84, 0x00, 0x00, 0x00, 0x04, 0x00, 0x00, 0x00, 
  0xff, 0xff, 0xff, 0xff, 0x01, 0x00, 0x00, 0x00, 0x05, 0x00, 0x00, 0x00, 
  0x04, 0x00, 0x00, 0x00, 0xd4, 0xb4, 0xff, 0xff, 0x08, 0x00, 0x00, 0x00, 
  0x14, 0x00, 0x00, 0x00, 0x01, 0x00, 0x00, 0x00, 0x80, 0xff, 0xff, 0xff, 
  0xff, 0xff, 0xff, 0xff, 0x00, 0x00, 0x00, 0x00, 0x01, 0x00, 0x00, 0x00, 
  0xfa, 0x82, 0x4d, 0x3b, 0x41, 0x00, 0x00, 0x00, 0x73, 0x61, 0x66, 0x65, 
  0x62, 0x61, 0x6e, 0x64, 0x5f, 0x76, 0x32, 0x5f, 0x64, 0x65, 0x70, 0x6c, 
  0x6f, 0x79, 0x6d, 0x65, 0x6e, 0x74, 0x2f, 0x6d, 0x6f, 0x74, 0x69, 0x6f, 
  0x6e, 0x5f, 0x65, 0x6e, 0x63, 0x6f, 0x64, 0x65, 0x72, 0x2f, 0x65, 0x6e, 
  0x63, 0x5f, 0x73, 0x65, 0x71, 0x5f, 0x64, 0x77, 0x5f, 0x63, 0x6f, 0x6e, 
  0x76, 0x32, 0x2f, 0x45, 0x78, 0x70, 0x61, 0x6e, 0x64, 0x44, 0x69, 0x6d, 
  0x73, 0x00, 0x00, 0x00, 0x04, 0x00, 0x00, 0x00, 0x01, 0x00, 0x00, 0x00, 
  0x01, 0x00, 0x00, 0x00, 0x05, 0x00, 0x00, 0x00, 0x04, 0x00, 0x00, 0x00, 
  0x9a, 0xb5, 0xff, 0xff, 0x00, 0x00, 0x00, 0x01, 0x18, 0x00, 0x00, 0x00, 
  0x24, 0x00, 0x00, 0x00, 0x44, 0x00, 0x00, 0x00, 0x68, 0x00, 0x00, 0x00, 
  0x00, 0x00, 0x00, 0x09, 0x78, 0x00, 0x00, 0x00, 0x03, 0x00, 0x00, 0x00, 
  0xff, 0xff, 0xff, 0xff, 0x05, 0x00, 0x00, 0x00, 0x04, 0x00, 0x00, 0x00, 
  0x84, 0xb5, 0xff, 0xff, 0x08, 0x00, 0x00, 0x00, 0x14, 0x00, 0x00, 0x00, 
  0x01, 0x00, 0x00, 0x00, 0x80, 0xff, 0xff, 0xff, 0xff, 0xff, 0xff, 0xff, 
  0x00, 0x00, 0x00, 0x00, 0x01, 0x00, 0x00, 0x00, 0xfa, 0x82, 0x4d, 0x3b, 
  0x3b, 0x00, 0x00, 0x00, 0x73, 0x61, 0x66, 0x65, 0x62, 0x61, 0x6e, 0x64, 
  0x5f, 0x76, 0x32, 0x5f, 0x64, 0x65, 0x70, 0x6c, 0x6f, 0x79, 0x6d, 0x65, 
  0x6e, 0x74, 0x2f, 0x6d, 0x6f, 0x74, 0x69, 0x6f, 0x6e, 0x5f, 0x65, 0x6e, 
  0x63, 0x6f, 0x64, 0x65, 0x72, 0x2f, 0x65, 0x6e, 0x63, 0x5f, 0x73, 0x65, 
  0x71, 0x5f, 0x70, 0x6f, 0x6f, 0x6c, 0x31, 0x2f, 0x53, 0x71, 0x75, 0x65, 
  0x65, 0x7a, 0x65, 0x00, 0x03, 0x00, 0x00, 0x00, 0x01, 0x00, 0x00, 0x00, 
  0x05, 0x00, 0x00, 0x00, 0x04, 0x00, 0x00, 0x00, 0x3e, 0xb6, 0xff, 0xff, 
  0x00, 0x00, 0x00, 0x01, 0x18, 0x00, 0x00, 0x00, 0x28, 0x00, 0x00, 0x00, 
  0x44, 0x00, 0x00, 0x00, 0x67, 0x00, 0x00, 0x00, 0x00, 0x00, 0x00, 0x09, 
  0x78, 0x00, 0x00, 0x00, 0x04, 0x00, 0x00, 0x00, 0xff, 0xff, 0xff, 0xff, 
  0x05, 0x00, 0x00, 0x00, 0x01, 0x00, 0x00, 0x00, 0x04, 0x00, 0x00, 0x00, 
  0x2c, 0xb6, 0xff, 0xff, 0x08, 0x00, 0x00, 0x00, 0x10, 0x00, 0x00, 0x00, 
  0x01, 0x00, 0x00, 0x00, 0x80, 0xff, 0xff, 0xff, 0xff, 0xff, 0xff, 0xff, 
  0x01, 0x00, 0x00, 0x00, 0xfa, 0x82, 0x4d, 0x3b, 0x3b, 0x00, 0x00, 0x00, 
  0x73, 0x61, 0x66, 0x65, 0x62, 0x61, 0x6e, 0x64, 0x5f, 0x76, 0x32, 0x5f, 
  0x64, 0x65, 0x70, 0x6c, 0x6f, 0x79, 0x6d, 0x65, 0x6e, 0x74, 0x2f, 0x6d, 
  0x6f, 0x74, 0x69, 0x6f, 0x6e, 0x5f, 0x65, 0x6e, 0x63, 0x6f, 0x64, 0x65, 
  0x72, 0x2f, 0x65, 0x6e, 0x63, 0x5f, 0x73, 0x65, 0x71, 0x5f, 0x70, 0x6f, 
  0x6f, 0x6c, 0x31, 0x2f, 0x4d, 0x61, 0x78, 0x50, 0x6f, 0x6f, 0x6c, 0x00, 
  0x04, 0x00, 0x00, 0x00, 0x01, 0x00, 0x00, 0x00, 0x05, 0x00, 0x00, 0x00, 
  0x01, 0x00, 0x00, 0x00, 0x04, 0x00, 0x00, 0x00, 0xe6, 0xb6, 0xff, 0xff, 
  0x00, 0x00, 0x00, 0x01, 0x18, 0x00, 0x00, 0x00, 0x28, 0x00, 0x00, 0x00, 
  0x44, 0x00, 0x00, 0x00, 0x66, 0x00, 0x00, 0x00, 0x00, 0x00, 0x00, 0x09, 
  0x7c, 0x00, 0x00, 0x00, 0x04, 0x00, 0x00, 0x00, 0xff, 0xff, 0xff, 0xff, 
  0x0a, 0x00, 0x00, 0x00, 0x01, 0x00, 0x00, 0x00, 0x04, 0x00, 0x00, 0x00, 
  0xd4, 0xb6, 0xff, 0xff, 0x08, 0x00, 0x00, 0x00, 0x10, 0x00, 0x00, 0x00, 
  0x01, 0x00, 0x00, 0x00, 0x80, 0xff, 0xff, 0xff, 0xff, 0xff, 0xff, 0xff, 
  0x01, 0x00, 0x00, 0x00, 0xfa, 0x82, 0x4d, 0x3b, 0x3e, 0x00, 0x00, 0x00, 
  0x73, 0x61, 0x66, 0x65, 0x62, 0x61, 0x6e, 0x64, 0x5f, 0x76, 0x32, 0x5f, 
  0x64, 0x65, 0x70, 0x6c, 0x6f, 0x79, 0x6d, 0x65, 0x6e, 0x74, 0x2f, 0x6d, 
  0x6f, 0x74, 0x69, 0x6f, 0x6e, 0x5f, 0x65, 0x6e, 0x63, 0x6f, 0x64, 0x65, 
  0x72, 0x2f, 0x65, 0x6e, 0x63, 0x5f, 0x73, 0x65, 0x71, 0x5f, 0x70, 0x6f, 
  0x6f, 0x6c, 0x31, 0x2f, 0x45, 0x78, 0x70, 0x61, 0x6e, 0x64, 0x44, 0x69, 
  0x6d, 0x73, 0x00, 0x00, 0x04, 0x00, 0x00, 0x00, 0x01, 0x00, 0x00, 0x00, 
  0x0a, 0x00, 0x00, 0x00, 0x01, 0x00, 0x00, 0x00, 0x04, 0x00, 0x00, 0x00, 
  0x92, 0xb7, 0xff, 0xff, 0x00, 0x00, 0x00, 0x01, 0x18, 0x00, 0x00, 0x00, 
  0x24, 0x00, 0x00, 0x00, 0x40, 0x00, 0x00, 0x00, 0x65, 0x00, 0x00, 0x00, 
  0x00, 0x00, 0x00, 0x09, 0x48, 0x01, 0x00, 0x00, 0x03, 0x00, 0x00, 0x00, 
  0xff, 0xff, 0xff, 0xff, 0x0a, 0x00, 0x00, 0x00, 0x04, 0x00, 0x00, 0x00, 
  0x7c, 0xb7, 0xff, 0xff, 0x08, 0x00, 0x00, 0x00, 0x10, 0x00, 0x00, 0x00, 
  0x01, 0x00, 0x00, 0x00, 0x80, 0xff, 0xff, 0xff, 0xff, 0xff, 0xff, 0xff, 
  0x01, 0x00, 0x00, 0x00, 0xfa, 0x82, 0x4d, 0x3b, 0x0e, 0x01, 0x00, 0x00, 
  0x73, 0x61, 0x66, 0x65, 0x62, 0x61, 0x6e, 0x64, 0x5f, 0x76, 0x32, 0x5f, 
  0x64, 0x65, 0x70, 0x6c, 0x6f, 0x79, 0x6d, 0x65, 0x6e, 0x74, 0x2f, 0x6d, 
  0x6f, 0x74, 0x69, 0x6f, 0x6e, 0x5f, 0x65, 0x6e, 0x63, 0x6f, 0x64, 0x65, 
  0x72, 0x2f, 0x65, 0x6e, 0x63, 0x5f, 0x73, 0x65, 0x71, 0x5f, 0x70, 0x77, 
  0x5f, 0x63, 0x6f, 0x6e, 0x76, 0x31, 0x2f, 0x52, 0x65, 0x6c, 0x75, 0x3b, 
  0x73, 0x61, 0x66, 0x65, 0x62, 0x61, 0x6e, 0x64, 0x5f, 0x76, 0x32, 0x5f, 
  0x64, 0x65, 0x70, 0x6c, 0x6f, 0x79, 0x6d, 0x65, 0x6e, 0x74, 0x2f, 0x6d, 
  0x6f, 0x74, 0x69, 0x6f, 0x6e, 0x5f, 0x65, 0x6e, 0x63, 0x6f, 0x64, 0x65, 
  0x72, 0x2f, 0x65, 0x6e, 0x63, 0x5f, 0x73, 0x65, 0x71, 0x5f, 0x70, 0x77, 
  0x5f, 0x63, 0x6f, 0x6e, 0x76, 0x31, 0x2f, 0x42, 0x69, 0x61, 0x73, 0x41, 
  0x64, 0x64, 0x3b, 0x73, 0x61, 0x66, 0x65, 0x62, 0x61, 0x6e, 0x64, 0x5f, 
  0x76, 0x32, 0x5f, 0x64, 0x65, 0x70, 0x6c, 0x6f, 0x79, 0x6d, 0x65, 0x6e, 
  0x74, 0x2f, 0x6d, 0x6f, 0x74, 0x69, 0x6f, 0x6e, 0x5f, 0x65, 0x6e, 0x63, 
  0x6f, 0x64, 0x65, 0x72, 0x2f, 0x65, 0x6e, 0x63, 0x5f, 0x73, 0x65, 0x71, 
  0x5f, 0x70, 0x77, 0x5f, 0x63, 0x6f, 0x6e, 0x76, 0x31, 0x2f, 0x43, 0x6f, 
  0x6e, 0x76, 0x31, 0x44, 0x2f, 0x53, 0x71, 0x75, 0x65, 0x65, 0x7a, 0x65, 
  0x3b, 0x73, 0x61, 0x66, 0x65, 0x62, 0x61, 0x6e, 0x64, 0x5f, 0x76, 0x32, 
  0x5f, 0x64, 0x65, 0x70, 0x6c, 0x6f, 0x79, 0x6d, 0x65, 0x6e, 0x74, 0x2f, 
  0x6d, 0x6f, 0x74, 0x69, 0x6f, 0x6e, 0x5f, 0x65, 0x6e, 0x63, 0x6f, 0x64, 
  0x65, 0x72, 0x2f, 0x65, 0x6e, 0x63, 0x5f, 0x73, 0x65, 0x71, 0x5f, 0x70, 
  0x77, 0x5f, 0x63, 0x6f, 0x6e, 0x76, 0x31, 0x2f, 0x42, 0x69, 0x61, 0x73, 
  0x41, 0x64, 0x64, 0x2f, 0x52, 0x65, 0x61, 0x64, 0x56, 0x61, 0x72, 0x69, 
  0x61, 0x62, 0x6c, 0x65, 0x4f, 0x70, 0x00, 0x00, 0x03, 0x00, 0x00, 0x00, 
  0x01, 0x00, 0x00, 0x00, 0x0a, 0x00, 0x00, 0x00, 0x04, 0x00, 0x00, 0x00, 
  0x06, 0xb9, 0xff, 0xff, 0x00, 0x00, 0x00, 0x01, 0x18, 0x00, 0x00, 0x00, 
  0x28, 0x00, 0x00, 0x00, 0x48, 0x00, 0x00, 0x00, 0x64, 0x00, 0x00, 0x00, 
  0x00, 0x00, 0x00, 0x09, 0xd0, 0x01, 0x00, 0x00, 0x04, 0x00, 0x00, 0x00, 
  0xff, 0xff, 0xff, 0xff, 0x01, 0x00, 0x00, 0x00, 0x0a, 0x00, 0x00, 0x00, 
  0x04, 0x00, 0x00, 0x00, 0xf4, 0xb8, 0xff, 0xff, 0x08, 0x00, 0x00, 0x00, 
  0x14, 0x00, 0x00, 0x00, 0x01, 0x00, 0x00, 0x00, 0x80, 0xff, 0xff, 0xff, 
  0xff, 0xff, 0xff, 0xff, 0x00, 0x00, 0x00, 0x00, 0x01, 0x00, 0x00, 0x00, 
  0xfa, 0x82, 0x4d, 0x3b, 0x8d, 0x01, 0x00, 0x00, 0x73, 0x61, 0x66, 0x65, 
  0x62, 0x61, 0x6e, 0x64, 0x5f, 0x76, 0x32, 0x5f, 0x64, 0x65, 0x70, 0x6c, 
  0x6f, 0x79, 0x6d, 0x65, 0x6e, 0x74, 0x2f, 0x6d, 0x6f, 0x74, 0x69, 0x6f, 
  0x6e, 0x5f, 0x65, 0x6e, 0x63, 0x6f, 0x64, 0x65, 0x72, 0x2f, 0x65, 0x6e, 
  0x63, 0x5f, 0x73, 0x65, 0x71, 0x5f, 0x70, 0x77, 0x5f, 0x63, 0x6f, 0x6e, 
  0x76, 0x31, 0x2f, 0x52, 0x65, 0x6c, 0x75, 0x3b, 0x73, 0x61, 0x66, 0x65, 
  0x62, 0x61, 0x6e, 0x64, 0x5f, 0x76, 0x32, 0x5f, 0x64, 0x65, 0x70, 0x6c, 
  0x6f, 0x79, 0x6d, 0x65, 0x6e, 0x74, 0x2f, 0x6d, 0x6f, 0x74, 0x69, 0x6f, 
  0x6e, 0x5f, 0x65, 0x6e, 0x63, 0x6f, 0x64, 0x65, 0x72, 0x2f, 0x65, 0x6e, 
  0x63, 0x5f, 0x73, 0x65, 0x71, 0x5f, 0x70, 0x77, 0x5f, 0x63, 0x6f, 0x6e, 
  0x76, 0x31, 0x2f, 0x42, 0x69, 0x61, 0x73, 0x41, 0x64, 0x64, 0x3b, 0x73, 
  0x61, 0x66, 0x65, 0x62, 0x61, 0x6e, 0x64, 0x5f, 0x76, 0x32, 0x5f, 0x64, 
  0x65, 0x70, 0x6c, 0x6f, 0x79, 0x6d, 0x65, 0x6e, 0x74, 0x2f, 0x6d, 0x6f, 
  0x74, 0x69, 0x6f, 0x6e, 0x5f, 0x65, 0x6e, 0x63, 0x6f, 0x64, 0x65, 0x72, 
  0x2f, 0x65, 0x6e, 0x63, 0x5f, 0x73, 0x65, 0x71, 0x5f, 0x70, 0x77, 0x5f, 
  0x63, 0x6f, 0x6e, 0x76, 0x31, 0x2f, 0x43, 0x6f, 0x6e, 0x76, 0x31, 0x44, 
  0x2f, 0x53, 0x71, 0x75, 0x65, 0x65, 0x7a, 0x65, 0x3b, 0x73, 0x61, 0x66, 
  0x65, 0x62, 0x61, 0x6e, 0x64, 0x5f, 0x76, 0x32, 0x5f, 0x64, 0x65, 0x70, 
  0x6c, 0x6f, 0x79, 0x6d, 0x65, 0x6e, 0x74, 0x2f, 0x6d, 0x6f, 0x74, 0x69, 
  0x6f, 0x6e, 0x5f, 0x65, 0x6e, 0x63, 0x6f, 0x64, 0x65, 0x72, 0x2f, 0x65, 
  0x6e, 0x63, 0x5f, 0x73, 0x65, 0x71, 0x5f, 0x70, 0x77, 0x5f, 0x63, 0x6f, 
  0x6e, 0x76, 0x31, 0x2f, 0x42, 0x69, 0x61, 0x73, 0x41, 0x64, 0x64, 0x2f, 
  0x52, 0x65, 0x61, 0x64, 0x56, 0x61, 0x72, 0x69, 0x61, 0x62, 0x6c, 0x65, 
  0x4f, 0x70, 0x3b, 0x73, 0x61, 0x66, 0x65, 0x62, 0x61, 0x6e, 0x64, 0x5f, 
  0x76, 0x32, 0x5f, 0x64, 0x65, 0x70, 0x6c, 0x6f, 0x79, 0x6d, 0x65, 0x6e, 
  0x74, 0x2f, 0x6d, 0x6f, 0x74, 0x69, 0x6f, 0x6e, 0x5f, 0x65, 0x6e, 0x63, 
  0x6f, 0x64, 0x65, 0x72, 0x2f, 0x65, 0x6e, 0x63, 0x5f, 0x73, 0x65, 0x71, 
  0x5f, 0x64, 0x77, 0x5f, 0x63, 0x6f, 0x6e, 0x76, 0x32, 0x2f, 0x64, 0x65, 
  0x70, 0x74, 0x68, 0x77, 0x69, 0x73, 0x65, 0x3b, 0x73, 0x61, 0x66, 0x65, 
  0x62, 0x61, 0x6e, 0x64, 0x5f, 0x76, 0x32, 0x5f, 0x64, 0x65, 0x70, 0x6c, 
  0x6f, 0x79, 0x6d, 0x65, 0x6e, 0x74, 0x2f, 0x6d, 0x6f, 0x74, 0x69, 0x6f, 
  0x6e, 0x5f, 0x65, 0x6e, 0x63, 0x6f, 0x64, 0x65, 0x72, 0x2f, 0x65, 0x6e, 
  0x63, 0x5f, 0x73, 0x65, 0x71, 0x5f, 0x70, 0x77, 0x5f, 0x63, 0x6f, 0x6e, 
  0x76, 0x31, 0x2f, 0x43, 0x6f, 0x6e, 0x76, 0x31, 0x44, 0x00, 0x00, 0x00, 
  0x04, 0x00, 0x00, 0x00, 0x01, 0x00, 0x00, 0x00, 0x01, 0x00, 0x00, 0x00, 
  0x0a, 0x00, 0x00, 0x00, 0x04, 0x00, 0x00, 0x00, 0x06, 0xbb, 0xff, 0xff, 
  0x00, 0x00, 0x00, 0x01, 0x18, 0x00, 0x00, 0x00, 0x28, 0x00, 0x00, 0x00, 
  0x48, 0x00, 0x00, 0x00, 0x63, 0x00, 0x00, 0x00, 0x00, 0x00, 0x00, 0x09, 
  0x8c, 0x00, 0x00, 0x00, 0x04, 0x00, 0x00, 0x00, 0xff, 0xff, 0xff, 0xff, 
  0x01, 0x00, 0x00, 0x00, 0x0a, 0x00, 0x00, 0x00, 0x84, 0x00, 0x00, 0x00, 
  0xf4, 0xba, 0xff, 0xff, 0x08, 0x00, 0x00, 0x00, 0x14, 0x00, 0x00, 0x00, 
  0x01, 0x00, 0x00, 0x00, 0x0b, 0x00, 0x00, 0x00, 0x00, 0x00, 0x00, 0x00, 
  0x00, 0x00, 0x00, 0x00, 0x01, 0x00, 0x00, 0x00, 0xce, 0x3c, 0xa7, 0x3c, 
  0x48, 0x00, 0x00, 0x00, 0x73, 0x61, 0x66, 0x65, 0x62, 0x61, 0x6e, 0x64, 
  0x5f, 0x76, 0x32, 0x5f, 0x64, 0x65, 0x70, 0x6c, 0x6f, 0x79, 0x6d, 0x65, 
  0x6e, 0x74, 0x2f, 0x6d, 0x6f, 0x74, 0x69, 0x6f, 0x6e, 0x5f, 0x65, 0x6e, 
  0x63, 0x6f, 0x64, 0x65, 0x72, 0x2f, 0x65, 0x6e, 0x63, 0x5f, 0x73, 0x65, 
  0x71, 0x5f, 0x70, 0x77, 0x5f, 0x63, 0x6f, 0x6e, 0x76, 0x31, 0x2f, 0x43, 
  0x6f, 0x6e, 0x76, 0x31, 0x44, 0x2f, 0x45, 0x78, 0x70, 0x61, 0x6e, 0x64, 
  0x44, 0x69, 0x6d, 0x73, 0x00, 0x00, 0x00, 0x00, 0x04, 0x00, 0x00, 0x00, 
  0x01, 0x00, 0x00, 0x00, 0x01, 0x00, 0x00, 0x00, 0x0a, 0x00, 0x00, 0x00, 
  0x84, 0x00, 0x00, 0x00, 0xc2, 0xbb, 0xff, 0xff, 0x00, 0x00, 0x00, 0x01, 
  0x18, 0x00, 0x00, 0x00, 0x24, 0x00, 0x00, 0x00, 0x40, 0x00, 0x00, 0x00, 
  0x62, 0x00, 0x00, 0x00, 0x00, 0x00, 0x00, 0x09, 0x78, 0x00, 0x00, 0x00, 
  0x03, 0x00, 0x00, 0x00, 0xff, 0xff, 0xff, 0xff, 0x0a, 0x00, 0x00, 0x00, 
  0x84, 0x00, 0x00, 0x00, 0xac, 0xbb, 0xff, 0xff, 0x08, 0x00, 0x00, 0x00, 
  0x10, 0x00, 0x00, 0x00, 0x01, 0x00, 0x00, 0x00, 0x0b, 0x00, 0x00, 0x00, 
  0x00, 0x00, 0x00, 0x00, 0x01, 0x00, 0x00, 0x00, 0xce, 0x3c, 0xa7, 0x3c, 
  0x3f, 0x00, 0x00, 0x00, 0x73, 0x61, 0x66, 0x65, 0x62, 0x61, 0x6e, 0x64, 
  0x5f, 0x76, 0x32, 0x5f, 0x64, 0x65, 0x70, 0x6c, 0x6f, 0x79, 0x6d, 0x65, 
  0x6e, 0x74, 0x2f, 0x6d, 0x6f, 0x74, 0x69, 0x6f, 0x6e, 0x5f, 0x65, 0x6e, 
  0x63, 0x6f, 0x64, 0x65, 0x72, 0x2f, 0x65, 0x6e, 0x63, 0x5f, 0x73, 0x65, 
  0x71, 0x5f, 0x64, 0x77, 0x5f, 0x63, 0x6f, 0x6e, 0x76, 0x31, 0x2f, 0x53, 
  0x71, 0x75, 0x65, 0x65, 0x7a, 0x65, 0x31, 0x00, 0x03, 0x00, 0x00, 0x00, 
  0x01, 0x00, 0x00, 0x00, 0x0a, 0x00, 0x00, 0x00, 0x84, 0x00, 0x00, 0x00, 
  0x66, 0xbc, 0xff, 0xff, 0x00, 0x00, 0x00, 0x01, 0x18, 0x00, 0x00, 0x00, 
  0x28, 0x00, 0x00, 0x00, 0x48, 0x00, 0x00, 0x00, 0x61, 0x00, 0x00, 0x00, 
  0x00, 0x00, 0x00, 0x09, 0x10, 0x01, 0x00, 0x00, 0x04, 0x00, 0x00, 0x00, 
  0xff, 0xff, 0xff, 0xff, 0x01, 0x00, 0x00, 0x00, 0x0a, 0x00, 0x00, 0x00, 
  0x84, 0x00, 0x00, 0x00, 0x54, 0xbc, 0xff, 0xff, 0x08, 0x00, 0x00, 0x00, 
  0x14, 0x00, 0x00, 0x00, 0x01, 0x00, 0x00, 0x00, 0x0b, 0x00, 0x00, 0x00, 
  0x00, 0x00, 0x00, 0x00, 0x00, 0x00, 0x00, 0x00, 0x01, 0x00, 0x00, 0x00, 
  0xce, 0x3c, 0xa7, 0x3c, 0xcd, 0x00, 0x00, 0x00, 0x73, 0x61, 0x66, 0x65, 
  0x62, 0x61, 0x6e, 0x64, 0x5f, 0x76, 0x32, 0x5f, 0x64, 0x65, 0x70, 0x6c, 
  0x6f, 0x79, 0x6d, 0x65, 0x6e, 0x74, 0x2f, 0x6d, 0x6f, 0x74, 0x69, 0x6f, 
  0x6e, 0x5f, 0x65, 0x6e, 0x63, 0x6f, 0x64, 0x65, 0x72, 0x2f, 0x65, 0x6e, 
  0x63, 0x5f, 0x73, 0x65, 0x71, 0x5f, 0x64, 0x77, 0x5f, 0x63, 0x6f, 0x6e, 
  0x76, 0x31, 0x2f, 0x42, 0x69, 0x61, 0x73, 0x41, 0x64, 0x64, 0x3b, 0x73, 
  0x61, 0x66, 0x65, 0x62, 0x61, 0x6e, 0x64, 0x5f, 0x76, 0x32, 0x5f, 0x64, 
  0x65, 0x70, 0x6c, 0x6f, 0x79, 0x6d, 0x65, 0x6e, 0x74, 0x2f, 0x6d, 0x6f, 
  0x74, 0x69, 0x6f, 0x6e, 0x5f, 0x65, 0x6e, 0x63, 0x6f, 0x64, 0x65, 0x72, 
  0x2f, 0x65, 0x6e, 0x63, 0x5f, 0x73, 0x65, 0x71, 0x5f, 0x64, 0x77, 0x5f, 
  0x63, 0x6f, 0x6e, 0x76, 0x31, 0x2f, 0x64, 0x65, 0x70, 0x74, 0x68, 0x77, 
  0x69, 0x73, 0x65, 0x3b, 0x73, 0x61, 0x66, 0x65, 0x62, 0x61, 0x6e, 0x64, 
  0x5f, 0x76, 0x32, 0x5f, 0x64, 0x65, 0x70, 0x6c, 0x6f, 0x79, 0x6d, 0x65, 
  0x6e, 0x74, 0x2f, 0x6d, 0x6f, 0x74, 0x69, 0x6f, 0x6e, 0x5f, 0x65, 0x6e, 
  0x63, 0x6f, 0x64, 0x65, 0x72, 0x2f, 0x65, 0x6e, 0x63, 0x5f, 0x73, 0x65, 
  0x71, 0x5f, 0x64, 0x77, 0x5f, 0x63, 0x6f, 0x6e, 0x76, 0x31, 0x2f, 0x42, 
  0x69, 0x61, 0x73, 0x41, 0x64, 0x64, 0x2f, 0x52, 0x65, 0x61, 0x64, 0x56, 
  0x61, 0x72, 0x69, 0x61, 0x62, 0x6c, 0x65, 0x4f, 0x70, 0x00, 0x00, 0x00, 
  0x04, 0x00, 0x00, 0x00, 0x01, 0x00, 0x00, 0x00, 0x01, 0x00, 0x00, 0x00, 
  0x0a, 0x00, 0x00, 0x00, 0x84, 0x00, 0x00, 0x00, 0xa6, 0xbd, 0xff, 0xff, 
  0x00, 0x00, 0x00, 0x01, 0x18, 0x00, 0x00, 0x00, 0x28, 0x00, 0x00, 0x00, 
  0x44, 0x00, 0x00, 0x00, 0x60, 0x00, 0x00, 0x00, 0x00, 0x00, 0x00, 0x09, 
  0x80, 0x00, 0x00, 0x00, 0x04, 0x00, 0x00, 0x00, 0xff, 0xff, 0xff, 0xff, 
  0x01, 0x00, 0x00, 0x00, 0x0a, 0x00, 0x00, 0x00, 0x84, 0x00, 0x00, 0x00, 
  0x94, 0xbd, 0xff, 0xff, 0x08, 0x00, 0x00, 0x00, 0x10, 0x00, 0x00, 0x00, 
  0x01, 0x00, 0x00, 0x00, 0xe8, 0xff, 0xff, 0xff, 0xff, 0xff, 0xff, 0xff, 
  0x01, 0x00, 0x00, 0x00, 0xea, 0xbe, 0xbd, 0x3d, 0x41, 0x00, 0x00, 0x00, 
  0x73, 0x61, 0x66, 0x65, 0x62, 0x61, 0x6e, 0x64, 0x5f, 0x76, 0x32, 0x5f, 
  0x64, 0x65, 0x70, 0x6c, 0x6f, 0x79, 0x6d, 0x65, 0x6e, 0x74, 0x2f, 0x6d, 
  0x6f, 0x74, 0x69, 0x6f, 0x6e, 0x5f, 0x65, 0x6e, 0x63, 0x6f, 0x64, 0x65, 
  0x72, 0x2f, 0x65, 0x6e, 0x63, 0x5f, 0x73, 0x65, 0x71, 0x5f, 0x64, 0x77, 
  0x5f, 0x63, 0x6f, 0x6e, 0x76, 0x31, 0x2f, 0x45, 0x78, 0x70, 0x61, 0x6e, 
  0x64, 0x44, 0x69, 0x6d, 0x73, 0x00, 0x00, 0x00, 0x04, 0x00, 0x00, 0x00, 
  0x01, 0x00, 0x00, 0x00, 0x01, 0x00, 0x00, 0x00, 0x0a, 0x00, 0x00, 0x00, 
  0x84, 0x00, 0x00, 0x00, 0x56, 0xbe, 0xff, 0xff, 0x00, 0x00, 0x00, 0x01, 
  0x18, 0x00, 0x00, 0x00, 0x20, 0x00, 0x00, 0x00, 0x3c, 0x00, 0x00, 0x00, 
  0x5f, 0x00, 0x00, 0x00, 0x00, 0x00, 0x00, 0x09, 0xf8, 0x00, 0x00, 0x00, 
  0x02, 0x00, 0x00, 0x00, 0xff, 0xff, 0xff, 0xff, 0x04, 0x00, 0x00, 0x00, 
  0x3c, 0xbe, 0xff, 0xff, 0x08, 0x00, 0x00, 0x00, 0x10, 0x00, 0x00, 0x00, 
  0x01, 0x00, 0x00, 0x00, 0xa3, 0xff, 0xff, 0xff, 0xff, 0xff, 0xff, 0xff, 
  0x01, 0x00, 0x00, 0x00, 0x0c, 0x3e, 0x8b, 0x3c, 0xc1, 0x00, 0x00, 0x00, 
  0x73, 0x61, 0x66, 0x65, 0x62, 0x61, 0x6e, 0x64, 0x5f, 0x76, 0x32, 0x5f, 
  0x64, 0x65, 0x70, 0x6c, 0x6f, 0x79, 0x6d, 0x65, 0x6e, 0x74, 0x2f, 0x73, 
  0x74, 0x72, 0x75, 0x63, 0x74, 0x75, 0x72, 0x61, 0x6c, 0x5f, 0x65, 0x6e, 
  0x63, 0x6f, 0x64, 0x65, 0x72, 0x2f, 0x65, 0x6e, 0x63, 0x5f, 0x67, 0x6c, 
  0x6f, 0x62, 0x5f, 0x64, 0x65, 0x6e, 0x73, 0x65, 0x32, 0x2f, 0x4d, 0x61, 
  0x74, 0x4d, 0x75, 0x6c, 0x3b, 0x73, 0x61, 0x66, 0x65, 0x62, 0x61, 0x6e, 
  0x64, 0x5f, 0x76, 0x32, 0x5f, 0x64, 0x65, 0x70, 0x6c, 0x6f, 0x79, 0x6d, 
  0x65, 0x6e, 0x74, 0x2f, 0x73, 0x74, 0x72, 0x75, 0x63, 0x74, 0x75, 0x72, 
  0x61, 0x6c, 0x5f, 0x65, 0x6e, 0x63, 0x6f, 0x64, 0x65, 0x72, 0x2f, 0x65, 
  0x6e, 0x63, 0x5f, 0x67, 0x6c, 0x6f, 0x62, 0x5f, 0x64, 0x65, 0x6e, 0x73, 
  0x65, 0x32, 0x2f, 0x52, 0x65, 0x6c, 0x75, 0x3b, 0x73, 0x61, 0x66, 0x65, 
  0x62, 0x61, 0x6e, 0x64, 0x5f, 0x76, 0x32, 0x5f, 0x64, 0x65, 0x70, 0x6c, 
  0x6f, 0x79, 0x6d, 0x65, 0x6e, 0x74, 0x2f, 0x73, 0x74, 0x72, 0x75, 0x63, 
  0x74, 0x75, 0x72, 0x61, 0x6c, 0x5f, 0x65, 0x6e, 0x63, 0x6f, 0x64, 0x65, 
  0x72, 0x2f, 0x65, 0x6e, 0x63, 0x5f, 0x67, 0x6c, 0x6f, 0x62, 0x5f, 0x64, 
  0x65, 0x6e, 0x73, 0x65, 0x32, 0x2f, 0x42, 0x69, 0x61, 0x73, 0x41, 0x64, 
  0x64, 0x00, 0x00, 0x00, 0x02, 0x00, 0x00, 0x00, 0x01, 0x00, 0x00, 0x00, 
  0x04, 0x00, 0x00, 0x00, 0x76, 0xbf, 0xff, 0xff, 0x00, 0x00, 0x00, 0x01, 
  0x18, 0x00, 0x00, 0x00, 0x20, 0x00, 0x00, 0x00, 0x3c, 0x00, 0x00, 0x00, 
  0x5e, 0x00, 0x00, 0x00, 0x00, 0x00, 0x00, 0x09, 0xf8, 0x00, 0x00, 0x00, 
  0x02, 0x00, 0x00, 0x00, 0xff, 0xff, 0xff, 0xff, 0x08, 0x00, 0x00, 0x00, 
  0x5c, 0xbf, 0xff, 0xff, 0x08, 0x00, 0x00, 0x00, 0x10, 0x00, 0x00, 0x00, 
  0x01, 0x00, 0x00, 0x00, 0x80, 0xff, 0xff, 0xff, 0xff, 0xff, 0xff, 0xff, 
  0x01, 0x00, 0x00, 0x00, 0x32, 0xdf, 0x8b, 0x3c, 0xc1, 0x00, 0x00, 0x00, 
  0x73, 0x61, 0x66, 0x65, 0x62, 0x61, 0x6e, 0x64, 0x5f, 0x76, 0x32, 0x5f, 
  0x64, 0x65, 0x70, 0x6c, 0x6f, 0x79, 0x6d, 0x65, 0x6e, 0x74, 0x2f, 0x73, 
  0x74, 0x72, 0x75, 0x63, 0x74, 0x75, 0x72, 0x61, 0x6c, 0x5f, 0x65, 0x6e, 
  0x63, 0x6f, 0x64, 0x65, 0x72, 0x2f, 0x65, 0x6e, 0x63, 0x5f, 0x67, 0x6c, 
  0x6f, 0x62, 0x5f, 0x64, 0x65, 0x6e, 0x73, 0x65, 0x31, 0x2f, 0x4d, 0x61, 
  0x74, 0x4d, 0x75, 0x6c, 0x3b, 0x73, 0x61, 0x66, 0x65, 0x62, 0x61, 0x6e, 
  0x64, 0x5f, 0x76, 0x32, 0x5f, 0x64, 0x65, 0x70, 0x6c, 0x6f, 0x79, 0x6d, 
  0x65, 0x6e, 0x74, 0x2f, 0x73, 0x74, 0x72, 0x75, 0x63, 0x74, 0x75, 0x72, 
  0x61, 0x6c, 0x5f, 0x65, 0x6e, 0x63, 0x6f, 0x64, 0x65, 0x72, 0x2f, 0x65, 
  0x6e, 0x63, 0x5f, 0x67, 0x6c, 0x6f, 0x62, 0x5f, 0x64, 0x65, 0x6e, 0x73, 
  0x65, 0x31, 0x2f, 0x52, 0x65, 0x6c, 0x75, 0x3b, 0x73, 0x61, 0x66, 0x65, 
  0x62, 0x61, 0x6e, 0x64, 0x5f, 0x76, 0x32, 0x5f, 0x64, 0x65, 0x70, 0x6c, 
  0x6f, 0x79, 0x6d, 0x65, 0x6e, 0x74, 0x2f, 0x73, 0x74, 0x72, 0x75, 0x63, 
  0x74, 0x75, 0x72, 0x61, 0x6c, 0x5f, 0x65, 0x6e, 0x63, 0x6f, 0x64, 0x65, 
  0x72, 0x2f, 0x65, 0x6e, 0x63, 0x5f, 0x67, 0x6c, 0x6f, 0x62, 0x5f, 0x64, 
  0x65, 0x6e, 0x73, 0x65, 0x31, 0x2f, 0x42, 0x69, 0x61, 0x73, 0x41, 0x64, 
  0x64, 0x00, 0x00, 0x00, 0x02, 0x00, 0x00, 0x00, 0x01, 0x00, 0x00, 0x00, 
  0x08, 0x00, 0x00, 0x00, 0x8a, 0xc1, 0xff, 0xff, 0x00, 0x00, 0x00, 0x01, 
  0x14, 0x00, 0x00, 0x00, 0x30, 0x00, 0x00, 0x00, 0x5d, 0x00, 0x00, 0x00, 
  0x00, 0x00, 0x00, 0x09, 0x6c, 0x00, 0x00, 0x00, 0x6c, 0xc0, 0xff, 0xff, 
  0x08, 0x00, 0x00, 0x00, 0x10, 0x00, 0x00, 0x00, 0x01, 0x00, 0x00, 0x00, 
  0x00, 0x00, 0x00, 0x00, 0x00, 0x00, 0x00, 0x00, 0x01, 0x00, 0x00, 0x00, 
  0x20, 0xf5, 0x30, 0x3b, 0x40, 0x00, 0x00, 0x00, 0x73, 0x61, 0x66, 0x65, 
  0x62, 0x61, 0x6e, 0x64, 0x5f, 0x76, 0x32, 0x5f, 0x64, 0x65, 0x70, 0x6c, 
  0x6f, 0x79, 0x6d, 0x65, 0x6e, 0x74, 0x2f, 0x73, 0x74, 0x72, 0x75, 0x63, 
  0x74, 0x75, 0x72, 0x61, 0x6c, 0x5f, 0x65, 0x6e, 0x63, 0x6f, 0x64, 0x65, 
  0x72, 0x2f, 0x65, 0x6e, 0x63, 0x5f, 0x67, 0x6c, 0x6f, 0x62, 0x5f, 0x64, 
  0x65, 0x6e, 0x73, 0x65, 0x31, 0x2f, 0x4d, 0x61, 0x74, 0x4d, 0x75, 0x6c, 
  0x00, 0x00, 0x00, 0x00, 0x02, 0x00, 0x00, 0x00, 0x08, 0x00, 0x00, 0x00, 
  0x0c, 0x00, 0x00, 0x00, 0x1a, 0xc2, 0xff, 0xff, 0x00, 0x00, 0x00, 0x01, 
  0x14, 0x00, 0x00, 0x00, 0x34, 0x00, 0x00, 0x00, 0x5c, 0x00, 0x00, 0x00, 
  0x00, 0x00, 0x00, 0x02, 0x80, 0x00, 0x00, 0x00, 0xfc, 0xc0, 0xff, 0xff, 
  0x08, 0x00, 0x00, 0x00, 0x14, 0x00, 0x00, 0x00, 0x01, 0x00, 0x00, 0x00, 
  0x00, 0x00, 0x00, 0x00, 0x00, 0x00, 0x00, 0x00, 0x00, 0x00, 0x00, 0x00, 
  0x01, 0x00, 0x00, 0x00, 0xe1, 0x2e, 0x03, 0x39, 0x50, 0x00, 0x00, 0x00, 
  0x73, 0x61, 0x66, 0x65, 0x62, 0x61, 0x6e, 0x64, 0x5f, 0x76, 0x32, 0x5f, 
  0x64, 0x65, 0x70, 0x6c, 0x6f, 0x79, 0x6d, 0x65, 0x6e, 0x74, 0x2f, 0x73, 
  0x74, 0x72, 0x75, 0x63, 0x74, 0x75, 0x72, 0x61, 0x6c, 0x5f, 0x65, 0x6e, 
  0x63, 0x6f, 0x64, 0x65, 0x72, 0x2f, 0x65, 0x6e, 0x63, 0x5f, 0x67, 0x6c, 
  0x6f, 0x62, 0x5f, 0x64, 0x65, 0x6e, 0x73, 0x65, 0x31, 0x2f, 0x42, 0x69, 
  0x61, 0x73, 0x41, 0x64, 0x64, 0x2f, 0x52, 0x65, 0x61, 0x64, 0x56, 0x61, 
  0x72, 0x69, 0x61, 0x62, 0x6c, 0x65, 0x4f, 0x70, 0x00, 0x00, 0x00, 0x00, 
  0x01, 0x00, 0x00, 0x00, 0x08, 0x00, 0x00, 0x00, 0xba, 0xc2, 0xff, 0xff, 
  0x00, 0x00, 0x00, 0x01, 0x14, 0x00, 0x00, 0x00, 0x30, 0x00, 0x00, 0x00, 
  0x5b, 0x00, 0x00, 0x00, 0x00, 0x00, 0x00, 0x09, 0x6c, 0x00, 0x00, 0x00, 
  0x9c, 0xc1, 0xff, 0xff, 0x08, 0x00, 0x00, 0x00, 0x10, 0x00, 0x00, 0x00, 
  0x01, 0x00, 0x00, 0x00, 0x00, 0x00, 0x00, 0x00, 0x00, 0x00, 0x00, 0x00, 
  0x01, 0x00, 0x00, 0x00, 0x0e, 0xb9, 0x82, 0x3b, 0x40, 0x00, 0x00, 0x00, 
  0x73, 0x61, 0x66, 0x65, 0x62, 0x61, 0x6e, 0x64, 0x5f, 0x76, 0x32, 0x5f, 
  0x64, 0x65, 0x70, 0x6c, 0x6f, 0x79, 0x6d, 0x65, 0x6e, 0x74, 0x2f, 0x73, 
  0x74, 0x72, 0x75, 0x63, 0x74, 0x75, 0x72, 0x61, 0x6c, 0x5f, 0x65, 0x6e, 
  0x63, 0x6f, 0x64, 0x65, 0x72, 0x2f, 0x65, 0x6e, 0x63, 0x5f, 0x67, 0x6c, 
  0x6f, 0x62, 0x5f, 0x64, 0x65, 0x6e, 0x73, 0x65, 0x32, 0x2f, 0x4d, 0x61, 
  0x74, 0x4d, 0x75, 0x6c, 0x00, 0x00, 0x00, 0x00, 0x02, 0x00, 0x00, 0x00, 
  0x04, 0x00, 0x00, 0x00, 0x08, 0x00, 0x00, 0x00, 0x4a, 0xc3, 0xff, 0xff, 
  0x00, 0x00, 0x00, 0x01, 0x14, 0x00, 0x00, 0x00, 0x30, 0x00, 0x00, 0x00, 
  0x5a, 0x00, 0x00, 0x00, 0x00, 0x00, 0x00, 0x02, 0x7c, 0x00, 0x00, 0x00, 
  0x2c, 0xc2, 0xff, 0xff, 0x08, 0x00, 0x00, 0x00, 0x10, 0x00, 0x00, 0x00, 
  0x01, 0x00, 0x00, 0x00, 0x00, 0x00, 0x00, 0x00, 0x00, 0x00, 0x00, 0x00, 
  0x01, 0x00, 0x00, 0x00, 0xe7, 0xd8, 0x8e, 0x38, 0x50, 0x00, 0x00, 0x00, 
  0x73, 0x61, 0x66, 0x65, 0x62, 0x61, 0x6e, 0x64, 0x5f, 0x76, 0x32, 0x5f, 
  0x64, 0x65, 0x70, 0x6c, 0x6f, 0x79, 0x6d, 0x65, 0x6e, 0x74, 0x2f, 0x73, 
  0x74, 0x72, 0x75, 0x63, 0x74, 0x75, 0x72, 0x61, 0x6c, 0x5f, 0x65, 0x6e, 
  0x63, 0x6f, 0x64, 0x65, 0x72, 0x2f, 0x65, 0x6e, 0x63, 0x5f, 0x67, 0x6c, 
  0x6f, 0x62, 0x5f, 0x64, 0x65, 0x6e, 0x73, 0x65, 0x32, 0x2f, 0x42, 0x69, 
  0x61, 0x73, 0x41, 0x64, 0x64, 0x2f, 0x52, 0x65, 0x61, 0x64, 0x56, 0x61, 
  0x72, 0x69, 0x61, 0x62, 0x6c, 0x65, 0x4f, 0x70, 0x00, 0x00, 0x00, 0x00, 
  0x01, 0x00, 0x00, 0x00, 0x04, 0x00, 0x00, 0x00, 0xe6, 0xc3, 0xff, 0xff, 
  0x00, 0x00, 0x00, 0x01, 0x14, 0x00, 0x00, 0x00, 0x5c, 0x06, 0x00, 0x00, 
  0x59, 0x00, 0x00, 0x00, 0x00, 0x00, 0x00, 0x09, 0x98, 0x06, 0x00, 0x00, 
  0xea, 0xf0, 0xff, 0xff, 0x03, 0x00, 0x00, 0x00, 0x08, 0x00, 0x00, 0x00, 
  0x2c, 0x04, 0x00, 0x00, 0x84, 0x00, 0x00, 0x00, 0x00, 0x00, 0x00, 0x00, 
  0x00, 0x00, 0x00, 0x00, 0x00, 0x00, 0x00, 0x00, 0x00, 0x00, 0x00, 0x00, 
  0x00, 0x00, 0x00, 0x00, 0x00, 0x00, 0x00, 0x00, 0x00, 0x00, 0x00, 0x00, 
  0x00, 0x00, 0x00, 0x00, 0x00, 0x00, 0x00, 0x00, 0x00, 0x00, 0x00, 0x00, 
  0x00, 0x00, 0x00, 0x00, 0x00, 0x00, 0x00, 0x00, 0x00, 0x00, 0x00, 0x00, 
  0x00, 0x00, 0x00, 0x00, 0x00, 0x00, 0x00, 0x00, 0x00, 0x00, 0x00, 0x00, 
  0x00, 0x00, 0x00, 0x00, 0x00, 0x00, 0x00, 0x00, 0x00, 0x00, 0x00, 0x00, 
  0x00, 0x00, 0x00, 0x00, 0x00, 0x00, 0x00, 0x00, 0x00, 0x00, 0x00, 0x00, 
  0x00, 0x00, 0x00, 0x00, 0x00, 0x00, 0x00, 0x00, 0x00, 0x00, 0x00, 0x00, 
  0x00, 0x00, 0x00, 0x00, 0x00, 0x00, 0x00, 0x00, 0x00, 0x00, 0x00, 0x00, 
  0x00, 0x00, 0x00, 0x00, 0x00, 0x00, 0x00, 0x00, 0x00, 0x00, 0x00, 0x00, 
  0x00, 0x00, 0x00, 0x00, 0x00, 0x00, 0x00, 0x00, 0x00, 0x00, 0x00, 0x00, 
  0x00, 0x00, 0x00, 0x00, 0x00, 0x00, 0x00, 0x00, 0x00, 0x00, 0x00, 0x00, 
  0x00, 0x00, 0x00, 0x00, 0x00, 0x00, 0x00, 0x00, 0x00, 0x00, 0x00, 0x00, 
  0x00, 0x00, 0x00, 0x00, 0x00, 0x00, 0x00, 0x00, 0x00, 0x00, 0x00, 0x00, 
  0x00, 0x00, 0x00, 0x00, 0x00, 0x00, 0x00, 0x00, 0x00, 0x00, 0x00, 0x00, 
  0x00, 0x00, 0x00, 0x00, 0x00, 0x00, 0x00, 0x00, 0x00, 0x00, 0x00, 0x00, 
  0x00, 0x00, 0x00, 0x00, 0x00, 0x00, 0x00, 0x00, 0x00, 0x00, 0x00, 0x00, 
  0x00, 0x00, 0x00, 0x00, 0x00, 0x00, 0x00, 0x00, 0x00, 0x00, 0x00, 0x00, 
  0x00, 0x00, 0x00, 0x00, 0x00, 0x00, 0x00, 0x00, 0x00, 0x00, 0x00, 0x00, 
  0x00, 0x00, 0x00, 0x00, 0x00, 0x00, 0x00, 0x00, 0x00, 0x00, 0x00, 0x00, 
  0x00, 0x00, 0x00, 0x00, 0x00, 0x00, 0x00, 0x00, 0x00, 0x00, 0x00, 0x00, 
  0x00, 0x00, 0x00, 0x00, 0x00, 0x00, 0x00, 0x00, 0x00, 0x00, 0x00, 0x00, 
  0x00, 0x00, 0x00, 0x00, 0x00, 0x00, 0x00, 0x00, 0x00, 0x00, 0x00, 0x00, 
  0x00, 0x00, 0x00, 0x00, 0x00, 0x00, 0x00, 0x00, 0x00, 0x00, 0x00, 0x00, 
  0x00, 0x00, 0x00, 0x00, 0x00, 0x00, 0x00, 0x00, 0x00, 0x00, 0x00, 0x00, 
  0x00, 0x00, 0x00, 0x00, 0x00, 0x00, 0x00, 0x00, 0x00, 0x00, 0x00, 0x00, 
  0x00, 0x00, 0x00, 0x00, 0x00, 0x00, 0x00, 0x00, 0x00, 0x00, 0x00, 0x00, 
  0x00, 0x00, 0x00, 0x00, 0x00, 0x00, 0x00, 0x00, 0x00, 0x00, 0x00, 0x00, 
  0x00, 0x00, 0x00, 0x00, 0x00, 0x00, 0x00, 0x00, 0x00, 0x00, 0x00, 0x00, 
  0x00, 0x00, 0x00, 0x00, 0x00, 0x00, 0x00, 0x00, 0x00, 0x00, 0x00, 0x00, 
  0x00, 0x00, 0x00, 0x00, 0x00, 0x00, 0x00, 0x00, 0x00, 0x00, 0x00, 0x00, 
  0x00, 0x00, 0x00, 0x00, 0x00, 0x00, 0x00, 0x00, 0x00, 0x00, 0x00, 0x00, 
  0x00, 0x00, 0x00, 0x00, 0x00, 0x00, 0x00, 0x00, 0x00, 0x00, 0x00, 0x00, 
  0x00, 0x00, 0x00, 0x00, 0x00, 0x00, 0x00, 0x00, 0x00, 0x00, 0x00, 0x00, 
  0x00, 0x00, 0x00, 0x00, 0x00, 0x00, 0x00, 0x00, 0x00, 0x00, 0x00, 0x00, 
  0x00, 0x00, 0x00, 0x00, 0x00, 0x00, 0x00, 0x00, 0x00, 0x00, 0x00, 0x00, 
  0x00, 0x00, 0x00, 0x00, 0x00, 0x00, 0x00, 0x00, 0x00, 0x00, 0x00, 0x00, 
  0x00, 0x00, 0x00, 0x00, 0x00, 0x00, 0x00, 0x00, 0x00, 0x00, 0x00, 0x00, 
  0x00, 0x00, 0x00, 0x00, 0x00, 0x00, 0x00, 0x00, 0x00, 0x00, 0x00, 0x00, 
  0x00, 0x00, 0x00, 0x00, 0x00, 0x00, 0x00, 0x00, 0x00, 0x00, 0x00, 0x00, 
  0x00, 0x00, 0x00, 0x00, 0x00, 0x00, 0x00, 0x00, 0x00, 0x00, 0x00, 0x00, 
  0x00, 0x00, 0x00, 0x00, 0x00, 0x00, 0x00, 0x00, 0x00, 0x00, 0x00, 0x00, 
  0x00, 0x00, 0x00, 0x00, 0x00, 0x00, 0x00, 0x00, 0x00, 0x00, 0x00, 0x00, 
  0x00, 0x00, 0x00, 0x00, 0x00, 0x00, 0x00, 0x00, 0x00, 0x00, 0x00, 0x00, 
  0x00, 0x00, 0x00, 0x00, 0x00, 0x00, 0x00, 0x00, 0x00, 0x00, 0x00, 0x00, 
  0x00, 0x00, 0x00, 0x00, 0x00, 0x00, 0x00, 0x00, 0x00, 0x00, 0x00, 0x00, 
  0x00, 0x00, 0x00, 0x00, 0x00, 0x00, 0x00, 0x00, 0x00, 0x00, 0x00, 0x00, 
  0x00, 0x00, 0x00, 0x00, 0x00, 0x00, 0x00, 0x00, 0x00, 0x00, 0x00, 0x00, 
  0x00, 0x00, 0x00, 0x00, 0x00, 0x00, 0x00, 0x00, 0x00, 0x00, 0x00, 0x00, 
  0x00, 0x00, 0x00, 0x00, 0x00, 0x00, 0x00, 0x00, 0x00, 0x00, 0x00, 0x00, 
  0x00, 0x00, 0x00, 0x00, 0x00, 0x00, 0x00, 0x00, 0x00, 0x00, 0x00, 0x00, 
  0x00, 0x00, 0x00, 0x00, 0x00, 0x00, 0x00, 0x00, 0x00, 0x00, 0x00, 0x00, 
  0x00, 0x00, 0x00, 0x00, 0x00, 0x00, 0x00, 0x00, 0x00, 0x00, 0x00, 0x00, 
  0x00, 0x00, 0x00, 0x00, 0x00, 0x00, 0x00, 0x00, 0x00, 0x00, 0x00, 0x00, 
  0x00, 0x00, 0x00, 0x00, 0x00, 0x00, 0x00, 0x00, 0x00, 0x00, 0x00, 0x00, 
  0x00, 0x00, 0x00, 0x00, 0x00, 0x00, 0x00, 0x00, 0x00, 0x00, 0x00, 0x00, 
  0x00, 0x00, 0x00, 0x00, 0x00, 0x00, 0x00, 0x00, 0x00, 0x00, 0x00, 0x00, 
  0x00, 0x00, 0x00, 0x00, 0x00, 0x00, 0x00, 0x00, 0x00, 0x00, 0x00, 0x00, 
  0x00, 0x00, 0x00, 0x00, 0x00, 0x00, 0x00, 0x00, 0x00, 0x00, 0x00, 0x00, 
  0x00, 0x00, 0x00, 0x00, 0x00, 0x00, 0x00, 0x00, 0x00, 0x00, 0x00, 0x00, 
  0x00, 0x00, 0x00, 0x00, 0x00, 0x00, 0x00, 0x00, 0x00, 0x00, 0x00, 0x00, 
  0x00, 0x00, 0x00, 0x00, 0x00, 0x00, 0x00, 0x00, 0x00, 0x00, 0x00, 0x00, 
  0x00, 0x00, 0x00, 0x00, 0x00, 0x00, 0x00, 0x00, 0x00, 0x00, 0x00, 0x00, 
  0x00, 0x00, 0x00, 0x00, 0x00, 0x00, 0x00, 0x00, 0x00, 0x00, 0x00, 0x00, 
  0x00, 0x00, 0x00, 0x00, 0x00, 0x00, 0x00, 0x00, 0x00, 0x00, 0x00, 0x00, 
  0x00, 0x00, 0x00, 0x00, 0x00, 0x00, 0x00, 0x00, 0x00, 0x00, 0x00, 0x00, 
  0x00, 0x00, 0x00, 0x00, 0x00, 0x00, 0x00, 0x00, 0x00, 0x00, 0x00, 0x00, 
  0x00, 0x00, 0x00, 0x00, 0x00, 0x00, 0x00, 0x00, 0x00, 0x00, 0x00, 0x00, 
  0x00, 0x00, 0x00, 0x00, 0x00, 0x00, 0x00, 0x00, 0x00, 0x00, 0x00, 0x00, 
  0x00, 0x00, 0x00, 0x00, 0x00, 0x00, 0x00, 0x00, 0x00, 0x00, 0x00, 0x00, 
  0x00, 0x00, 0x00, 0x00, 0x00, 0x00, 0x00, 0x00, 0x00, 0x00, 0x00, 0x00, 
  0x00, 0x00, 0x00, 0x00, 0x00, 0x00, 0x00, 0x00, 0x00, 0x00, 0x00, 0x00, 
  0x00, 0x00, 0x00, 0x00, 0x00, 0x00, 0x00, 0x00, 0x00, 0x00, 0x00, 0x00, 
  0x00, 0x00, 0x00, 0x00, 0x00, 0x00, 0x00, 0x00, 0x00, 0x00, 0x00, 0x00, 
  0x00, 0x00, 0x00, 0x00, 0x00, 0x00, 0x00, 0x00, 0x00, 0x00, 0x00, 0x00, 
  0x00, 0x00, 0x00, 0x00, 0x00, 0x00, 0x00, 0x00, 0x00, 0x00, 0x00, 0x00, 
  0x00, 0x00, 0x00, 0x00, 0x00, 0x00, 0x00, 0x00, 0x00, 0x00, 0x00, 0x00, 
  0x00, 0x00, 0x00, 0x00, 0x00, 0x00, 0x00, 0x00, 0x00, 0x00, 0x00, 0x00, 
  0x00, 0x00, 0x00, 0x00, 0x00, 0x00, 0x00, 0x00, 0x00, 0x00, 0x00, 0x00, 
  0x00, 0x00, 0x00, 0x00, 0x00, 0x00, 0x00, 0x00, 0x00, 0x00, 0x00, 0x00, 
  0x00, 0x00, 0x00, 0x00, 0x00, 0x00, 0x00, 0x00, 0x00, 0x00, 0x00, 0x00, 
  0x00, 0x00, 0x00, 0x00, 0x00, 0x00, 0x00, 0x00, 0x00, 0x00, 0x00, 0x00, 
  0x00, 0x00, 0x00, 0x00, 0x00, 0x00, 0x00, 0x00, 0x00, 0x00, 0x00, 0x00, 
  0x00, 0x00, 0x00, 0x00, 0x00, 0x00, 0x00, 0x00, 0x00, 0x00, 0x00, 0x00, 
  0x00, 0x00, 0x00, 0x00, 0x00, 0x00, 0x00, 0x00, 0x00, 0x00, 0x00, 0x00, 
  0x00, 0x00, 0x00, 0x00, 0x00, 0x00, 0x00, 0x00, 0x00, 0x00, 0x00, 0x00, 
  0x00, 0x00, 0x00, 0x00, 0x00, 0x00, 0x00, 0x00, 0x00, 0x00, 0x00, 0x00, 
  0x00, 0x00, 0x00, 0x00, 0x00, 0x00, 0x00, 0x00, 0x00, 0x00, 0x00, 0x00, 
  0x84, 0x00, 0x00, 0x00, 0x30, 0x75, 0xdb, 0x3a, 0xc4, 0xd4, 0x7b, 0x3a, 
  0x62, 0xa1, 0x6b, 0x3a, 0x63, 0x20, 0xbc, 0x3a, 0x7b, 0x8b, 0xe8, 0x3a, 
  0xbb, 0xdb, 0xb7, 0x3a, 0x15, 0x75, 0xf3, 0x3a, 0x86, 0x6d, 0x0d, 0x3b, 
  0xe5, 0x2e, 0x41, 0x3a, 0x0b, 0xc6, 0xb4, 0x3a, 0x9a, 0x58, 0x81, 0x3a, 
  0xd3, 0xb8, 0x2c, 0x3a, 0x5c, 0x40, 0x19, 0x3a, 0x81, 0x5d, 0x41, 0x3a, 
  0xbc, 0x46, 0xb9, 0x3a, 0x30, 0x4c, 0x84, 0x3a, 0x34, 0x56, 0xf3, 0x3a, 
  0x1e, 0x7d, 0xbe, 0x3a, 0x2e, 0x22, 0xd6, 0x3a, 0x7f, 0x66, 0x7e, 0x3a, 
  0x09, 0x1a, 0x84, 0x3a, 0x11, 0xf9, 0xcb, 0x3a, 0x46, 0x05, 0xbf, 0x3a, 
  0x0c, 0x8c, 0x04, 0x3b, 0x83, 0xee, 0xf8, 0x3a, 0x9f, 0x72, 0x46, 0x3a, 
  0xc7, 0x81, 0x83, 0x3a, 0x8b, 0xf7, 0x45, 0x3a, 0x7d, 0x6c, 0x97, 0x3a, 
  0xc7, 0x00, 0x82, 0x3a, 0xce, 0x22, 0xd8, 0x39, 0x3a, 0xb6, 0x20, 0x3a, 
  0xb7, 0xa9, 0x0c, 0x3a, 0x8d, 0xfc, 0x44, 0x3a, 0xf8, 0x80, 0x81, 0x3a, 
  0x4c, 0x80, 0xd9, 0x39, 0x94, 0x23, 0xdf, 0x39, 0xdc, 0x0e, 0x30, 0x3a, 
  0xaf, 0x0d, 0x25, 0x3a, 0xe5, 0x7a, 0xf1, 0x39, 0xd8, 0xa7, 0x78, 0x3a, 
  0x79, 0x2f, 0x3e, 0x3a, 0x01, 0x33, 0x54, 0x3a, 0xf0, 0xf4, 0x73, 0x3a, 
  0x72, 0xb0, 0xc6, 0x39, 0xe6, 0xbe, 0x5e, 0x3a, 0xbe, 0x86, 0x46, 0x3a, 
  0x74, 0xfc, 0xfb, 0x39, 0x58, 0x10, 0xcc, 0x3a, 0xa7, 0x42, 0x55, 0x3a, 
  0xe8, 0x0e, 0x85, 0x3a, 0x53, 0x32, 0x53, 0x38, 0xf5, 0xb4, 0x42, 0x3a, 
  0x5b, 0x6a, 0xc2, 0x39, 0xf4, 0x4e, 0x16, 0x3a, 0x89, 0x5f, 0x78, 0x3a, 
  0xfe, 0x33, 0x2d, 0x3a, 0x2c, 0x74, 0x6e, 0x3a, 0x8e, 0xd9, 0x2e, 0x3a, 
  0x1b, 0x7e, 0x7c, 0x3a, 0xb3, 0xa1, 0x3a, 0x3a, 0xec, 0xd4, 0xec, 0x39, 
  0x6b, 0x3d, 0x5f, 0x3a, 0x93, 0x84, 0x81, 0x3a, 0xb6, 0x58, 0x94, 0x3a, 
  0x75, 0x2d, 0x5a, 0x3a, 0x3a, 0xd7, 0xd5, 0x3a, 0x3b, 0xb5, 0x8d, 0x3a, 
  0x02, 0x0d, 0xa6, 0x3a, 0xf7, 0x4f, 0x92, 0x3a, 0xa5, 0x31, 0x84, 0x3a, 
  0xf1, 0x46, 0xb2, 0x3a, 0x4a, 0x86, 0xd5, 0x3a, 0x2d, 0xa3, 0x9d, 0x3a, 
  0xde, 0x90, 0x8c, 0x3a, 0xc5, 0x1d, 0xcd, 0x3a, 0x4e, 0xd0, 0xc8, 0x39, 
  0xe3, 0x3d, 0xdc, 0x3a, 0x9c, 0x4f, 0x51, 0x3a, 0x27, 0x9c, 0xf4, 0x3a, 
  0x4c, 0x7b, 0x99, 0x3a, 0x56, 0xcc, 0xb0, 0x39, 0xfc, 0x80, 0xb3, 0x39, 
  0x04, 0x2f, 0xcf, 0x39, 0x4a, 0xb7, 0xbb, 0x39, 0x44, 0x9b, 0xcd, 0x39, 
  0x5f, 0x4a, 0xf0, 0x39, 0x67, 0x7d, 0xd2, 0x3a, 0x75, 0x50, 0x89, 0x3a, 
  0x1b, 0xad, 0xa1, 0x3a, 0x6b, 0x54, 0x2f, 0x3a, 0x3c, 0xeb, 0x2a, 0x3a, 
  0x2c, 0x4f, 0x92, 0x3a, 0xce, 0x2e, 0x17, 0x3a, 0x8f, 0xb6, 0x6d, 0x39, 
  0x17, 0xba, 0x7c, 0x3a, 0x01, 0xda, 0x25, 0x3a, 0xf8, 0x09, 0x3d, 0x3a, 
  0xb3, 0x66, 0x35, 0x3a, 0x61, 0x03, 0x9a, 0x3a, 0x66, 0x8b, 0x78, 0x3a, 
  0xf5, 0xac, 0x7b, 0x3a, 0x01, 0xa9, 0x12, 0x3a, 0xd3, 0x10, 0x35, 0x3a, 
  0xbf, 0x17, 0x3a, 0x3a, 0xac, 0x42, 0x85, 0x3a, 0x57, 0x78, 0x8e, 0x3a, 
  0xbd, 0x69, 0x69, 0x39, 0x1f, 0x83, 0x8c, 0x3a, 0x24, 0x47, 0x67, 0x3a, 
  0x45, 0xc2, 0x43, 0x3a, 0x12, 0x97, 0x22, 0x3a, 0x4e, 0xf0, 0x14, 0x3a, 
  0x80, 0x0b, 0x26, 0x3a, 0x3f, 0x07, 0x0b, 0x3a, 0x23, 0x70, 0x37, 0x3a, 
  0x1b, 0xd2, 0x2a, 0x3a, 0x31, 0xe3, 0x8b, 0x3a, 0xa1, 0xf6, 0x59, 0x3a, 
  0xb4, 0x16, 0x85, 0x3a, 0x2b, 0xe3, 0x7d, 0x3a, 0x15, 0xcc, 0x8c, 0x3a, 
  0xee, 0xb0, 0x39, 0x3a, 0xb2, 0x5c, 0xf0, 0x39, 0x92, 0x5f, 0xd8, 0x39, 
  0xa2, 0xc3, 0x39, 0x3a, 0x81, 0x0e, 0xdd, 0x39, 0xd5, 0x02, 0x14, 0x3a, 
  0xfe, 0x9e, 0x13, 0x3a, 0x84, 0xd9, 0x49, 0x3a, 0xb6, 0xb6, 0x8c, 0x3a, 
  0xb4, 0x32, 0x84, 0x3a, 0x40, 0x00, 0x00, 0x00, 0x73, 0x61, 0x66, 0x65, 
  0x62, 0x61, 0x6e, 0x64, 0x5f, 0x76, 0x32, 0x5f, 0x64, 0x65, 0x70, 0x6c, 
  0x6f, 0x79, 0x6d, 0x65, 0x6e, 0x74, 0x2f, 0x6d, 0x6f, 0x74, 0x69, 0x6f, 
  0x6e, 0x5f, 0x65, 0x6e, 0x63, 0x6f, 0x64, 0x65, 0x72, 0x2f, 0x65, 0x6e, 
  0x63, 0x5f, 0x73, 0x65, 0x71, 0x5f, 0x64, 0x77, 0x5f, 0x63, 0x6f, 0x6e, 
  0x76, 0x31, 0x2f, 0x64, 0x65, 0x70, 0x74, 0x68, 0x77, 0x69, 0x73, 0x65, 
  0x00, 0x00, 0x00, 0x00, 0x04, 0x00, 0x00, 0x00, 0x01, 0x00, 0x00, 0x00, 
  0x01, 0x00, 0x00, 0x00, 0x03, 0x00, 0x00, 0x00, 0x84, 0x00, 0x00, 0x00, 
  0xaa, 0xca, 0xff, 0xff, 0x00, 0x00, 0x00, 0x01, 0x14, 0x00, 0x00, 0x00, 
  0x58, 0x06, 0x00, 0x00, 0x58, 0x00, 0x00, 0x00, 0x00, 0x00, 0x00, 0x02, 
  0xa0, 0x06, 0x00, 0x00, 0x8c, 0xc9, 0xff, 0xff, 0x08, 0x00, 0x00, 0x00, 
  0x2c, 0x04, 0x00, 0x00, 0x84, 0x00, 0x00, 0x00, 0x00, 0x00, 0x00, 0x00, 
  0x00, 0x00, 0x00, 0x00, 0x00, 0x00, 0x00, 0x00, 0x00, 0x00, 0x00, 0x00, 
  0x00, 0x00, 0x00, 0x00, 0x00, 0x00, 0x00, 0x00, 0x00, 0x00, 0x00, 0x00, 
  0x00, 0x00, 0x00, 0x00, 0x00, 0x00, 0x00, 0x00, 0x00, 0x00, 0x00, 0x00, 
  0x00, 0x00, 0x00, 0x00, 0x00, 0x00, 0x00, 0x00, 0x00, 0x00, 0x00, 0x00, 
  0x00, 0x00, 0x00, 0x00, 0x00, 0x00, 0x00, 0x00, 0x00, 0x00, 0x00, 0x00, 
  0x00, 0x00, 0x00, 0x00, 0x00, 0x00, 0x00, 0x00, 0x00, 0x00, 0x00, 0x00, 
  0x00, 0x00, 0x00, 0x00, 0x00, 0x00, 0x00, 0x00, 0x00, 0x00, 0x00, 0x00, 
  0x00, 0x00, 0x00, 0x00, 0x00, 0x00, 0x00, 0x00, 0x00, 0x00, 0x00, 0x00, 
  0x00, 0x00, 0x00, 0x00, 0x00, 0x00, 0x00, 0x00, 0x00, 0x00, 0x00, 0x00, 
  0x00, 0x00, 0x00, 0x00, 0x00, 0x00, 0x00, 0x00, 0x00, 0x00, 0x00, 0x00, 
  0x00, 0x00, 0x00, 0x00, 0x00, 0x00, 0x00, 0x00, 0x00, 0x00, 0x00, 0x00, 
  0x00, 0x00, 0x00, 0x00, 0x00, 0x00, 0x00, 0x00, 0x00, 0x00, 0x00, 0x00, 
  0x00, 0x00, 0x00, 0x00, 0x00, 0x00, 0x00, 0x00, 0x00, 0x00, 0x00, 0x00, 
  0x00, 0x00, 0x00, 0x00, 0x00, 0x00, 0x00, 0x00, 0x00, 0x00, 0x00, 0x00, 
  0x00, 0x00, 0x00, 0x00, 0x00, 0x00, 0x00, 0x00, 0x00, 0x00, 0x00, 0x00, 
  0x00, 0x00, 0x00, 0x00, 0x00, 0x00, 0x00, 0x00, 0x00, 0x00, 0x00, 0x00, 
  0x00, 0x00, 0x00, 0x00, 0x00, 0x00, 0x00, 0x00, 0x00, 0x00, 0x00, 0x00, 
  0x00, 0x00, 0x00, 0x00, 0x00, 0x00, 0x00, 0x00, 0x00, 0x00, 0x00, 0x00, 
  0x00, 0x00, 0x00, 0x00, 0x00, 0x00, 0x00, 0x00, 0x00, 0x00, 0x00, 0x00, 
  0x00, 0x00, 0x00, 0x00, 0x00, 0x00, 0x00, 0x00, 0x00, 0x00, 0x00, 0x00, 
  0x00, 0x00, 0x00, 0x00, 0x00, 0x00, 0x00, 0x00, 0x00, 0x00, 0x00, 0x00, 
  0x00, 0x00, 0x00, 0x00, 0x00, 0x00, 0x00, 0x00, 0x00, 0x00, 0x00, 0x00, 
  0x00, 0x00, 0x00, 0x00, 0x00, 0x00, 0x00, 0x00, 0x00, 0x00, 0x00, 0x00, 
  0x00, 0x00, 0x00, 0x00, 0x00, 0x00, 0x00, 0x00, 0x00, 0x00, 0x00, 0x00, 
  0x00, 0x00, 0x00, 0x00, 0x00, 0x00, 0x00, 0x00, 0x00, 0x00, 0x00, 0x00, 
  0x00, 0x00, 0x00, 0x00, 0x00, 0x00, 0x00, 0x00, 0x00, 0x00, 0x00, 0x00, 
  0x00, 0x00, 0x00, 0x00, 0x00, 0x00, 0x00, 0x00, 0x00, 0x00, 0x00, 0x00, 
  0x00, 0x00, 0x00, 0x00, 0x00, 0x00, 0x00, 0x00, 0x00, 0x00, 0x00, 0x00, 
  0x00, 0x00, 0x00, 0x00, 0x00, 0x00, 0x00, 0x00, 0x00, 0x00, 0x00, 0x00, 
  0x00, 0x00, 0x00, 0x00, 0x00, 0x00, 0x00, 0x00, 0x00, 0x00, 0x00, 0x00, 
  0x00, 0x00, 0x00, 0x00, 0x00, 0x00, 0x00, 0x00, 0x00, 0x00, 0x00, 0x00, 
  0x00, 0x00, 0x00, 0x00, 0x00, 0x00, 0x00, 0x00, 0x00, 0x00, 0x00, 0x00, 
  0x00, 0x00, 0x00, 0x00, 0x00, 0x00, 0x00, 0x00, 0x00, 0x00, 0x00, 0x00, 
  0x00, 0x00, 0x00, 0x00, 0x00, 0x00, 0x00, 0x00, 0x00, 0x00, 0x00, 0x00, 
  0x00, 0x00, 0x00, 0x00, 0x00, 0x00, 0x00, 0x00, 0x00, 0x00, 0x00, 0x00, 
  0x00, 0x00, 0x00, 0x00, 0x00, 0x00, 0x00, 0x00, 0x00, 0x00, 0x00, 0x00, 
  0x00, 0x00, 0x00, 0x00, 0x00, 0x00, 0x00, 0x00, 0x00, 0x00, 0x00, 0x00, 
  0x00, 0x00, 0x00, 0x00, 0x00, 0x00, 0x00, 0x00, 0x00, 0x00, 0x00, 0x00, 
  0x00, 0x00, 0x00, 0x00, 0x00, 0x00, 0x00, 0x00, 0x00, 0x00, 0x00, 0x00, 
  0x00, 0x00, 0x00, 0x00, 0x00, 0x00, 0x00, 0x00, 0x00, 0x00, 0x00, 0x00, 
  0x00, 0x00, 0x00, 0x00, 0x00, 0x00, 0x00, 0x00, 0x00, 0x00, 0x00, 0x00, 
  0x00, 0x00, 0x00, 0x00, 0x00, 0x00, 0x00, 0x00, 0x00, 0x00, 0x00, 0x00, 
  0x00, 0x00, 0x00, 0x00, 0x00, 0x00, 0x00, 0x00, 0x00, 0x00, 0x00, 0x00, 
  0x00, 0x00, 0x00, 0x00, 0x00, 0x00, 0x00, 0x00, 0x00, 0x00, 0x00, 0x00, 
  0x00, 0x00, 0x00, 0x00, 0x00, 0x00, 0x00, 0x00, 0x00, 0x00, 0x00, 0x00, 
  0x00, 0x00, 0x00, 0x00, 0x00, 0x00, 0x00, 0x00, 0x00, 0x00, 0x00, 0x00, 
  0x00, 0x00, 0x00, 0x00, 0x00, 0x00, 0x00, 0x00, 0x00, 0x00, 0x00, 0x00, 
  0x00, 0x00, 0x00, 0x00, 0x00, 0x00, 0x00, 0x00, 0x00, 0x00, 0x00, 0x00, 
  0x00, 0x00, 0x00, 0x00, 0x00, 0x00, 0x00, 0x00, 0x00, 0x00, 0x00, 0x00, 
  0x00, 0x00, 0x00, 0x00, 0x00, 0x00, 0x00, 0x00, 0x00, 0x00, 0x00, 0x00, 
  0x00, 0x00, 0x00, 0x00, 0x00, 0x00, 0x00, 0x00, 0x00, 0x00, 0x00, 0x00, 
  0x00, 0x00, 0x00, 0x00, 0x00, 0x00, 0x00, 0x00, 0x00, 0x00, 0x00, 0x00, 
  0x00, 0x00, 0x00, 0x00, 0x00, 0x00, 0x00, 0x00, 0x00, 0x00, 0x00, 0x00, 
  0x00, 0x00, 0x00, 0x00, 0x00, 0x00, 0x00, 0x00, 0x00, 0x00, 0x00, 0x00, 
  0x00, 0x00, 0x00, 0x00, 0x00, 0x00, 0x00, 0x00, 0x00, 0x00, 0x00, 0x00, 
  0x00, 0x00, 0x00, 0x00, 0x00, 0x00, 0x00, 0x00, 0x00, 0x00, 0x00, 0x00, 
  0x00, 0x00, 0x00, 0x00, 0x00, 0x00, 0x00, 0x00, 0x00, 0x00, 0x00, 0x00, 
  0x00, 0x00, 0x00, 0x00, 0x00, 0x00, 0x00, 0x00, 0x00, 0x00, 0x00, 0x00, 
  0x00, 0x00, 0x00, 0x00, 0x00, 0x00, 0x00, 0x00, 0x00, 0x00, 0x00, 0x00, 
  0x00, 0x00, 0x00, 0x00, 0x00, 0x00, 0x00, 0x00, 0x00, 0x00, 0x00, 0x00, 
  0x00, 0x00, 0x00, 0x00, 0x00, 0x00, 0x00, 0x00, 0x00, 0x00, 0x00, 0x00, 
  0x00, 0x00, 0x00, 0x00, 0x00, 0x00, 0x00, 0x00, 0x00, 0x00, 0x00, 0x00, 
  0x00, 0x00, 0x00, 0x00, 0x00, 0x00, 0x00, 0x00, 0x00, 0x00, 0x00, 0x00, 
  0x00, 0x00, 0x00, 0x00, 0x00, 0x00, 0x00, 0x00, 0x00, 0x00, 0x00, 0x00, 
  0x00, 0x00, 0x00, 0x00, 0x00, 0x00, 0x00, 0x00, 0x00, 0x00, 0x00, 0x00, 
  0x00, 0x00, 0x00, 0x00, 0x00, 0x00, 0x00, 0x00, 0x00, 0x00, 0x00, 0x00, 
  0x00, 0x00, 0x00, 0x00, 0x00, 0x00, 0x00, 0x00, 0x00, 0x00, 0x00, 0x00, 
  0x00, 0x00, 0x00, 0x00, 0x00, 0x00, 0x00, 0x00, 0x00, 0x00, 0x00, 0x00, 
  0x00, 0x00, 0x00, 0x00, 0x00, 0x00, 0x00, 0x00, 0x00, 0x00, 0x00, 0x00, 
  0x00, 0x00, 0x00, 0x00, 0x00, 0x00, 0x00, 0x00, 0x00, 0x00, 0x00, 0x00, 
  0x00, 0x00, 0x00, 0x00, 0x00, 0x00, 0x00, 0x00, 0x00, 0x00, 0x00, 0x00, 
  0x00, 0x00, 0x00, 0x00, 0x00, 0x00, 0x00, 0x00, 0x00, 0x00, 0x00, 0x00, 
  0x00, 0x00, 0x00, 0x00, 0x00, 0x00, 0x00, 0x00, 0x00, 0x00, 0x00, 0x00, 
  0x00, 0x00, 0x00, 0x00, 0x00, 0x00, 0x00, 0x00, 0x00, 0x00, 0x00, 0x00, 
  0x00, 0x00, 0x00, 0x00, 0x00, 0x00, 0x00, 0x00, 0x00, 0x00, 0x00, 0x00, 
  0x00, 0x00, 0x00, 0x00, 0x00, 0x00, 0x00, 0x00, 0x00, 0x00, 0x00, 0x00, 
  0x00, 0x00, 0x00, 0x00, 0x00, 0x00, 0x00, 0x00, 0x00, 0x00, 0x00, 0x00, 
  0x00, 0x00, 0x00, 0x00, 0x00, 0x00, 0x00, 0x00, 0x00, 0x00, 0x00, 0x00, 
  0x00, 0x00, 0x00, 0x00, 0x00, 0x00, 0x00, 0x00, 0x00, 0x00, 0x00, 0x00, 
  0x00, 0x00, 0x00, 0x00, 0x00, 0x00, 0x00, 0x00, 0x00, 0x00, 0x00, 0x00, 
  0x00, 0x00, 0x00, 0x00, 0x00, 0x00, 0x00, 0x00, 0x00, 0x00, 0x00, 0x00, 
  0x00, 0x00, 0x00, 0x00, 0x00, 0x00, 0x00, 0x00, 0x00, 0x00, 0x00, 0x00, 
  0x00, 0x00, 0x00, 0x00, 0x00, 0x00, 0x00, 0x00, 0x00, 0x00, 0x00, 0x00, 
  0x00, 0x00, 0x00, 0x00, 0x00, 0x00, 0x00, 0x00, 0x00, 0x00, 0x00, 0x00, 
  0x00, 0x00, 0x00, 0x00, 0x00, 0x00, 0x00, 0x00, 0x00, 0x00, 0x00, 0x00, 
  0x00, 0x00, 0x00, 0x00, 0x00, 0x00, 0x00, 0x00, 0x00, 0x00, 0x00, 0x00, 
  0x00, 0x00, 0x00, 0x00, 0x00, 0x00, 0x00, 0x00, 0x00, 0x00, 0x00, 0x00, 
  0x00, 0x00, 0x00, 0x00, 0x00, 0x00, 0x00, 0x00, 0x00, 0x00, 0x00, 0x00, 
  0x84, 0x00, 0x00, 0x00, 0x2e, 0xa9, 0x22, 0x39, 0xe3, 0xa7, 0xba, 0x38, 
  0xdf, 0xa5, 0xae, 0x38, 0x35, 0x70, 0x0b, 0x39, 0x66, 0x5c, 0x2c, 0x39, 
  0x56, 0x46, 0x08, 0x39, 0x00, 0x73, 0x34, 0x39, 0xa9, 0xa6, 0x51, 0x39, 
  0xb0, 0x2f, 0x8f, 0x38, 0x06, 0xfd, 0x05, 0x39, 0xbf, 0xbd, 0xbf, 0x38, 
  0x43, 0x05, 0x80, 0x38, 0x9c, 0x2d, 0x63, 0x38, 0x3c, 0x52, 0x8f, 0x38, 
  0x65, 0x53, 0x09, 0x39, 0xd2, 0x1d, 0xc4, 0x38, 0x1d, 0x5c, 0x34, 0x39, 
  0x6e, 0x30, 0x0d, 0x39, 0xed, 0xb6, 0x1e, 0x39, 0x64, 0x8f, 0xbc, 0x38, 
  0x79, 0xd3, 0xc3, 0x38, 0xff, 0x2e, 0x17, 0x39, 0x59, 0x95, 0x0d, 0x39, 
  0x7c, 0x7c, 0x44, 0x39, 0xbb, 0x81, 0x38, 0x39, 0x9e, 0x16, 0x93, 0x38, 
  0xc5, 0xf1, 0xc2, 0x38, 0x64, 0xbb, 0x92, 0x38, 0x0a, 0x78, 0xe0, 0x38, 
  0x0d, 0xb7, 0xc0, 0x38, 0xe1, 0x32, 0x20, 0x38, 0xc6, 0x3c, 0x6e, 0x38, 
  0x65, 0x84, 0x50, 0x38, 0x5c, 0x01, 0x92, 0x38, 0x96, 0xf9, 0xbf, 0x38, 
  0xec, 0x35, 0x21, 0x38, 0xad, 0x63, 0x25, 0x38, 0x44, 0x7e, 0x82, 0x38, 
  0x62, 0xac, 0x74, 0x38, 0xd1, 0xfb, 0x32, 0x38, 0x5a, 0x4d, 0xb8, 0x38, 
  0xe1, 0xf6, 0x8c, 0x38, 0xe8, 0x47, 0x9d, 0x38, 0xc4, 0xd1, 0xb4, 0x38, 
  0x71, 0x44, 0x13, 0x38, 0x0d, 0x19, 0xa5, 0x38, 0x88, 0x25, 0x93, 0x38, 
  0x4d, 0xc5, 0x3a, 0x38, 0x40, 0x40, 0x17, 0x39, 0x40, 0x11, 0x9e, 0x38, 
  0x78, 0x3e, 0xc5, 0x38, 0xa8, 0x89, 0x9c, 0x36, 0xcd, 0x50, 0x90, 0x38, 
  0x82, 0x19, 0x10, 0x38, 0xc4, 0xd0, 0x5e, 0x38, 0xc2, 0x17, 0xb8, 0x38, 
  0x8d, 0x60, 0x80, 0x38, 0x99, 0xbd, 0xb0, 0x38, 0x03, 0x99, 0x81, 0x38, 
  0x66, 0x25, 0xbb, 0x38, 0x90, 0x54, 0x8a, 0x38, 0xd1, 0x89, 0x2f, 0x38, 
  0xd4, 0x76, 0xa5, 0x38, 0xef, 0xfe, 0xbf, 0x38, 0x40, 0xe8, 0xdb, 0x38, 
  0x45, 0xb6, 0xa1, 0x38, 0x5f, 0x7f, 0x1e, 0x39, 0xf5, 0x10, 0xd2, 0x38, 
  0xe0, 0x26, 0xf6, 0x38, 0x4d, 0xe4, 0xd8, 0x38, 0x79, 0xf6, 0xc3, 0x38, 
  0x54, 0x23, 0x04, 0x39, 0x61, 0x43, 0x1e, 0x39, 0x0f, 0xae, 0xe9, 0x38, 
  0x90, 0x5f, 0xd0, 0x38, 0xf2, 0x07, 0x18, 0x39, 0x8c, 0xd7, 0x14, 0x38, 
  0xf0, 0x3d, 0x23, 0x39, 0xdf, 0x23, 0x9b, 0x38, 0xb4, 0x4d, 0x35, 0x39, 
  0xfa, 0x84, 0xe3, 0x38, 0xb5, 0x0a, 0x03, 0x38, 0x18, 0x0c, 0x05, 0x38, 
  0x38, 0x90, 0x19, 0x38, 0x4f, 0x22, 0x0b, 0x38, 0xf6, 0x64, 0x18, 0x38, 
  0x1b, 0x1a, 0x32, 0x38, 0x8f, 0x03, 0x1c, 0x39, 0x9b, 0x8d, 0xcb, 0x38, 
  0xbe, 0xaa, 0xef, 0x38, 0x14, 0xf4, 0x81, 0x38, 0x44, 0x5e, 0x7d, 0x38, 
  0x20, 0xe3, 0xd8, 0x38, 0x9a, 0x1c, 0x60, 0x38, 0x0e, 0x31, 0xb0, 0x37, 
  0xdc, 0x51, 0xbb, 0x38, 0x44, 0xdb, 0x75, 0x38, 0x56, 0x1d, 0x8c, 0x38, 
  0x1a, 0x74, 0x86, 0x38, 0xb4, 0x4e, 0xe4, 0x38, 0x45, 0x38, 0xb8, 0x38, 
  0x61, 0x8a, 0xba, 0x38, 0x4a, 0x68, 0x59, 0x38, 0x74, 0x34, 0x86, 0x38, 
  0x50, 0xee, 0x89, 0x38, 0x35, 0x8b, 0xc5, 0x38, 0x30, 0x32, 0xd3, 0x38, 
  0x22, 0x01, 0xad, 0x37, 0x2f, 0x4b, 0xd0, 0x38, 0x00, 0x6c, 0xab, 0x38, 
  0x6a, 0x18, 0x91, 0x38, 0x92, 0x05, 0x71, 0x38, 0xf8, 0xc8, 0x5c, 0x38, 
  0xa4, 0x24, 0x76, 0x38, 0x10, 0x18, 0x4e, 0x38, 0x97, 0xf6, 0x87, 0x38, 
  0x04, 0x39, 0x7d, 0x38, 0x1b, 0x5e, 0xcf, 0x38, 0xa1, 0x8d, 0xa1, 0x38, 
  0x07, 0x4a, 0xc5, 0x38, 0x0d, 0x2e, 0xbc, 0x38, 0x57, 0xb7, 0xd0, 0x38, 
  0x1b, 0xa2, 0x89, 0x38, 0xb0, 0x27, 0x32, 0x38, 0xeb, 0x5f, 0x20, 0x38, 
  0xf8, 0xaf, 0x89, 0x38, 0x90, 0xd8, 0x23, 0x38, 0xf1, 0x68, 0x5b, 0x38, 
  0xf1, 0xd4, 0x5a, 0x38, 0x1e, 0x9c, 0x95, 0x38, 0xa9, 0x97, 0xd0, 0x38, 
  0x0b, 0xf8, 0xc3, 0x38, 0x4d, 0x00, 0x00, 0x00, 0x73, 0x61, 0x66, 0x65, 
  0x62, 0x61, 0x6e, 0x64, 0x5f, 0x76, 0x32, 0x5f, 0x64, 0x65, 0x70, 0x6c, 
  0x6f, 0x79, 0x6d, 0x65, 0x6e, 0x74, 0x2f, 0x6d, 0x6f, 0x74, 0x69, 0x6f, 
  0x6e, 0x5f, 0x65, 0x6e, 0x63, 0x6f, 0x64, 0x65, 0x72, 0x2f, 0x65, 0x6e, 
  0x63, 0x5f, 0x73, 0x65, 0x71, 0x5f, 0x64, 0x77, 0x5f, 0x63, 0x6f, 0x6e, 
  0x76, 0x31, 0x2f, 0x42, 0x69, 0x61, 0x73, 0x41, 0x64, 0x64, 0x2f, 0x52, 
  0x65, 0x61, 0x64, 0x56, 0x61, 0x72, 0x69, 0x61, 0x62, 0x6c, 0x65, 0x4f, 
  0x70, 0x00, 0x00, 0x00, 0x01, 0x00, 0x00, 0x00, 0x84, 0x00, 0x00, 0x00, 
  0x6a, 0xd1, 0xff, 0xff, 0x00, 0x00, 0x00, 0x01, 0x14, 0x00, 0x00, 0x00, 
  0x54, 0x00, 0x00, 0x00, 0x57, 0x00, 0x00, 0x00, 0x00, 0x00, 0x00, 0x09, 
  0x8c, 0x00, 0x00, 0x00, 0x4c, 0xd0, 0xff, 0xff, 0x08, 0x00, 0x00, 0x00, 
  0x28, 0x00, 0x00, 0x00, 0x04, 0x00, 0x00, 0x00, 0x00, 0x00, 0x00, 0x00, 
  0x00, 0x00, 0x00, 0x00, 0x00, 0x00, 0x00, 0x00, 0x00, 0x00, 0x00, 0x00, 
  0x00, 0x00, 0x00, 0x00, 0x00, 0x00, 0x00, 0x00, 0x00, 0x00, 0x00, 0x00, 
  0x00, 0x00, 0x00, 0x00, 0x04, 0x00, 0x00, 0x00, 0x75, 0xf2, 0x84, 0x3a, 
  0xeb, 0x43, 0x99, 0x3a, 0xfd, 0x92, 0xa8, 0x3a, 0x56, 0x6a, 0x9b, 0x3a, 
  0x3d, 0x00, 0x00, 0x00, 0x73, 0x61, 0x66, 0x65, 0x62, 0x61, 0x6e, 0x64, 
  0x5f, 0x76, 0x32, 0x5f, 0x64, 0x65, 0x70, 0x6c, 0x6f, 0x79, 0x6d, 0x65, 
  0x6e, 0x74, 0x2f, 0x6d, 0x6f, 0x74, 0x69, 0x6f, 0x6e, 0x5f, 0x65, 0x6e, 
  0x63, 0x6f, 0x64, 0x65, 0x72, 0x2f, 0x65, 0x6e, 0x63, 0x5f, 0x73, 0x65, 
  0x71, 0x5f, 0x70, 0x77, 0x5f, 0x63, 0x6f, 0x6e, 0x76, 0x31, 0x2f, 0x43, 
  0x6f, 0x6e, 0x76, 0x31, 0x44, 0x00, 0x00, 0x00, 0x04, 0x00, 0x00, 0x00, 
  0x04, 0x00, 0x00, 0x00, 0x01, 0x00, 0x00, 0x00, 0x01, 0x00, 0x00, 0x00, 
  0x84, 0x00, 0x00, 0x00, 0x22, 0xd2, 0xff, 0xff, 0x00, 0x00, 0x00, 0x01, 
  0x14, 0x00, 0x00, 0x00, 0x58, 0x00, 0x00, 0x00, 0x56, 0x00, 0x00, 0x00, 
  0x00, 0x00, 0x00, 0x02, 0xa0, 0x00, 0x00, 0x00, 0x04, 0xd1, 0xff, 0xff, 
  0x08, 0x00, 0x00, 0x00, 0x2c, 0x00, 0x00, 0x00, 0x04, 0x00, 0x00, 0x00, 
  0x00, 0x00, 0x00, 0x00, 0x00, 0x00, 0x00, 0x00, 0x00, 0x00, 0x00, 0x00, 
  0x00, 0x00, 0x00, 0x00, 0x00, 0x00, 0x00, 0x00, 0x00, 0x00, 0x00, 0x00, 
  0x00, 0x00, 0x00, 0x00, 0x00, 0x00, 0x00, 0x00, 0x00, 0x00, 0x00, 0x00, 
  0x04, 0x00, 0x00, 0x00, 0x7c, 0xb3, 0xad, 0x37, 0x6b, 0x3f, 0xc8, 0x37, 
  0xda, 0x3f, 0xdc, 0x37, 0x90, 0x0e, 0xcb, 0x37, 0x4d, 0x00, 0x00, 0x00, 
  0x73, 0x61, 0x66, 0x65, 0x62, 0x61, 0x6e, 0x64, 0x5f, 0x76, 0x32, 0x5f, 
  0x64, 0x65, 0x70, 0x6c, 0x6f, 0x79, 0x6d, 0x65, 0x6e, 0x74, 0x2f, 0x6d, 
  0x6f, 0x74, 0x69, 0x6f, 0x6e, 0x5f, 0x65, 0x6e, 0x63, 0x6f, 0x64, 0x65, 
  0x72, 0x2f, 0x65, 0x6e, 0x63, 0x5f, 0x73, 0x65, 0x71, 0x5f, 0x70, 0x77, 
  0x5f, 0x63, 0x6f, 0x6e, 0x76, 0x31, 0x2f, 0x42, 0x69, 0x61, 0x73, 0x41, 
  0x64, 0x64, 0x2f, 0x52, 0x65, 0x61, 0x64, 0x56, 0x61, 0x72, 0x69, 0x61, 
  0x62, 0x6c, 0x65, 0x4f, 0x70, 0x00, 0x00, 0x00, 0x01, 0x00, 0x00, 0x00, 
  0x04, 0x00, 0x00, 0x00, 0x00, 0x00, 0x16, 0x00, 0x1e, 0x00, 0x18, 0x00, 
  0x17, 0x00, 0x10, 0x00, 0x0c, 0x00, 0x08, 0x00, 0x00, 0x00, 0x00, 0x00, 
  0x00, 0x00, 0x07, 0x00, 0x16, 0x00, 0x00, 0x00, 0x00, 0x00, 0x00, 0x01, 
  0x28, 0x00, 0x00, 0x00, 0x70, 0x00, 0x00, 0x00, 0x55, 0x00, 0x00, 0x00, 
  0x00, 0x00, 0x00, 0x09, 0xac, 0x00, 0x00, 0x00, 0x00, 0x00, 0x12, 0x00, 
  0x10, 0x00, 0x00, 0x00, 0x00, 0x00, 0x0c, 0x00, 0x08, 0x00, 0x00, 0x00, 
  0x00, 0x00, 0x04, 0x00, 0x12, 0x00, 0x00, 0x00, 0x03, 0x00, 0x00, 0x00, 
  0x08, 0x00, 0x00, 0x00, 0x2c, 0x00, 0x00, 0x00, 0x04, 0x00, 0x00, 0x00, 
  0x00, 0x00, 0x00, 0x00, 0x00, 0x00, 0x00, 0x00, 0x00, 0x00, 0x00, 0x00, 
  0x00, 0x00, 0x00, 0x00, 0x00, 0x00, 0x00, 0x00, 0x00, 0x00, 0x00, 0x00, 
  0x00, 0x00, 0x00, 0x00, 0x00, 0x00, 0x00, 0x00, 0x00, 0x00, 0x00, 0x00, 
  0x04, 0x00, 0x00, 0x00, 0xeb, 0x6a, 0x8a, 0x3b, 0x79, 0x88, 0xc0, 0x3b, 
  0x65, 0xf4, 0x3d, 0x3b, 0xc5, 0xf0, 0x8d, 0x3b, 0x40, 0x00, 0x00, 0x00, 
  0x73, 0x61, 0x66, 0x65, 0x62, 0x61, 0x6e, 0x64, 0x5f, 0x76, 0x32, 0x5f, 
  0x64, 0x65, 0x70, 0x6c, 0x6f, 0x79, 0x6d, 0x65, 0x6e, 0x74, 0x2f, 0x6d, 
  0x6f, 0x74, 0x69, 0x6f, 0x6e, 0x5f, 0x65, 0x6e, 0x63, 0x6f, 0x64, 0x65, 
  0x72, 0x2f, 0x65, 0x6e, 0x63, 0x5f, 0x73, 0x65, 0x71, 0x5f, 0x64, 0x77, 
  0x5f, 0x63, 0x6f, 0x6e, 0x76, 0x32, 0x2f, 0x64, 0x65, 0x70, 0x74, 0x68, 
  0x77, 0x69, 0x73, 0x65, 0x00, 0x00, 0x00, 0x00, 0x04, 0x00, 0x00, 0x00, 
  0x01, 0x00, 0x00, 0x00, 0x01, 0x00, 0x00, 0x00, 0x03, 0x00, 0x00, 0x00, 
  0x04, 0x00, 0x00, 0x00, 0xd2, 0xd3, 0xff, 0xff, 0x00, 0x00, 0x00, 0x01, 
  0x14, 0x00, 0x00, 0x00, 0x58, 0x00, 0x00, 0x00, 0x54, 0x00, 0x00, 0x00, 
  0x00, 0x00, 0x00, 0x02, 0xa0, 0x00, 0x00, 0x00, 0xb4, 0xd2, 0xff, 0xff, 
  0x08, 0x00, 0x00, 0x00, 0x2c, 0x00, 0x00, 0x00, 0x04, 0x00, 0x00, 0x00, 
  0x00, 0x00, 0x00, 0x00, 0x00, 0x00, 0x00, 0x00, 0x00, 0x00, 0x00, 0x00, 
  0x00, 0x00, 0x00, 0x00, 0x00, 0x00, 0x00, 0x00, 0x00, 0x00, 0x00, 0x00, 
  0x00, 0x00, 0x00, 0x00, 0x00, 0x00, 0x00, 0x00, 0x00, 0x00, 0x00, 0x00, 
  0x04, 0x00, 0x00, 0x00, 0xdf, 0x3c, 0x5e, 0x37, 0xca, 0x8f, 0x9a, 0x37, 
  0xe4, 0x7d, 0x18, 0x37, 0xd9, 0xe4, 0x63, 0x37, 0x4d, 0x00, 0x00, 0x00, 
  0x73, 0x61, 0x66, 0x65, 0x62, 0x61, 0x6e, 0x64, 0x5f, 0x76, 0x32, 0x5f, 
  0x64, 0x65, 0x70, 0x6c, 0x6f, 0x79, 0x6d, 0x65, 0x6e, 0x74, 0x2f, 0x6d, 
  0x6f, 0x74, 0x69, 0x6f, 0x6e, 0x5f, 0x65, 0x6e, 0x63, 0x6f, 0x64, 0x65, 
  0x72, 0x2f, 0x65, 0x6e, 0x63, 0x5f, 0x73, 0x65, 0x71, 0x5f, 0x64, 0x77, 
  0x5f, 0x63, 0x6f, 0x6e, 0x76, 0x32, 0x2f, 0x42, 0x69, 0x61, 0x73, 0x41, 
  0x64, 0x64, 0x2f, 0x52, 0x65, 0x61, 0x64, 0x56, 0x61, 0x72, 0x69, 0x61, 
  0x62, 0x6c, 0x65, 0x4f, 0x70, 0x00, 0x00, 0x00, 0x01, 0x00, 0x00, 0x00, 
  0x04, 0x00, 0x00, 0x00, 0x92, 0xd4, 0xff, 0xff, 0x00, 0x00, 0x00, 0x01, 
  0x14, 0x00, 0x00, 0x00, 0x84, 0x00, 0x00, 0x00, 0x53, 0x00, 0x00, 0x00, 
  0x00, 0x00, 0x00, 0x09, 0xbc, 0x00, 0x00, 0x00, 0x74, 0xd3, 0xff, 0xff, 
  0x08, 0x00, 0x00, 0x00, 0x48, 0x00, 0x00, 0x00, 0x08, 0x00, 0x00, 0x00, 
  0x00, 0x00, 0x00, 0x00, 0x00, 0x00, 0x00, 0x00, 0x00, 0x00, 0x00, 0x00, 
  0x00, 0x00, 0x00, 0x00, 0x00, 0x00, 0x00, 0x00, 0x00, 0x00, 0x00, 0x00, 
  0x00, 0x00, 0x00, 0x00, 0x00, 0x00, 0x00, 0x00, 0x00, 0x00, 0x00, 0x00, 
  0x00, 0x00, 0x00, 0x00, 0x00, 0x00, 0x00, 0x00, 0x00, 0x00, 0x00, 0x00, 
  0x00, 0x00, 0x00, 0x00, 0x00, 0x00, 0x00, 0x00, 0x00, 0x00, 0x00, 0x00, 
  0x00, 0x00, 0x00, 0x00, 0x08, 0x00, 0x00, 0x00, 0x4a, 0x46, 0x87, 0x31, 
  0xe2, 0x3e, 0x72, 0x34, 0x79, 0x34, 0xd7, 0x3a, 0x26, 0xbe, 0x37, 0x3b, 
  0xb8, 0x99, 0x65, 0x3a, 0x10, 0x13, 0x67, 0x3b, 0x90, 0xb9, 0x0c, 0x3b, 
  0xc6, 0x2a, 0x60, 0x3b, 0x3d, 0x00, 0x00, 0x00, 0x73, 0x61, 0x66, 0x65, 
  0x62, 0x61, 0x6e, 0x64, 0x5f, 0x76, 0x32, 0x5f, 0x64, 0x65, 0x70, 0x6c, 
  0x6f, 0x79, 0x6d, 0x65, 0x6e, 0x74, 0x2f, 0x6d, 0x6f, 0x74, 0x69, 0x6f, 
  0x6e, 0x5f, 0x65, 0x6e, 0x63, 0x6f, 0x64, 0x65, 0x72, 0x2f, 0x65, 0x6e, 
  0x63, 0x5f, 0x73, 0x65, 0x71, 0x5f, 0x70, 0x77, 0x5f, 0x63, 0x6f, 0x6e, 
  0x76, 0x32, 0x2f, 0x43, 0x6f, 0x6e, 0x76, 0x31, 0x44, 0x00, 0x00, 0x00, 
  0x04, 0x00, 0x00, 0x00, 0x08, 0x00, 0x00, 0x00, 0x01, 0x00, 0x00, 0x00, 
  0x01, 0x00, 0x00, 0x00, 0x04, 0x00, 0x00, 0x00, 0x7a, 0xd5, 0xff, 0xff, 
  0x00, 0x00, 0x00, 0x01, 0x14, 0x00, 0x00, 0x00, 0x88, 0x00, 0x00, 0x00, 
  0x52, 0x00, 0x00, 0x00, 0x00, 0x00, 0x00, 0x02, 0xd0, 0x00, 0x00, 0x00, 
  0x5c, 0xd4, 0xff, 0xff, 0x08, 0x00, 0x00, 0x00, 0x4c, 0x00, 0x00, 0x00, 
  0x08, 0x00, 0x00, 0x00, 0x00, 0x00, 0x00, 0x00, 0x00, 0x00, 0x00, 0x00, 
  0x00, 0x00, 0x00, 0x00, 0x00, 0x00, 0x00, 0x00, 0x00, 0x00, 0x00, 0x00, 
  0x00, 0x00, 0x00, 0x00, 0x00, 0x00, 0x00, 0x00, 0x00, 0x00, 0x00, 0x00, 
  0x00, 0x00, 0x00, 0x00, 0x00, 0x00, 0x00, 0x00, 0x00, 0x00, 0x00, 0x00, 
  0x00, 0x00, 0x00, 0x00, 0x00, 0x00, 0x00, 0x00, 0x00, 0x00, 0x00, 0x00, 
  0x00, 0x00, 0x00, 0x00, 0x00, 0x00, 0x00, 0x00, 0x00, 0x00, 0x00, 0x00, 
  0x08, 0x00, 0x00, 0x00, 0xed, 0x6a, 0x86, 0x2d, 0x0d, 0xb6, 0x70, 0x30, 
  0x7e, 0xd7, 0xd5, 0x36, 0x30, 0x94, 0x36, 0x37, 0x64, 0x25, 0x64, 0x36, 
  0x59, 0x9c, 0x65, 0x37, 0x5c, 0xd5, 0x0b, 0x37, 0x42, 0xbf, 0x5e, 0x37, 
  0x4d, 0x00, 0x00, 0x00, 0x73, 0x61, 0x66, 0x65, 0x62, 0x61, 0x6e, 0x64, 
  0x5f, 0x76, 0x32, 0x5f, 0x64, 0x65, 0x70, 0x6c, 0x6f, 0x79, 0x6d, 0x65, 
  0x6e, 0x74, 0x2f, 0x6d, 0x6f, 0x74, 0x69, 0x6f, 0x6e, 0x5f, 0x65, 0x6e, 
  0x63, 0x6f, 0x64, 0x65, 0x72, 0x2f, 0x65, 0x6e, 0x63, 0x5f, 0x73, 0x65, 
  0x71, 0x5f, 0x70, 0x77, 0x5f, 0x63, 0x6f, 0x6e, 0x76, 0x32, 0x2f, 0x42, 
  0x69, 0x61, 0x73, 0x41, 0x64, 0x64, 0x2f, 0x52, 0x65, 0x61, 0x64, 0x56, 
  0x61, 0x72, 0x69, 0x61, 0x62, 0x6c, 0x65, 0x4f, 0x70, 0x00, 0x00, 0x00, 
  0x01, 0x00, 0x00, 0x00, 0x08, 0x00, 0x00, 0x00, 0x6a, 0xd6, 0xff, 0xff, 
  0x00, 0x00, 0x00, 0x01, 0x14, 0x00, 0x00, 0x00, 0x30, 0x00, 0x00, 0x00, 
  0x4f, 0x00, 0x00, 0x00, 0x00, 0x00, 0x00, 0x09, 0x64, 0x00, 0x00, 0x00, 
  0x4c, 0xd5, 0xff, 0xff, 0x08, 0x00, 0x00, 0x00, 0x10, 0x00, 0x00, 0x00, 
  0x01, 0x00, 0x00, 0x00, 0x00, 0x00, 0x00, 0x00, 0x00, 0x00, 0x00, 0x00, 
  0x01, 0x00, 0x00, 0x00, 0x7b, 0xbe, 0x06, 0x32, 0x3a, 0x00, 0x00, 0x00, 
  0x73, 0x61, 0x66, 0x65, 0x62, 0x61, 0x6e, 0x64, 0x5f, 0x76, 0x32, 0x5f, 
  0x64, 0x65, 0x70, 0x6c, 0x6f, 0x79, 0x6d, 0x65, 0x6e, 0x74, 0x2f, 0x6d, 
  0x6f, 0x74, 0x69, 0x6f, 0x6e, 0x5f, 0x64, 0x65, 0x63, 0x6f, 0x64, 0x65, 
  0x72, 0x2f, 0x64, 0x65, 0x63, 0x5f, 0x67, 0x72, 0x75, 0x2f, 0x7a, 0x65, 
  0x72, 0x6f, 0x73, 0x2f, 0x43, 0x6f, 0x6e, 0x73, 0x74, 0x32, 0x00, 0x00, 
  0x00, 0x00, 0x00, 0x00, 0xea, 0xd6, 0xff, 0xff, 0x00, 0x00, 0x00, 0x01, 
  0x14, 0x00, 0x00, 0x00, 0x30, 0x00, 0x00, 0x00, 0x4f, 0x00, 0x00, 0x00, 
  0x00, 0x00, 0x00, 0x09, 0x64, 0x00, 0x00, 0x00, 0xcc, 0xd5, 0xff, 0xff, 
  0x08, 0x00, 0x00, 0x00, 0x10, 0x00, 0x00, 0x00, 0x01, 0x00, 0x00, 0x00, 
  0x00, 0x00, 0x00, 0x00, 0x00, 0x00, 0x00, 0x00, 0x01, 0x00, 0x00, 0x00, 
  0x7b, 0xbe, 0x06, 0x32, 0x3a, 0x00, 0x00, 0x00, 0x73, 0x61, 0x66, 0x65, 
  0x62, 0x61, 0x6e, 0x64, 0x5f, 0x76, 0x32, 0x5f, 0x64, 0x65, 0x70, 0x6c, 
  0x6f, 0x79, 0x6d, 0x65, 0x6e, 0x74, 0x2f, 0x6d, 0x6f, 0x74, 0x69, 0x6f, 
  0x6e, 0x5f, 0x64, 0x65, 0x63, 0x6f, 0x64, 0x65, 0x72, 0x2f, 0x64, 0x65, 
  0x63, 0x5f, 0x67, 0x72, 0x75, 0x2f, 0x7a, 0x65, 0x72, 0x6f, 0x73, 0x2f, 
  0x43, 0x6f, 0x6e, 0x73, 0x74, 0x31, 0x00, 0x00, 0x00, 0x00, 0x00, 0x00, 
  0x6a, 0xd7, 0xff, 0xff, 0x00, 0x00, 0x00, 0x01, 0x14, 0x00, 0x00, 0x00, 
  0x30, 0x00, 0x00, 0x00, 0x4f, 0x00, 0x00, 0x00, 0x00, 0x00, 0x00, 0x09, 
  0x64, 0x00, 0x00, 0x00, 0x4c, 0xd6, 0xff, 0xff, 0x08, 0x00, 0x00, 0x00, 
  0x10, 0x00, 0x00, 0x00, 0x01, 0x00, 0x00, 0x00, 0x00, 0x00, 0x00, 0x00, 
  0x00, 0x00, 0x00, 0x00, 0x01, 0x00, 0x00, 0x00, 0x7b, 0xbe, 0x06, 0x32, 
  0x39, 0x00, 0x00, 0x00, 0x73, 0x61, 0x66, 0x65, 0x62, 0x61, 0x6e, 0x64, 
  0x5f, 0x76, 0x32, 0x5f, 0x64, 0x65, 0x70, 0x6c, 0x6f, 0x79, 0x6d, 0x65, 
  0x6e, 0x74, 0x2f, 0x6d, 0x6f, 0x74, 0x69, 0x6f, 0x6e, 0x5f, 0x64, 0x65, 
  0x63, 0x6f, 0x64, 0x65, 0x72, 0x2f, 0x64, 0x65, 0x63, 0x5f, 0x67, 0x72, 
  0x75, 0x2f, 0x7a, 0x65, 0x72, 0x6f, 0x73, 0x2f, 0x43, 0x6f, 0x6e, 0x73, 
  0x74, 0x00, 0x00, 0x00, 0x00, 0x00, 0x00, 0x00, 0xea, 0xd7, 0xff, 0xff, 
  0x00, 0x00, 0x00, 0x01, 0x14, 0x00, 0x00, 0x00, 0x34, 0x00, 0x00, 0x00, 
  0x4e, 0x00, 0x00, 0x00, 0x00, 0x00, 0x00, 0x09, 0x74, 0x00, 0x00, 0x00, 
  0xcc, 0xd6, 0xff, 0xff, 0x08, 0x00, 0x00, 0x00, 0x14, 0x00, 0x00, 0x00, 
  0x01, 0x00, 0x00, 0x00, 0x00, 0x00, 0x00, 0x00, 0x00, 0x00, 0x00, 0x00, 
  0x00, 0x00, 0x00, 0x00, 0x01, 0x00, 0x00, 0x00, 0x31, 0x80, 0x38, 0x3d, 
  0x45, 0x00, 0x00, 0x00, 0x73, 0x61, 0x66, 0x65, 0x62, 0x61, 0x6e, 0x64, 
  0x5f, 0x76, 0x32, 0x5f, 0x64, 0x65, 0x70, 0x6c, 0x6f, 0x79, 0x6d, 0x65, 
  0x6e, 0x74, 0x2f, 0x6d, 0x6f, 0x74, 0x69, 0x6f, 0x6e, 0x5f, 0x65, 0x6e, 
  0x63, 0x6f, 0x64, 0x65, 0x72, 0x2f, 0x65, 0x6e, 0x63, 0x5f, 0x73, 0x65, 
  0x71, 0x5f, 0x67, 0x72, 0x75, 0x31, 0x2f, 0x67, 0x72, 0x75, 0x5f, 0x63, 
  0x65, 0x6c, 0x6c, 0x2f, 0x4d, 0x61, 0x74, 0x4d, 0x75, 0x6c, 0x5f, 0x39, 
  0x31, 0x00, 0x00, 0x00, 0x02, 0x00, 0x00, 0x00, 0x18, 0x00, 0x00, 0x00, 
  0x08, 0x00, 0x00, 0x00, 0x82, 0xd8, 0xff, 0xff, 0x00, 0x00, 0x00, 0x01, 
  0x14, 0x00, 0x00, 0x00, 0x34, 0x00, 0x00, 0x00, 0x4d, 0x00, 0x00, 0x00, 
  0x00, 0x00, 0x00, 0x09, 0x74, 0x00, 0x00, 0x00, 0x64, 0xd7, 0xff, 0xff, 
  0x08, 0x00, 0x00, 0x00, 0x14, 0x00, 0x00, 0x00, 0x01, 0x00, 0x00, 0x00, 
  0x00, 0x00, 0x00, 0x00, 0x00, 0x00, 0x00, 0x00, 0x00, 0x00, 0x00, 0x00, 
  0x01, 0x00, 0x00, 0x00, 0x46, 0x1a, 0x02, 0x3c, 0x44, 0x00, 0x00, 0x00, 
  0x73, 0x61, 0x66, 0x65, 0x62, 0x61, 0x6e, 0x64, 0x5f, 0x76, 0x32, 0x5f, 
  0x64, 0x65, 0x70, 0x6c, 0x6f, 0x79, 0x6d, 0x65, 0x6e, 0x74, 0x2f, 0x6d, 
  0x6f, 0x74, 0x69, 0x6f, 0x6e, 0x5f, 0x65, 0x6e, 0x63, 0x6f, 0x64, 0x65, 
  0x72, 0x2f, 0x65, 0x6e, 0x63, 0x5f, 0x73, 0x65, 0x71, 0x5f, 0x67, 0x72, 
  0x75, 0x31, 0x2f, 0x67, 0x72, 0x75, 0x5f, 0x63, 0x65, 0x6c, 0x6c, 0x2f, 
  0x4d, 0x61, 0x74, 0x4d, 0x75, 0x6c, 0x5f, 0x39, 0x00, 0x00, 0x00, 0x00, 
  0x02, 0x00, 0x00, 0x00, 0x18, 0x00, 0x00, 0x00, 0x08, 0x00, 0x00, 0x00, 
  0x1a, 0xd9, 0xff, 0xff, 0x00, 0x00, 0x00, 0x01, 0x14, 0x00, 0x00, 0x00, 
  0x30, 0x00, 0x00, 0x00, 0x49, 0x00, 0x00, 0x00, 0x00, 0x00, 0x00, 0x02, 
  0x70, 0x00, 0x00, 0x00, 0xfc, 0xd7, 0xff, 0xff, 0x08, 0x00, 0x00, 0x00, 
  0x10, 0x00, 0x00, 0x00, 0x01, 0x00, 0x00, 0x00, 0x00, 0x00, 0x00, 0x00, 
  0x00, 0x00, 0x00, 0x00, 0x01, 0x00, 0x00, 0x00, 0xa0, 0xc7, 0x16, 0x37, 
  0x44, 0x00, 0x00, 0x00, 0x73, 0x61, 0x66, 0x65, 0x62, 0x61, 0x6e, 0x64, 
  0x5f, 0x76, 0x32, 0x5f, 0x64, 0x65, 0x70, 0x6c, 0x6f, 0x79, 0x6d, 0x65, 
  0x6e, 0x74, 0x2f, 0x6d, 0x6f, 0x74, 0x69, 0x6f, 0x6e, 0x5f, 0x65, 0x6e, 
  0x63, 0x6f, 0x64, 0x65, 0x72, 0x2f, 0x65, 0x6e, 0x63, 0x5f, 0x73, 0x65, 
  0x71, 0x5f, 0x67, 0x72, 0x75, 0x31, 0x2f, 0x67, 0x72, 0x75, 0x5f, 0x63, 
  0x65, 0x6c, 0x6c, 0x2f, 0x75, 0x6e, 0x73, 0x74, 0x61, 0x63, 0x6b, 0x35, 
  0x00, 0x00, 0x00, 0x00, 0x01, 0x00, 0x00, 0x00, 0x18, 0x00, 0x00, 0x00, 
  0xaa, 0xd9, 0xff, 0xff, 0x00, 0x00, 0x00, 0x01, 0x14, 0x00, 0x00, 0x00, 
  0x30, 0x00, 0x00, 0x00, 0x49, 0x00, 0x00, 0x00, 0x00, 0x00, 0x00, 0x02, 
  0x70, 0x00, 0x00, 0x00, 0x8c, 0xd8, 0xff, 0xff, 0x08, 0x00, 0x00, 0x00, 
  0x10, 0x00, 0x00, 0x00, 0x01, 0x00, 0x00, 0x00, 0x00, 0x00, 0x00, 0x00, 
  0x00, 0x00, 0x00, 0x00, 0x01, 0x00, 0x00, 0x00, 0xa0, 0xc7, 0x16, 0x37, 
  0x44, 0x00, 0x00, 0x00, 0x73, 0x61, 0x66, 0x65, 0x62, 0x61, 0x6e, 0x64, 
  0x5f, 0x76, 0x32, 0x5f, 0x64, 0x65, 0x70, 0x6c, 0x6f, 0x79, 0x6d, 0x65, 
  0x6e, 0x74, 0x2f, 0x6d, 0x6f, 0x74, 0x69, 0x6f, 0x6e, 0x5f, 0x65, 0x6e, 
  0x63, 0x6f, 0x64, 0x65, 0x72, 0x2f, 0x65, 0x6e, 0x63, 0x5f, 0x73, 0x65, 
  0x71, 0x5f, 0x67, 0x72, 0x75, 0x31, 0x2f, 0x67, 0x72, 0x75, 0x5f, 0x63, 
  0x65, 0x6c, 0x6c, 0x2f, 0x75, 0x6e, 0x73, 0x74, 0x61, 0x63, 0x6b, 0x34, 
  0x00, 0x00, 0x00, 0x00, 0x01, 0x00, 0x00, 0x00, 0x18, 0x00, 0x00, 0x00, 
  0x3a, 0xda, 0xff, 0xff, 0x00, 0x00, 0x00, 0x01, 0x14, 0x00, 0x00, 0x00, 
  0x30, 0x00, 0x00, 0x00, 0x49, 0x00, 0x00, 0x00, 0x00, 0x00, 0x00, 0x02, 
  0x70, 0x00, 0x00, 0x00, 0x1c, 0xd9, 0xff, 0xff, 0x08, 0x00, 0x00, 0x00, 
  0x10, 0x00, 0x00, 0x00, 0x01, 0x00, 0x00, 0x00, 0x00, 0x00, 0x00, 0x00, 
  0x00, 0x00, 0x00, 0x00, 0x01, 0x00, 0x00, 0x00, 0xa0, 0xc7, 0x16, 0x37, 
  0x44, 0x00, 0x00, 0x00, 0x73, 0x61, 0x66, 0x65, 0x62, 0x61, 0x6e, 0x64, 
  0x5f, 0x76, 0x32, 0x5f, 0x64, 0x65, 0x70, 0x6c, 0x6f, 0x79, 0x6d, 0x65, 
  0x6e, 0x74, 0x2f, 0x6d, 0x6f, 0x74, 0x69, 0x6f, 0x6e, 0x5f, 0x65, 0x6e, 
  0x63, 0x6f, 0x64, 0x65, 0x72, 0x2f, 0x65, 0x6e, 0x63, 0x5f, 0x73, 0x65, 
  0x71, 0x5f, 0x67, 0x72, 0x75, 0x31, 0x2f, 0x67, 0x72, 0x75, 0x5f, 0x63, 
  0x65, 0x6c, 0x6c, 0x2f, 0x75, 0x6e, 0x73, 0x74, 0x61, 0x63, 0x6b, 0x33, 
  0x00, 0x00, 0x00, 0x00, 0x01, 0x00, 0x00, 0x00, 0x18, 0x00, 0x00, 0x00, 
  0xca, 0xda, 0xff, 0xff, 0x00, 0x00, 0x00, 0x01, 0x14, 0x00, 0x00, 0x00, 
  0x30, 0x00, 0x00, 0x00, 0x49, 0x00, 0x00, 0x00, 0x00, 0x00, 0x00, 0x02, 
  0x70, 0x00, 0x00, 0x00, 0xac, 0xd9, 0xff, 0xff, 0x08, 0x00, 0x00, 0x00, 
  0x10, 0x00, 0x00, 0x00, 0x01, 0x00, 0x00, 0x00, 0x00, 0x00, 0x00, 0x00, 
  0x00, 0x00, 0x00, 0x00, 0x01, 0x00, 0x00, 0x00, 0xa0, 0xc7, 0x16, 0x37, 
  0x44, 0x00, 0x00, 0x00, 0x73, 0x61, 0x66, 0x65, 0x62, 0x61, 0x6e, 0x64, 
  0x5f, 0x76, 0x32, 0x5f, 0x64, 0x65, 0x70, 0x6c, 0x6f, 0x79, 0x6d, 0x65, 
  0x6e, 0x74, 0x2f, 0x6d, 0x6f, 0x74, 0x69, 0x6f, 0x6e, 0x5f, 0x65, 0x6e, 
  0x63, 0x6f, 0x64, 0x65, 0x72, 0x2f, 0x65, 0x6e, 0x63, 0x5f, 0x73, 0x65, 
  0x71, 0x5f, 0x67, 0x72, 0x75, 0x31, 0x2f, 0x67, 0x72, 0x75, 0x5f, 0x63, 
  0x65, 0x6c, 0x6c, 0x2f, 0x75, 0x6e, 0x73, 0x74, 0x61, 0x63, 0x6b, 0x32, 
  0x00, 0x00, 0x00, 0x00, 0x01, 0x00, 0x00, 0x00, 0x18, 0x00, 0x00, 0x00, 
  0x5a, 0xdb, 0xff, 0xff, 0x00, 0x00, 0x00, 0x01, 0x14, 0x00, 0x00, 0x00, 
  0x34, 0x00, 0x00, 0x00, 0x48, 0x00, 0x00, 0x00, 0x00, 0x00, 0x00, 0x02, 
  0x70, 0x00, 0x00, 0x00, 0x3c, 0xda, 0xff, 0xff, 0x08, 0x00, 0x00, 0x00, 
  0x14, 0x00, 0x00, 0x00, 0x01, 0x00, 0x00, 0x00, 0x00, 0x00, 0x00, 0x00, 
  0x00, 0x00, 0x00, 0x00, 0x00, 0x00, 0x00, 0x00, 0x01, 0x00, 0x00, 0x00, 
  0xc3, 0x38, 0xc2, 0x2f, 0x43, 0x00, 0x00, 0x00, 0x73, 0x61, 0x66, 0x65, 
  0x62, 0x61, 0x6e, 0x64, 0x5f, 0x76, 0x32, 0x5f, 0x64, 0x65, 0x70, 0x6c, 
  0x6f, 0x79, 0x6d, 0x65, 0x6e, 0x74, 0x2f, 0x6d, 0x6f, 0x74, 0x69, 0x6f, 
  0x6e, 0x5f, 0x65, 0x6e, 0x63, 0x6f, 0x64, 0x65, 0x72, 0x2f, 0x65, 0x6e, 
  0x63, 0x5f, 0x73, 0x65, 0x71, 0x5f, 0x67, 0x72, 0x75, 0x31, 0x2f, 0x67, 
  0x72, 0x75, 0x5f, 0x63, 0x65, 0x6c, 0x6c, 0x2f, 0x75, 0x6e, 0x73, 0x74, 
  0x61, 0x63, 0x6b, 0x00, 0x01, 0x00, 0x00, 0x00, 0x18, 0x00, 0x00, 0x00, 
  0xea, 0xdb, 0xff, 0xff, 0x00, 0x00, 0x00, 0x01, 0x14, 0x00, 0x00, 0x00, 
  0x34, 0x00, 0x00, 0x00, 0x47, 0x00, 0x00, 0x00, 0x00, 0x00, 0x00, 0x09, 
  0x74, 0x00, 0x00, 0x00, 0xcc, 0xda, 0xff, 0xff, 0x08, 0x00, 0x00, 0x00, 
  0x14, 0x00, 0x00, 0x00, 0x01, 0x00, 0x00, 0x00, 0x00, 0x00, 0x00, 0x00, 
  0x00, 0x00, 0x00, 0x00, 0x00, 0x00, 0x00, 0x00, 0x01, 0x00, 0x00, 0x00, 
  0x92, 0x40, 0x23, 0x3c, 0x44, 0x00, 0x00, 0x00, 0x73, 0x61, 0x66, 0x65, 
  0x62, 0x61, 0x6e, 0x64, 0x5f, 0x76, 0x32, 0x5f, 0x64, 0x65, 0x70, 0x6c, 
  0x6f, 0x79, 0x6d, 0x65, 0x6e, 0x74, 0x2f, 0x6d, 0x6f, 0x74, 0x69, 0x6f, 
  0x6e, 0x5f, 0x65, 0x6e, 0x63, 0x6f, 0x64, 0x65, 0x72, 0x2f, 0x65, 0x6e, 
  0x63, 0x5f, 0x73, 0x65, 0x71, 0x5f, 0x67, 0x72, 0x75, 0x31, 0x2f, 0x67, 
  0x72, 0x75, 0x5f, 0x63, 0x65, 0x6c, 0x6c, 0x2f, 0x4d, 0x61, 0x74, 0x4d, 
  0x75, 0x6c, 0x5f, 0x38, 0x00, 0x00, 0x00, 0x00, 0x02, 0x00, 0x00, 0x00, 
  0x18, 0x00, 0x00, 0x00, 0x08, 0x00, 0x00, 0x00, 0x82, 0xdc, 0xff, 0xff, 
  0x00, 0x00, 0x00, 0x01, 0x14, 0x00, 0x00, 0x00, 0x30, 0x00, 0x00, 0x00, 
  0x42, 0x00, 0x00, 0x00, 0x00, 0x00, 0x00, 0x02, 0x70, 0x00, 0x00, 0x00, 
  0x64, 0xdb, 0xff, 0xff, 0x08, 0x00, 0x00, 0x00, 0x10, 0x00, 0x00, 0x00, 
  0x01, 0x00, 0x00, 0x00, 0x00, 0x00, 0x00, 0x00, 0x00, 0x00, 0x00, 0x00, 
  0x01, 0x00, 0x00, 0x00, 0x3f, 0x48, 0x47, 0x37, 0x45, 0x00, 0x00, 0x00, 
  0x73, 0x61, 0x66, 0x65, 0x62, 0x61, 0x6e, 0x64, 0x5f, 0x76, 0x32, 0x5f, 
  0x64, 0x65, 0x70, 0x6c, 0x6f, 0x79, 0x6d, 0x65, 0x6e, 0x74, 0x2f, 0x6d, 
  0x6f, 0x74, 0x69, 0x6f, 0x6e, 0x5f, 0x65, 0x6e, 0x63, 0x6f, 0x64, 0x65, 
  0x72, 0x2f, 0x65, 0x6e, 0x63, 0x5f, 0x73, 0x65, 0x71, 0x5f, 0x67, 0x72, 
  0x75, 0x31, 0x2f, 0x67, 0x72, 0x75, 0x5f, 0x63, 0x65, 0x6c, 0x6c, 0x2f, 
  0x75, 0x6e, 0x73, 0x74, 0x61, 0x63, 0x6b, 0x31, 0x34, 0x00, 0x00, 0x00, 
  0x01, 0x00, 0x00, 0x00, 0x18, 0x00, 0x00, 0x00, 0x12, 0xdd, 0xff, 0xff, 
  0x00, 0x00, 0x00, 0x01, 0x14, 0x00, 0x00, 0x00, 0x30, 0x00, 0x00, 0x00, 
  0x42, 0x00, 0x00, 0x00, 0x00, 0x00, 0x00, 0x02, 0x70, 0x00, 0x00, 0x00, 
  0xf4, 0xdb, 0xff, 0xff, 0x08, 0x00, 0x00, 0x00, 0x10, 0x00, 0x00, 0x00, 
  0x01, 0x00, 0x00, 0x00, 0x00, 0x00, 0x00, 0x00, 0x00, 0x00, 0x00, 0x00, 
  0x01, 0x00, 0x00, 0x00, 0x3f, 0x48, 0x47, 0x37, 0x45, 0x00, 0x00, 0x00, 
  0x73, 0x61, 0x66, 0x65, 0x62, 0x61, 0x6e, 0x64, 0x5f, 0x76, 0x32, 0x5f, 
  0x64, 0x65, 0x70, 0x6c, 0x6f, 0x79, 0x6d, 0x65, 0x6e, 0x74, 0x2f, 0x6d, 
  0x6f, 0x74, 0x69, 0x6f, 0x6e, 0x5f, 0x65, 0x6e, 0x63, 0x6f, 0x64, 0x65, 
  0x72, 0x2f, 0x65, 0x6e, 0x63, 0x5f, 0x73, 0x65, 0x71, 0x5f, 0x67, 0x72, 
  0x75, 0x31, 0x2f, 0x67, 0x72, 0x75, 0x5f, 0x63, 0x65, 0x6c, 0x6c, 0x2f, 
  0x75, 0x6e, 0x73, 0x74, 0x61, 0x63, 0x6b, 0x31, 0x33, 0x00, 0x00, 0x00, 
  0x01, 0x00, 0x00, 0x00, 0x18, 0x00, 0x00, 0x00, 0xa2, 0xdd, 0xff, 0xff, 
  0x00, 0x00, 0x00, 0x01, 0x14, 0x00, 0x00, 0x00, 0x30, 0x00, 0x00, 0x00, 
  0x42, 0x00, 0x00, 0x00, 0x00, 0x00, 0x00, 0x02, 0x70, 0x00, 0x00, 0x00, 
  0x84, 0xdc, 0xff, 0xff, 0x08, 0x00, 0x00, 0x00, 0x10, 0x00, 0x00, 0x00, 
  0x01, 0x00, 0x00, 0x00, 0x00, 0x00, 0x00, 0x00, 0x00, 0x00, 0x00, 0x00, 
  0x01, 0x00, 0x00, 0x00, 0x3f, 0x48, 0x47, 0x37, 0x45, 0x00, 0x00, 0x00, 
  0x73, 0x61, 0x66, 0x65, 0x62, 0x61, 0x6e, 0x64, 0x5f, 0x76, 0x32, 0x5f, 
  0x64, 0x65, 0x70, 0x6c, 0x6f, 0x79, 0x6d, 0x65, 0x6e, 0x74, 0x2f, 0x6d, 
  0x6f, 0x74, 0x69, 0x6f, 0x6e, 0x5f, 0x65, 0x6e, 0x63, 0x6f, 0x64, 0x65, 
  0x72, 0x2f, 0x65, 0x6e, 0x63, 0x5f, 0x73, 0x65, 0x71, 0x5f, 0x67, 0x72, 
  0x75, 0x31, 0x2f, 0x67, 0x72, 0x75, 0x5f, 0x63, 0x65, 0x6c, 0x6c, 0x2f, 
  0x75, 0x6e, 0x73, 0x74, 0x61, 0x63, 0x6b, 0x31, 0x32, 0x00, 0x00, 0x00, 
  0x01, 0x00, 0x00, 0x00, 0x18, 0x00, 0x00, 0x00, 0x32, 0xde, 0xff, 0xff, 
  0x00, 0x00, 0x00, 0x01, 0x14, 0x00, 0x00, 0x00, 0x30, 0x00, 0x00, 0x00, 
  0x42, 0x00, 0x00, 0x00, 0x00, 0x00, 0x00, 0x02, 0x70, 0x00, 0x00, 0x00, 
  0x14, 0xdd, 0xff, 0xff, 0x08, 0x00, 0x00, 0x00, 0x10, 0x00, 0x00, 0x00, 
  0x01, 0x00, 0x00, 0x00, 0x00, 0x00, 0x00, 0x00, 0x00, 0x00, 0x00, 0x00, 
  0x01, 0x00, 0x00, 0x00, 0x3f, 0x48, 0x47, 0x37, 0x45, 0x00, 0x00, 0x00, 
  0x73, 0x61, 0x66, 0x65, 0x62, 0x61, 0x6e, 0x64, 0x5f, 0x76, 0x32, 0x5f, 
  0x64, 0x65, 0x70, 0x6c, 0x6f, 0x79, 0x6d, 0x65, 0x6e, 0x74, 0x2f, 0x6d, 
  0x6f, 0x74, 0x69, 0x6f, 0x6e, 0x5f, 0x65, 0x6e, 0x63, 0x6f, 0x64, 0x65, 
  0x72, 0x2f, 0x65, 0x6e, 0x63, 0x5f, 0x73, 0x65, 0x71, 0x5f, 0x67, 0x72, 
  0x75, 0x31, 0x2f, 0x67, 0x72, 0x75, 0x5f, 0x63, 0x65, 0x6c, 0x6c, 0x2f, 
  0x75, 0x6e, 0x73, 0x74, 0x61, 0x63, 0x6b, 0x31, 0x31, 0x00, 0x00, 0x00, 
  0x01, 0x00, 0x00, 0x00, 0x18, 0x00, 0x00, 0x00, 0xc2, 0xde, 0xff, 0xff, 
  0x00, 0x00, 0x00, 0x01, 0x14, 0x00, 0x00, 0x00, 0x30, 0x00, 0x00, 0x00, 
  0x42, 0x00, 0x00, 0x00, 0x00, 0x00, 0x00, 0x02, 0x70, 0x00, 0x00, 0x00, 
  0xa4, 0xdd, 0xff, 0xff, 0x08, 0x00, 0x00, 0x00, 0x10, 0x00, 0x00, 0x00, 
  0x01, 0x00, 0x00, 0x00, 0x00, 0x00, 0x00, 0x00, 0x00, 0x00, 0x00, 0x00, 
  0x01, 0x00, 0x00, 0x00, 0x3f, 0x48, 0x47, 0x37, 0x44, 0x00, 0x00, 0x00, 
  0x73, 0x61, 0x66, 0x65, 0x62, 0x61, 0x6e, 0x64, 0x5f, 0x76, 0x32, 0x5f, 
  0x64, 0x65, 0x70, 0x6c, 0x6f, 0x79, 0x6d, 0x65, 0x6e, 0x74, 0x2f, 0x6d, 
  0x6f, 0x74, 0x69, 0x6f, 0x6e, 0x5f, 0x65, 0x6e, 0x63, 0x6f, 0x64, 0x65, 
  0x72, 0x2f, 0x65, 0x6e, 0x63, 0x5f, 0x73, 0x65, 0x71, 0x5f, 0x67, 0x72, 
  0x75, 0x31, 0x2f, 0x67, 0x72, 0x75, 0x5f, 0x63, 0x65, 0x6c, 0x6c, 0x2f, 
  0x75, 0x6e, 0x73, 0x74, 0x61, 0x63, 0x6b, 0x31, 0x00, 0x00, 0x00, 0x00, 
  0x01, 0x00, 0x00, 0x00, 0x18, 0x00, 0x00, 0x00, 0x52, 0xdf, 0xff, 0xff, 
  0x00, 0x00, 0x00, 0x01, 0x14, 0x00, 0x00, 0x00, 0x34, 0x00, 0x00, 0x00, 
  0x41, 0x00, 0x00, 0x00, 0x00, 0x00, 0x00, 0x09, 0x6c, 0x00, 0x00, 0x00, 
  0x34, 0xde, 0xff, 0xff, 0x08, 0x00, 0x00, 0x00, 0x14, 0x00, 0x00, 0x00, 
  0x01, 0x00, 0x00, 0x00, 0x80, 0xff, 0xff, 0xff, 0xff, 0xff, 0xff, 0xff, 
  0x00, 0x00, 0x00, 0x00, 0x01, 0x00, 0x00, 0x00, 0x81, 0x80, 0x80, 0x3b, 
  0x3e, 0x00, 0x00, 0x00, 0x73, 0x61, 0x66, 0x65, 0x62, 0x61, 0x6e, 0x64, 
  0x5f, 0x76, 0x32, 0x5f, 0x64, 0x65, 0x70, 0x6c, 0x6f, 0x79, 0x6d, 0x65, 
  0x6e, 0x74, 0x2f, 0x6d, 0x6f, 0x74, 0x69, 0x6f, 0x6e, 0x5f, 0x64, 0x65, 
  0x63, 0x6f, 0x64, 0x65, 0x72, 0x2f, 0x64, 0x65, 0x63, 0x5f, 0x67, 0x72, 
  0x75, 0x2f, 0x67, 0x72, 0x75, 0x5f, 0x63, 0x65, 0x6c, 0x6c, 0x5f, 0x32, 
  0x2f, 0x73, 0x75, 0x62, 0x2f, 0x78, 0x00, 0x00, 0x00, 0x00, 0x00, 0x00, 
  0xda, 0xdf, 0xff, 0xff, 0x00, 0x00, 0x00, 0x01, 0x14, 0x00, 0x00, 0x00, 
  0x34, 0x00, 0x00, 0x00, 0x40, 0x00, 0x00, 0x00, 0x00, 0x00, 0x00, 0x09, 
  0x74, 0x00, 0x00, 0x00, 0xbc, 0xde, 0xff, 0xff, 0x08, 0x00, 0x00, 0x00, 
  0x14, 0x00, 0x00, 0x00, 0x01, 0x00, 0x00, 0x00, 0x00, 0x00, 0x00, 0x00, 
  0x00, 0x00, 0x00, 0x00, 0x00, 0x00, 0x00, 0x00, 0x01, 0x00, 0x00, 0x00, 
  0x7c, 0x9f, 0x05, 0x3d, 0x47, 0x00, 0x00, 0x00, 0x73, 0x61, 0x66, 0x65, 
  0x62, 0x61, 0x6e, 0x64, 0x5f, 0x76, 0x32, 0x5f, 0x64, 0x65, 0x70, 0x6c, 
  0x6f, 0x79, 0x6d, 0x65, 0x6e, 0x74, 0x2f, 0x6d, 0x6f, 0x74, 0x69, 0x6f, 
  0x6e, 0x5f, 0x65, 0x6e, 0x63, 0x6f, 0x64, 0x65, 0x72, 0x2f, 0x65, 0x6e, 
  0x63, 0x5f, 0x73, 0x65, 0x71, 0x5f, 0x67, 0x72, 0x75, 0x32, 0x2f, 0x67, 
  0x72, 0x75, 0x5f, 0x63, 0x65, 0x6c, 0x6c, 0x5f, 0x31, 0x2f, 0x4d, 0x61, 
  0x74, 0x4d, 0x75, 0x6c, 0x5f, 0x39, 0x31, 0x00, 0x02, 0x00, 0x00, 0x00, 
  0x0c, 0x00, 0x00, 0x00, 0x04, 0x00, 0x00, 0x00, 0x72, 0xe0, 0xff, 0xff, 
  0x00, 0x00, 0x00, 0x01, 0x14, 0x00, 0x00, 0x00, 0x34, 0x00, 0x00, 0x00, 
  0x3f, 0x00, 0x00, 0x00, 0x00, 0x00, 0x00, 0x09, 0x74, 0x00, 0x00, 0x00, 
  0x54, 0xdf, 0xff, 0xff, 0x08, 0x00, 0x00, 0x00, 0x14, 0x00, 0x00, 0x00, 
  0x01, 0x00, 0x00, 0x00, 0x00, 0x00, 0x00, 0x00, 0x00, 0x00, 0x00, 0x00, 
  0x00, 0x00, 0x00, 0x00, 0x01, 0x00, 0x00, 0x00, 0xee, 0x04, 0xae, 0x3b, 
  0x46, 0x00, 0x00, 0x00, 0x73, 0x61, 0x66, 0x65, 0x62, 0x61, 0x6e, 0x64, 
  0x5f, 0x76, 0x32, 0x5f, 0x64, 0x65, 0x70, 0x6c, 0x6f, 0x79, 0x6d, 0x65, 
  0x6e, 0x74, 0x2f, 0x6d, 0x6f, 0x74, 0x69, 0x6f, 0x6e, 0x5f, 0x65, 0x6e, 
  0x63, 0x6f, 0x64, 0x65, 0x72, 0x2f, 0x65, 0x6e, 0x63, 0x5f, 0x73, 0x65, 
  0x71, 0x5f, 0x67, 0x72, 0x75, 0x32, 0x2f, 0x67, 0x72, 0x75, 0x5f, 0x63, 
  0x65, 0x6c, 0x6c, 0x5f, 0x31, 0x2f, 0x4d, 0x61, 0x74, 0x4d, 0x75, 0x6c, 
  0x5f, 0x39, 0x00, 0x00, 0x02, 0x00, 0x00, 0x00, 0x0c, 0x00, 0x00, 0x00, 
  0x04, 0x00, 0x00, 0x00, 0x0a, 0xe1, 0xff, 0xff, 0x00, 0x00, 0x00, 0x01, 
  0x14, 0x00, 0x00, 0x00, 0x30, 0x00, 0x00, 0x00, 0x3e, 0x00, 0x00, 0x00, 
  0x00, 0x00, 0x00, 0x02, 0x70, 0x00, 0x00, 0x00, 0xec, 0xdf, 0xff, 0xff, 
  0x08, 0x00, 0x00, 0x00, 0x10, 0x00, 0x00, 0x00, 0x01, 0x00, 0x00, 0x00, 
  0x00, 0x00, 0x00, 0x00, 0x00, 0x00, 0x00, 0x00, 0x01, 0x00, 0x00, 0x00, 
  0x30, 0xe3, 0xcc, 0x36, 0x46, 0x00, 0x00, 0x00, 0x73, 0x61, 0x66, 0x65, 
  0x62, 0x61, 0x6e, 0x64, 0x5f, 0x76, 0x32, 0x5f, 0x64, 0x65, 0x70, 0x6c, 
  0x6f, 0x79, 0x6d, 0x65, 0x6e, 0x74, 0x2f, 0x6d, 0x6f, 0x74, 0x69, 0x6f, 
  0x6e, 0x5f, 0x65, 0x6e, 0x63, 0x6f, 0x64, 0x65, 0x72, 0x2f, 0x65, 0x6e, 
  0x63, 0x5f, 0x73, 0x65, 0x71, 0x5f, 0x67, 0x72, 0x75, 0x32, 0x2f, 0x67, 
  0x72, 0x75, 0x5f, 0x63, 0x65, 0x6c, 0x6c, 0x5f, 0x31, 0x2f, 0x75, 0x6e, 
  0x73, 0x74, 0x61, 0x63, 0x6b, 0x35, 0x00, 0x00, 0x01, 0x00, 0x00, 0x00, 
  0x0c, 0x00, 0x00, 0x00, 0x9a, 0xe1, 0xff, 0xff, 0x00, 0x00, 0x00, 0x01, 
  0x14, 0x00, 0x00, 0x00, 0x30, 0x00, 0x00, 0x00, 0x3d, 0x00, 0x00, 0x00, 
  0x00, 0x00, 0x00, 0x02, 0x70, 0x00, 0x00, 0x00, 0x7c, 0xe0, 0xff, 0xff, 
  0x08, 0x00, 0x00, 0x00, 0x10, 0x00, 0x00, 0x00, 0x01, 0x00, 0x00, 0x00, 
  0x00, 0x00, 0x00, 0x00, 0x00, 0x00, 0x00, 0x00, 0x01, 0x00, 0x00, 0x00, 
  0x63, 0xd1, 0x9a, 0x36, 0x46, 0x00, 0x00, 0x00, 0x73, 0x61, 0x66, 0x65, 
  0x62, 0x61, 0x6e, 0x64, 0x5f, 0x76, 0x32, 0x5f, 0x64, 0x65, 0x70, 0x6c, 
  0x6f, 0x79, 0x6d, 0x65, 0x6e, 0x74, 0x2f, 0x6d, 0x6f, 0x74, 0x69, 0x6f, 
  0x6e, 0x5f, 0x65, 0x6e, 0x63, 0x6f, 0x64, 0x65, 0x72, 0x2f, 0x65, 0x6e, 
  0x63, 0x5f, 0x73, 0x65, 0x71, 0x5f, 0x67, 0x72, 0x75, 0x32, 0x2f, 0x67, 
  0x72, 0x75, 0x5f, 0x63, 0x65, 0x6c, 0x6c, 0x5f, 0x31, 0x2f, 0x75, 0x6e, 
  0x73, 0x74, 0x61, 0x63, 0x6b, 0x34, 0x00, 0x00, 0x01, 0x00, 0x00, 0x00, 
  0x0c, 0x00, 0x00, 0x00, 0x2a, 0xe2, 0xff, 0xff, 0x00, 0x00, 0x00, 0x01, 
  0x14, 0x00, 0x00, 0x00, 0x30, 0x00, 0x00, 0x00, 0x3c, 0x00, 0x00, 0x00, 
  0x00, 0x00, 0x00, 0x02, 0x70, 0x00, 0x00, 0x00, 0x0c, 0xe1, 0xff, 0xff, 
  0x08, 0x00, 0x00, 0x00, 0x10, 0x00, 0x00, 0x00, 0x01, 0x00, 0x00, 0x00, 
  0x00, 0x00, 0x00, 0x00, 0x00, 0x00, 0x00, 0x00, 0x01, 0x00, 0x00, 0x00, 
  0x2d, 0x3b, 0x44, 0x36, 0x46, 0x00, 0x00, 0x00, 0x73, 0x61, 0x66, 0x65, 
  0x62, 0x61, 0x6e, 0x64, 0x5f, 0x76, 0x32, 0x5f, 0x64, 0x65, 0x70, 0x6c, 
  0x6f, 0x79, 0x6d, 0x65, 0x6e, 0x74, 0x2f, 0x6d, 0x6f, 0x74, 0x69, 0x6f, 
  0x6e, 0x5f, 0x65, 0x6e, 0x63, 0x6f, 0x64, 0x65, 0x72, 0x2f, 0x65, 0x6e, 
  0x63, 0x5f, 0x73, 0x65, 0x71, 0x5f, 0x67, 0x72, 0x75, 0x32, 0x2f, 0x67, 
  0x72, 0x75, 0x5f, 0x63, 0x65, 0x6c, 0x6c, 0x5f, 0x31, 0x2f, 0x75, 0x6e, 
  0x73, 0x74, 0x61, 0x63, 0x6b, 0x33, 0x00, 0x00, 0x01, 0x00, 0x00, 0x00, 
  0x0c, 0x00, 0x00, 0x00, 0xba, 0xe2, 0xff, 0xff, 0x00, 0x00, 0x00, 0x01, 
  0x14, 0x00, 0x00, 0x00, 0x30, 0x00, 0x00, 0x00, 0x3b, 0x00, 0x00, 0x00, 
  0x00, 0x00, 0x00, 0x02, 0x70, 0x00, 0x00, 0x00, 0x9c, 0xe1, 0xff, 0xff, 
  0x08, 0x00, 0x00, 0x00, 0x10, 0x00, 0x00, 0x00, 0x01, 0x00, 0x00, 0x00, 
  0x00, 0x00, 0x00, 0x00, 0x00, 0x00, 0x00, 0x00, 0x01, 0x00, 0x00, 0x00, 
  0x85, 0xec, 0xa8, 0x35, 0x46, 0x00, 0x00, 0x00, 0x73, 0x61, 0x66, 0x65, 
  0x62, 0x61, 0x6e, 0x64, 0x5f, 0x76, 0x32, 0x5f, 0x64, 0x65, 0x70, 0x6c, 
  0x6f, 0x79, 0x6d, 0x65, 0x6e, 0x74, 0x2f, 0x6d, 0x6f, 0x74, 0x69, 0x6f, 
  0x6e, 0x5f, 0x65, 0x6e, 0x63, 0x6f, 0x64, 0x65, 0x72, 0x2f, 0x65, 0x6e, 
  0x63, 0x5f, 0x73, 0x65, 0x71, 0x5f, 0x67, 0x72, 0x75, 0x32, 0x2f, 0x67, 
  0x72, 0x75, 0x5f, 0x63, 0x65, 0x6c, 0x6c, 0x5f, 0x31, 0x2f, 0x75, 0x6e, 
  0x73, 0x74, 0x61, 0x63, 0x6b, 0x32, 0x00, 0x00, 0x01, 0x00, 0x00, 0x00, 
  0x0c, 0x00, 0x00, 0x00, 0x4a, 0xe3, 0xff, 0xff, 0x00, 0x00, 0x00, 0x01, 
  0x14, 0x00, 0x00, 0x00, 0x30, 0x00, 0x00, 0x00, 0x3a, 0x00, 0x00, 0x00, 
  0x00, 0x00, 0x00, 0x02, 0x70, 0x00, 0x00, 0x00, 0x2c, 0xe2, 0xff, 0xff, 
  0x08, 0x00, 0x00, 0x00, 0x10, 0x00, 0x00, 0x00, 0x01, 0x00, 0x00, 0x00, 
  0x00, 0x00, 0x00, 0x00, 0x00, 0x00, 0x00, 0x00, 0x01, 0x00, 0x00, 0x00, 
  0xcf, 0xa9, 0x8c, 0x2f, 0x45, 0x00, 0x00, 0x00, 0x73, 0x61, 0x66, 0x65, 
  0x62, 0x61, 0x6e, 0x64, 0x5f, 0x76, 0x32, 0x5f, 0x64, 0x65, 0x70, 0x6c, 
  0x6f, 0x79, 0x6d, 0x65, 0x6e, 0x74, 0x2f, 0x6d, 0x6f, 0x74, 0x69, 0x6f, 
  0x6e, 0x5f, 0x65, 0x6e, 0x63, 0x6f, 0x64, 0x65, 0x72, 0x2f, 0x65, 0x6e, 
  0x63, 0x5f, 0x73, 0x65, 0x71, 0x5f, 0x67, 0x72, 0x75, 0x32, 0x2f, 0x67, 
  0x72, 0x75, 0x5f, 0x63, 0x65, 0x6c, 0x6c, 0x5f, 0x31, 0x2f, 0x75, 0x6e, 
  0x73, 0x74, 0x61, 0x63, 0x6b, 0x00, 0x00, 0x00, 0x01, 0x00, 0x00, 0x00, 
  0x0c, 0x00, 0x00, 0x00, 0xda, 0xe3, 0xff, 0xff, 0x00, 0x00, 0x00, 0x01, 
  0x14, 0x00, 0x00, 0x00, 0x34, 0x00, 0x00, 0x00, 0x39, 0x00, 0x00, 0x00, 
  0x00, 0x00, 0x00, 0x09, 0x74, 0x00, 0x00, 0x00, 0xbc, 0xe2, 0xff, 0xff, 
  0x08, 0x00, 0x00, 0x00, 0x14, 0x00, 0x00, 0x00, 0x01, 0x00, 0x00, 0x00, 
  0x00, 0x00, 0x00, 0x00, 0x00, 0x00, 0x00, 0x00, 0x00, 0x00, 0x00, 0x00, 
  0x01, 0x00, 0x00, 0x00, 0x57, 0x7e, 0xff, 0x3b, 0x46, 0x00, 0x00, 0x00, 
  0x73, 0x61, 0x66, 0x65, 0x62, 0x61, 0x6e, 0x64, 0x5f, 0x76, 0x32, 0x5f, 
  0x64, 0x65, 0x70, 0x6c, 0x6f, 0x79, 0x6d, 0x65, 0x6e, 0x74, 0x2f, 0x6d, 
  0x6f, 0x74, 0x69, 0x6f, 0x6e, 0x5f, 0x65, 0x6e, 0x63, 0x6f, 0x64, 0x65, 
  0x72, 0x2f, 0x65, 0x6e, 0x63, 0x5f, 0x73, 0x65, 0x71, 0x5f, 0x67, 0x72, 
  0x75, 0x32, 0x2f, 0x67, 0x72, 0x75, 0x5f, 0x63, 0x65, 0x6c, 0x6c, 0x5f, 
  0x31, 0x2f, 0x4d, 0x61, 0x74, 0x4d, 0x75, 0x6c, 0x5f, 0x38, 0x00, 0x00, 
  0x02, 0x00, 0x00, 0x00, 0x0c, 0x00, 0x00, 0x00, 0x08, 0x00, 0x00, 0x00, 
  0x72, 0xe4, 0xff, 0xff, 0x00, 0x00, 0x00, 0x01, 0x14, 0x00, 0x00, 0x00, 
  0x30, 0x00, 0x00, 0x00, 0x34, 0x00, 0x00, 0x00, 0x00, 0x00, 0x00, 0x02, 
  0x70, 0x00, 0x00, 0x00, 0x54, 0xe3, 0xff, 0xff, 0x08, 0x00, 0x00, 0x00, 
  0x10, 0x00, 0x00, 0x00, 0x01, 0x00, 0x00, 0x00, 0x00, 0x00, 0x00, 0x00, 
  0x00, 0x00, 0x00, 0x00, 0x01, 0x00, 0x00, 0x00, 0xac, 0x0c, 0x14, 0x37, 
  0x47, 0x00, 0x00, 0x00, 0x73, 0x61, 0x66, 0x65, 0x62, 0x61, 0x6e, 0x64, 
  0x5f, 0x76, 0x32, 0x5f, 0x64, 0x65, 0x70, 0x6c, 0x6f, 0x79, 0x6d, 0x65, 
  0x6e, 0x74, 0x2f, 0x6d, 0x6f, 0x74, 0x69, 0x6f, 0x6e, 0x5f, 0x65, 0x6e, 
  0x63, 0x6f, 0x64, 0x65, 0x72, 0x2f, 0x65, 0x6e, 0x63, 0x5f, 0x73, 0x65, 
  0x71, 0x5f, 0x67, 0x72, 0x75, 0x32, 0x2f, 0x67, 0x72, 0x75, 0x5f, 0x63, 
  0x65, 0x6c, 0x6c, 0x5f, 0x31, 0x2f, 0x75, 0x6e, 0x73, 0x74, 0x61, 0x63, 
  0x6b, 0x31, 0x34, 0x00, 0x01, 0x00, 0x00, 0x00, 0x0c, 0x00, 0x00, 0x00, 
  0x02, 0xe5, 0xff, 0xff, 0x00, 0x00, 0x00, 0x01, 0x14, 0x00, 0x00, 0x00, 
  0x30, 0x00, 0x00, 0x00, 0x34, 0x00, 0x00, 0x00, 0x00, 0x00, 0x00, 0x02, 
  0x70, 0x00, 0x00, 0x00, 0xe4, 0xe3, 0xff, 0xff, 0x08, 0x00, 0x00, 0x00, 
  0x10, 0x00, 0x00, 0x00, 0x01, 0x00, 0x00, 0x00, 0x00, 0x00, 0x00, 0x00, 
  0x00, 0x00, 0x00, 0x00, 0x01, 0x00, 0x00, 0x00, 0xac, 0x0c, 0x14, 0x37, 
  0x47, 0x00, 0x00, 0x00, 0x73, 0x61, 0x66, 0x65, 0x62, 0x61, 0x6e, 0x64, 
  0x5f, 0x76, 0x32, 0x5f, 0x64, 0x65, 0x70, 0x6c, 0x6f, 0x79, 0x6d, 0x65, 
  0x6e, 0x74, 0x2f, 0x6d, 0x6f, 0x74, 0x69, 0x6f, 0x6e, 0x5f, 0x65, 0x6e, 
  0x63, 0x6f, 0x64, 0x65, 0x72, 0x2f, 0x65, 0x6e, 0x63, 0x5f, 0x73, 0x65, 
  0x71, 0x5f, 0x67, 0x72, 0x75, 0x32, 0x2f, 0x67, 0x72, 0x75, 0x5f, 0x63, 
  0x65, 0x6c, 0x6c, 0x5f, 0x31, 0x2f, 0x75, 0x6e, 0x73, 0x74, 0x61, 0x63, 
  0x6b, 0x31, 0x33, 0x00, 0x01, 0x00, 0x00, 0x00, 0x0c, 0x00, 0x00, 0x00, 
  0x92, 0xe5, 0xff, 0xff, 0x00, 0x00, 0x00, 0x01, 0x14, 0x00, 0x00, 0x00, 
  0x30, 0x00, 0x00, 0x00, 0x34, 0x00, 0x00, 0x00, 0x00, 0x00, 0x00, 0x02, 
  0x70, 0x00, 0x00, 0x00, 0x74, 0xe4, 0xff, 0xff, 0x08, 0x00, 0x00, 0x00, 
  0x10, 0x00, 0x00, 0x00, 0x01, 0x00, 0x00, 0x00, 0x00, 0x00, 0x00, 0x00, 
  0x00, 0x00, 0x00, 0x00, 0x01, 0x00, 0x00, 0x00, 0xac, 0x0c, 0x14, 0x37, 
  0x47, 0x00, 0x00, 0x00, 0x73, 0x61, 0x66, 0x65, 0x62, 0x61, 0x6e, 0x64, 
  0x5f, 0x76, 0x32, 0x5f, 0x64, 0x65, 0x70, 0x6c, 0x6f, 0x79, 0x6d, 0x65, 
  0x6e, 0x74, 0x2f, 0x6d, 0x6f, 0x74, 0x69, 0x6f, 0x6e, 0x5f, 0x65, 0x6e, 
  0x63, 0x6f, 0x64, 0x65, 0x72, 0x2f, 0x65, 0x6e, 0x63, 0x5f, 0x73, 0x65, 
  0x71, 0x5f, 0x67, 0x72, 0x75, 0x32, 0x2f, 0x67, 0x72, 0x75, 0x5f, 0x63, 
  0x65, 0x6c, 0x6c, 0x5f, 0x31, 0x2f, 0x75, 0x6e, 0x73, 0x74, 0x61, 0x63, 
  0x6b, 0x31, 0x32, 0x00, 0x01, 0x00, 0x00, 0x00, 0x0c, 0x00, 0x00, 0x00, 
  0x22, 0xe6, 0xff, 0xff, 0x00, 0x00, 0x00, 0x01, 0x14, 0x00, 0x00, 0x00, 
  0x30, 0x00, 0x00, 0x00, 0x34, 0x00, 0x00, 0x00, 0x00, 0x00, 0x00, 0x02, 
  0x70, 0x00, 0x00, 0x00, 0x04, 0xe5, 0xff, 0xff, 0x08, 0x00, 0x00, 0x00, 
  0x10, 0x00, 0x00, 0x00, 0x01, 0x00, 0x00, 0x00, 0x00, 0x00, 0x00, 0x00, 
  0x00, 0x00, 0x00, 0x00, 0x01, 0x00, 0x00, 0x00, 0xac, 0x0c, 0x14, 0x37, 
  0x47, 0x00, 0x00, 0x00, 0x73, 0x61, 0x66, 0x65, 0x62, 0x61, 0x6e, 0x64, 
  0x5f, 0x76, 0x32, 0x5f, 0x64, 0x65, 0x70, 0x6c, 0x6f, 0x79, 0x6d, 0x65, 
  0x6e, 0x74, 0x2f, 0x6d, 0x6f, 0x74, 0x69, 0x6f, 0x6e, 0x5f, 0x65, 0x6e, 
  0x63, 0x6f, 0x64, 0x65, 0x72, 0x2f, 0x65, 0x6e, 0x63, 0x5f, 0x73, 0x65, 
  0x71, 0x5f, 0x67, 0x72, 0x75, 0x32, 0x2f, 0x67, 0x72, 0x75, 0x5f, 0x63, 
  0x65, 0x6c, 0x6c, 0x5f, 0x31, 0x2f, 0x75, 0x6e, 0x73, 0x74, 0x61, 0x63, 
  0x6b, 0x31, 0x31, 0x00, 0x01, 0x00, 0x00, 0x00, 0x0c, 0x00, 0x00, 0x00, 
  0xb2, 0xe6, 0xff, 0xff, 0x00, 0x00, 0x00, 0x01, 0x14, 0x00, 0x00, 0x00, 
  0x30, 0x00, 0x00, 0x00, 0x34, 0x00, 0x00, 0x00, 0x00, 0x00, 0x00, 0x02, 
  0x70, 0x00, 0x00, 0x00, 0x94, 0xe5, 0xff, 0xff, 0x08, 0x00, 0x00, 0x00, 
  0x10, 0x00, 0x00, 0x00, 0x01, 0x00, 0x00, 0x00, 0x00, 0x00, 0x00, 0x00, 
  0x00, 0x00, 0x00, 0x00, 0x01, 0x00, 0x00, 0x00, 0xac, 0x0c, 0x14, 0x37, 
  0x46, 0x00, 0x00, 0x00, 0x73, 0x61, 0x66, 0x65, 0x62, 0x61, 0x6e, 0x64, 
  0x5f, 0x76, 0x32, 0x5f, 0x64, 0x65, 0x70, 0x6c, 0x6f, 0x79, 0x6d, 0x65, 
  0x6e, 0x74, 0x2f, 0x6d, 0x6f, 0x74, 0x69, 0x6f, 0x6e, 0x5f, 0x65, 0x6e, 
  0x63, 0x6f, 0x64, 0x65, 0x72, 0x2f, 0x65, 0x6e, 0x63, 0x5f, 0x73, 0x65, 
  0x71, 0x5f, 0x67, 0x72, 0x75, 0x32, 0x2f, 0x67, 0x72, 0x75, 0x5f, 0x63, 
  0x65, 0x6c, 0x6c, 0x5f, 0x31, 0x2f, 0x75, 0x6e, 0x73, 0x74, 0x61, 0x63, 
  0x6b, 0x31, 0x00, 0x00, 0x01, 0x00, 0x00, 0x00, 0x0c, 0x00, 0x00, 0x00, 
  0x42, 0xe7, 0xff, 0xff, 0x00, 0x00, 0x00, 0x01, 0x14, 0x00, 0x00, 0x00, 
  0x30, 0x00, 0x00, 0x00, 0x33, 0x00, 0x00, 0x00, 0x00, 0x00, 0x00, 0x09, 
  0x64, 0x00, 0x00, 0x00, 0x24, 0xe6, 0xff, 0xff, 0x08, 0x00, 0x00, 0x00, 
  0x10, 0x00, 0x00, 0x00, 0x01, 0x00, 0x00, 0x00, 0x00, 0x00, 0x00, 0x00, 
  0x00, 0x00, 0x00, 0x00, 0x01, 0x00, 0x00, 0x00, 0x84, 0x7f, 0x38, 0x3b, 
  0x3a, 0x00, 0x00, 0x00, 0x73, 0x61, 0x66, 0x65, 0x62, 0x61, 0x6e, 0x64, 
  0x5f, 0x76, 0x32, 0x5f, 0x64, 0x65, 0x70, 0x6c, 0x6f, 0x79, 0x6d, 0x65, 
  0x6e, 0x74, 0x2f, 0x6d, 0x6f, 0x74, 0x69, 0x6f, 0x6e, 0x5f, 0x65, 0x6e, 
  0x63, 0x6f, 0x64, 0x65, 0x72, 0x2f, 0x65, 0x6e, 0x63, 0x5f, 0x73, 0x65, 
  0x71, 0x5f, 0x64, 0x65, 0x6e, 0x73, 0x65, 0x2f, 0x4d, 0x61, 0x74, 0x4d, 
  0x75, 0x6c, 0x00, 0x00, 0x02, 0x00, 0x00, 0x00, 0x10, 0x00, 0x00, 0x00, 
  0x04, 0x00, 0x00, 0x00, 0xca, 0xe7, 0xff, 0xff, 0x00, 0x00, 0x00, 0x01, 
  0x14, 0x00, 0x00, 0x00, 0x34, 0x00, 0x00, 0x00, 0x32, 0x00, 0x00, 0x00, 
  0x00, 0x00, 0x00, 0x02, 0x78, 0x00, 0x00, 0x00, 0xac, 0xe6, 0xff, 0xff, 
  0x08, 0x00, 0x00, 0x00, 0x14, 0x00, 0x00, 0x00, 0x01, 0x00, 0x00, 0x00, 
  0x00, 0x00, 0x00, 0x00, 0x00, 0x00, 0x00, 0x00, 0x00, 0x00, 0x00, 0x00, 
  0x01, 0x00, 0x00, 0x00, 0x0f, 0x61, 0x79, 0x36, 0x4a, 0x00, 0x00, 0x00, 
  0x73, 0x61, 0x66, 0x65, 0x62, 0x61, 0x6e, 0x64, 0x5f, 0x76, 0x32, 0x5f, 
  0x64, 0x65, 0x70, 0x6c, 0x6f, 0x79, 0x6d, 0x65, 0x6e, 0x74, 0x2f, 0x6d, 
  0x6f, 0x74, 0x69, 0x6f, 0x6e, 0x5f, 0x65, 0x6e, 0x63, 0x6f, 0x64, 0x65, 
  0x72, 0x2f, 0x65, 0x6e, 0x63, 0x5f, 0x73, 0x65, 0x71, 0x5f, 0x64, 0x65, 
  0x6e, 0x73, 0x65, 0x2f, 0x42, 0x69, 0x61, 0x73, 0x41, 0x64, 0x64, 0x2f, 
  0x52, 0x65, 0x61, 0x64, 0x56, 0x61, 0x72, 0x69, 0x61, 0x62, 0x6c, 0x65, 
  0x4f, 0x70, 0x00, 0x00, 0x01, 0x00, 0x00, 0x00, 0x10, 0x00, 0x00, 0x00, 
  0x62, 0xe8, 0xff, 0xff, 0x00, 0x00, 0x00, 0x01, 0x14, 0x00, 0x00, 0x00, 
  0x34, 0x00, 0x00, 0x00, 0x31, 0x00, 0x00, 0x00, 0x00, 0x00, 0x00, 0x09, 
  0x64, 0x00, 0x00, 0x00, 0x44, 0xe7, 0xff, 0xff, 0x08, 0x00, 0x00, 0x00, 
  0x14, 0x00, 0x00, 0x00, 0x01, 0x00, 0x00, 0x00, 0x00, 0x00, 0x00, 0x00, 
  0x00, 0x00, 0x00, 0x00, 0x00, 0x00, 0x00, 0x00, 0x01, 0x00, 0x00, 0x00, 
  0x06, 0xcc, 0x64, 0x3b, 0x36, 0x00, 0x00, 0x00, 0x73, 0x61, 0x66, 0x65, 
  0x62, 0x61, 0x6e, 0x64, 0x5f, 0x76, 0x32, 0x5f, 0x64, 0x65, 0x70, 0x6c, 
  0x6f, 0x79, 0x6d, 0x65, 0x6e, 0x74, 0x2f, 0x6d, 0x6f, 0x74, 0x69, 0x6f, 
  0x6e, 0x5f, 0x64, 0x65, 0x63, 0x6f, 0x64, 0x65, 0x72, 0x2f, 0x64, 0x65, 
  0x63, 0x5f, 0x64, 0x65, 0x6e, 0x73, 0x65, 0x2f, 0x4d, 0x61, 0x74, 0x4d, 
  0x75, 0x6c, 0x00, 0x00, 0x02, 0x00, 0x00, 0x00, 0x10, 0x00, 0x00, 0x00, 
  0x14, 0x00, 0x00, 0x00, 0xea, 0xe8, 0xff, 0xff, 0x00, 0x00, 0x00, 0x01, 
  0x14, 0x00, 0x00, 0x00, 0x30, 0x00, 0x00, 0x00, 0x30, 0x00, 0x00, 0x00, 
  0x00, 0x00, 0x00, 0x02, 0x70, 0x00, 0x00, 0x00, 0xcc, 0xe7, 0xff, 0xff, 
  0x08, 0x00, 0x00, 0x00, 0x10, 0x00, 0x00, 0x00, 0x01, 0x00, 0x00, 0x00, 
  0x00, 0x00, 0x00, 0x00, 0x00, 0x00, 0x00, 0x00, 0x01, 0x00, 0x00, 0x00, 
  0x77, 0xe4, 0x78, 0x38, 0x46, 0x00, 0x00, 0x00, 0x73, 0x61, 0x66, 0x65, 
  0x62, 0x61, 0x6e, 0x64, 0x5f, 0x76, 0x32, 0x5f, 0x64, 0x65, 0x70, 0x6c, 
  0x6f, 0x79, 0x6d, 0x65, 0x6e, 0x74, 0x2f, 0x6d, 0x6f, 0x74, 0x69, 0x6f, 
  0x6e, 0x5f, 0x64, 0x65, 0x63, 0x6f, 0x64, 0x65, 0x72, 0x2f, 0x64, 0x65, 
  0x63, 0x5f, 0x64, 0x65, 0x6e, 0x73, 0x65, 0x2f, 0x42, 0x69, 0x61, 0x73, 
  0x41, 0x64, 0x64, 0x2f, 0x52, 0x65, 0x61, 0x64, 0x56, 0x61, 0x72, 0x69, 
  0x61, 0x62, 0x6c, 0x65, 0x4f, 0x70, 0x00, 0x00, 0x01, 0x00, 0x00, 0x00, 
  0x10, 0x00, 0x00, 0x00, 0x7a, 0xe9, 0xff, 0xff, 0x00, 0x00, 0x00, 0x01, 
  0x14, 0x00, 0x00, 0x00, 0x30, 0x00, 0x00, 0x00, 0x2f, 0x00, 0x00, 0x00, 
  0x00, 0x00, 0x00, 0x09, 0x6c, 0x00, 0x00, 0x00, 0x5c, 0xe8, 0xff, 0xff, 
  0x08, 0x00, 0x00, 0x00, 0x10, 0x00, 0x00, 0x00, 0x01, 0x00, 0x00, 0x00, 
  0x00, 0x00, 0x00, 0x00, 0x00, 0x00, 0x00, 0x00, 0x01, 0x00, 0x00, 0x00, 
  0x8d, 0x99, 0x8d, 0x3d, 0x43, 0x00, 0x00, 0x00, 0x73, 0x61, 0x66, 0x65, 
  0x62, 0x61, 0x6e, 0x64, 0x5f, 0x76, 0x32, 0x5f, 0x64, 0x65, 0x70, 0x6c, 
  0x6f, 0x79, 0x6d, 0x65, 0x6e, 0x74, 0x2f, 0x6d, 0x6f, 0x74, 0x69, 0x6f, 
  0x6e, 0x5f, 0x64, 0x65, 0x63, 0x6f, 0x64, 0x65, 0x72, 0x2f, 0x64, 0x65, 
  0x63, 0x5f, 0x67, 0x72, 0x75, 0x2f, 0x67, 0x72, 0x75, 0x5f, 0x63, 0x65, 
  0x6c, 0x6c, 0x5f, 0x32, 0x2f, 0x4d, 0x61, 0x74, 0x4d, 0x75, 0x6c, 0x5f, 
  0x31, 0x39, 0x31, 0x00, 0x02, 0x00, 0x00, 0x00, 0x0c, 0x00, 0x00, 0x00, 
  0x04, 0x00, 0x00, 0x00, 0x0a, 0xea, 0xff, 0xff, 0x00, 0x00, 0x00, 0x01, 
  0x14, 0x00, 0x00, 0x00, 0x30, 0x00, 0x00, 0x00, 0x2e, 0x00, 0x00, 0x00, 
  0x00, 0x00, 0x00, 0x09, 0x6c, 0x00, 0x00, 0x00, 0xec, 0xe8, 0xff, 0xff, 
  0x08, 0x00, 0x00, 0x00, 0x10, 0x00, 0x00, 0x00, 0x01, 0x00, 0x00, 0x00, 
  0x00, 0x00, 0x00, 0x00, 0x00, 0x00, 0x00, 0x00, 0x01, 0x00, 0x00, 0x00, 
  0x92, 0x29, 0x5a, 0x3c, 0x42, 0x00, 0x00, 0x00, 0x73, 0x61, 0x66, 0x65, 
  0x62, 0x61, 0x6e, 0x64, 0x5f, 0x76, 0x32, 0x5f, 0x64, 0x65, 0x70, 0x6c, 
  0x6f, 0x79, 0x6d, 0x65, 0x6e, 0x74, 0x2f, 0x6d, 0x6f, 0x74, 0x69, 0x6f, 
  0x6e, 0x5f, 0x64, 0x65, 0x63, 0x6f, 0x64, 0x65, 0x72, 0x2f, 0x64, 0x65, 
  0x63, 0x5f, 0x67, 0x72, 0x75, 0x2f, 0x67, 0x72, 0x75, 0x5f, 0x63, 0x65, 
  0x6c, 0x6c, 0x5f, 0x32, 0x2f, 0x4d, 0x61, 0x74, 0x4d, 0x75, 0x6c, 0x5f, 
  0x31, 0x39, 0x00, 0x00, 0x02, 0x00, 0x00, 0x00, 0x0c, 0x00, 0x00, 0x00, 
  0x04, 0x00, 0x00, 0x00, 0x9a, 0xea, 0xff, 0xff, 0x00, 0x00, 0x00, 0x01, 
  0x14, 0x00, 0x00, 0x00, 0x34, 0x00, 0x00, 0x00, 0x25, 0x00, 0x00, 0x00, 
  0x00, 0x00, 0x00, 0x02, 0x70, 0x00, 0x00, 0x00, 0x7c, 0xe9, 0xff, 0xff, 
  0x08, 0x00, 0x00, 0x00, 0x14, 0x00, 0x00, 0x00, 0x01, 0x00, 0x00, 0x00, 
  0x00, 0x00, 0x00, 0x00, 0x00, 0x00, 0x00, 0x00, 0x00, 0x00, 0x00, 0x00, 
  0x01, 0x00, 0x00, 0x00, 0xce, 0xdd, 0xda, 0x38, 0x42, 0x00, 0x00, 0x00, 
  0x73, 0x61, 0x66, 0x65, 0x62, 0x61, 0x6e, 0x64, 0x5f, 0x76, 0x32, 0x5f, 
  0x64, 0x65, 0x70, 0x6c, 0x6f, 0x79, 0x6d, 0x65, 0x6e, 0x74, 0x2f, 0x6d, 
  0x6f, 0x74, 0x69, 0x6f, 0x6e, 0x5f, 0x64, 0x65, 0x63, 0x6f, 0x64, 0x65, 
  0x72, 0x2f, 0x64, 0x65, 0x63, 0x5f, 0x67, 0x72, 0x75, 0x2f, 0x67, 0x72, 
  0x75, 0x5f, 0x63, 0x65, 0x6c, 0x6c, 0x5f, 0x32, 0x2f, 0x75, 0x6e, 0x73, 
  0x74, 0x61, 0x63, 0x6b, 0x31, 0x30, 0x00, 0x00, 0x01, 0x00, 0x00, 0x00, 
  0x0c, 0x00, 0x00, 0x00, 0x2a, 0xeb, 0xff, 0xff, 0x00, 0x00, 0x00, 0x01, 
  0x14, 0x00, 0x00, 0x00, 0x34, 0x00, 0x00, 0x00, 0x25, 0x00, 0x00, 0x00, 
  0x00, 0x00, 0x00, 0x02, 0x70, 0x00, 0x00, 0x00, 0x0c, 0xea, 0xff, 0xff, 
  0x08, 0x00, 0x00, 0x00, 0x14, 0x00, 0x00, 0x00, 0x01, 0x00, 0x00, 0x00, 
  0x00, 0x00, 0x00, 0x00, 0x00, 0x00, 0x00, 0x00, 0x00, 0x00, 0x00, 0x00, 
  0x01, 0x00, 0x00, 0x00, 0xce, 0xdd, 0xda, 0x38, 0x41, 0x00, 0x00, 0x00, 
  0x73, 0x61, 0x66, 0x65, 0x62, 0x61, 0x6e, 0x64, 0x5f, 0x76, 0x32, 0x5f, 
  0x64, 0x65, 0x70, 0x6c, 0x6f, 0x79, 0x6d, 0x65, 0x6e, 0x74, 0x2f, 0x6d, 
  0x6f, 0x74, 0x69, 0x6f, 0x6e, 0x5f, 0x64, 0x65, 0x63, 0x6f, 0x64, 0x65, 
  0x72, 0x2f, 0x64, 0x65, 0x63, 0x5f, 0x67, 0x72, 0x75, 0x2f, 0x67, 0x72, 
  0x75, 0x5f, 0x63, 0x65, 0x6c, 0x6c, 0x5f, 0x32, 0x2f, 0x75, 0x6e, 0x73, 
  0x74, 0x61, 0x63, 0x6b, 0x39, 0x00, 0x00, 0x00, 0x01, 0x00, 0x00, 0x00, 
  0x0c, 0x00, 0x00, 0x00, 0xba, 0xeb, 0xff, 0xff, 0x00, 0x00, 0x00, 0x01, 
  0x14, 0x00, 0x00, 0x00, 0x34, 0x00, 0x00, 0x00, 0x25, 0x00, 0x00, 0x00, 
  0x00, 0x00, 0x00, 0x02, 0x70, 0x00, 0x00, 0x00, 0x9c, 0xea, 0xff, 0xff, 
  0x08, 0x00, 0x00, 0x00, 0x14, 0x00, 0x00, 0x00, 0x01, 0x00, 0x00, 0x00, 
  0x00, 0x00, 0x00, 0x00, 0x00, 0x00, 0x00, 0x00, 0x00, 0x00, 0x00, 0x00, 
  0x01, 0x00, 0x00, 0x00, 0xce, 0xdd, 0xda, 0x38, 0x41, 0x00, 0x00, 0x00, 
  0x73, 0x61, 0x66, 0x65, 0x62, 0x61, 0x6e, 0x64, 0x5f, 0x76, 0x32, 0x5f, 
  0x64, 0x65, 0x70, 0x6c, 0x6f, 0x79, 0x6d, 0x65, 0x6e, 0x74, 0x2f, 0x6d, 
  0x6f, 0x74, 0x69, 0x6f, 0x6e, 0x5f, 0x64, 0x65, 0x63, 0x6f, 0x64, 0x65, 
  0x72, 0x2f, 0x64, 0x65, 0x63, 0x5f, 0x67, 0x72, 0x75, 0x2f, 0x67, 0x72, 
  0x75, 0x5f, 0x63, 0x65, 0x6c, 0x6c, 0x5f, 0x32, 0x2f, 0x75, 0x6e, 0x73, 
  0x74, 0x61, 0x63, 0x6b, 0x38, 0x00, 0x00, 0x00, 0x01, 0x00, 0x00, 0x00, 
  0x0c, 0x00, 0x00, 0x00, 0x4a, 0xec, 0xff, 0xff, 0x00, 0x00, 0x00, 0x01, 
  0x14, 0x00, 0x00, 0x00, 0x34, 0x00, 0x00, 0x00, 0x25, 0x00, 0x00, 0x00, 
  0x00, 0x00, 0x00, 0x02, 0x70, 0x00, 0x00, 0x00, 0x2c, 0xeb, 0xff, 0xff, 
  0x08, 0x00, 0x00, 0x00, 0x14, 0x00, 0x00, 0x00, 0x01, 0x00, 0x00, 0x00, 
  0x00, 0x00, 0x00, 0x00, 0x00, 0x00, 0x00, 0x00, 0x00, 0x00, 0x00, 0x00, 
  0x01, 0x00, 0x00, 0x00, 0xce, 0xdd, 0xda, 0x38, 0x41, 0x00, 0x00, 0x00, 
  0x73, 0x61, 0x66, 0x65, 0x62, 0x61, 0x6e, 0x64, 0x5f, 0x76, 0x32, 0x5f, 
  0x64, 0x65, 0x70, 0x6c, 0x6f, 0x79, 0x6d, 0x65, 0x6e, 0x74, 0x2f, 0x6d, 
  0x6f, 0x74, 0x69, 0x6f, 0x6e, 0x5f, 0x64, 0x65, 0x63, 0x6f, 0x64, 0x65, 
  0x72, 0x2f, 0x64, 0x65, 0x63, 0x5f, 0x67, 0x72, 0x75, 0x2f, 0x67, 0x72, 
  0x75, 0x5f, 0x63, 0x65, 0x6c, 0x6c, 0x5f, 0x32, 0x2f, 0x75, 0x6e, 0x73, 
  0x74, 0x61, 0x63, 0x6b, 0x37, 0x00, 0x00, 0x00, 0x01, 0x00, 0x00, 0x00, 
  0x0c, 0x00, 0x00, 0x00, 0xda, 0xec, 0xff, 0xff, 0x00, 0x00, 0x00, 0x01, 
  0x14, 0x00, 0x00, 0x00, 0x34, 0x00, 0x00, 0x00, 0x25, 0x00, 0x00, 0x00, 
  0x00, 0x00, 0x00, 0x02, 0x70, 0x00, 0x00, 0x00, 0xbc, 0xeb, 0xff, 0xff, 
  0x08, 0x00, 0x00, 0x00, 0x14, 0x00, 0x00, 0x00, 0x01, 0x00, 0x00, 0x00, 
  0x00, 0x00, 0x00, 0x00, 0x00, 0x00, 0x00, 0x00, 0x00, 0x00, 0x00, 0x00, 
  0x01, 0x00, 0x00, 0x00, 0xce, 0xdd, 0xda, 0x38, 0x41, 0x00, 0x00, 0x00, 
  0x73, 0x61, 0x66, 0x65, 0x62, 0x61, 0x6e, 0x64, 0x5f, 0x76, 0x32, 0x5f, 
  0x64, 0x65, 0x70, 0x6c, 0x6f, 0x79, 0x6d, 0x65, 0x6e, 0x74, 0x2f, 0x6d, 
  0x6f, 0x74, 0x69, 0x6f, 0x6e, 0x5f, 0x64, 0x65, 0x63, 0x6f, 0x64, 0x65, 
  0x72, 0x2f, 0x64, 0x65, 0x63, 0x5f, 0x67, 0x72, 0x75, 0x2f, 0x67, 0x72, 
  0x75, 0x5f, 0x63, 0x65, 0x6c, 0x6c, 0x5f, 0x32, 0x2f, 0x75, 0x6e, 0x73, 
  0x74, 0x61, 0x63, 0x6b, 0x36, 0x00, 0x00, 0x00, 0x01, 0x00, 0x00, 0x00, 
  0x0c, 0x00, 0x00, 0x00, 0x6a, 0xed, 0xff, 0xff, 0x00, 0x00, 0x00, 0x01, 
  0x14, 0x00, 0x00, 0x00, 0x34, 0x00, 0x00, 0x00, 0x25, 0x00, 0x00, 0x00, 
  0x00, 0x00, 0x00, 0x02, 0x70, 0x00, 0x00, 0x00, 0x4c, 0xec, 0xff, 0xff, 
  0x08, 0x00, 0x00, 0x00, 0x14, 0x00, 0x00, 0x00, 0x01, 0x00, 0x00, 0x00, 
  0x00, 0x00, 0x00, 0x00, 0x00, 0x00, 0x00, 0x00, 0x00, 0x00, 0x00, 0x00, 
  0x01, 0x00, 0x00, 0x00, 0xce, 0xdd, 0xda, 0x38, 0x41, 0x00, 0x00, 0x00, 
  0x73, 0x61, 0x66, 0x65, 0x62, 0x61, 0x6e, 0x64, 0x5f, 0x76, 0x32, 0x5f, 
  0x64, 0x65, 0x70, 0x6c, 0x6f, 0x79, 0x6d, 0x65, 0x6e, 0x74, 0x2f, 0x6d, 
  0x6f, 0x74, 0x69, 0x6f, 0x6e, 0x5f, 0x64, 0x65, 0x63, 0x6f, 0x64, 0x65, 
  0x72, 0x2f, 0x64, 0x65, 0x63, 0x5f, 0x67, 0x72, 0x75, 0x2f, 0x67, 0x72, 
  0x75, 0x5f, 0x63, 0x65, 0x6c, 0x6c, 0x5f, 0x32, 0x2f, 0x75, 0x6e, 0x73, 
  0x74, 0x61, 0x63, 0x6b, 0x35, 0x00, 0x00, 0x00, 0x01, 0x00, 0x00, 0x00, 
  0x0c, 0x00, 0x00, 0x00, 0xfa, 0xed, 0xff, 0xff, 0x00, 0x00, 0x00, 0x01, 
  0x14, 0x00, 0x00, 0x00, 0x34, 0x00, 0x00, 0x00, 0x25, 0x00, 0x00, 0x00, 
  0x00, 0x00, 0x00, 0x02, 0x70, 0x00, 0x00, 0x00, 0xdc, 0xec, 0xff, 0xff, 
  0x08, 0x00, 0x00, 0x00, 0x14, 0x00, 0x00, 0x00, 0x01, 0x00, 0x00, 0x00, 
  0x00, 0x00, 0x00, 0x00, 0x00, 0x00, 0x00, 0x00, 0x00, 0x00, 0x00, 0x00, 
  0x01, 0x00, 0x00, 0x00, 0xce, 0xdd, 0xda, 0x38, 0x41, 0x00, 0x00, 0x00, 
  0x73, 0x61, 0x66, 0x65, 0x62, 0x61, 0x6e, 0x64, 0x5f, 0x76, 0x32, 0x5f, 
  0x64, 0x65, 0x70, 0x6c, 0x6f, 0x79, 0x6d, 0x65, 0x6e, 0x74, 0x2f, 0x6d, 
  0x6f, 0x74, 0x69, 0x6f, 0x6e, 0x5f, 0x64, 0x65, 0x63, 0x6f, 0x64, 0x65, 
  0x72, 0x2f, 0x64, 0x65, 0x63, 0x5f, 0x67, 0x72, 0x75, 0x2f, 0x67, 0x72, 
  0x75, 0x5f, 0x63, 0x65, 0x6c, 0x6c, 0x5f, 0x32, 0x2f, 0x75, 0x6e, 0x73, 
  0x74, 0x61, 0x63, 0x6b, 0x34, 0x00, 0x00, 0x00, 0x01, 0x00, 0x00, 0x00, 
  0x0c, 0x00, 0x00, 0x00, 0x8a, 0xee, 0xff, 0xff, 0x00, 0x00, 0x00, 0x01, 
  0x14, 0x00, 0x00, 0x00, 0x34, 0x00, 0x00, 0x00, 0x25, 0x00, 0x00, 0x00, 
  0x00, 0x00, 0x00, 0x02, 0x70, 0x00, 0x00, 0x00, 0x6c, 0xed, 0xff, 0xff, 
  0x08, 0x00, 0x00, 0x00, 0x14, 0x00, 0x00, 0x00, 0x01, 0x00, 0x00, 0x00, 
  0x00, 0x00, 0x00, 0x00, 0x00, 0x00, 0x00, 0x00, 0x00, 0x00, 0x00, 0x00, 
  0x01, 0x00, 0x00, 0x00, 0xce, 0xdd, 0xda, 0x38, 0x41, 0x00, 0x00, 0x00, 
  0x73, 0x61, 0x66, 0x65, 0x62, 0x61, 0x6e, 0x64, 0x5f, 0x76, 0x32, 0x5f, 
  0x64, 0x65, 0x70, 0x6c, 0x6f, 0x79, 0x6d, 0x65, 0x6e, 0x74, 0x2f, 0x6d, 
  0x6f, 0x74, 0x69, 0x6f, 0x6e, 0x5f, 0x64, 0x65, 0x63, 0x6f, 0x64, 0x65, 
  0x72, 0x2f, 0x64, 0x65, 0x63, 0x5f, 0x67, 0x72, 0x75, 0x2f, 0x67, 0x72, 
  0x75, 0x5f, 0x63, 0x65, 0x6c, 0x6c, 0x5f, 0x32, 0x2f, 0x75, 0x6e, 0x73, 
  0x74, 0x61, 0x63, 0x6b, 0x33, 0x00, 0x00, 0x00, 0x01, 0x00, 0x00, 0x00, 
  0x0c, 0x00, 0x00, 0x00, 0x1a, 0xef, 0xff, 0xff, 0x00, 0x00, 0x00, 0x01, 
  0x14, 0x00, 0x00, 0x00, 0x34, 0x00, 0x00, 0x00, 0x25, 0x00, 0x00, 0x00, 
  0x00, 0x00, 0x00, 0x02, 0x70, 0x00, 0x00, 0x00, 0xfc, 0xed, 0xff, 0xff, 
  0x08, 0x00, 0x00, 0x00, 0x14, 0x00, 0x00, 0x00, 0x01, 0x00, 0x00, 0x00, 
  0x00, 0x00, 0x00, 0x00, 0x00, 0x00, 0x00, 0x00, 0x00, 0x00, 0x00, 0x00, 
  0x01, 0x00, 0x00, 0x00, 0xce, 0xdd, 0xda, 0x38, 0x41, 0x00, 0x00, 0x00, 
  0x73, 0x61, 0x66, 0x65, 0x62, 0x61, 0x6e, 0x64, 0x5f, 0x76, 0x32, 0x5f, 
  0x64, 0x65, 0x70, 0x6c, 0x6f, 0x79, 0x6d, 0x65, 0x6e, 0x74, 0x2f, 0x6d, 
  0x6f, 0x74, 0x69, 0x6f, 0x6e, 0x5f, 0x64, 0x65, 0x63, 0x6f, 0x64, 0x65, 
  0x72, 0x2f, 0x64, 0x65, 0x63, 0x5f, 0x67, 0x72, 0x75, 0x2f, 0x67, 0x72, 
  0x75, 0x5f, 0x63, 0x65, 0x6c, 0x6c, 0x5f, 0x32, 0x2f, 0x75, 0x6e, 0x73, 
  0x74, 0x61, 0x63, 0x6b, 0x32, 0x00, 0x00, 0x00, 0x01, 0x00, 0x00, 0x00, 
  0x0c, 0x00, 0x00, 0x00, 0xaa, 0xef, 0xff, 0xff, 0x00, 0x00, 0x00, 0x01, 
  0x14, 0x00, 0x00, 0x00, 0x34, 0x00, 0x00, 0x00, 0x24, 0x00, 0x00, 0x00, 
  0x00, 0x00, 0x00, 0x02, 0x70, 0x00, 0x00, 0x00, 0x8c, 0xee, 0xff, 0xff, 
  0x08, 0x00, 0x00, 0x00, 0x14, 0x00, 0x00, 0x00, 0x01, 0x00, 0x00, 0x00, 
  0x00, 0x00, 0x00, 0x00, 0x00, 0x00, 0x00, 0x00, 0x00, 0x00, 0x00, 0x00, 
  0x01, 0x00, 0x00, 0x00, 0x78, 0x0f, 0x15, 0x30, 0x40, 0x00, 0x00, 0x00, 
  0x73, 0x61, 0x66, 0x65, 0x62, 0x61, 0x6e, 0x64, 0x5f, 0x76, 0x32, 0x5f, 
  0x64, 0x65, 0x70, 0x6c, 0x6f, 0x79, 0x6d, 0x65, 0x6e, 0x74, 0x2f, 0x6d, 
  0x6f, 0x74, 0x69, 0x6f, 0x6e, 0x5f, 0x64, 0x65, 0x63, 0x6f, 0x64, 0x65, 
  0x72, 0x2f, 0x64, 0x65, 0x63, 0x5f, 0x67, 0x72, 0x75, 0x2f, 0x67, 0x72, 
  0x75, 0x5f, 0x63, 0x65, 0x6c, 0x6c, 0x5f, 0x32, 0x2f, 0x75, 0x6e, 0x73, 
  0x74, 0x61, 0x63, 0x6b, 0x00, 0x00, 0x00, 0x00, 0x01, 0x00, 0x00, 0x00, 
  0x0c, 0x00, 0x00, 0x00, 0x3a, 0xf0, 0xff, 0xff, 0x00, 0x00, 0x00, 0x01, 
  0x14, 0x00, 0x00, 0x00, 0x30, 0x00, 0x00, 0x00, 0x23, 0x00, 0x00, 0x00, 
  0x00, 0x00, 0x00, 0x09, 0x6c, 0x00, 0x00, 0x00, 0x1c, 0xef, 0xff, 0xff, 
  0x08, 0x00, 0x00, 0x00, 0x10, 0x00, 0x00, 0x00, 0x01, 0x00, 0x00, 0x00, 
  0x00, 0x00, 0x00, 0x00, 0x00, 0x00, 0x00, 0x00, 0x01, 0x00, 0x00, 0x00, 
  0xec, 0xd3, 0x3a, 0x3c, 0x41, 0x00, 0x00, 0x00, 0x73, 0x61, 0x66, 0x65, 
  0x62, 0x61, 0x6e, 0x64, 0x5f, 0x76, 0x32, 0x5f, 0x64, 0x65, 0x70, 0x6c, 
  0x6f, 0x79, 0x6d, 0x65, 0x6e, 0x74, 0x2f, 0x6d, 0x6f, 0x74, 0x69, 0x6f, 
  0x6e, 0x5f, 0x64, 0x65, 0x63, 0x6f, 0x64, 0x65, 0x72, 0x2f, 0x64, 0x65, 
  0x63, 0x5f, 0x67, 0x72, 0x75, 0x2f, 0x67, 0x72, 0x75, 0x5f, 0x63, 0x65, 
  0x6c, 0x6c, 0x5f, 0x32, 0x2f, 0x4d, 0x61, 0x74, 0x4d, 0x75, 0x6c, 0x5f, 
  0x38, 0x00, 0x00, 0x00, 0x02, 0x00, 0x00, 0x00, 0x0c, 0x00, 0x00, 0x00, 
  0x10, 0x00, 0x00, 0x00, 0xca, 0xf0, 0xff, 0xff, 0x00, 0x00, 0x00, 0x01, 
  0x14, 0x00, 0x00, 0x00, 0x34, 0x00, 0x00, 0x00, 0x19, 0x00, 0x00, 0x00, 
  0x00, 0x00, 0x00, 0x02, 0x70, 0x00, 0x00, 0x00, 0xac, 0xef, 0xff, 0xff, 
  0x08, 0x00, 0x00, 0x00, 0x14, 0x00, 0x00, 0x00, 0x01, 0x00, 0x00, 0x00, 
  0x00, 0x00, 0x00, 0x00, 0x00, 0x00, 0x00, 0x00, 0x00, 0x00, 0x00, 0x00, 
  0x01, 0x00, 0x00, 0x00, 0x44, 0x6c, 0xad, 0x38, 0x42, 0x00, 0x00, 0x00, 
  0x73, 0x61, 0x66, 0x65, 0x62, 0x61, 0x6e, 0x64, 0x5f, 0x76, 0x32, 0x5f, 
  0x64, 0x65, 0x70, 0x6c, 0x6f, 0x79, 0x6d, 0x65, 0x6e, 0x74, 0x2f, 0x6d, 
  0x6f, 0x74, 0x69, 0x6f, 0x6e, 0x5f, 0x64, 0x65, 0x63, 0x6f, 0x64, 0x65, 
  0x72, 0x2f, 0x64, 0x65, 0x63, 0x5f, 0x67, 0x72, 0x75, 0x2f, 0x67, 0x72, 
  0x75, 0x5f, 0x63, 0x65, 0x6c, 0x6c, 0x5f, 0x32, 0x2f, 0x75, 0x6e, 0x73, 
  0x74, 0x61, 0x63, 0x6b, 0x31, 0x39, 0x00, 0x00, 0x01, 0x00, 0x00, 0x00, 
  0x0c, 0x00, 0x00, 0x00, 0x5a, 0xf1, 0xff, 0xff, 0x00, 0x00, 0x00, 0x01, 
  0x14, 0x00, 0x00, 0x00, 0x34, 0x00, 0x00, 0x00, 0x19, 0x00, 0x00, 0x00, 
  0x00, 0x00, 0x00, 0x02, 0x70, 0x00, 0x00, 0x00, 0x3c, 0xf0, 0xff, 0xff, 
  0x08, 0x00, 0x00, 0x00, 0x14, 0x00, 0x00, 0x00, 0x01, 0x00, 0x00, 0x00, 
  0x00, 0x00, 0x00, 0x00, 0x00, 0x00, 0x00, 0x00, 0x00, 0x00, 0x00, 0x00, 
  0x01, 0x00, 0x00, 0x00, 0x44, 0x6c, 0xad, 0x38, 0x42, 0x00, 0x00, 0x00, 
  0x73, 0x61, 0x66, 0x65, 0x62, 0x61, 0x6e, 0x64, 0x5f, 0x76, 0x32, 0x5f, 
  0x64, 0x65, 0x70, 0x6c, 0x6f, 0x79, 0x6d, 0x65, 0x6e, 0x74, 0x2f, 0x6d, 
  0x6f, 0x74, 0x69, 0x6f, 0x6e, 0x5f, 0x64, 0x65, 0x63, 0x6f, 0x64, 0x65, 
  0x72, 0x2f, 0x64, 0x65, 0x63, 0x5f, 0x67, 0x72, 0x75, 0x2f, 0x67, 0x72, 
  0x75, 0x5f, 0x63, 0x65, 0x6c, 0x6c, 0x5f, 0x32, 0x2f, 0x75, 0x6e, 0x73, 
  0x74, 0x61, 0x63, 0x6b, 0x31, 0x38, 0x00, 0x00, 0x01, 0x00, 0x00, 0x00, 
  0x0c, 0x00, 0x00, 0x00, 0xea, 0xf1, 0xff, 0xff, 0x00, 0x00, 0x00, 0x01, 
  0x14, 0x00, 0x00, 0x00, 0x34, 0x00, 0x00, 0x00, 0x19, 0x00, 0x00, 0x00, 
  0x00, 0x00, 0x00, 0x02, 0x70, 0x00, 0x00, 0x00, 0xcc, 0xf0, 0xff, 0xff, 
  0x08, 0x00, 0x00, 0x00, 0x14, 0x00, 0x00, 0x00, 0x01, 0x00, 0x00, 0x00, 
  0x00, 0x00, 0x00, 0x00, 0x00, 0x00, 0x00, 0x00, 0x00, 0x00, 0x00, 0x00, 
  0x01, 0x00, 0x00, 0x00, 0x44, 0x6c, 0xad, 0x38, 0x42, 0x00, 0x00, 0x00, 
  0x73, 0x61, 0x66, 0x65, 0x62, 0x61, 0x6e, 0x64, 0x5f, 0x76, 0x32, 0x5f, 
  0x64, 0x65, 0x70, 0x6c, 0x6f, 0x79, 0x6d, 0x65, 0x6e, 0x74, 0x2f, 0x6d, 
  0x6f, 0x74, 0x69, 0x6f, 0x6e, 0x5f, 0x64, 0x65, 0x63, 0x6f, 0x64, 0x65, 
  0x72, 0x2f, 0x64, 0x65, 0x63, 0x5f, 0x67, 0x72, 0x75, 0x2f, 0x67, 0x72, 
  0x75, 0x5f, 0x63, 0x65, 0x6c, 0x6c, 0x5f, 0x32, 0x2f, 0x75, 0x6e, 0x73, 
  0x74, 0x61, 0x63, 0x6b, 0x31, 0x37, 0x00, 0x00, 0x01, 0x00, 0x00, 0x00, 
  0x0c, 0x00, 0x00, 0x00, 0x7a, 0xf2, 0xff, 0xff, 0x00, 0x00, 0x00, 0x01, 
  0x14, 0x00, 0x00, 0x00, 0x34, 0x00, 0x00, 0x00, 0x19, 0x00, 0x00, 0x00, 
  0x00, 0x00, 0x00, 0x02, 0x70, 0x00, 0x00, 0x00, 0x5c, 0xf1, 0xff, 0xff, 
  0x08, 0x00, 0x00, 0x00, 0x14, 0x00, 0x00, 0x00, 0x01, 0x00, 0x00, 0x00, 
  0x00, 0x00, 0x00, 0x00, 0x00, 0x00, 0x00, 0x00, 0x00, 0x00, 0x00, 0x00, 
  0x01, 0x00, 0x00, 0x00, 0x44, 0x6c, 0xad, 0x38, 0x42, 0x00, 0x00, 0x00, 
  0x73, 0x61, 0x66, 0x65, 0x62, 0x61, 0x6e, 0x64, 0x5f, 0x76, 0x32, 0x5f, 
  0x64, 0x65, 0x70, 0x6c, 0x6f, 0x79, 0x6d, 0x65, 0x6e, 0x74, 0x2f, 0x6d, 
  0x6f, 0x74, 0x69, 0x6f, 0x6e, 0x5f, 0x64, 0x65, 0x63, 0x6f, 0x64, 0x65, 
  0x72, 0x2f, 0x64, 0x65, 0x63, 0x5f, 0x67, 0x72, 0x75, 0x2f, 0x67, 0x72, 
  0x75, 0x5f, 0x63, 0x65, 0x6c, 0x6c, 0x5f, 0x32, 0x2f, 0x75, 0x6e, 0x73, 
  0x74, 0x61, 0x63, 0x6b, 0x31, 0x36, 0x00, 0x00, 0x01, 0x00, 0x00, 0x00, 
  0x0c, 0x00, 0x00, 0x00, 0x0a, 0xf3, 0xff, 0xff, 0x00, 0x00, 0x00, 0x01, 
  0x14, 0x00, 0x00, 0x00, 0x34, 0x00, 0x00, 0x00, 0x19, 0x00, 0x00, 0x00, 
  0x00, 0x00, 0x00, 0x02, 0x70, 0x00, 0x00, 0x00, 0xec, 0xf1, 0xff, 0xff, 
  0x08, 0x00, 0x00, 0x00, 0x14, 0x00, 0x00, 0x00, 0x01, 0x00, 0x00, 0x00, 
  0x00, 0x00, 0x00, 0x00, 0x00, 0x00, 0x00, 0x00, 0x00, 0x00, 0x00, 0x00, 
  0x01, 0x00, 0x00, 0x00, 0x44, 0x6c, 0xad, 0x38, 0x42, 0x00, 0x00, 0x00, 
  0x73, 0x61, 0x66, 0x65, 0x62, 0x61, 0x6e, 0x64, 0x5f, 0x76, 0x32, 0x5f, 
  0x64, 0x65, 0x70, 0x6c, 0x6f, 0x79, 0x6d, 0x65, 0x6e, 0x74, 0x2f, 0x6d, 
  0x6f, 0x74, 0x69, 0x6f, 0x6e, 0x5f, 0x64, 0x65, 0x63, 0x6f, 0x64, 0x65, 
  0x72, 0x2f, 0x64, 0x65, 0x63, 0x5f, 0x67, 0x72, 0x75, 0x2f, 0x67, 0x72, 
  0x75, 0x5f, 0x63, 0x65, 0x6c, 0x6c, 0x5f, 0x32, 0x2f, 0x75, 0x6e, 0x73, 
  0x74, 0x61, 0x63, 0x6b, 0x31, 0x35, 0x00, 0x00, 0x01, 0x00, 0x00, 0x00, 
  0x0c, 0x00, 0x00, 0x00, 0x9a, 0xf3, 0xff, 0xff, 0x00, 0x00, 0x00, 0x01, 
  0x14, 0x00, 0x00, 0x00, 0x34, 0x00, 0x00, 0x00, 0x19, 0x00, 0x00, 0x00, 
  0x00, 0x00, 0x00, 0x02, 0x70, 0x00, 0x00, 0x00, 0x7c, 0xf2, 0xff, 0xff, 
  0x08, 0x00, 0x00, 0x00, 0x14, 0x00, 0x00, 0x00, 0x01, 0x00, 0x00, 0x00, 
  0x00, 0x00, 0x00, 0x00, 0x00, 0x00, 0x00, 0x00, 0x00, 0x00, 0x00, 0x00, 
  0x01, 0x00, 0x00, 0x00, 0x44, 0x6c, 0xad, 0x38, 0x42, 0x00, 0x00, 0x00, 
  0x73, 0x61, 0x66, 0x65, 0x62, 0x61, 0x6e, 0x64, 0x5f, 0x76, 0x32, 0x5f, 
  0x64, 0x65, 0x70, 0x6c, 0x6f, 0x79, 0x6d, 0x65, 0x6e, 0x74, 0x2f, 0x6d, 
  0x6f, 0x74, 0x69, 0x6f, 0x6e, 0x5f, 0x64, 0x65, 0x63, 0x6f, 0x64, 0x65, 
  0x72, 0x2f, 0x64, 0x65, 0x63, 0x5f, 0x67, 0x72, 0x75, 0x2f, 0x67, 0x72, 
  0x75, 0x5f, 0x63, 0x65, 0x6c, 0x6c, 0x5f, 0x32, 0x2f, 0x75, 0x6e, 0x73, 
  0x74, 0x61, 0x63, 0x6b, 0x31, 0x34, 0x00, 0x00, 0x01, 0x00, 0x00, 0x00, 
  0x0c, 0x00, 0x00, 0x00, 0x2a, 0xf4, 0xff, 0xff, 0x00, 0x00, 0x00, 0x01, 
  0x14, 0x00, 0x00, 0x00, 0x34, 0x00, 0x00, 0x00, 0x19, 0x00, 0x00, 0x00, 
  0x00, 0x00, 0x00, 0x02, 0x70, 0x00, 0x00, 0x00, 0x0c, 0xf3, 0xff, 0xff, 
  0x08, 0x00, 0x00, 0x00, 0x14, 0x00, 0x00, 0x00, 0x01, 0x00, 0x00, 0x00, 
  0x00, 0x00, 0x00, 0x00, 0x00, 0x00, 0x00, 0x00, 0x00, 0x00, 0x00, 0x00, 
  0x01, 0x00, 0x00, 0x00, 0x44, 0x6c, 0xad, 0x38, 0x42, 0x00, 0x00, 0x00, 
  0x73, 0x61, 0x66, 0x65, 0x62, 0x61, 0x6e, 0x64, 0x5f, 0x76, 0x32, 0x5f, 
  0x64, 0x65, 0x70, 0x6c, 0x6f, 0x79, 0x6d, 0x65, 0x6e, 0x74, 0x2f, 0x6d, 
  0x6f, 0x74, 0x69, 0x6f, 0x6e, 0x5f, 0x64, 0x65, 0x63, 0x6f, 0x64, 0x65, 
  0x72, 0x2f, 0x64, 0x65, 0x63, 0x5f, 0x67, 0x72, 0x75, 0x2f, 0x67, 0x72, 
  0x75, 0x5f, 0x63, 0x65, 0x6c, 0x6c, 0x5f, 0x32, 0x2f, 0x75, 0x6e, 0x73, 
  0x74, 0x61, 0x63, 0x6b, 0x31, 0x33, 0x00, 0x00, 0x01, 0x00, 0x00, 0x00, 
  0x0c, 0x00, 0x00, 0x00, 0xba, 0xf4, 0xff, 0xff, 0x00, 0x00, 0x00, 0x01, 
  0x14, 0x00, 0x00, 0x00, 0x34, 0x00, 0x00, 0x00, 0x19, 0x00, 0x00, 0x00, 
  0x00, 0x00, 0x00, 0x02, 0x70, 0x00, 0x00, 0x00, 0x9c, 0xf3, 0xff, 0xff, 
  0x08, 0x00, 0x00, 0x00, 0x14, 0x00, 0x00, 0x00, 0x01, 0x00, 0x00, 0x00, 
  0x00, 0x00, 0x00, 0x00, 0x00, 0x00, 0x00, 0x00, 0x00, 0x00, 0x00, 0x00, 
  0x01, 0x00, 0x00, 0x00, 0x44, 0x6c, 0xad, 0x38, 0x42, 0x00, 0x00, 0x00, 
  0x73, 0x61, 0x66, 0x65, 0x62, 0x61, 0x6e, 0x64, 0x5f, 0x76, 0x32, 0x5f, 
  0x64, 0x65, 0x70, 0x6c, 0x6f, 0x79, 0x6d, 0x65, 0x6e, 0x74, 0x2f, 0x6d, 
  0x6f, 0x74, 0x69, 0x6f, 0x6e, 0x5f, 0x64, 0x65, 0x63, 0x6f, 0x64, 0x65, 
  0x72, 0x2f, 0x64, 0x65, 0x63, 0x5f, 0x67, 0x72, 0x75, 0x2f, 0x67, 0x72, 
  0x75, 0x5f, 0x63, 0x65, 0x6c, 0x6c, 0x5f, 0x32, 0x2f, 0x75, 0x6e, 0x73, 
  0x74, 0x61, 0x63, 0x6b, 0x31, 0x32, 0x00, 0x00, 0x01, 0x00, 0x00, 0x00, 
  0x0c, 0x00, 0x00, 0x00, 0x4a, 0xf5, 0xff, 0xff, 0x00, 0x00, 0x00, 0x01, 
  0x14, 0x00, 0x00, 0x00, 0x34, 0x00, 0x00, 0x00, 0x19, 0x00, 0x00, 0x00, 
  0x00, 0x00, 0x00, 0x02, 0x70, 0x00, 0x00, 0x00, 0x2c, 0xf4, 0xff, 0xff, 
  0x08, 0x00, 0x00, 0x00, 0x14, 0x00, 0x00, 0x00, 0x01, 0x00, 0x00, 0x00, 
  0x00, 0x00, 0x00, 0x00, 0x00, 0x00, 0x00, 0x00, 0x00, 0x00, 0x00, 0x00, 
  0x01, 0x00, 0x00, 0x00, 0x44, 0x6c, 0xad, 0x38, 0x42, 0x00, 0x00, 0x00, 
  0x73, 0x61, 0x66, 0x65, 0x62, 0x61, 0x6e, 0x64, 0x5f, 0x76, 0x32, 0x5f, 
  0x64, 0x65, 0x70, 0x6c, 0x6f, 0x79, 0x6d, 0x65, 0x6e, 0x74, 0x2f, 0x6d, 
  0x6f, 0x74, 0x69, 0x6f, 0x6e, 0x5f, 0x64, 0x65, 0x63, 0x6f, 0x64, 0x65, 
  0x72, 0x2f, 0x64, 0x65, 0x63, 0x5f, 0x67, 0x72, 0x75, 0x2f, 0x67, 0x72, 
  0x75, 0x5f, 0x63, 0x65, 0x6c, 0x6c, 0x5f, 0x32, 0x2f, 0x75, 0x6e, 0x73, 
  0x74, 0x61, 0x63, 0x6b, 0x31, 0x31, 0x00, 0x00, 0x01, 0x00, 0x00, 0x00, 
  0x0c, 0x00, 0x00, 0x00, 0xda, 0xf5, 0xff, 0xff, 0x00, 0x00, 0x00, 0x01, 
  0x14, 0x00, 0x00, 0x00, 0x34, 0x00, 0x00, 0x00, 0x19, 0x00, 0x00, 0x00, 
  0x00, 0x00, 0x00, 0x02, 0x70, 0x00, 0x00, 0x00, 0xbc, 0xf4, 0xff, 0xff, 
  0x08, 0x00, 0x00, 0x00, 0x14, 0x00, 0x00, 0x00, 0x01, 0x00, 0x00, 0x00, 
  0x00, 0x00, 0x00, 0x00, 0x00, 0x00, 0x00, 0x00, 0x00, 0x00, 0x00, 0x00, 
  0x01, 0x00, 0x00, 0x00, 0x44, 0x6c, 0xad, 0x38, 0x41, 0x00, 0x00, 0x00, 
  0x73, 0x61, 0x66, 0x65, 0x62, 0x61, 0x6e, 0x64, 0x5f, 0x76, 0x32, 0x5f, 
  0x64, 0x65, 0x70, 0x6c, 0x6f, 0x79, 0x6d, 0x65, 0x6e, 0x74, 0x2f, 0x6d, 
  0x6f, 0x74, 0x69, 0x6f, 0x6e, 0x5f, 0x64, 0x65, 0x63, 0x6f, 0x64, 0x65, 
  0x72, 0x2f, 0x64, 0x65, 0x63, 0x5f, 0x67, 0x72, 0x75, 0x2f, 0x67, 0x72, 
  0x75, 0x5f, 0x63, 0x65, 0x6c, 0x6c, 0x5f, 0x32, 0x2f, 0x75, 0x6e, 0x73, 
  0x74, 0x61, 0x63, 0x6b, 0x31, 0x00, 0x00, 0x00, 0x01, 0x00, 0x00, 0x00, 
  0x0c, 0x00, 0x00, 0x00, 0x6a, 0xf6, 0xff, 0xff, 0x00, 0x00, 0x00, 0x01, 
  0x14, 0x00, 0x00, 0x00, 0x34, 0x00, 0x00, 0x00, 0x18, 0x00, 0x00, 0x00, 
  0x00, 0x00, 0x00, 0x09, 0x7c, 0x00, 0x00, 0x00, 0x4c, 0xf5, 0xff, 0xff, 
  0x08, 0x00, 0x00, 0x00, 0x14, 0x00, 0x00, 0x00, 0x01, 0x00, 0x00, 0x00, 
  0x00, 0x00, 0x00, 0x00, 0x00, 0x00, 0x00, 0x00, 0x00, 0x00, 0x00, 0x00, 
  0x01, 0x00, 0x00, 0x00, 0xac, 0xb8, 0xf2, 0x3b, 0x4d, 0x00, 0x00, 0x00, 
  0x73, 0x61, 0x66, 0x65, 0x62, 0x61, 0x6e, 0x64, 0x5f, 0x76, 0x32, 0x5f, 
  0x64, 0x65, 0x70, 0x6c, 0x6f, 0x79, 0x6d, 0x65, 0x6e, 0x74, 0x2f, 0x6d, 
  0x6f, 0x74, 0x69, 0x6f, 0x6e, 0x5f, 0x64, 0x65, 0x63, 0x6f, 0x64, 0x65, 
  0x72, 0x2f, 0x64, 0x65, 0x63, 0x5f, 0x73, 0x65, 0x71, 0x5f, 0x72, 0x65, 
  0x63, 0x6f, 0x6e, 0x73, 0x74, 0x72, 0x75, 0x63, 0x74, 0x69, 0x6f, 0x6e, 
  0x2f, 0x54, 0x65, 0x6e, 0x73, 0x6f, 0x72, 0x64, 0x6f, 0x74, 0x2f, 0x4d, 
  0x61, 0x74, 0x4d, 0x75, 0x6c, 0x00, 0x00, 0x00, 0x02, 0x00, 0x00, 0x00, 
  0x84, 0x00, 0x00, 0x00, 0x04, 0x00, 0x00, 0x00, 0x0a, 0xf7, 0xff, 0xff, 
  0x00, 0x00, 0x00, 0x01, 0x14, 0x00, 0x00, 0x00, 0x34, 0x00, 0x00, 0x00, 
  0x17, 0x00, 0x00, 0x00, 0x00, 0x00, 0x00, 0x09, 0x80, 0x00, 0x00, 0x00, 
  0xec, 0xf5, 0xff, 0xff, 0x08, 0x00, 0x00, 0x00, 0x14, 0x00, 0x00, 0x00, 
  0x01, 0x00, 0x00, 0x00, 0x0e, 0x00, 0x00, 0x00, 0x00, 0x00, 0x00, 0x00, 
  0x00, 0x00, 0x00, 0x00, 0x01, 0x00, 0x00, 0x00, 0x09, 0x1d, 0x43, 0x3b, 
  0x53, 0x00, 0x00, 0x00, 0x73, 0x61, 0x66, 0x65, 0x62, 0x61, 0x6e, 0x64, 
  0x5f, 0x76, 0x32, 0x5f, 0x64, 0x65, 0x70, 0x6c, 0x6f, 0x79, 0x6d, 0x65, 
  0x6e, 0x74, 0x2f, 0x6d, 0x6f, 0x74, 0x69, 0x6f, 0x6e, 0x5f, 0x64, 0x65, 
  0x63, 0x6f, 0x64, 0x65, 0x72, 0x2f, 0x64, 0x65, 0x63, 0x5f, 0x73, 0x65, 
  0x71, 0x5f, 0x72, 0x65, 0x63, 0x6f, 0x6e, 0x73, 0x74, 0x72, 0x75, 0x63, 
  0x74, 0x69, 0x6f, 0x6e, 0x2f, 0x42, 0x69, 0x61, 0x73, 0x41, 0x64, 0x64, 
  0x2f, 0x52, 0x65, 0x61, 0x64, 0x56, 0x61, 0x72, 0x69, 0x61, 0x62, 0x6c, 
  0x65, 0x4f, 0x70, 0x00, 0x01, 0x00, 0x00, 0x00, 0x84, 0x00, 0x00, 0x00, 
  0xaa, 0xf7, 0xff, 0xff, 0x00, 0x00, 0x00, 0x01, 0x14, 0x00, 0x00, 0x00, 
  0x14, 0x00, 0x00, 0x00, 0x16, 0x00, 0x00, 0x00, 0x00, 0x00, 0x00, 0x02, 
  0x50, 0x00, 0x00, 0x00, 0x94, 0xf7, 0xff, 0xff, 0x42, 0x00, 0x00, 0x00, 
  0x73, 0x61, 0x66, 0x65, 0x62, 0x61, 0x6e, 0x64, 0x5f, 0x76, 0x32, 0x5f, 
  0x64, 0x65, 0x70, 0x6c, 0x6f, 0x79, 0x6d, 0x65, 0x6e, 0x74, 0x2f, 0x72, 
  0x65, 0x63, 0x6f, 0x6e, 0x73, 0x74, 0x72, 0x75, 0x63, 0x74, 0x69, 0x6f, 
  0x6e, 0x5f, 0x65, 0x72, 0x72, 0x6f, 0x72, 0x2f, 0x4d, 0x65, 0x61, 0x6e, 
  0x2f, 0x72, 0x65, 0x64, 0x75, 0x63, 0x74, 0x69, 0x6f, 0x6e, 0x5f, 0x69, 
  0x6e, 0x64, 0x69, 0x63, 0x65, 0x73, 0x00, 0x00, 0x01, 0x00, 0x00, 0x00, 
  0x02, 0x00, 0x00, 0x00, 0x1a, 0xf8, 0xff, 0xff, 0x00, 0x00, 0x00, 0x01, 
  0x14, 0x00, 0x00, 0x00, 0x14, 0x00, 0x00, 0x00, 0x07, 0x00, 0x00, 0x00, 
  0x00, 0x00, 0x00, 0x02, 0x58, 0x00, 0x00, 0x00, 0x04, 0xf8, 0xff, 0xff, 
  0x4b, 0x00, 0x00, 0x00, 0x73, 0x61, 0x66, 0x65, 0x62, 0x61, 0x6e, 0x64, 
  0x5f, 0x76, 0x32, 0x5f, 0x64, 0x65, 0x70, 0x6c, 0x6f, 0x79, 0x6d, 0x65, 
  0x6e, 0x74, 0x2f, 0x6d, 0x6f, 0x74, 0x69, 0x6f, 0x6e, 0x5f, 0x64, 0x65, 
  0x63, 0x6f, 0x64, 0x65, 0x72, 0x2f, 0x64, 0x65, 0x63, 0x5f, 0x73, 0x65, 
  0x71, 0x5f, 0x72, 0x65, 0x63, 0x6f, 0x6e, 0x73, 0x74, 0x72, 0x75, 0x63, 
  0x74, 0x69, 0x6f, 0x6e, 0x2f, 0x54, 0x65, 0x6e, 0x73, 0x6f, 0x72, 0x64, 
  0x6f, 0x74, 0x2f, 0x61, 0x78, 0x65, 0x73, 0x00, 0x01, 0x00, 0x00, 0x00, 
  0x01, 0x00, 0x00, 0x00, 0x92, 0xf8, 0xff, 0xff, 0x00, 0x00, 0x00, 0x01, 
  0x14, 0x00, 0x00, 0x00, 0x14, 0x00, 0x00, 0x00, 0x14, 0x00, 0x00, 0x00, 
  0x00, 0x00, 0x00, 0x02, 0x5c, 0x00, 0x00, 0x00, 0x7c, 0xf8, 0xff, 0xff, 
  0x4e, 0x00, 0x00, 0x00, 0x73, 0x61, 0x66, 0x65, 0x62, 0x61, 0x6e, 0x64, 
  0x5f, 0x76, 0x32, 0x5f, 0x64, 0x65, 0x70, 0x6c, 0x6f, 0x79, 0x6d, 0x65, 
  0x6e, 0x74, 0x2f, 0x6d, 0x6f, 0x74, 0x69, 0x6f, 0x6e, 0x5f, 0x64, 0x65, 
  0x63, 0x6f, 0x64, 0x65, 0x72, 0x2f, 0x64, 0x65, 0x63, 0x5f, 0x73, 0x65, 
  0x71, 0x5f, 0x72, 0x65, 0x63, 0x6f, 0x6e, 0x73, 0x74, 0x72, 0x75, 0x63, 
  0x74, 0x69, 0x6f, 0x6e, 0x2f, 0x54, 0x65, 0x6e, 0x73, 0x6f, 0x72, 0x64, 
  0x6f, 0x74, 0x2f, 0x43, 0x6f, 0x6e, 0x73, 0x74, 0x5f, 0x32, 0x00, 0x00, 
  0x01, 0x00, 0x00, 0x00, 0x01, 0x00, 0x00, 0x00, 0x0e, 0xf9, 0xff, 0xff, 
  0x00, 0x00, 0x00, 0x01, 0x14, 0x00, 0x00, 0x00, 0x14, 0x00, 0x00, 0x00, 
  0x13, 0x00, 0x00, 0x00, 0x00, 0x00, 0x00, 0x02, 0x58, 0x00, 0x00, 0x00, 
  0xf8, 0xf8, 0xff, 0xff, 0x4b, 0x00, 0x00, 0x00, 0x73, 0x61, 0x66, 0x65, 
  0x62, 0x61, 0x6e, 0x64, 0x5f, 0x76, 0x32, 0x5f, 0x64, 0x65, 0x70, 0x6c, 
  0x6f, 0x79, 0x6d, 0x65, 0x6e, 0x74, 0x2f, 0x6d, 0x6f, 0x74, 0x69, 0x6f, 
  0x6e, 0x5f, 0x64, 0x65, 0x63, 0x6f, 0x64, 0x65, 0x72, 0x2f, 0x64, 0x65, 
  0x63, 0x5f, 0x73, 0x65, 0x71, 0x5f, 0x72, 0x65, 0x63, 0x6f, 0x6e, 0x73, 
  0x74, 0x72, 0x75, 0x63, 0x74, 0x69, 0x6f, 0x6e, 0x2f, 0x54, 0x65, 0x6e, 
  0x73, 0x6f, 0x72, 0x64, 0x6f, 0x74, 0x2f, 0x66, 0x72, 0x65, 0x65, 0x00, 
  0x01, 0x00, 0x00, 0x00, 0x02, 0x00, 0x00, 0x00, 0x86, 0xf9, 0xff, 0xff, 
  0x00, 0x00, 0x00, 0x01, 0x14, 0x00, 0x00, 0x00, 0x14, 0x00, 0x00, 0x00, 
  0x12, 0x00, 0x00, 0x00, 0x00, 0x00, 0x00, 0x02, 0x44, 0x00, 0x00, 0x00, 
  0x70, 0xf9, 0xff, 0xff, 0x36, 0x00, 0x00, 0x00, 0x73, 0x61, 0x66, 0x65, 
  0x62, 0x61, 0x6e, 0x64, 0x5f, 0x76, 0x32, 0x5f, 0x64, 0x65, 0x70, 0x6c, 
  0x6f, 0x79, 0x6d, 0x65, 0x6e, 0x74, 0x2f, 0x6d, 0x6f, 0x74, 0x69, 0x6f, 
  0x6e, 0x5f, 0x64, 0x65, 0x63, 0x6f, 0x64, 0x65, 0x72, 0x2f, 0x64, 0x65, 
  0x63, 0x5f, 0x72, 0x65, 0x70, 0x65, 0x61, 0x74, 0x2f, 0x73, 0x74, 0x61, 
  0x63, 0x6b, 0x00, 0x00, 0x01, 0x00, 0x00, 0x00, 0x03, 0x00, 0x00, 0x00, 
  0xea, 0xf9, 0xff, 0xff, 0x00, 0x00, 0x00, 0x01, 0x14, 0x00, 0x00, 0x00, 
  0x14, 0x00, 0x00, 0x00, 0x11, 0x00, 0x00, 0x00, 0x00, 0x00, 0x00, 0x02, 
  0x4c, 0x00, 0x00, 0x00, 0xd4, 0xf9, 0xff, 0xff, 0x3e, 0x00, 0x00, 0x00, 
  0x73, 0x61, 0x66, 0x65, 0x62, 0x61, 0x6e, 0x64, 0x5f, 0x76, 0x32, 0x5f, 
  0x64, 0x65, 0x70, 0x6c, 0x6f, 0x79, 0x6d, 0x65, 0x6e, 0x74, 0x2f, 0x6d, 
  0x6f, 0x74, 0x69, 0x6f, 0x6e, 0x5f, 0x64, 0x65, 0x63, 0x6f, 0x64, 0x65, 
  0x72, 0x2f, 0x64, 0x65, 0x63, 0x5f, 0x67, 0x72, 0x75, 0x2f, 0x67, 0x72, 
  0x75, 0x5f, 0x63, 0x65, 0x6c, 0x6c, 0x5f, 0x32, 0x2f, 0x43, 0x6f, 0x6e, 
  0x73, 0x74, 0x00, 0x00, 0x01, 0x00, 0x00, 0x00, 0x03, 0x00, 0x00, 0x00, 
  0x56, 0xfa, 0xff, 0xff, 0x00, 0x00, 0x00, 0x01, 0x14, 0x00, 0x00, 0x00, 
  0x14, 0x00, 0x00, 0x00, 0x10, 0x00, 0x00, 0x00, 0x00, 0x00, 0x00, 0x02, 
  0x4c, 0x00, 0x00, 0x00, 0x40, 0xfa, 0xff, 0xff, 0x3c, 0x00, 0x00, 0x00, 
  0x73, 0x61, 0x66, 0x65, 0x62, 0x61, 0x6e, 0x64, 0x5f, 0x76, 0x32, 0x5f, 
  0x64, 0x65, 0x70, 0x6c, 0x6f, 0x79, 0x6d, 0x65, 0x6e, 0x74, 0x2f, 0x6d, 
  0x6f, 0x74, 0x69, 0x6f, 0x6e, 0x5f, 0x64, 0x65, 0x63, 0x6f, 0x64, 0x65, 
  0x72, 0x2f, 0x64, 0x65, 0x63, 0x5f, 0x67, 0x72, 0x75, 0x2f, 0x7a, 0x65, 
  0x72, 0x6f, 0x73, 0x2f, 0x70, 0x61, 0x63, 0x6b, 0x65, 0x64, 0x2f, 0x31, 
  0x00, 0x00, 0x00, 0x00, 0x00, 0x00, 0x00, 0x00, 0xbe, 0xfa, 0xff, 0xff, 
  0x00, 0x00, 0x00, 0x01, 0x14, 0x00, 0x00, 0x00, 0x14, 0x00, 0x00, 0x00, 
  0x0f, 0x00, 0x00, 0x00, 0x00, 0x00, 0x00, 0x02, 0x4c, 0x00, 0x00, 0x00, 
  0xa8, 0xfa, 0xff, 0xff, 0x3c, 0x00, 0x00, 0x00, 0x73, 0x61, 0x66, 0x65, 
  0x62, 0x61, 0x6e, 0x64, 0x5f, 0x76, 0x32, 0x5f, 0x64, 0x65, 0x70, 0x6c, 
  0x6f, 0x79, 0x6d, 0x65, 0x6e, 0x74, 0x2f, 0x6d, 0x6f, 0x74, 0x69, 0x6f, 
  0x6e, 0x5f, 0x64, 0x65, 0x63, 0x6f, 0x64, 0x65, 0x72, 0x2f, 0x64, 0x65, 
  0x63, 0x5f, 0x67, 0x72, 0x75, 0x2f, 0x74, 0x72, 0x61, 0x6e, 0x73, 0x70, 
  0x6f, 0x73, 0x65, 0x2f, 0x70, 0x65, 0x72, 0x6d, 0x00, 0x00, 0x00, 0x00, 
  0x01, 0x00, 0x00, 0x00, 0x03, 0x00, 0x00, 0x00, 0x2a, 0xfb, 0xff, 0xff, 
  0x00, 0x00, 0x00, 0x01, 0x14, 0x00, 0x00, 0x00, 0x14, 0x00, 0x00, 0x00, 
  0x0e, 0x00, 0x00, 0x00, 0x00, 0x00, 0x00, 0x02, 0x58, 0x00, 0x00, 0x00, 
  0x14, 0xfb, 0xff, 0xff, 0x48, 0x00, 0x00, 0x00, 0x73, 0x61, 0x66, 0x65, 
  0x62, 0x61, 0x6e, 0x64, 0x5f, 0x76, 0x32, 0x5f, 0x64, 0x65, 0x70, 0x6c, 
  0x6f, 0x79, 0x6d, 0x65, 0x6e, 0x74, 0x2f, 0x6d, 0x6f, 0x74, 0x69, 0x6f, 
  0x6e, 0x5f, 0x64, 0x65, 0x63, 0x6f, 0x64, 0x65, 0x72, 0x2f, 0x64, 0x65, 
  0x63, 0x5f, 0x67, 0x72, 0x75, 0x2f, 0x67, 0x72, 0x75, 0x5f, 0x63, 0x65, 
  0x6c, 0x6c, 0x5f, 0x32, 0x2f, 0x73, 0x70, 0x6c, 0x69, 0x74, 0x2f, 0x73, 
  0x70, 0x6c, 0x69, 0x74, 0x5f, 0x64, 0x69, 0x6d, 0x00, 0x00, 0x00, 0x00, 
  0x00, 0x00, 0x00, 0x00, 0x9e, 0xfb, 0xff, 0xff, 0x00, 0x00, 0x00, 0x01, 
  0x14, 0x00, 0x00, 0x00, 0x14, 0x00, 0x00, 0x00, 0x0d, 0x00, 0x00, 0x00, 
  0x00, 0x00, 0x00, 0x02, 0x50, 0x00, 0x00, 0x00, 0x88, 0xfb, 0xff, 0xff, 
  0x41, 0x00, 0x00, 0x00, 0x73, 0x61, 0x66, 0x65, 0x62, 0x61, 0x6e, 0x64, 
  0x5f, 0x76, 0x32, 0x5f, 0x64, 0x65, 0x70, 0x6c, 0x6f, 0x79, 0x6d, 0x65, 
  0x6e, 0x74, 0x2f, 0x6d, 0x6f, 0x74, 0x69, 0x6f, 0x6e, 0x5f, 0x65, 0x6e, 
  0x63, 0x6f, 0x64, 0x65, 0x72, 0x2f, 0x65, 0x6e, 0x63, 0x5f, 0x73, 0x65, 
  0x71, 0x5f, 0x67, 0x72, 0x75, 0x31, 0x2f, 0x67, 0x72, 0x75, 0x5f, 0x63, 
  0x65, 0x6c, 0x6c, 0x2f, 0x43, 0x6f, 0x6e, 0x73, 0x74, 0x00, 0x00, 0x00, 
  0x01, 0x00, 0x00, 0x00, 0x03, 0x00, 0x00, 0x00, 0x0e, 0xfc, 0xff, 0xff, 
  0x00, 0x00, 0x00, 0x01, 0x14, 0x00, 0x00, 0x00, 0x14, 0x00, 0x00, 0x00, 
  0x0c, 0x00, 0x00, 0x00, 0x00, 0x00, 0x00, 0x02, 0x50, 0x00, 0x00, 0x00, 
  0xf8, 0xfb, 0xff, 0xff, 0x41, 0x00, 0x00, 0x00, 0x73, 0x61, 0x66, 0x65, 
  0x62, 0x61, 0x6e, 0x64, 0x5f, 0x76, 0x32, 0x5f, 0x64, 0x65, 0x70, 0x6c, 
  0x6f, 0x79, 0x6d, 0x65, 0x6e, 0x74, 0x2f, 0x6d, 0x6f, 0x74, 0x69, 0x6f, 
  0x6e, 0x5f, 0x65, 0x6e, 0x63, 0x6f, 0x64, 0x65, 0x72, 0x2f, 0x65, 0x6e, 
  0x63, 0x5f, 0x73, 0x65, 0x71, 0x5f, 0x67, 0x72, 0x75, 0x31, 0x2f, 0x7a, 
  0x65, 0x72, 0x6f, 0x73, 0x2f, 0x70, 0x61, 0x63, 0x6b, 0x65, 0x64, 0x2f, 
  0x31, 0x00, 0x00, 0x00, 0x00, 0x00, 0x00, 0x00, 0x7a, 0xfc, 0xff, 0xff, 
  0x00, 0x00, 0x00, 0x01, 0x14, 0x00, 0x00, 0x00, 0x14, 0x00, 0x00, 0x00, 
  0x03, 0x00, 0x00, 0x00, 0x00, 0x00, 0x00, 0x02, 0x50, 0x00, 0x00, 0x00, 
  0x64, 0xfc, 0xff, 0xff, 0x43, 0x00, 0x00, 0x00, 0x73, 0x61, 0x66, 0x65, 
  0x62, 0x61, 0x6e, 0x64, 0x5f, 0x76, 0x32, 0x5f, 0x64, 0x65, 0x70, 0x6c, 
  0x6f, 0x79, 0x6d, 0x65, 0x6e, 0x74, 0x2f, 0x6d, 0x6f, 0x74, 0x69, 0x6f, 
  0x6e, 0x5f, 0x64, 0x65, 0x63, 0x6f, 0x64, 0x65, 0x72, 0x2f, 0x64, 0x65, 
  0x63, 0x5f, 0x67, 0x72, 0x75, 0x2f, 0x73, 0x74, 0x72, 0x69, 0x64, 0x65, 
  0x64, 0x5f, 0x73, 0x6c, 0x69, 0x63, 0x65, 0x2f, 0x73, 0x74, 0x61, 0x63, 
  0x6b, 0x5f, 0x31, 0x00, 0x01, 0x00, 0x00, 0x00, 0x01, 0x00, 0x00, 0x00, 
  0xea, 0xfc, 0xff, 0xff, 0x00, 0x00, 0x00, 0x01, 0x14, 0x00, 0x00, 0x00, 
  0x14, 0x00, 0x00, 0x00, 0x0a, 0x00, 0x00, 0x00, 0x00, 0x00, 0x00, 0x02, 
  0x50, 0x00, 0x00, 0x00, 0xd4, 0xfc, 0xff, 0xff, 0x41, 0x00, 0x00, 0x00, 
  0x73, 0x61, 0x66, 0x65, 0x62, 0x61, 0x6e, 0x64, 0x5f, 0x76, 0x32, 0x5f, 
  0x64, 0x65, 0x70, 0x6c, 0x6f, 0x79, 0x6d, 0x65, 0x6e, 0x74, 0x2f, 0x6d, 
  0x6f, 0x74, 0x69, 0x6f, 0x6e, 0x5f, 0x64, 0x65, 0x63, 0x6f, 0x64, 0x65, 
  0x72, 0x2f, 0x64, 0x65, 0x63, 0x5f, 0x67, 0x72, 0x75, 0x2f, 0x73, 0x74, 
  0x72, 0x69, 0x64, 0x65, 0x64, 0x5f, 0x73, 0x6c, 0x69, 0x63, 0x65, 0x2f, 
  0x73, 0x74, 0x61, 0x63, 0x6b, 0x00, 0x00, 0x00, 0x01, 0x00, 0x00, 0x00, 
  0x01, 0x00, 0x00, 0x00, 0x5a, 0xfd, 0xff, 0xff, 0x00, 0x00, 0x00, 0x01, 
  0x14, 0x00, 0x00, 0x00, 0x14, 0x00, 0x00, 0x00, 0x09, 0x00, 0x00, 0x00, 
  0x00, 0x00, 0x00, 0x02, 0x54, 0x00, 0x00, 0x00, 0x44, 0xfd, 0xff, 0xff, 
  0x45, 0x00, 0x00, 0x00, 0x73, 0x61, 0x66, 0x65, 0x62, 0x61, 0x6e, 0x64, 
  0x5f, 0x76, 0x32, 0x5f, 0x64, 0x65, 0x70, 0x6c, 0x6f, 0x79, 0x6d, 0x65, 
  0x6e, 0x74, 0x2f, 0x6d, 0x6f, 0x74, 0x69, 0x6f, 0x6e, 0x5f, 0x65, 0x6e, 
  0x63, 0x6f, 0x64, 0x65, 0x72, 0x2f, 0x65, 0x6e, 0x63, 0x5f, 0x73, 0x65, 
  0x71, 0x5f, 0x70, 0x77, 0x5f, 0x63, 0x6f, 0x6e, 0x76, 0x32, 0x2f, 0x43, 
  0x6f, 0x6e, 0x76, 0x31, 0x44, 0x2f, 0x53, 0x71, 0x75, 0x65, 0x65, 0x7a, 
  0x65, 0x00, 0x00, 0x00, 0x01, 0x00, 0x00, 0x00, 0x03, 0x00, 0x00, 0x00, 
  0xce, 0xfd, 0xff, 0xff, 0x00, 0x00, 0x00, 0x01, 0x14, 0x00, 0x00, 0x00, 
  0x14, 0x00, 0x00, 0x00, 0x08, 0x00, 0x00, 0x00, 0x00, 0x00, 0x00, 0x02, 
  0x4c, 0x00, 0x00, 0x00, 0xb8, 0xfd, 0xff, 0xff, 0x3e, 0x00, 0x00, 0x00, 
  0x73, 0x61, 0x66, 0x65, 0x62, 0x61, 0x6e, 0x64, 0x5f, 0x76, 0x32, 0x5f, 
  0x64, 0x65, 0x70, 0x6c, 0x6f, 0x79, 0x6d, 0x65, 0x6e, 0x74, 0x2f, 0x6d, 
  0x6f, 0x74, 0x69, 0x6f, 0x6e, 0x5f, 0x65, 0x6e, 0x63, 0x6f, 0x64, 0x65, 
  0x72, 0x2f, 0x65, 0x6e, 0x63, 0x5f, 0x73, 0x65, 0x71, 0x5f, 0x64, 0x77, 
  0x5f, 0x63, 0x6f, 0x6e, 0x76, 0x32, 0x2f, 0x53, 0x71, 0x75, 0x65, 0x65, 
  0x7a, 0x65, 0x00, 0x00, 0x01, 0x00, 0x00, 0x00, 0x03, 0x00, 0x00, 0x00, 
  0x3a, 0xfe, 0xff, 0xff, 0x00, 0x00, 0x00, 0x01, 0x14, 0x00, 0x00, 0x00, 
  0x14, 0x00, 0x00, 0x00, 0x07, 0x00, 0x00, 0x00, 0x00, 0x00, 0x00, 0x02, 
  0x50, 0x00, 0x00, 0x00, 0x24, 0xfe, 0xff, 0xff, 0x42, 0x00, 0x00, 0x00, 
  0x73, 0x61, 0x66, 0x65, 0x62, 0x61, 0x6e, 0x64, 0x5f, 0x76, 0x32, 0x5f, 
  0x64, 0x65, 0x70, 0x6c, 0x6f, 0x79, 0x6d, 0x65, 0x6e, 0x74, 0x2f, 0x6d, 
  0x6f, 0x74, 0x69, 0x6f, 0x6e, 0x5f, 0x65, 0x6e, 0x63, 0x6f, 0x64, 0x65, 
  0x72, 0x2f, 0x65, 0x6e, 0x63, 0x5f, 0x73, 0x65, 0x71, 0x5f, 0x70, 0x6f, 
  0x6f, 0x6c, 0x31, 0x2f, 0x45, 0x78, 0x70, 0x61, 0x6e, 0x64, 0x44, 0x69, 
  0x6d, 0x73, 0x2f, 0x64, 0x69, 0x6d, 0x00, 0x00, 0x00, 0x00, 0x00, 0x00, 
  0xa6, 0xfe, 0xff, 0xff, 0x00, 0x00, 0x00, 0x01, 0x14, 0x00, 0x00, 0x00, 
  0x14, 0x00, 0x00, 0x00, 0x06, 0x00, 0x00, 0x00, 0x00, 0x00, 0x00, 0x02, 
  0x54, 0x00, 0x00, 0x00, 0x90, 0xfe, 0xff, 0xff, 0x45, 0x00, 0x00, 0x00, 
  0x73, 0x61, 0x66, 0x65, 0x62, 0x61, 0x6e, 0x64, 0x5f, 0x76, 0x32, 0x5f, 
  0x64, 0x65, 0x70, 0x6c, 0x6f, 0x79, 0x6d, 0x65, 0x6e, 0x74, 0x2f, 0x6d, 
  0x6f, 0x74, 0x69, 0x6f, 0x6e, 0x5f, 0x65, 0x6e, 0x63, 0x6f, 0x64, 0x65, 
  0x72, 0x2f, 0x65, 0x6e, 0x63, 0x5f, 0x73, 0x65, 0x71, 0x5f, 0x70, 0x77, 
  0x5f, 0x63, 0x6f, 0x6e, 0x76, 0x31, 0x2f, 0x43, 0x6f, 0x6e, 0x76, 0x31, 
  0x44, 0x2f, 0x53, 0x71, 0x75, 0x65, 0x65, 0x7a, 0x65, 0x00, 0x00, 0x00, 
  0x01, 0x00, 0x00, 0x00, 0x03, 0x00, 0x00, 0x00, 0x1a, 0xff, 0xff, 0xff, 
  0x00, 0x00, 0x00, 0x01, 0x14, 0x00, 0x00, 0x00, 0x14, 0x00, 0x00, 0x00, 
  0x05, 0x00, 0x00, 0x00, 0x00, 0x00, 0x00, 0x02, 0x5c, 0x00, 0x00, 0x00, 
  0x04, 0xff, 0xff, 0xff, 0x4c, 0x00, 0x00, 0x00, 0x73, 0x61, 0x66, 0x65, 
  0x62, 0x61, 0x6e, 0x64, 0x5f, 0x76, 0x32, 0x5f, 0x64, 0x65, 0x70, 0x6c, 
  0x6f, 0x79, 0x6d, 0x65, 0x6e, 0x74, 0x2f, 0x6d, 0x6f, 0x74, 0x69, 0x6f, 
  0x6e, 0x5f, 0x65, 0x6e, 0x63, 0x6f, 0x64, 0x65, 0x72, 0x2f, 0x65, 0x6e, 
  0x63, 0x5f, 0x73, 0x65, 0x71, 0x5f, 0x70, 0x77, 0x5f, 0x63, 0x6f, 0x6e, 
  0x76, 0x31, 0x2f, 0x43, 0x6f, 0x6e, 0x76, 0x31, 0x44, 0x2f, 0x45, 0x78, 
  0x70, 0x61, 0x6e, 0x64, 0x44, 0x69, 0x6d, 0x73, 0x2f, 0x64, 0x69, 0x6d, 
  0x00, 0x00, 0x00, 0x00, 0x00, 0x00, 0x00, 0x00, 0x92, 0xff, 0xff, 0xff, 
  0x00, 0x00, 0x00, 0x01, 0x14, 0x00, 0x00, 0x00, 0x14, 0x00, 0x00, 0x00, 
  0x04, 0x00, 0x00, 0x00, 0x00, 0x00, 0x00, 0x02, 0x4c, 0x00, 0x00, 0x00, 
  0x7c, 0xff, 0xff, 0xff, 0x3e, 0x00, 0x00, 0x00, 0x73, 0x61, 0x66, 0x65, 
  0x62, 0x61, 0x6e, 0x64, 0x5f, 0x76, 0x32, 0x5f, 0x64, 0x65, 0x70, 0x6c, 
  0x6f, 0x79, 0x6d, 0x65, 0x6e, 0x74, 0x2f, 0x6d, 0x6f, 0x74, 0x69, 0x6f, 
  0x6e, 0x5f, 0x65, 0x6e, 0x63, 0x6f, 0x64, 0x65, 0x72, 0x2f, 0x65, 0x6e, 
  0x63, 0x5f, 0x73, 0x65, 0x71, 0x5f, 0x64, 0x77, 0x5f, 0x63, 0x6f, 0x6e, 
  0x76, 0x31, 0x2f, 0x53, 0x71, 0x75, 0x65, 0x65, 0x7a, 0x65, 0x00, 0x00, 
  0x01, 0x00, 0x00, 0x00, 0x03, 0x00, 0x00, 0x00, 0x00, 0x00, 0x16, 0x00, 
  0x1c, 0x00, 0x18, 0x00, 0x17, 0x00, 0x10, 0x00, 0x0c, 0x00, 0x08, 0x00, 
  0x00, 0x00, 0x00, 0x00, 0x00, 0x00, 0x07, 0x00, 0x16, 0x00, 0x00, 0x00, 
  0x00, 0x00, 0x00, 0x01, 0x18, 0x00, 0x00, 0x00, 0x18, 0x00, 0x00, 0x00, 
  0x03, 0x00, 0x00, 0x00, 0x00, 0x00, 0x00, 0x02, 0x40, 0x00, 0x00, 0x00, 
  0x04, 0x00, 0x04, 0x00, 0x04, 0x00, 0x00, 0x00, 0x2f, 0x00, 0x00, 0x00, 
  0x73, 0x61, 0x66, 0x65, 0x62, 0x61, 0x6e, 0x64, 0x5f, 0x76, 0x32, 0x5f, 
  0x64, 0x65, 0x70, 0x6c, 0x6f, 0x79, 0x6d, 0x65, 0x6e, 0x74, 0x2f, 0x66, 
  0x75, 0x73, 0x65, 0x64, 0x5f, 0x6c, 0x61, 0x74, 0x65, 0x6e, 0x74, 0x2f, 
  0x63, 0x6f, 0x6e, 0x63, 0x61, 0x74, 0x2f, 0x61, 0x78, 0x69, 0x73, 0x00, 
  0x00, 0x00, 0x00, 0x00, 0x7e, 0xff, 0xff, 0xff, 0x00, 0x00, 0x00, 0x01, 
  0x18, 0x00, 0x00, 0x00, 0x20, 0x00, 0x00, 0x00, 0x40, 0x00, 0x00, 0x00, 
  0x02, 0x00, 0x00, 0x00, 0x00, 0x00, 0x00, 0x09, 0x58, 0x00, 0x00, 0x00, 
  0x02, 0x00, 0x00, 0x00, 0xff, 0xff, 0xff, 0xff, 0x0c, 0x00, 0x00, 0x00, 
  0x64, 0xff, 0xff, 0xff, 0x08, 0x00, 0x00, 0x00, 0x14, 0x00, 0x00, 0x00, 
  0x01, 0x00, 0x00, 0x00, 0xf3, 0xff, 0xff, 0xff, 0xff, 0xff, 0xff, 0xff, 
  0x00, 0x00, 0x00, 0x00, 0x01, 0x00, 0x00, 0x00, 0x82, 0xc7, 0x3d, 0x3d, 
  0x1e, 0x00, 0x00, 0x00, 0x73, 0x65, 0x72, 0x76, 0x69, 0x6e, 0x67, 0x5f, 
  0x64, 0x65, 0x66, 0x61, 0x75, 0x6c, 0x74, 0x5f, 0x67, 0x6c, 0x6f, 0x62, 
  0x61, 0x6c, 0x5f, 0x69, 0x6e, 0x70, 0x75, 0x74, 0x3a, 0x30, 0x00, 0x00, 
  0x02, 0x00, 0x00, 0x00, 0x01, 0x00, 0x00, 0x00, 0x0c, 0x00, 0x00, 0x00, 
  0x00, 0x00, 0x16, 0x00, 0x20, 0x00, 0x1c, 0x00, 0x1b, 0x00, 0x14, 0x00, 
  0x10, 0x00, 0x0c, 0x00, 0x00, 0x00, 0x00, 0x00, 0x08, 0x00, 0x07, 0x00, 
  0x16, 0x00, 0x00, 0x00, 0x00, 0x00, 0x00, 0x01, 0x18, 0x00, 0x00, 0x00, 
  0x30, 0x00, 0x00, 0x00, 0x4c, 0x00, 0x00, 0x00, 0x01, 0x00, 0x00, 0x00, 
  0x00, 0x00, 0x00, 0x09, 0x68, 0x00, 0x00, 0x00, 0x03, 0x00, 0x00, 0x00, 
  0xff, 0xff, 0xff, 0xff, 0x0a, 0x00, 0x00, 0x00, 0x84, 0x00, 0x00, 0x00, 
  0x0c, 0x00, 0x0c, 0x00, 0x00, 0x00, 0x00, 0x00, 0x08, 0x00, 0x04, 0x00, 
  0x0c, 0x00, 0x00, 0x00, 0x08, 0x00, 0x00, 0x00, 0x10, 0x00, 0x00, 0x00, 
  0x01, 0x00, 0x00, 0x00, 0xe8, 0xff, 0xff, 0xff, 0xff, 0xff, 0xff, 0xff, 
  0x01, 0x00, 0x00, 0x00, 0xea, 0xbe, 0xbd, 0x3d, 0x20, 0x00, 0x00, 0x00, 
  0x73, 0x65, 0x72, 0x76, 0x69, 0x6e, 0x67, 0x5f, 0x64, 0x65, 0x66, 0x61, 
  0x75, 0x6c, 0x74, 0x5f, 0x73, 0x65, 0x71, 0x75, 0x65, 0x6e, 0x63, 0x65, 
  0x5f, 0x69, 0x6e, 0x70, 0x75, 0x74, 0x3a, 0x30, 0x00, 0x00, 0x00, 0x00, 
  0x03, 0x00, 0x00, 0x00, 0x01, 0x00, 0x00, 0x00, 0x0a, 0x00, 0x00, 0x00, 
  0x84, 0x00, 0x00, 0x00, 0x1b, 0x00, 0x00, 0x00, 0x14, 0x02, 0x00, 0x00, 
  0xf8, 0x01, 0x00, 0x00, 0xd8, 0x01, 0x00, 0x00, 0xc8, 0x01, 0x00, 0x00, 
  0xb4, 0x01, 0x00, 0x00, 0xa0, 0x01, 0x00, 0x00, 0x90, 0x01, 0x00, 0x00, 
  0x80, 0x01, 0x00, 0x00, 0x6c, 0x01, 0x00, 0x00, 0x58, 0x01, 0x00, 0x00, 
  0x44, 0x01, 0x00, 0x00, 0x30, 0x01, 0x00, 0x00, 0x1c, 0x01, 0x00, 0x00, 
  0x08, 0x01, 0x00, 0x00, 0xfc, 0x00, 0x00, 0x00, 0xe0, 0x00, 0x00, 0x00, 
  0xc0, 0x00, 0x00, 0x00, 0xac, 0x00, 0x00, 0x00, 0x98, 0x00, 0x00, 0x00, 
  0x84, 0x00, 0x00, 0x00, 0x74, 0x00, 0x00, 0x00, 0x60, 0x00, 0x00, 0x00, 
  0x4c, 0x00, 0x00, 0x00, 0x3c, 0x00, 0x00, 0x00, 0x2c, 0x00, 0x00, 0x00, 
  0x18, 0x00, 0x00, 0x00, 0x04, 0x00, 0x00, 0x00, 0x64, 0xfe, 0xff, 0xff, 
  0x28, 0x00, 0x00, 0x00, 0x02, 0x00, 0x00, 0x00, 0x00, 0x00, 0x00, 0x28, 
  0x74, 0xfe, 0xff, 0xff, 0x65, 0x00, 0x00, 0x00, 0x02, 0x00, 0x00, 0x00, 
  0x00, 0x00, 0x00, 0x65, 0x9c, 0xfe, 0xff, 0xff, 0x51, 0x00, 0x00, 0x00, 
  0x00, 0x00, 0x00, 0x51, 0xa8, 0xfe, 0xff, 0xff, 0x24, 0x00, 0x00, 0x00, 
  0x00, 0x00, 0x00, 0x24, 0x9c, 0xfe, 0xff, 0xff, 0x45, 0x00, 0x00, 0x00, 
  0x03, 0x00, 0x00, 0x00, 0x00, 0x00, 0x00, 0x45, 0xac, 0xfe, 0xff, 0xff, 
  0x02, 0x00, 0x00, 0x00, 0x02, 0x00, 0x00, 0x00, 0x00, 0x00, 0x00, 0x02, 
  0xd4, 0xfe, 0xff, 0xff, 0x72, 0x00, 0x00, 0x00, 0x00, 0x00, 0x00, 0x72, 
  0xc8, 0xfe, 0xff, 0xff, 0x0b, 0x00, 0x00, 0x00, 0x02, 0x00, 0x00, 0x00, 
  0x00, 0x00, 0x00, 0x0b, 0xd8, 0xfe, 0xff, 0xff, 0x1c, 0x00, 0x00, 0x00, 
  0x02, 0x00, 0x00, 0x00, 0x00, 0x00, 0x00, 0x1c, 0xe8, 0xfe, 0xff, 0xff, 
  0x29, 0x00, 0x00, 0x00, 0x02, 0x00, 0x00, 0x00, 0x00, 0x00, 0x00, 0x29, 
  0xf8, 0xfe, 0xff, 0xff, 0x12, 0x00, 0x00, 0x00, 0x02, 0x00, 0x00, 0x00, 
  0x00, 0x00, 0x00, 0x12, 0x0c, 0x00, 0x0e, 0x00, 0x0d, 0x00, 0x00, 0x00, 
  0x08, 0x00, 0x04, 0x00, 0x0c, 0x00, 0x00, 0x00, 0x0e, 0x00, 0x00, 0x00, 
  0x02, 0x00, 0x00, 0x00, 0x00, 0x0e, 0x0a, 0x00, 0x08, 0x00, 0x00, 0x00, 
  0x00, 0x00, 0x04, 0x00, 0x0a, 0x00, 0x00, 0x00, 0x02, 0x00, 0x00, 0x00, 
  0x34, 0xff, 0xff, 0xff, 0x31, 0x00, 0x00, 0x00, 0x02, 0x00, 0x00, 0x00, 
  0x00, 0x00, 0x00, 0x31, 0x44, 0xff, 0xff, 0xff, 0x58, 0x00, 0x00, 0x00, 
  0x02, 0x00, 0x00, 0x00, 0x00, 0x00, 0x00, 0x58, 0x54, 0xff, 0xff, 0xff, 
  0x27, 0x00, 0x00, 0x00, 0x02, 0x00, 0x00, 0x00, 0x00, 0x00, 0x00, 0x27, 
  0x64, 0xff, 0xff, 0xff, 0x66, 0x00, 0x00, 0x00, 0x02, 0x00, 0x00, 0x00, 
  0x00, 0x00, 0x00, 0x66, 0x74, 0xff, 0xff, 0xff, 0x5e, 0x00, 0x00, 0x00, 
  0x03, 0x00, 0x00, 0x00, 0x00, 0x00, 0x00, 0x5e, 0x84, 0xff, 0xff, 0xff, 
  0x53, 0x00, 0x00, 0x00, 0x02, 0x00, 0x00, 0x00, 0x00, 0x00, 0x00, 0x53, 
  0xac, 0xff, 0xff, 0xff, 0x2d, 0x00, 0x00, 0x00, 0x00, 0x00, 0x00, 0x2d, 
  0xb8, 0xff, 0xff, 0xff, 0x4d, 0x00, 0x00, 0x00, 0x00, 0x00, 0x00, 0x4d, 
  0xac, 0xff, 0xff, 0xff, 0x11, 0x00, 0x00, 0x00, 0x02, 0x00, 0x00, 0x00, 
  0x00, 0x00, 0x00, 0x11, 0xbc, 0xff, 0xff, 0xff, 0x03, 0x00, 0x00, 0x00, 
  0x03, 0x00, 0x00, 0x00, 0x00, 0x00, 0x00, 0x03, 0xe4, 0xff, 0xff, 0xff, 
  0x16, 0x00, 0x00, 0x00, 0x00, 0x00, 0x00, 0x16, 0xd8, 0xff, 0xff, 0xff, 
  0x04, 0x00, 0x00, 0x00, 0x03, 0x00, 0x00, 0x00, 0x00, 0x00, 0x00, 0x04, 
  0x0c, 0x00, 0x0c, 0x00, 0x0b, 0x00, 0x00, 0x00, 0x00, 0x00, 0x04, 0x00, 
  0x0c, 0x00, 0x00, 0x00, 0x46, 0x00, 0x00, 0x00, 0x00, 0x00, 0x00, 0x46, 
  0x0c, 0x00, 0x10, 0x00, 0x0f, 0x00, 0x00, 0x00, 0x08, 0x00, 0x04, 0x00, 
  0x0c, 0x00, 0x00, 0x00, 0x09, 0x00, 0x00, 0x00, 0x04, 0x00, 0x00, 0x00, 
  0x00, 0x00, 0x00, 0x09, 
};
const unsigned int g_model_data_len = 149656;


// Scaling parameters for feature normalization
// Generated automatically from scaling_params_engineered.json
const float g_seq_mean[132] = {
    5.29808664f, -3.84606576f, -0.17860909f, -5.07320642f, -1.74619448f, -1.34367442f,
    11.62916088f, 0.00011440f, 5.62171984f, 2.23863363f, 2.01992607f, 1.23073792f,
    24.79020500f, 36.58540344f, 22.51310158f, 2.27191377f, 1.00908101f, 1.14167941f,
    6.48785686f, 7.10770702f, 4.55274916f, 41.39232635f, 56.49281311f, 44.84611130f,
    12.11471272f, 1.04265475f, 5.86612844f, 0.05935108f, -0.10827078f, -0.06089834f,
    -0.02452284f, -0.02966682f, -0.00652223f, 0.17617138f, 0.05277626f, 0.17575179f,
    -0.70529997f, -0.55291772f, -0.54368150f, -0.68836147f, -0.77092129f, -0.68505162f,
    -0.55716777f, -0.20794576f, -0.57523960f, 0.02654519f, 0.02325245f, 0.02986840f,
    0.05881442f, 0.08216361f, 0.05333492f, 0.00000000f, 0.26024726f, 0.00000000f,
    0.13840896f, 0.15144625f, 0.16691203f, 0.12703569f, 0.12102581f, 0.12067486f,
    0.15826730f, 0.26228201f, 0.15644194f, 3.22165012f, 2.58864951f, 1.68209982f,
    35.76195526f, 55.16996002f, 33.39985657f, 3.17843533f, 1.07575345f, 1.59826922f,
    7.36229181f, 7.04090071f, 4.30275011f, 81.89089966f, 117.98494720f, 74.39502716f,
    7.58543396f, 4.09819889f, 3.81902719f, 375.78189087f, 74.30016327f, 244.80104065f,
    705.11004639f, -86661.97656250f, 3715.43212891f, 1.89783823f, -1.68182349f, 1.92203701f,
    1.05302453f, 1.05171394f, 1.07471144f, 1.12520325f, 1.17608964f, 1.10595775f,
    0.69262075f, 0.67897516f, 0.71649271f, 0.84204036f, 0.90696681f, 0.81656170f,
    0.26943895f, 0.25821429f, 0.25479871f, 0.31699547f, 0.36386561f, 0.30752832f,
    0.84563303f, 0.81329155f, 0.76878113f, 0.84936887f, 0.86500037f, 0.83775657f,
    -0.23988448f, -0.21118435f, -0.14831840f, -0.14852950f, -0.15657663f, 0.00728214f,
    -0.30973518f, -0.29001072f, -0.31273291f, -0.34564927f, -0.39549085f, -0.44112417f,
    0.32308140f, 0.30795622f, 0.30857515f, 0.43298027f, 0.51837659f, 0.40098438f
};

const float g_seq_std[132] = {
    5.24796534f, 6.40256977f, 5.02757263f, 51.18714905f, 64.42346191f, 60.63563156f,
    4.85037041f, 0.45888537f, 2.48057961f, 4.19463348f, 3.72353625f, 1.98930240f,
    42.55273056f, 51.17662430f, 34.02371979f, 4.33620262f, 2.18451619f, 2.16580653f,
    6.01050329f, 4.81808329f, 3.17102337f, 57.95751953f, 70.14817047f, 57.72945786f,
    5.99672318f, 2.21652627f, 3.05594420f, 0.59639776f, 0.64987630f, 0.62662643f,
    0.61618412f, 0.59778893f, 0.61977595f, 0.63601881f, 0.62073958f, 0.62816578f,
    0.84310335f, 0.99715775f, 0.98877460f, 0.86261374f, 0.82185322f, 0.85437697f,
    1.02179301f, 1.23760915f, 0.97899926f, 0.05191458f, 0.05299041f, 0.06376319f,
    0.06707692f, 0.07097146f, 0.06901477f, 1.00000000f, 0.12774150f, 1.00000000f,
    0.06833844f, 0.08112907f, 0.09727582f, 0.06697313f, 0.06145885f, 0.07673395f,
    0.08531136f, 0.12749143f, 0.08314340f, 6.30370951f, 4.47979736f, 2.71163225f,
    64.20809174f, 80.97882080f, 53.40647125f, 6.31070662f, 1.92321253f, 3.12405634f,
    13.80623341f, 13.90189743f, 7.45660639f, 142.03344727f, 165.11950684f, 112.47932434f,
    14.57727909f, 10.15593052f, 7.27329969f, 98055.00000000f, 30250.09179688f, 70833.35937500f,
    238345.84375000f, 30382380.00000000f, 1249662.50000000f, 2.74742055f, 60.25913239f, 2.73237896f,
    0.24042922f, 0.24331933f, 0.35101151f, 0.36395693f, 0.41784891f, 0.38981435f,
    0.21606152f, 0.24182650f, 0.28946078f, 0.26278037f, 0.25521490f, 0.28767732f,
    0.10471828f, 0.09348157f, 0.08588633f, 0.13358998f, 0.14649630f, 0.13157240f,
    0.10458094f, 0.12897059f, 0.17274018f, 0.09504706f, 0.09058121f, 0.11043999f,
    0.35250494f, 0.35000482f, 0.32954141f, 0.35824406f, 0.35785365f, 0.32034445f,
    0.47854677f, 0.46252194f, 0.43935117f, 0.44306844f, 0.46001112f, 0.37254453f,
    0.18606260f, 0.18030918f, 0.17154226f, 0.24245837f, 0.26018843f, 0.22563736f
};

const float g_glob_mean[12] = {
    12815.10253906f, 3511.58496094f, 1454.72656250f, 0.73421973f, 0.92630023f, 17834.42187500f,
    8273.76171875f, -55.57798767f, 21.95160294f, 29.82552528f, -10.58836269f, -836.10394287f
};

const float g_glob_std[12] = {
    21375.15429688f, 7345.51269531f, 3516.99414062f, 0.13302229f, 0.04917094f, 30948.33593750f,
    11942.78808594f, 222.96519470f, 217.88713074f, 114.05947113f, 39.97361374f, 5955.14550781f
};

#endif // SAFEBAND_MODEL_DATA_H_
